id,title,original_title,original_language,language_name,release_date,release_year,release_month,decade,genres,primary_genre,num_genres,popularity,vote_average,vote_count,rating_tier,popularity_tier,budget,revenue,has_budget_data,has_revenue_data,profit,roi,runtime,primary_country,production_countries,num_spoken_languages,production_companies,overview_length,gdp_per_capita_usd,population,popularity_norm,vote_average_norm,vote_count_norm,budget_norm,revenue_norm,runtime_norm
19995,Avatar,Avatar,en,English,2009-12-16,2009,12,2000,Science Fiction|Action|Adventure,Science Fiction,3,78.0209,7.609,34663,Good,Very High,237000000.0,2923706026.0,True,True,2686706026.0,11.336312345991562,162.0,US,US|GB,2,Dune Entertainment|Lightstorm Entertainment|20th Century Fox|Ingenious Film Partners,28,47194.9500893872,306771529,1.0,0.746595744680851,0.8420630093662571,0.35974490439783924,1.0,0.6244897959183674
6435,Practical Magic,Practical Magic,en,English,1998-10-16,1998,10,1990,Romance|Fantasy|Comedy,Romance,3,76.7329,6.795,1913,Good,Very High,75000000.0,94400000.0,True,True,19400000.0,0.25866666666666666,104.0,US,US,1,Di Novi Pictures|Fortis Films|Village Roadshow Pictures|Warner Bros. Pictures,63,32853.6725949234,275854000,0.9816529443605596,0.5734042553191488,0.045322953411993674,0.11384323183370922,0.032287785566172546,0.3877551020408163
278,The Shawshank Redemption,The Shawshank Redemption,en,English,1994-09-23,1994,9,1990,Drama|Crime,Drama,2,74.5462,8.731,31330,Excellent,Very High,25000000.0,28341469.0,True,True,3341469.0,0.13365876,142.0,US,US,1,Castle Rock Entertainment,69,27694.853416234,263126000,0.9505042591379164,0.98531914893617,0.760977983213721,0.037947653881817235,0.009693677071436094,0.5428571428571428
299534,Avengers: Endgame,Avengers: Endgame,en,English,2019-04-24,2019,4,2010,Adventure|Science Fiction|Action,Adventure,3,70.7383,8.2,28665,Excellent,Very High,356000000.0,2799439100.0,True,True,2443439100.0,6.86359297752809,181.0,US,US,3,Marvel Studios,58,65227.9565911038,330226227,0.8962622147517164,0.8723404255319146,0.6961440214085878,0.5403763799233422,0.9574967779959959,0.7020408163265306
299536,Avengers: Infinity War,Avengers: Infinity War,en,English,2018-04-25,2018,4,2010,Adventure|Action|Science Fiction,Adventure,3,67.0475,8.242,32896,Excellent,Very High,300000000.0,2052415039.0,True,True,1752415039.0,5.841383463333333,149.0,US,US,2,Marvel Studios,87,62875.6661382728,328529577,0.8436882140109968,0.8812765957446809,0.7990755382556867,0.4553733326172231,0.7019909042366684,0.5714285714285714
49026,The Dark Knight Rises,The Dark Knight Rises,en,English,2012-07-17,2012,7,2010,Action|Crime|Drama|Thriller,Action,4,65.0593,7.797,24939,Good,Very High,250000000.0,1081041287.0,True,True,831041287.0,3.324165148,165.0,GB,GB|US,1,Syncopy|Legendary Pictures|Warner Bros. Pictures|DC,65,42688.3263728372,63711000,0.8153670835588729,0.7865957446808509,0.6054981145846005,0.3794777546653312,0.36975033501136695,0.636734693877551
634649,Spider-Man: No Way Home,Spider-Man: No Way Home,en,English,2021-12-15,2021,12,2020,Action|Adventure|Science Fiction,Action,3,62.6298,7.946,23117,Good,Very High,200000000.0,1921426073.0,True,True,1721426073.0,8.607130365,148.0,US,US,2,Marvel Studios|Pascal Pictures|Columbia Pictures,45,71441.2319805947,332100166,0.7807598074128943,0.8182978723404254,0.5611726067388395,0.3035821767134392,0.6571885317858286,0.5673469387755102
157336,Interstellar,Interstellar,en,English,2014-11-05,2014,11,2010,Adventure|Drama|Science Fiction,Adventure,3,62.1101,8.487,41155,Excellent,Very High,165000000.0,746606706.0,True,True,581606706.0,3.5248891272727274,169.0,GB,GB|US,1,Legendary Pictures|Syncopy|Lynda Obst Productions,33,47746.9810645521,64619000,0.7733568844192474,0.9334042553191488,1.0,0.25045527214711477,0.2553631227449342,0.6530612244897959
76341,Mad Max: Fury Road,Mad Max: Fury Road,en,English,2015-05-13,2015,5,2010,Action|Adventure|Science Fiction,Action,3,60.9558,7.637,24595,Good,Very High,150000000.0,378858340.0,True,True,228858340.0,1.5257222666666668,121.0,AU,AU|US,1,Warner Bros. Pictures|Village Roadshow Pictures|Kennedy Miller Mitchell|RatPac Entertainment,48,56970.3613028094,23815995,0.756914332924988,0.7525531914893615,0.5971293030045006,0.2276865987615472,0.1295815415564871,0.45714285714285713
24428,The Avengers,The Avengers,en,English,2012-04-25,2012,4,2010,Science Fiction|Action|Adventure,Science Fiction,3,57.5027,8.076,39724,Excellent,Very High,220000000.0,1518815515.0,True,True,1298815515.0,5.903706886363636,143.0,US,US,3,Marvel Studios,47,51708.3940614082,314339099,0.7077262756046836,0.8459574468085106,0.9651867169444106,0.333940407894196,0.5194829774709986,0.5469387755102041
155,The Dark Knight,The Dark Knight,en,English,2008-07-16,2008,7,2000,Action|Thriller|Crime,Action,3,53.0744,8.535,36699,Excellent,Very High,185000000.0,1004558444.0,True,True,819558444.0,4.430045643243243,152.0,GB,GB|US,2,Warner Bros. Pictures|Legendary Pictures|Syncopy|DC,67,47652.4030691881,61806995,0.6446468761573744,0.9436170212765956,0.8915946965089405,0.2808135033278716,0.34359078186102676,0.5836734693877551
671,Harry Potter and the Philosopher's Stone,Harry Potter and the Philosopher's Stone,en,English,2001-11-16,2001,11,2000,Adventure|Fantasy,Adventure,2,52.3679,7.903,30228,Good,Very High,125000000.0,1029374615.0,True,True,904374615.0,7.23499692,152.0,GB,GB|US,1,Warner Bros. Pictures|Heyday Films|1492 Pictures,70,28013.8729635508,59119673,0.634583060311672,0.8091489361702126,0.734168592628634,0.1897388097856012,0.35207869782751916,0.5836734693877551
27205,Inception,Inception,en,English,2010-07-15,2010,7,2010,Action|Science Fiction|Adventure,Action,3,51.6206,8.373,40183,Excellent,Very High,160000000.0,839030630.0,True,True,679030630.0,4.2439414375,148.0,GB,GB|US,4,Warner Bros. Pictures,44,39778.3220528565,62766365,0.6239380644426086,0.9091489361702125,0.9763532416980902,0.24286571435192558,0.2869750301663281,0.5673469387755102
603,The Matrix,The Matrix,en,English,1999-03-31,1999,3,1990,Action|Science Fiction,Action,2,50.5808,8.258,28721,Excellent,Very High,63000000.0,463517383.0,True,True,400517383.0,6.357418777777778,136.0,US,US,1,Village Roadshow Pictures|Groucho II Film Partnership|Silver Pictures|Warner Bros. Pictures,32,34515.3813073394,279040000,0.6091265206119485,0.8846808510638294,0.697506386084418,0.09562829312525514,0.1585376139009139,0.5183673469387755
533535,Deadpool & Wolverine,Deadpool & Wolverine,en,English,2024-07-24,2024,7,2020,Action|Comedy|Science Fiction,Action,3,49.2066,7.588,9448,Good,Very High,200000000.0,1338073645.0,True,True,1138073645.0,5.690368225,128.0,US,US,1,Marvel Studios|Maximum Effort|21 Laps Entertainment|20th Century Studios|Kevin Feige Productions|TSG Entertainment,39,86169.6641581917,340003797,0.5895515797270734,0.742127659574468,0.22863398613307384,0.3035821767134392,0.4576635370671308,0.4857142857142857
872585,Oppenheimer,Oppenheimer,en,English,2023-07-19,2023,7,2020,Drama|History,Drama,2,47.2313,8.0,12474,Good,Very High,100000000.0,952000000.0,True,True,852000000.0,8.52,181.0,GB,GB|US,2,Syncopy|Universal Pictures|Atlas Entertainment|Breakheart Films|Peters Creek Entertainment,18,49919.6896621586,68526000,0.5614142047235121,0.8297872340425531,0.3022503345091838,0.1517910208096552,0.3256141304267021,0.7020408163265306
315635,Spider-Man: Homecoming,Spider-Man: Homecoming,en,English,2017-07-05,2017,7,2010,Action|Adventure|Science Fiction,Action,3,47.1724,7.332,23900,Good,Very High,175000000.0,880978185.0,True,True,705978185.0,4.034161057142857,133.0,US,US,1,Marvel Studios|Pascal Pictures|LStar Capital|Columbia Pictures,50,60047.7190728307,326608609,0.5605751972878267,0.687659574468085,0.5802213842598224,0.2656343877374932,0.3013224217054909,0.5061224489795918
569094,Spider-Man: Across the Spider-Verse,Spider-Man: Across the Spider-Verse,en,English,2023-05-31,2023,5,2020,Animation|Action|Adventure|Science Fiction,Animation,4,45.7956,8.349,9240,Excellent,Very High,100000000.0,690897910.0,True,True,590897910.0,5.9089791,140.0,US,US,4,Columbia Pictures|Sony Pictures Animation|Lord Miller|Pascal Pictures|Arad Productions|Marvel Entertainment,65,82586.7847707894,336755052,0.5409632204210707,0.9040425531914893,0.22357377447999027,0.1517910208096552,0.23630895121128115,0.5346938775510204
49494,The Eagle,The Eagle,en,English,2011-02-08,2011,2,2010,Adventure|Drama,Adventure,2,45.5239,6.247,1472,Mixed,Very High,25000000.0,27122040.0,True,True,2122040.0,0.0848816,114.0,US,US,1,Prime Focus|Toledo Productions|Focus Features|Twins Financing|Film4 Productions,85,50024.8812320773,311839461,0.5370929603145209,0.4568085106382978,0.03459433158983092,0.037947653881817235,0.009276593755919616,0.42857142857142855
324857,Spider-Man: Into the Spider-Verse,Spider-Man: Into the Spider-Verse,en,English,2018-12-06,2018,12,2010,Animation|Action|Adventure|Science Fiction,Animation,4,45.3131,8.4,17864,Excellent,Very High,90000000.0,394884133.0,True,True,304884133.0,3.387601477777778,117.0,US,US,3,Columbia Pictures|Lord Miller|Pascal Pictures|Sony Pictures Animation|Arad Productions|Marvel Entertainment,69,62875.6661382728,328529577,0.5340901968604883,0.9148936170212766,0.4333779345578397,0.13661190521927682,0.1350628700128554,0.44081632653061226
1184918,The Wild Robot,The Wild Robot,en,English,2024-09-12,2024,9,2020,Family|Animation|Science Fiction|Adventure,Family,4,43.8595,8.306,6595,Excellent,Very High,78000000.0,331982078.0,True,True,253982078.0,3.256180487179487,102.0,US,US,1,DreamWorks Animation,32,86169.6641581917,340003797,0.5133842340674055,0.8948936170212763,0.15922637148765356,0.11839696651082274,0.113548376219285,0.3795918367346939
557,Spider-Man,Spider-Man,en,English,2002-05-01,2002,5,2000,Action|Science Fiction,Action,2,43.4797,7.354,21421,Good,Very High,139000000.0,821708551.0,True,True,682708551.0,4.911572309352518,121.0,US,US,1,Marvel Enterprises|Laura Ziskin Productions|Columbia Pictures,30,37997.7424300242,287625193,0.5079741317911171,0.6923404255319149,0.5199124194136966,0.21098957161213094,0.2810503308677561,0.45714285714285713
693134,Dune: Part Two,Dune: Part Two,en,English,2024-02-27,2024,2,2020,Science Fiction|Adventure,Science Fiction,2,43.348,8.135,8551,Excellent,Very High,190000000.0,714844358.0,True,True,524844358.0,2.7623387263157895,167.0,US,US,1,Legendary Pictures,55,86169.6641581917,340003797,0.5060981168627674,0.8585106382978722,0.20681182337915097,0.2884030611230608,0.24449939438319432,0.6448979591836734
129,Spirited Away,千と千尋の神隠し,ja,Japanese,2001-07-20,2001,7,2000,Animation|Family|Fantasy,Animation,3,39.9764,8.535,18897,Excellent,Very High,19000000.0,274925095.0,True,True,255925095.0,13.469741842105263,125.0,JP,JP,1,Studio Ghibli|Tokuma Shoten|Nippon Television Network Corporation|Mitsubishi|dentsu|TFC|The Walt Disney Company (Japan),35,34910.166403687,127149000,0.4580709951283439,0.9436170212765956,0.45850869723877874,0.0288401845275902,0.0940330820586514,0.47346938775510206
550,Fight Club,Fight Club,en,English,1999-10-15,1999,10,1990,Drama|Thriller,Drama,2,39.5328,8.437,32861,Excellent,Very High,63000000.0,100853753.0,True,True,37853753.0,0.6008532222222223,139.0,DE,DE|US,1,Fox 2000 Pictures|Regency Enterprises|Linson Entertainment|20th Century Fox|Taurus Film,45,26965.4922773722,82100243,0.45175208683513296,0.9227659574468082,0.7982240603332927,0.09562829312525514,0.034495173367155144,0.5306122448979592
496243,Parasite,기생충,ko,Korean,2019-05-30,2019,5,2010,Comedy|Thriller|Drama,Comedy,3,39.3225,8.49,21307,Excellent,Very High,11363000.0,257591776.0,True,True,246228776.0,21.669345771363197,133.0,KR,KR,3,Barunson E&A,24,33826.9443301597,51764822,0.4487564456853081,0.9340425531914893,0.5171390341807566,0.01724789395121822,0.08810453832430955,0.5061224489795918
414906,The Batman,The Batman,en,English,2022-03-01,2022,3,2020,Crime|Mystery|Thriller,Crime,3,39.309,7.7,12502,Good,Very High,185000000.0,772775278.0,True,True,587775278.0,3.1771636648648647,177.0,US,US,1,6th & Idaho Motion Picture Company|Dylan Clark Productions|DC Films|Warner Bros. Pictures,28,78008.6895811877,333996304,0.44856414347169593,0.7659574468085105,0.3029315168470989,0.2808135033278716,0.26431360265978915,0.6857142857142857
122,The Lord of the Rings: The Return of the King,The Lord of the Rings: The Return of the King,en,English,2003-12-17,2003,12,2000,Adventure|Fantasy|Action,Adventure,3,39.1608,8.505,27346,Excellent,Very High,94000000.0,1118888979.0,True,True,1024888979.0,10.903074244680852,201.0,NZ,NZ|US,1,New Line Cinema|WingNut Films|The Saul Zaentz Company,94,21913.7081719961,4027200,0.4464530925044871,0.9372340425531915,0.6640554677046588,0.14268355145542816,0.38269544363516256,0.7836734693877551
1726,Iron Man,Iron Man,en,English,2008-04-30,2008,4,2000,Action|Science Fiction|Adventure,Action,3,38.8402,7.665,28811,Good,Very High,140000000.0,585174222.0,True,True,445174222.0,3.1798158714285716,126.0,US,US,4,Marvel Studios|Marvel Entertainment|Fairview Entertainment,22,48570.0594269601,304093966,0.441886271046409,0.7585106382978722,0.6996959007420022,0.2125074831711688,0.2001481035361237,0.4775510204081633
680,Pulp Fiction,Pulp Fiction,en,English,1994-09-10,1994,9,1990,Thriller|Crime|Comedy,Thriller,3,38.6589,8.48,30863,Excellent,Very High,8000000.0,213928762.0,True,True,205928762.0,25.74109525,154.0,US,US,3,Miramax|A Band Apart|Jersey Films,36,27694.853416234,263126000,0.4393037235406399,0.9319148936170212,0.7496168349349227,0.012143157378173963,0.07317040550922778,0.5918367346938775
597,Titanic,Titanic,en,English,1997-12-18,1997,12,1990,Drama|Romance,Drama,2,37.8069,7.9,27733,Good,Very High,200000000.0,2264162353.0,True,True,2064162353.0,10.320811765,194.0,US,US,6,Paramount Pictures|20th Century Fox|Lightstorm Entertainment,60,31459.1299691554,272657000,0.427167317170451,0.8085106382978723,0.6734703807322711,0.3035821767134392,0.7744151878766578,0.7551020408163265
976912,Graphic Desires,Graphic Desires,en,English,2023-08-31,2023,8,2020,Thriller|Crime,Thriller,2,37.4481,6.921,151,Good,Very High,,,False,False,,,90.0,GB,GB,1,Paranoid Android Films|Proportion Productions|Mutiny Pictures|APL Film,25,49919.6896621586,68526000,0.42205635167089256,0.6002127659574468,0.0024571220046223086,,,0.3306122448979592
120,The Lord of the Rings: The Fellowship of the Ring,The Lord of the Rings: The Fellowship of the Ring,en,English,2001-12-18,2001,12,2000,Adventure|Fantasy|Action,Adventure,3,37.3179,8.445,28345,Excellent,Very High,93000000.0,871368364.0,True,True,778368364.0,8.369552301075268,179.0,NZ,NZ|US,1,New Line Cinema|WingNut Films|The Saul Zaentz Company,63,13882.8568268586,3880500,0.42020170365516657,0.9244680851063829,0.6883590804038439,0.14116563989639033,0.29803555875225635,0.6938775510204082
674,Harry Potter and the Goblet of Fire,Harry Potter and the Goblet of Fire,en,English,2005-11-16,2005,11,2000,Adventure|Fantasy,Adventure,2,36.869,7.802,22629,Good,Very High,150000000.0,895921036.0,True,True,745921036.0,4.9728069066666665,157.0,GB,GB|US,2,Warner Bros. Pictures|Heyday Films|Patalex IV Productions,39,42240.2462987547,60401206,0.41380729893735224,0.7876595744680849,0.5493005717066051,0.2276865987615472,0.306433349720446,0.6040816326530613
673,Harry Potter and the Prisoner of Azkaban,Harry Potter and the Prisoner of Azkaban,en,English,2004-05-31,2004,5,2000,Adventure|Fantasy,Adventure,2,36.6132,8.0,23634,Good,Very High,130000000.0,789804554.0,True,True,659804554.0,5.075419646153846,141.0,GB,GB|US,1,Warner Bros. Pictures|1492 Pictures|Heyday Films|P of A Productions,23,40504.4118103928,59987905,0.41016352810461243,0.8297872340425531,0.573750152049629,0.1973283675807904,0.2701381540645246,0.5387755102040817
58,Pirates of the Caribbean: Dead Man's Chest,Pirates of the Caribbean: Dead Man's Chest,en,English,2006-07-06,2006,7,2000,Adventure|Fantasy|Action,Adventure,3,36.1904,7.39,17579,Good,Very High,200000000.0,1066179747.0,True,True,866179747.0,4.330898735,151.0,US,US,4,Walt Disney Pictures|Jerry Bruckheimer Films|Second Mate Productions,71,46301.9876485519,298379912,0.4041409076664482,0.6999999999999998,0.4264444714754896,0.3035821767134392,0.36466721793207757,0.5795918367346938
912649,Venom: The Last Dance,Venom: The Last Dance,en,English,2024-10-22,2024,10,2020,Science Fiction|Action|Adventure,Science Fiction,3,36.0066,6.674,4520,Good,Very High,120000000.0,478937618.0,True,True,358937618.0,2.991146816666667,109.0,US,US,2,Columbia Pictures|Pascal Pictures|Matt Tolmach Productions|Hutch Parker Entertainment|Arad Productions,39,86169.6641581917,340003797,0.4015227486396399,0.5476595744680851,0.10874589466001702,0.18214925199041201,0.163811822354086,0.40816326530612246
10138,Iron Man 2,Iron Man 2,en,English,2010-04-28,2010,4,2010,Adventure|Action|Science Fiction,Adventure,3,35.8962,6.855,22909,Good,Very High,200000000.0,623933331.0,True,True,423933331.0,2.119666655,124.0,US,US,3,Marvel Studios|Fairview Entertainment|Marvel Entertainment,63,48642.6312088213,309378227,0.399950143870545,0.5861702127659575,0.5561123950857559,0.3035821767134392,0.2134049456222021,0.46938775510204084
8587,The Lion King,The Lion King,en,English,1994-06-15,1994,6,1990,Animation|Family|Drama,Animation,3,35.6495,8.251,20132,Excellent,Very High,45000000.0,763455561.0,True,True,718455561.0,15.965679133333333,89.0,US,US,1,Walt Disney Pictures|Walt Disney Feature Animation,57,27694.853416234,263126000,0.39643599897438825,0.8831914893617019,0.4885537039289624,0.06830588506257403,0.26112596445696207,0.32653061224489793
198663,The Maze Runner,The Maze Runner,en,English,2014-09-10,2014,9,2010,Action|Mystery|Science Fiction|Thriller,Action,4,35.5957,7.189,18459,Good,Very High,34000000.0,348319861.0,True,True,314319861.0,9.244701794117647,113.0,US,US|GB,1,Ingenious Media|The Gotham Group|Dayday Films|Temple Hill Entertainment|TSG Entertainment|20th Century Fox,52,55153.3940182967,319257560,0.3956696390416228,0.6572340425531914,0.44785305923853547,0.051608857913157793,0.1191364151307991,0.42448979591836733
672,Harry Potter and the Chamber of Secrets,Harry Potter and the Chamber of Secrets,en,English,2002-11-13,2002,11,2000,Adventure|Fantasy,Adventure,2,35.5613,7.7,24066,Good,Very High,100000000.0,876688482.0,True,True,776688482.0,7.76688482,161.0,GB,GB|US|DE,1,Warner Bros. Pictures|Heyday Films|1492 Pictures|MIRACLE Productions,56,30158.7017807858,59370479,0.39517962451212224,0.7659574468085105,0.5842598224060334,0.1517910208096552,0.2998552075012847,0.6204081632653061
862,Toy Story,Toy Story,en,English,1995-11-22,1995,11,1990,Family|Comedy|Animation|Adventure,Family,4,35.5284,7.988,20516,Good,Very High,30000000.0,962301978.0,True,True,932301978.0,31.0767326,81.0,US,US,1,Pixar,50,28690.8757013347,266278000,0.39471097689524515,0.8272340425531914,0.4978956331346551,0.04553721167700644,0.329137732982175,0.2938775510204082
361743,Top Gun: Maverick,Top Gun: Maverick,en,English,2022-05-21,2022,5,2020,Action|Drama,Action,2,35.0197,8.157,11542,Excellent,Very High,170000000.0,1488732821.0,True,True,1318732821.0,7.757251888235294,131.0,US,US,1,Skydance Media|Don Simpson/Jerry Bruckheimer Films|Paramount Pictures,50,78008.6895811877,333996304,0.38746474459417113,0.863191489361702,0.27957669383286704,0.258044829942304,0.5091937439418733,0.49795918367346936
109418,Grown Ups 2,Grown Ups 2,en,English,2013-07-11,2013,7,2010,Comedy,Comedy,1,34.9707,6.2,4812,Mixed,Very High,80000000.0,247022278.0,True,True,167022278.0,2.087778475,101.0,US,US,1,Columbia Pictures|Happy Madison Productions,42,53297.3862901595,316726282,0.3867667587818011,0.4468085106382979,0.11584965332684588,0.12143278962889842,0.08448943546126071,0.37551020408163266
933260,The Substance,The Substance,en,English,2024-09-07,2024,9,2020,Horror|Science Fiction,Horror,2,34.9498,7.132,6460,Good,Very High,17500000.0,77316812.0,True,True,59816812.0,3.4181035428571427,141.0,FR,FR|GB|US,1,Working Title|Blacksmith|Working Title Films,22,46103.0840855884,68551653,0.38646904646591274,0.6451063829787232,0.15594209950127721,0.026563317189033438,0.02644479455100783,0.5387755102040817
14836,Coraline,Coraline,en,English,2009-02-05,2009,2,2000,Animation|Family|Fantasy,Animation,3,34.8574,7.939,9428,Good,Very High,60000000.0,185860104.0,True,True,125860104.0,2.0976684,100.0,US,US,1,LAIKA|Pandemonium,38,47194.9500893872,306771529,0.38515284464830063,0.8168085106382977,0.22814742732027735,0.09107455844814162,0.0635700360406174,0.37142857142857144
13,Forrest Gump,Forrest Gump,en,English,1994-06-23,1994,6,1990,Comedy|Drama|Romance,Comedy,3,34.8315,8.462,30452,Excellent,Very High,55000000.0,677387716.0,True,True,622387716.0,11.316140290909091,142.0,US,US,1,Paramount Pictures|The Steve Tisch Company|Wendy Finerman Productions,42,27694.853416234,263126000,0.3847839092903336,0.9280851063829786,0.7396180513319548,0.08348500065295243,0.23168803723696135,0.5428571428571428
438631,Dune,Dune,en,English,2021-09-15,2021,9,2020,Science Fiction|Adventure,Science Fiction,2,34.7136,7.8,15527,Good,Very High,165000000.0,410668500.0,True,True,245668500.0,1.4889,155.0,US,US,1,Legendary Pictures,73,71441.2319805947,332100166,0.38310446995812086,0.7872340425531913,0.37652353728256904,0.25045527214711477,0.14046162313557833,0.5959183673469388
12445,Harry Potter and the Deathly Hallows: Part 2,Harry Potter and the Deathly Hallows: Part 2,en,English,2011-07-12,2011,7,2010,Adventure|Fantasy,Adventure,2,34.5778,8.08,22435,Excellent,Very High,125000000.0,1341511219.0,True,True,1216511219.0,9.732089752,130.0,GB,GB|US,1,Warner Bros. Pictures|Heyday Films,44,42295.9273835322,63258810,0.3811700521352669,0.8468085106382978,0.5445809512224791,0.1897388097856012,0.45883929618164526,0.49387755102040815
76600,Avatar: The Way of Water,Avatar: The Way of Water,en,English,2022-12-14,2022,12,2020,Action|Adventure|Science Fiction,Action,3,34.1098,7.585,14621,Good,Very High,460000000.0,2334484620.0,True,True,1874484620.0,4.074966565217391,192.0,US,US,1,20th Century Studios|Lightstorm Entertainment|TSG Entertainment,50,78008.6895811877,333996304,0.37450357539671236,0.7414893617021275,0.35448242306288774,0.6982391820632775,0.7984676290396897,0.746938775510204
354912,Coco,Coco,en,English,2017-10-27,2017,10,2010,Family|Animation|Music|Adventure,Family,4,33.9599,8.197,21397,Excellent,Very High,175000000.0,814641172.0,True,True,639641172.0,3.6550924114285714,105.0,US,US,2,Pixar,71,60047.7190728307,326608609,0.3723683085951967,0.8717021276595742,0.5193285488383408,0.2656343877374932,0.27863306355220796,0.39183673469387753
335984,Blade Runner 2049,Blade Runner 2049,en,English,2017-10-04,2017,10,2010,Science Fiction|Drama,Science Fiction,2,33.9315,7.605,15664,Good,Very High,150000000.0,259239658.0,True,True,109239658.0,0.7282643866666667,164.0,CA,CA|GB|US,7,Alcon Entertainment|Columbia Pictures|Scott Free Productions|Bud Yorkin Productions|Torridon Films|16:14 Entertainment,55,45129.7335281051,36545075,0.37196376171619044,0.7457446808510638,0.37985646515022503,0.2276865987615472,0.088668166127273,0.6326530612244898
585,"Monsters, Inc.","Monsters, Inc.",en,English,2001-11-01,2001,11,2000,Animation|Comedy|Family|Fantasy,Animation,4,33.748,7.857,20241,Good,Very High,115000000.0,579700000.0,True,True,464700000.0,4.040869565217391,92.0,US,US,1,Pixar,56,37133.6203973517,284968955,0.3693498760719068,0.7993617021276596,0.4912054494587033,0.1745596941952228,0.1982757463413766,0.33877551020408164
138843,The Conjuring,The Conjuring,en,English,2013-07-18,2013,7,2010,Horror|Thriller,Horror,2,33.71,7.542,13057,Good,Very High,13000000.0,321293998.0,True,True,308293998.0,23.714922923076923,112.0,US,US,1,Evergreen Media Group|The Safran Company|New Line Cinema,38,53297.3862901595,316726282,0.36880858095210967,0.7323404255319148,0.3164335239022017,0.019732715173363162,0.10989271455886414,0.4204081632653061
447365,Guardians of the Galaxy Vol. 3,Guardians of the Galaxy Vol. 3,en,English,2023-05-03,2023,5,2020,Science Fiction|Adventure|Action,Science Fiction,3,33.4784,7.9,8808,Good,Very High,250000000.0,845550000.0,True,True,595550000.0,2.3822,150.0,US,US,1,Marvel Studios|Kevin Feige Productions,47,82586.7847707894,336755052,0.36550952964303013,0.8085106382978723,0.21306410412358595,0.3794777546653312,0.289204861058228,0.5755102040816327
150540,Inside Out,Inside Out,en,English,2015-06-17,2015,6,2010,Animation|Family|Adventure|Drama|Comedy,Animation,5,33.2998,7.9,23883,Good,Very High,175000000.0,857611174.0,True,True,682611174.0,3.90063528,95.0,US,US,1,Pixar,43,56849.4697923159,321815121,0.3629654425799835,0.8085106382978723,0.5798078092689454,0.2656343877374932,0.2933301643279888,0.3510204081632653
807,Se7en,Se7en,en,English,1995-09-22,1995,9,1990,Crime|Mystery|Thriller,Crime,3,33.1945,8.381,23772,Excellent,Very High,33000000.0,327311859.0,True,True,294311859.0,8.918541181818181,127.0,US,US,1,New Line Cinema|Juno Pix|Arnold Kopelson Productions,69,28690.8757013347,266278000,0.36146548531380873,0.9108510638297872,0.5771074078579248,0.05009094635411995,0.11195101349893961,0.4816326530612245
1241982,Moana 2,Moana 2,en,English,2024-11-21,2024,11,2020,Adventure|Animation|Comedy|Family|Fantasy,Adventure,5,33.0424,6.994,3282,Good,Very High,150000000.0,1059242164.0,True,True,909242164.0,6.061614426666667,100.0,CA,CA|US,1,Walt Disney Animation Studios|Walt Disney Animation Studios,36,55015.7066917734,41262329,0.35929888037377855,0.6157446808510637,0.07862790414791387,0.2276865987615472,0.3622943449568484,0.37142857142857144
68718,Django Unchained,Django Unchained,en,English,2012-12-25,2012,12,2010,Drama|Western,Drama,2,32.9212,8.193,28588,Excellent,Very High,100000000.0,425368238.0,True,True,325368238.0,3.25368238,165.0,US,US,3,The Weinstein Company|Columbia Pictures,23,51708.3940614082,314339099,0.3575724338337939,0.870851063829787,0.6942707699793212,0.1517910208096552,0.1454893988094909,0.636734693877551
497,The Green Mile,The Green Mile,en,English,1999-12-10,1999,12,1990,Fantasy|Drama|Crime,Fantasy,3,32.6741,8.506,19802,Excellent,Very High,60000000.0,286801374.0,True,True,226801374.0,3.7800229,189.0,US,US,2,Castle Rock Entertainment|Darkwoods Productions,47,34515.3813073394,279040000,0.3540525910942709,0.9374468085106382,0.4805254835178202,0.09107455844814162,0.09809514538609294,0.7346938775510204
808,Shrek,Shrek,en,English,2001-05-18,2001,5,2000,Animation|Comedy|Fantasy|Adventure|Family,Animation,5,32.316,7.8,19301,Good,Very High,60000000.0,489676241.0,True,True,429676241.0,7.161270683333333,90.0,US,US,1,Pacific Data Images|DreamWorks Animation|DreamWorks Pictures,42,37133.6203973517,284968955,0.34895159682060345,0.7872340425531913,0.468337185257268,0.09107455844814162,0.1674847713203001,0.3306122448979592
98,Gladiator,Gladiator,en,English,2000-05-04,2000,5,2000,Action|Drama|Adventure,Action,3,32.1602,8.231,21482,Excellent,Very High,103000000.0,465516248.0,True,True,362516248.0,3.5195752233009707,155.0,GB,GB|US,1,Universal Pictures|Scott Free Productions|Red Wagon Entertainment|Mill Film|DreamWorks Pictures,46,28383.8761094996,58892514,0.34673228682943513,0.8789361702127658,0.521396423792726,0.15634475548676874,0.15922128899923438,0.5959183673469388
12444,Harry Potter and the Deathly Hallows: Part 1,Harry Potter and the Deathly Hallows: Part 1,en,English,2010-11-17,2010,11,2010,Adventure|Fantasy,Adventure,2,32.0981,7.732,20792,Good,Very High,250000000.0,954305868.0,True,True,704305868.0,2.817223472,146.0,GB,GB|US,1,Warner Bros. Pictures|Heyday Films,48,39778.3220528565,62766365,0.34584769664681925,0.7727659574468084,0.5046101447512468,0.3794777546653312,0.32640281026831924,0.5591836734693878
863,Toy Story 2,Toy Story 2,en,English,1999-10-30,1999,10,1990,Animation|Comedy|Family,Animation,3,31.926,7.621,15353,Good,Very High,90000000.0,497375404.0,True,True,407375404.0,4.526393377777778,92.0,US,US,1,Pixar,57,34515.3813073394,279040000,0.34339619953847467,0.7491489361702127,0.3722904756112395,0.13661190521927682,0.17011812876115298,0.33877551020408164
1930,The Amazing Spider-Man,The Amazing Spider-Man,en,English,2012-06-23,2012,6,2010,Action|Adventure|Science Fiction,Action,3,31.2828,6.761,19098,Good,Very High,215000000.0,758725893.0,True,True,543725893.0,2.528957641860465,136.0,US,US,1,Marvel Entertainment|Laura Ziskin Productions|Columbia Pictures|Matt Tolmach Productions|Arad Productions,17,51708.3940614082,314339099,0.33423406740548706,0.5661702127659575,0.4633986133073835,0.3263508500990068,0.25950826829692963,0.5183673469387755
511987,Crawl,Crawl,en,English,2019-07-10,2019,7,2010,Horror|Thriller,Horror,2,31.2267,6.334,3461,Mixed,Very High,13500000.0,91542097.0,True,True,78042097.0,5.780896074074074,87.0,RS,RS|US,1,Raimi Productions|Fire Axe Pictures|Serbia Creates Film|Paramount Pictures,49,7755.632986437,6945235,0.33343494487336545,0.4753191489361701,0.08298260552244252,0.020491670952882082,0.031310292281475784,0.3183673469387755
271110,Captain America: Civil War,Captain America: Civil War,en,English,2016-04-27,2016,4,2010,Adventure|Action|Science Fiction,Adventure,3,30.9997,7.454,24569,Good,Very High,250000000.0,1155046416.0,True,True,905046416.0,3.620185664,147.0,US,US,4,Marvel Studios,47,57976.628204291,324353340,0.33020141876299824,0.7136170212765957,0.5964967765478653,0.3794777546653312,0.3950624315487993,0.563265306122449
1022789,Inside Out 2,Inside Out 2,en,English,2024-06-11,2024,6,2020,Animation|Adventure|Comedy|Family,Animation,4,30.8485,7.538,6976,Good,Very High,200000000.0,1698863816.0,True,True,1498863816.0,7.49431908,97.0,US,US,1,Pixar,50,86169.6641581917,340003797,0.3280476339705422,0.7314893617021276,0.16849531687142683,0.3035821767134392,0.5810651953239352,0.35918367346938773
4935,Howl's Moving Castle,ハウルの動く城,ja,Japanese,2004-09-09,2004,9,2000,Fantasy|Animation|Adventure,Fantasy,3,30.7747,8.387,11434,Excellent,Very High,24000000.0,236049757.0,True,True,212049757.0,8.835406541666666,119.0,JP,JP,1,Studio Ghibli|Tokuma Shoten|Nippon Television Network Corporation|dentsu|Walt Disney Japan|d-rights|TOHO,38,38677.5708064787,127761000,0.3269963818694624,0.9121276595744681,0.276949276243766,0.036429742322779395,0.0807364859756784,0.4489795918367347
475557,Joker,Joker,en,English,2019-10-01,2019,10,2010,Crime|Thriller|Drama,Crime,3,30.7505,8.116,28307,Excellent,Very High,55000000.0,1078958629.0,True,True,1023958629.0,18.617429618181816,122.0,CA,CA|US,1,Warner Bros. Pictures|Joint Effort|Village Roadshow Pictures|Bron Studios|DC Films,29,46352.9695208927,37618495,0.3266516623458021,0.8544680851063828,0.6874346186595305,0.08348500065295243,0.3690380000548201,0.46122448979591835
549509,The Brutalist,The Brutalist,en,English,2024-12-20,2024,12,2020,Drama,Drama,1,30.6747,6.929,1808,Good,Very High,9600000.0,50145227.0,True,True,40545227.0,4.223461145833333,215.0,GB,GB|US,6,Brookstreet Pictures|Kaplan Morrison|Intake Films|Andrew Lauren Productions|Lipsync Productions|Richmond Pictures|Meyohas Studio|Carte Blanche|PCE Films,43,53341.3131094262,69281000,0.325571921027891,0.6019148936170212,0.04276851964481207,0.014571815872634506,0.017151252442662225,0.8408163265306122
99861,Avengers: Age of Ultron,Avengers: Age of Ultron,en,English,2015-04-22,2015,4,2010,Action|Adventure|Science Fiction,Action,3,30.6664,7.278,25021,Good,Very High,235000000.0,1405403694.0,True,True,1170403694.0,4.98044125106383,141.0,US,US,1,Marvel Studios,69,56849.4697923159,321815121,0.32545369077804054,0.6761702127659572,0.6074930057170661,0.3567090812797636,0.4806925449641112,0.5387755102040817
390062,Jungle,Jungle,en,English,2017-06-27,2017,6,2010,Adventure|Thriller,Adventure,2,30.6301,6.724,2272,Good,Very High,,1906640.0,False,True,,,115.0,AU,AU|GB|US,4,Screen Queensland|Screen Australia|Babber Films|Cutting Edge Group,53,54117.547718609,24592588,0.3249366114925501,0.5582978723404255,0.05405668410169079,,0.0006521288349818868,0.4326530612244898
424,Schindler's List,Schindler's List,en,English,1993-12-15,1993,12,1990,Drama|History|War,Drama,3,30.5576,8.57,17904,Excellent,Very High,22000000.0,321365567.0,True,True,299365567.0,13.607525772727273,195.0,US,US,4,Amblin Entertainment,29,26387.2937338171,259919000,0.3239038773824108,0.9510638297872339,0.4343510521834327,0.03339391920470372,0.10991719342217492,0.7591836734693878
177572,Big Hero 6,Big Hero 6,en,English,2014-10-24,2014,10,2010,Adventure|Family|Animation|Action|Comedy,Adventure,5,30.4788,7.724,16912,Good,Very High,165000000.0,657870525.0,True,True,492870525.0,2.987094090909091,102.0,US,US,1,Walt Disney Animation Studios,28,55153.3940182967,319257560,0.32278140223925245,0.771063829787234,0.41021773506872644,0.25045527214711477,0.22501254015443473,0.3795918367346939
559,Spider-Man 3,Spider-Man 3,en,English,2007-05-01,2007,5,2000,Action|Adventure|Science Fiction,Action,3,30.4398,6.482,15768,Mixed,Very High,258000000.0,894983373.0,True,True,636983373.0,2.4689278023255814,139.0,US,US,2,Laura Ziskin Productions|Marvel Studios|Columbia Pictures,43,48050.227412195,301231207,0.32222586251103963,0.5068085106382979,0.3823865709767668,0.39162104713763385,0.3061126392954216,0.5306122448979592
16869,Inglourious Basterds,Inglourious Basterds,en,English,2009-08-02,2009,8,2000,Drama|Thriller|War,Drama,3,30.3827,8.2,24754,Excellent,Very High,70000000.0,321457747.0,True,True,251457747.0,3.5922535285714288,153.0,DE,DE|US,4,Universal Pictures|The Weinstein Company|A Band Apart|Zehnte Babelsberg Film|Visiona Romantica,60,42471.8868625226,81902307,0.32141249537050226,0.8723404255319146,0.6009974455662328,0.10625367403852003,0.1099487218998676,0.5877551020408164
121,The Lord of the Rings: The Two Towers,The Lord of the Rings: The Two Towers,en,English,2002-12-18,2002,12,2000,Adventure|Fantasy|Action,Adventure,3,30.3748,8.428,24563,Excellent,Very High,79000000.0,926287400.0,True,True,847287400.0,10.725156962025316,179.0,NZ,NZ|US,1,New Line Cinema|WingNut Films|The Saul Zaentz Company,49,16874.1874918196,3948500,0.32129996296401814,0.9208510638297873,0.5963508089040263,0.11991487806986058,0.3168196073683289,0.6938775510204082
270303,It Follows,It Follows,en,English,2015-02-04,2015,2,2010,Horror|Mystery,Horror,2,30.0069,6.6,7142,Good,Very High,2300000.0,23374076.0,True,True,21074076.0,9.162641739130434,101.0,US,US,1,Two Flints|Northern Lights Films|Animal Kingdom,14,56849.4697923159,321815121,0.3160593715278767,0.5319148936170212,0.17253375501763776,0.0034910614916582768,0.007994671436902768,0.37551020408163266
522627,The Gentlemen,The Gentlemen,en,English,2020-01-01,2020,1,2020,Action|Comedy|Crime,Action,3,29.927,7.655,6869,Good,Very High,22000000.0,115171795.0,True,True,93171795.0,4.235081590909091,113.0,GB,GB|US,1,Miramax|Toff Guy Films|Coach Films,45,40815.1255364787,66740000,0.3149212273154611,0.7563829787234042,0.16589222722296557,0.03339391920470372,0.03939239692757906,0.42448979591836733
20352,Despicable Me,Despicable Me,en,English,2010-07-08,2010,7,2010,Animation|Comedy|Crime|Science Fiction|Family,Animation,5,29.7757,7.26,16373,Good,Very High,69000000.0,543284256.0,True,True,474284256.0,6.873684869565217,95.0,US,US,1,Illumination|Universal Pictures,53,48642.6312088213,309378227,0.3127660180621635,0.6723404255319148,0.39710497506386083,0.10473576247948219,0.18582040925777496,0.3510204081632653
12,Finding Nemo,Finding Nemo,en,English,2003-05-30,2003,5,2000,Animation|Family|Adventure,Animation,3,29.7394,7.821,20968,Good,Very High,94000000.0,940335536.0,True,True,846335536.0,9.003569531914893,100.0,US,US,1,Pixar,53,39490.3023903176,290107933,0.31224893877667304,0.7917021276595743,0.508891862303856,0.14268355145542816,0.321624514533655,0.37142857142857144
985939,Fall,Fall,en,English,2022-08-11,2022,8,2020,Thriller,Thriller,1,29.645,7.14,4866,Good,Very High,3000000.0,17363261.0,True,True,14363261.0,4.787753666666666,107.0,US,US|GB,1,Tea Shop Productions|Capstone Pictures|Eagle Films,67,78008.6895811877,333996304,0.3109042477422296,0.6468085106382977,0.11716336212139643,0.004553599582984765,0.005938782451848145,0.4
652,Troy,Troy,en,English,2004-05-13,2004,5,2000,Action|Adventure,Action,2,29.5737,7.19,11508,Good,Very High,175000000.0,497409852.0,True,True,322409852.0,1.8423420114285713,163.0,GB,GB|US,1,Warner Bros. Pictures|Plan B Entertainment|Radiant Productions|Helena Productions,78,40504.4118103928,59987905,0.30988860716218913,0.6574468085106383,0.278749543851113,0.2656343877374932,0.1701299110675053,0.6285714285714286
767,Harry Potter and the Half-Blood Prince,Harry Potter and the Half-Blood Prince,en,English,2009-07-15,2009,7,2000,Adventure|Fantasy,Adventure,2,29.4791,7.7,21185,Good,Very High,250000000.0,933959197.0,True,True,683959197.0,2.735836788,153.0,GB,GB|US,1,Warner Bros. Pictures|Heyday Films,22,39009.3715547821,62276270,0.3085410672060625,0.7659574468085105,0.514171025422698,0.3794777546653312,0.3194436047709898,0.5877551020408164
280,Terminator 2: Judgment Day,Terminator 2: Judgment Day,en,English,1991-07-03,1991,7,1990,Action|Thriller|Science Fiction,Action,3,29.3988,8.2,14834,Excellent,Very High,102000000.0,517814175.0,True,True,415814175.0,4.076609558823529,137.0,FR,FR|US,2,Carolco Pictures|Pacific Western|Lightstorm Entertainment|Le Studio Canal+,40,21500.7778366233,58554242,0.3073972251502807,0.8723404255319146,0.3596642744191704,0.15482684392773088,0.17710883537364294,0.5224489795918368
1010581,My Fault,Culpa mía,es,Spanish,2023-06-08,2023,6,2020,Drama|Romance|Thriller,Drama,3,29.1879,7.7,4190,Good,Very High,,,False,False,,,116.0,ES,ES,1,Pokeepsie Films|Amazon MGM Studios,64,33493.2225409111,48352528,0.3043930372354064,0.7659574468085105,0.10071767424887483,,,0.43673469387755104
637649,Wrath of Man,Wrath of Man,en,English,2021-04-22,2021,4,2020,Thriller|Crime|Drama,Thriller,3,28.9667,7.57,6301,Good,Very High,40000000.0,103966489.0,True,True,63966489.0,1.599162225,119.0,GB,GB|US,1,Miramax|Toff Guy Films,56,47695.6491523474,66978000,0.30124212985385035,0.7382978723404255,0.15207395693954506,0.06071632726738483,0.03555982760385732,0.4489795918367347
22,Pirates of the Caribbean: The Curse of the Black Pearl,Pirates of the Caribbean: The Curse of the Black Pearl,en,English,2003-07-09,2003,7,2000,Adventure|Fantasy|Action,Adventure,3,28.9362,7.834,22762,Good,Very High,140000000.0,655011224.0,True,True,515011224.0,3.6786516,143.0,US,US,1,Walt Disney Pictures|Jerry Bruckheimer Films,46,39490.3023903176,290107933,0.300807669297171,0.7944680851063828,0.5525361878117018,0.2125074831711688,0.2240345687094883,0.5469387755102041
10681,WALL·E,WALL·E,en,English,2008-06-26,2008,6,2000,Animation|Family|Science Fiction,Animation,3,28.8615,8.124,20857,Excellent,Very High,180000000.0,521311860.0,True,True,341311860.0,1.896177,98.0,US,US,1,Pixar,82,48570.0594269601,304093966,0.29974359704851716,0.8561702127659574,0.5061914608928354,0.27322394553268237,0.17830515435279815,0.363265306122449
156022,The Equalizer,The Equalizer,en,English,2014-09-24,2014,9,2010,Thriller|Action|Crime,Thriller,3,28.8245,7.292,10190,Good,Very High,55000000.0,192330738.0,True,True,137330738.0,2.496922509090909,132.0,US,US,1,Lonetree Entertainment|Columbia Pictures|Village Roadshow Pictures|Escape Artists|LStar Capital|Mace Neufeld Productions,102,55153.3940182967,319257560,0.2992165465371357,0.6791489361702127,0.24668531808782387,0.08348500065295243,0.06578319767791947,0.5020408163265306
385687,Fast X,Fast X,en,English,2023-05-17,2023,5,2020,Action|Crime|Thriller,Action,3,28.7556,7.0,6491,Good,Very High,340000000.0,704709660.0,True,True,364709660.0,1.0726754705882353,142.0,US,US,2,Universal Pictures|Original Film|One Race|Perfect Storm Entertainment,62,82586.7847707894,336755052,0.298235093017293,0.6170212765957446,0.15669626566111178,0.5160897949787367,0.2410330068824885,0.5428571428571428
73861,A Serbian Film,Srpski film,sr,sr,2010-01-06,2010,1,2010,Crime|Horror|Thriller,Crime,3,28.7319,5.448,2270,Mixed,Very High,,,False,False,,,104.0,RS,RS,1,Contra Film,54,5970.92660940072,7291436,0.29789749579784053,0.286808510638298,0.05400802822041114,,,0.3877551020408163
10193,Toy Story 3,Toy Story 3,en,English,2010-06-16,2010,6,2010,Animation|Family|Comedy,Animation,3,28.6899,7.816,16215,Good,Very High,200000000.0,1067316101.0,True,True,867316101.0,4.336580505,103.0,US,US,2,Pixar,45,48642.6312088213,309378227,0.29729922224438055,0.7906382978723403,0.39326116044276854,0.3035821767134392,0.365055886968094,0.3836734693877551
10684,Courage Under Fire,Courage Under Fire,en,English,1996-07-04,1996,7,1990,Drama|Thriller|Mystery|War,Drama,4,28.5175,6.6,1099,Good,Very High,46000000.0,100900000.0,True,True,54900000.0,1.1934782608695653,116.0,US,US,1,Davis Entertainment|Fox 2000 Pictures|Joseph M. Singer Entertainment|20th Century Fox,57,29967.7127181749,269394000,0.2948434517535113,0.5319148936170212,0.025520009731176255,0.06982379662161187,0.03451099130497087,0.43673469387755104
675,Harry Potter and the Order of the Phoenix,Harry Potter and the Order of the Phoenix,en,English,2007-07-08,2007,7,2000,Adventure|Fantasy,Adventure,2,28.3515,7.7,21218,Good,Very High,150000000.0,938212738.0,True,True,788212738.0,5.254751586666667,138.0,GB,GB|US,1,Warner Bros. Pictures|Heyday Films,25,50629.0799172887,61322463,0.2924788467565027,0.7659574468085105,0.5149738474638121,0.2276865987615472,0.32089845042659193,0.5265306122448979
429617,Spider-Man: Far From Home,Spider-Man: Far From Home,en,English,2019-06-28,2019,6,2010,Action|Adventure|Science Fiction,Action,3,28.3061,7.392,17599,Good,Very High,160000000.0,1132723226.0,True,True,972723226.0,6.0795201625,129.0,US,US,5,Marvel Studios|Pascal Pictures|Columbia Pictures,44,65227.9565911038,330226227,0.29183214153442927,0.7004255319148937,0.4269310302882861,0.24286571435192558,0.3874271939924477,0.4897959183673469
945961,Alien: Romulus,Alien: Romulus,en,English,2024-08-13,2024,8,2020,Horror|Science Fiction,Horror,2,28.2882,7.157,4875,Good,Very High,80000000.0,350865342.0,True,True,270865342.0,3.385816775,119.0,US,US,3,20th Century Studios|Scott Free Productions|Brandywine Productions|TSG Entertainment,29,86169.6641581917,340003797,0.29157716304378795,0.6504255319148936,0.11738231358715484,0.12143278962889842,0.12000705020267635,0.4489795918367347
1724,The Incredible Hulk,The Incredible Hulk,en,English,2008-06-12,2008,6,2000,Science Fiction|Action|Adventure,Science Fiction,3,28.2483,6.26,13130,Mixed,Very High,150000000.0,264770996.0,True,True,114770996.0,0.7651399733333333,114.0,US,US,3,Marvel Studios|Valhalla Motion Pictures|Marvel Entertainment,47,48570.0594269601,304093966,0.29100880316800093,0.4595744680851063,0.3182094635689089,0.2276865987615472,0.09056005880186273,0.42857142857142855
350,The Devil Wears Prada,The Devil Wears Prada,en,English,2006-06-29,2006,6,2000,Drama|Comedy,Drama,2,28.1873,7.4,14229,Good,Very High,35000000.0,326588371.0,True,True,291588371.0,8.331096314285714,109.0,US,US,2,Fox 2000 Pictures|Wendy Finerman Productions|Dune Entertainment|Major Studio Partners,38,46301.9876485519,298379912,0.29013988205464236,0.7021276595744681,0.3449458703320764,0.053126769472195634,0.11170355770300858,0.40816326530612246
920,Cars,Cars,en,English,2006-06-08,2006,6,2000,Animation|Adventure|Comedy|Family,Animation,4,28.1811,7.052,15505,Good,Very High,120000000.0,461983149.0,True,True,341983149.0,2.849859575,117.0,US,US,4,Pixar,63,46301.9876485519,298379912,0.2900515654824649,0.6280851063829785,0.3759883225884929,0.18214925199041201,0.1580128573111509,0.44081632653061226
49013,Cars 2,Cars 2,en,English,2011-06-11,2011,6,2010,Animation|Family|Adventure|Comedy,Animation,4,28.1752,6.2,8688,Mixed,Very High,200000000.0,559852396.0,True,True,359852396.0,1.79926198,106.0,US,US,5,Pixar|Walt Disney Pictures,41,50024.8812320773,311839461,0.2899675222928122,0.4468085106382979,0.21014475124680695,0.3035821767134392,0.19148723755457714,0.39591836734693875
106646,The Wolf of Wall Street,The Wolf of Wall Street,en,English,2013-12-25,2013,12,2010,Crime|Drama|Comedy,Crime,3,28.1176,8.026,26517,Excellent,Very High,100000000.0,407039432.0,True,True,307039432.0,3.07039432,180.0,US,US,2,Red Granite Pictures|Appian Way|Sikelia Productions|EMJAG Productions,29,53297.3862901595,316726282,0.28914703284806703,0.8353191489361701,0.643887604914244,0.1517910208096552,0.13922036701187226,0.6979591836734694
244786,Whiplash,Whiplash,en,English,2014-10-10,2014,10,2010,Drama|Music|Thriller,Drama,3,28.0773,8.4,17073,Excellent,Very High,3300000.0,50307484.0,True,True,47007484.0,14.244692121212122,107.0,US,US,1,Bold Films|Blumhouse Productions|Right of Way Films,21,55153.3940182967,319257560,0.2885729751289137,0.9148936170212766,0.41413453351173823,0.0050089730506961165,0.01720674947244072,0.4
466272,Once Upon a Time... in Hollywood,Once Upon a Time... in Hollywood,en,English,2019-07-24,2019,7,2010,Comedy|Drama|Thriller,Comedy,3,27.8608,7.4,15235,Good,Very High,95000000.0,393869691.0,True,True,298869691.0,3.145996747368421,162.0,CN,CN|GB|US,3,Heyday Films|Columbia Pictures|Bona Film Group,53,10342.9009524335,1407745000,0.2854890174069115,0.7021276595744681,0.36941977861574016,0.144201463014466,0.13471589873961265,0.6244897959183674
330457,Frozen II,Frozen II,en,English,2019-11-20,2019,11,2010,Family|Animation|Adventure|Comedy|Fantasy,Family,5,27.745,7.225,10468,Good,Very High,150000000.0,1453683476.0,True,True,1303683476.0,8.691223173333332,103.0,US,US,1,Walt Disney Animation Studios,21,65227.9565911038,330226227,0.2838394917523718,0.6648936170212765,0.25344848558569516,0.2276865987615472,0.4972057585657007,0.3836734693877551
122917,The Hobbit: The Battle of the Five Armies,The Hobbit: The Battle of the Five Armies,en,English,2014-12-10,2014,12,2010,Action|Adventure|Fantasy,Action,3,27.7095,7.337,15748,Good,Very High,250000000.0,956019788.0,True,True,706019788.0,2.824079152,144.0,NZ,NZ|US,1,New Line Cinema|Metro-Goldwyn-Mayer|WingNut Films,70,44599.8992733675,4516500,0.28333380815361386,0.688723404255319,0.3819000121639703,0.3794777546653312,0.3269890251575256,0.5510204081632653
453395,Doctor Strange in the Multiverse of Madness,Doctor Strange in the Multiverse of Madness,en,English,2022-05-04,2022,5,2020,Fantasy|Action|Adventure,Fantasy,3,27.6317,7.225,10821,Good,Very High,295400000.0,955775804.0,True,True,660375804.0,2.235530819228165,126.0,US,US,3,Marvel Studios|Kevin Feige Productions,28,78008.6895811877,333996304,0.28222557761887124,0.6648936170212765,0.26203624863155334,0.44839093944564906,0.3269055749069141,0.4775510204081633
358962,Queen of Spades: The Dark Rite,Пиковая дама: Черный обряд,ru,Russian,2015-09-10,2015,9,2010,Horror,Horror,1,27.4729,5.341,91,Mixed,Very High,1000000.0,2228115.0,True,True,1228115.0,1.228115,94.0,RU,RU,1,Volga Film|Enjoy Movies|Ultrafilm|Cinema Foundation of Russia,110,9277.7138671875,144640716,0.27996353380245576,0.2640425531914894,0.0009974455662328185,0.0015177764649090852,0.00076208346034807,0.3469387755102041
131631,The Hunger Games: Mockingjay - Part 1,The Hunger Games: Mockingjay - Part 1,en,English,2014-11-19,2014,11,2010,Science Fiction|Adventure|Thriller,Science Fiction,3,27.3981,6.814,17002,Good,Very High,125000000.0,755356711.0,True,True,630356711.0,5.042853688,123.0,US,US,1,Lionsgate|Color Force,67,55153.3940182967,319257560,0.27889803709296035,0.5774468085106382,0.41240724972631065,0.1897388097856012,0.25835590141116715,0.46530612244897956
105864,The Good Dinosaur,The Good Dinosaur,en,English,2015-11-14,2015,11,2010,Adventure|Animation|Family,Adventure,3,27.3531,6.751,6148,Good,Very High,175000000.0,332207671.0,True,True,157207671.0,0.8983295485714285,93.0,US,US,1,Pixar,18,56849.4697923159,321815121,0.2782570297142532,0.5640425531914893,0.14835178202165186,0.2656343877374932,0.11362553616578233,0.34285714285714286
49018,Insidious,Insidious,en,English,2011-03-31,2011,3,2010,Horror|Thriller,Horror,2,27.2018,6.956,7595,Good,Very High,1500000.0,100106454.0,True,True,98606454.0,65.737636,102.0,CA,CA|US,1,Alliance Films|IM Global|Haunted Movies|FilmDistrict,39,52224.1237767406,34339221,0.27610182046095555,0.6076595744680852,0.18355431212747841,0.0022767322444280052,0.034239573455555415,0.3795918367346939
228150,Fury,Fury,en,English,2014-10-15,2014,10,2010,War|Drama|Action,War,3,26.7447,7.544,13227,Good,Very High,68000000.0,211817906.0,True,True,143817906.0,2.114969205882353,135.0,US,US,3,Columbia Pictures|QED International|LStar Capital|Le Grisbi Productions|Crave Films,32,55153.3940182967,319257560,0.2695906099541324,0.7327659574468083,0.3205692738109719,0.10321785092044435,0.0724484259441544,0.5142857142857142
346698,Barbie,Barbie,en,English,2023-07-19,2023,7,2020,Comedy|Adventure|Fantasy,Comedy,3,26.7349,6.9,11557,Good,Very High,145000000.0,1447138421.0,True,True,1302138421.0,8.980264972413794,114.0,GB,GB|US,1,LuckyChap Entertainment|Heyday Films|NB/GG Pictures|Mattel|Warner Bros. Pictures,43,49919.6896621586,68526000,0.2694510127916584,0.5957446808510638,0.27994161294246445,0.220097040966358,0.494967142590816,0.42857142857142855
11324,Shutter Island,Shutter Island,en,English,2010-02-14,2010,2,2010,Drama|Thriller|Mystery,Drama,3,26.6545,8.197,26417,Excellent,Very High,80000000.0,294804195.0,True,True,214804195.0,2.6850524375,138.0,US,US,2,Paramount Pictures|Phoenix Pictures|Sikelia Productions|Appian Way,32,48642.6312088213,309378227,0.2683057462750349,0.8717021276595742,0.6414548108502616,0.12143278962889842,0.10083236347436612,0.5265306122448979
505642,Black Panther: Wakanda Forever,Black Panther: Wakanda Forever,en,English,2022-11-09,2022,11,2020,Action|Adventure|Science Fiction,Action,3,26.5188,6.992,7768,Good,Very High,250000000.0,859102154.0,True,True,609102154.0,2.436408616,162.0,US,US,5,Marvel Studios,59,78008.6895811877,333996304,0.2663727529130224,0.6153191489361701,0.1877630458581681,0.3794777546653312,0.2938401266806709,0.6244897959183674
102382,The Amazing Spider-Man 2,The Amazing Spider-Man 2,en,English,2014-04-16,2014,4,2010,Action|Adventure|Science Fiction,Action,3,26.436,6.56,14733,Good,Very High,200000000.0,716934779.0,True,True,516934779.0,2.584673895,141.0,US,US,1,Columbia Pictures|Matt Tolmach Productions|Arad Productions|Marvel Entertainment,82,55153.3940182967,319257560,0.2651932993362013,0.5234042553191488,0.3572071524145481,0.3035821767134392,0.24521438453145655,0.5387755102040817
500006,Utøya: July 22,Utøya 22. juli,no,Norwegian,2018-03-09,2018,3,2010,History|Drama,History,2,26.4236,7.111,467,Good,Very High,22000000.0,3738618.0,True,True,-18261382.0,-0.8300628181818182,92.0,NO,NO,1,Paradox Produksjon,28,85579.0776455494,5311916,0.2650166661918464,0.6406382978723403,0.010144751246806957,0.03339391920470372,0.0012787232969745444,0.33877551020408164
2062,Ratatouille,Ratatouille,en,English,2007-06-28,2007,6,2000,Animation|Comedy|Family|Fantasy,Animation,4,26.3142,7.8,18930,Good,Very High,150000000.0,623726000.0,True,True,473726000.0,3.1581733333333335,111.0,US,US,2,Pixar,48,48050.227412195,301231207,0.2634583060311672,0.7872340425531913,0.45931151927989294,0.2276865987615472,0.21333403185773583,0.4163265306122449
128,Princess Mononoke,もののけ姫,ja,Japanese,1997-07-12,1997,7,1990,Adventure|Fantasy|Animation,Adventure,3,26.3141,8.319,9285,Excellent,Very High,23500000.0,176506186.0,True,True,153006186.0,6.510901531914894,134.0,JP,JP,1,Studio Ghibli|dentsu|Tokuma Shoten|Nippon Television Network Corporation,60,36331.0311480645,126057000,0.26345688157032565,0.8976595744680852,0.22466853180878238,0.035670786543260474,0.06037070001325602,0.5102040816326531
14160,Up,Up,en,English,2009-05-28,2009,5,2000,Animation|Comedy|Family|Adventure,Animation,4,26.2725,7.96,22119,Good,Very High,175000000.0,735103954.0,True,True,560103954.0,3.200594022857143,96.0,US,US,1,Pixar,49,47194.9500893872,306771529,0.2628643058602319,0.8212765957446807,0.5368933219802944,0.2656343877374932,0.25142881747441514,0.3551020408163265
127585,X-Men: Days of Future Past,X-Men: Days of Future Past,en,English,2014-05-15,2014,5,2010,Action|Adventure|Science Fiction,Action,3,26.253,7.536,16653,Good,Very High,250000000.0,748045700.0,True,True,498045700.0,1.9921828,132.0,US,US,4,Bad Hat Harry Productions|The Donners' Company|20th Century Fox|Marvel Entertainment|TSG Entertainment|Genre Films,39,55153.3940182967,319257560,0.26258653599612547,0.7310638297872338,0.4039167984430118,0.3794777546653312,0.2558553042401491,0.5020408163265306
285,Pirates of the Caribbean: At World's End,Pirates of the Caribbean: At World's End,en,English,2007-05-19,2007,5,2000,Adventure|Fantasy|Action,Adventure,3,26.2084,7.277,15820,Good,Very High,300000000.0,961691209.0,True,True,661691209.0,2.2056373633333335,169.0,US,US,1,Jerry Bruckheimer Films|Second Mate Productions|Walt Disney Pictures,92,48050.227412195,301231207,0.2619512264607846,0.6759574468085106,0.3836516238900377,0.4553733326172231,0.32892883065203965,0.6530612244897959
4517,Elizabeth: The Golden Age,Elizabeth: The Golden Age,en,English,2007-09-09,2007,9,2000,Drama|History|Romance,Drama,3,26.1874,6.706,1341,Good,Very High,55000000.0,74237563.0,True,True,19237563.0,0.3497738727272727,114.0,FR,FR|GB|DE,3,Universal Pictures|StudioCanal|Working Title|Motion Picture ETA Produktionsgesellschaft,28,41486.1907828787,64016890,0.2616520896840546,0.554468085106383,0.03140737136601387,0.08348500065295243,0.025391593928240294,0.42857142857142855
539972,Kraven the Hunter,Kraven the Hunter,en,English,2024-12-11,2024,12,2020,Action|Adventure|Thriller,Action,3,26.1867,6.415,2499,Mixed,Very High,130000000.0,62076533.0,True,True,-67923467.0,-0.5224882076923076,127.0,US,US,3,Columbia Pictures|Matt Tolmach Productions|Arad Productions|TSG Entertainment II,39,86169.6641581917,340003797,0.2616421184581636,0.49255319148936166,0.05957912662693103,0.1973283675807904,0.02123213674582513,0.4816326530612245
324786,Hacksaw Ridge,Hacksaw Ridge,en,English,2016-10-07,2016,10,2010,Drama|History|War,Drama,3,26.1185,8.192,15287,Excellent,Very High,40000000.0,175302354.0,True,True,135302354.0,3.38255885,139.0,AU,AU|GB|US,2,Summit Entertainment|Pandemonium|Cross Creek Pictures|Permut Presentations|Vendian Entertainment|Argent Pictures|IM Global|AI Film|Bliss Media|Kylin Pictures|Cosmos Filmed Entertainment,34,50084.4440606385,24190907,0.2606706361642119,0.8706382978723404,0.37068483152901105,0.06071632726738483,0.0599589513654177,0.5306122448979592
9806,The Incredibles,The Incredibles,en,English,2004-10-27,2004,10,2000,Action|Adventure|Animation|Family,Action,4,26.1028,7.729,19294,Good,Very High,92000000.0,631442092.0,True,True,539442092.0,5.863501,115.0,US,US,2,Pixar,42,41724.6411982614,292805298,0.26044699581208514,0.772127659574468,0.4681668896727892,0.1396477283373525,0.2159731795524275,0.4326530612244898
857,Saving Private Ryan,Saving Private Ryan,en,English,1998-07-24,1998,7,1990,War|Drama|History,War,3,26.068,8.233,17766,Excellent,Very High,70000000.0,481840909.0,True,True,411840909.0,5.8834415571428575,169.0,US,US,4,DreamWorks Pictures|Paramount Pictures|Amblin Entertainment|Mutual Film Company,40,32853.6725949234,275854000,0.2599512834392183,0.8793617021276595,0.43099379637513685,0.10625367403852003,0.1648048397714093,0.6530612244897959
205596,The Imitation Game,The Imitation Game,en,English,2014-11-14,2014,11,2010,History|Drama|Thriller|War,History,4,26.0337,7.98,18409,Good,Very High,14000000.0,233555708.0,True,True,219555708.0,15.682550571428571,113.0,US,US|GB,1,Bristol Automotive|Black Bear Pictures|FilmNation Entertainment,46,55153.3940182967,319257560,0.25946269337055927,0.825531914893617,0.44663666220654424,0.021250626732401,0.07988344227573313,0.42448979591836733
10588,The Cat in the Hat,The Cat in the Hat,en,English,2003-11-21,2003,11,2000,Fantasy|Adventure|Family|Comedy,Fantasy,4,26.0295,5.362,1874,Mixed,Very High,109000000.0,133800000.0,True,True,24800000.0,0.22752293577981653,82.0,US,US,1,Universal Pictures|DreamWorks Pictures|Imagine Entertainment|Brian Grazer Productions,45,39490.3023903176,290107933,0.25940286601521323,0.26851063829787236,0.044374163727040505,0.16545222484099575,0.04576383265981161,0.2979591836734694
210577,Gone Girl,Gone Girl,en,English,2014-10-01,2014,10,2010,Mystery|Thriller|Drama,Mystery,3,25.9576,7.889,20394,Good,Very High,61000000.0,370890259.0,True,True,309890259.0,5.080168180327869,149.0,US,US,1,20th Century Fox|Regency Enterprises|TSG Entertainment,30,55153.3940182967,319257560,0.2583786786701234,0.8061702127659574,0.49492762437659654,0.09259247000717946,0.12685620564780867,0.5714285714285714
315162,Puss in Boots: The Last Wish,Puss in Boots: The Last Wish,en,English,2022-12-07,2022,12,2020,Animation|Adventure|Fantasy|Comedy|Family,Animation,5,25.7651,8.217,9220,Excellent,Very High,90000000.0,484700000.0,True,True,394700000.0,4.385555555555555,103.0,US,US,2,DreamWorks Animation,47,78008.6895811877,333996304,0.2556365915500983,0.8759574468085106,0.22308721566719378,0.13661190521927682,0.1657827393897088,0.3836734693877551
39254,Real Steel,Real Steel,en,English,2011-09-28,2011,9,2010,Action|Science Fiction|Drama,Action,3,25.7513,7.144,9541,Good,Very High,110000000.0,299300000.0,True,True,189300000.0,1.720909090909091,127.0,US,US|IN,1,DreamWorks Pictures|Reliance Entertainment|21 Laps Entertainment|Montford / Murphy Productions,37,50024.8812320773,311839461,0.25544001595396143,0.6476595744680851,0.23089648461257756,0.1669701364000336,0.10237007108613816,0.4816326530612245
284054,Black Panther,Black Panther,en,English,2018-02-13,2018,2,2010,Action|Adventure|Science Fiction,Action,3,25.6789,7.362,23952,Good,Very High,200000000.0,1349926083.0,True,True,1149926083.0,5.749630415,135.0,US,US,4,Marvel Studios,87,62875.6661382728,328529577,0.25440870630466367,0.6940425531914893,0.5814864371730933,0.3035821767134392,0.4617174460179541,0.5142857142857142
293660,Deadpool,Deadpool,en,English,2016-02-09,2016,2,2010,Action|Adventure|Comedy,Action,3,25.6684,7.626,33287,Good,Very High,58000000.0,782837347.0,True,True,724837347.0,12.497195637931034,108.0,US,US,1,20th Century Fox|The Donners' Company|Genre Films|Marvel Entertainment,54,57976.628204291,324353340,0.25425913791629867,0.7502127659574468,0.8085877630458582,0.08803873533006594,0.267755148743633,0.40408163265306124
101,Léon: The Professional,Léon,fr,French,1994-09-14,1994,9,1990,Crime|Drama|Action,Crime,3,25.6601,8.291,16511,Excellent,Very High,16000000.0,20330788.0,True,True,4330788.0,0.27067425,111.0,FR,FR,3,Gaumont|Les Films du Dauphin,51,23359.8985104774,59324863,0.25414090766644826,0.8917021276595745,0.40046223087215665,0.02428644985047668,0.006953770614377218,0.4163265306122449
284053,Thor: Ragnarok,Thor: Ragnarok,en,English,2017-10-02,2017,10,2010,Action|Science Fiction|Comedy|Adventure,Action,4,25.6181,7.58,22474,Good,Very High,180000000.0,855301806.0,True,True,675301806.0,3.7516767,131.0,US,US,1,Marvel Studios,48,60047.7190728307,326608609,0.2535426341129882,0.7404255319148936,0.5455297409074322,0.27322394553268237,0.29254028737558924,0.49795918367346936
939243,Sonic the Hedgehog 3,Sonic the Hedgehog 3,en,English,2024-12-19,2024,12,2020,Action|Science Fiction|Comedy|Family,Action,4,25.5464,7.6,3457,Good,Very High,122000000.0,492162604.0,True,True,370162604.0,3.034119704918033,110.0,US,US|JP,4,Paramount Pictures|Original Film|Marza Animation Planet|SEGA|Blur Studio|SEGA of America,46,86169.6641581917,340003797,0.2525212956895815,0.7446808510638296,0.08288529375988322,0.18518507510848767,0.16833518616496715,0.4122448979591837
419430,Get Out,Get Out,en,English,2017-02-24,2017,2,2010,Mystery|Thriller|Horror,Mystery,3,25.3499,7.625,19333,Good,Very High,4500000.0,255407969.0,True,True,250907969.0,55.757326444444445,104.0,US,US,1,Monkeypaw Productions|Blumhouse Productions|QC Entertainment,55,60047.7190728307,326608609,0.2497222301358936,0.7499999999999999,0.46911567935774234,0.006830466921541524,0.08735760720818217,0.3877551020408163
396535,Train to Busan,부산행,ko,Korean,2016-07-20,2016,7,2010,Action|Horror|Thriller|Adventure,Action,4,25.2851,7.748,8731,Good,Very High,8500000.0,87547518.0,True,True,79047518.0,9.299708,118.0,KR,KR,1,Next Entertainment World|RedPeter Films|Contents Panda|Union Investment Partners|KTB Network,25,30832.0628072516,51217803,0.24879917951055527,0.7761702127659574,0.21119085269431942,0.012902113157692883,0.02994401982657067,0.4448979591836735
372058,Your Name.,君の名は。,ja,Japanese,2016-07-01,2016,7,2010,Animation|Romance|Drama,Animation,3,25.2185,8.487,12991,Excellent,Very High,7500000.0,407210429.0,True,True,399710429.0,53.294723866666665,106.0,JP,JP,1,CoMix Wave Films|TOHO|KADOKAWA|jeki|AMUSE|voque ting|Lawson Entertainment,45,40214.9688631562,127076000,0.24785048859006867,0.9334042553191488,0.31482787981997323,0.011384201598655042,0.13927885339829033,0.39591836734693875
866398,The Beekeeper,The Beekeeper,en,English,2024-01-08,2024,1,2020,Action|Crime|Thriller,Action,3,25.2138,7.3,4529,Good,Very High,35000000.0,162619535.0,True,True,127619535.0,3.6462724285714287,106.0,GB,GB|US,1,Miramax|Cedar Park Entertainment|Punch Palace Productions,27,53341.3131094262,69281000,0.2477835389305148,0.6808510638297871,0.10896484612577545,0.053126769472195634,0.05562102582927302,0.39591836734693875
68721,Iron Man 3,Iron Man 3,en,English,2013-04-18,2013,4,2010,Action|Adventure|Science Fiction,Action,3,25.0971,6.932,23868,Good,Very High,200000000.0,1215577205.0,True,True,1015577205.0,5.077886025,130.0,US,US,1,Marvel Studios,22,53297.3862901595,316726282,0.24612119312840094,0.6025531914893617,0.579442890159348,0.3035821767134392,0.41576587731476705,0.49387755102040815
260514,Cars 3,Cars 3,en,English,2017-06-15,2017,6,2010,Animation|Drama|Family|Adventure,Animation,4,24.9476,6.9,6571,Good,Very High,175000000.0,383925276.0,True,True,208925276.0,1.19385872,102.0,US,US,1,Pixar,76,60047.7190728307,326608609,0.2439916241702516,0.5957446808510638,0.15864250091229778,0.2656343877374932,0.1313145940477677,0.3795918367346939
284052,Doctor Strange,Doctor Strange,en,English,2016-10-25,2016,10,2010,Fantasy|Adventure|Action,Fantasy,3,24.9288,7.425,23904,Good,Very High,180000000.0,676343174.0,True,True,496343174.0,2.757462077777778,115.0,US,US,1,Marvel Studios,33,57976.628204291,324353340,0.24372382553203611,0.7074468085106381,0.5803186960223817,0.27322394553268237,0.23133077081098966,0.4326530612244898
1422,The Departed,The Departed,en,English,2006-10-04,2006,10,2000,Drama|Thriller|Crime,Drama,3,24.8681,8.159,16629,Excellent,Very High,90000000.0,291465000.0,True,True,201465000.0,2.2385,151.0,HK,HK|US,2,Warner Bros. Pictures|Plan B Entertainment|Initial Entertainment Group|Vertigo Entertainment|Media Asia Films,54,28224.0951563146,6857100,0.24285917780120223,0.8636170212765958,0.403332927867656,0.13661190521927682,0.09969025309175587,0.5795918367346938
564,The Mummy,The Mummy,en,English,1999-04-16,1999,4,1990,Adventure|Action|Fantasy,Adventure,3,24.7803,6.992,10377,Good,Very High,80000000.0,415885488.0,True,True,335885488.0,4.1985686,124.0,US,US,2,Alphaville Films,65,34515.3813073394,279040000,0.2416085011823025,0.6153191489361701,0.2512346429874711,0.12143278962889842,0.14224599816032324,0.46938775510204084
359410,Road House,Road House,en,English,2024-03-08,2024,3,2020,Action|Thriller|Drama,Action,3,24.7676,6.9,3231,Good,Very High,85000000.0,,True,False,,,121.0,US,US,1,Silver Pictures|Amazon MGM Studios,25,86169.6641581917,340003797,0.24142759465542296,0.5957446808510638,0.07738717917528282,0.1290223474240876,,0.45714285714285713
466420,Killers of the Flower Moon,Killers of the Flower Moon,en,English,2023-10-18,2023,10,2020,Crime|History|Drama,Crime,3,24.6557,7.391,4329,Good,Very High,200000000.0,158722599.0,True,True,-41277401.0,-0.206387005,206.0,US,US,3,Apple Studios|Imperative Entertainment|Sikelia Productions|Appian Way,27,82586.7847707894,336755052,0.23983362297370447,0.7002127659574467,0.10409925799781049,0.3035821767134392,0.05428815037097613,0.8040816326530612
214756,Ted 2,Ted 2,en,English,2015-06-25,2015,6,2010,Comedy|Fantasy,Comedy,2,24.6467,6.326,8162,Mixed,Very High,68000000.0,215863606.0,True,True,147863606.0,2.174464794117647,115.0,US,US,1,Smart Entertainment|Universal Pictures|Fuzzy Door Productions|Bluegrass Films|MRC,32,56849.4697923159,321815121,0.23970542149796303,0.4736170212765956,0.19734825447025908,0.10321785092044435,0.0738321833991477,0.4326530612244898
11036,The Notebook,The Notebook,en,English,2004-06-25,2004,6,2000,Romance|Drama,Romance,2,24.4392,7.888,12864,Good,Very High,29000000.0,115600000.0,True,True,86600000.0,2.986206896551724,123.0,US,US,1,New Line Cinema|Avery Pix|Gran Via Productions,54,41724.6411982614,292805298,0.23674966525170224,0.8059574468085106,0.3117382313587155,0.0440193001179686,0.03953885659117631,0.46530612244897956
383498,Deadpool 2,Deadpool 2,en,English,2018-05-15,2018,5,2010,Action|Comedy|Adventure,Action,3,24.334,7.488,19645,Good,Very High,110000000.0,785896632.0,True,True,675896632.0,6.144514836363636,120.0,US,US,4,Maximum Effort|Genre Films|20th Century Fox|Marvel Entertainment,18,62875.6661382728,328529577,0.23525113244636905,0.7208510638297873,0.4767059968373677,0.1669701364000336,0.2688015210464975,0.4530612244897959
272,Batman Begins,Batman Begins,en,English,2005-06-10,2005,6,2000,Drama|Crime|Action,Drama,3,24.2776,7.73,23171,Good,Very High,150000000.0,374218673.0,True,True,224218673.0,1.4947911533333333,140.0,GB,GB|US,3,Warner Bros. Pictures|DC|Syncopy|Legendary Pictures|Patalex III Productions,44,42240.2462987547,60401206,0.23444773653172277,0.7723404255319148,0.5624863155333901,0.2276865987615472,0.1279946285871774,0.5346938775510204
283995,Guardians of the Galaxy Vol. 2,Guardians of the Galaxy Vol. 2,en,English,2017-04-25,2017,4,2010,Science Fiction|Adventure|Action,Science Fiction,3,24.1826,7.609,23429,Good,Very High,200000000.0,863756051.0,True,True,663756051.0,3.318780255,137.0,US,US,1,Marvel Studios,20,60047.7190728307,326608609,0.23309449873222987,0.746595744680851,0.5687629242184649,0.3035821767134392,0.29543190676039033,0.5224489795918368
286217,The Martian,The Martian,en,English,2015-09-30,2015,9,2010,Science Fiction|Drama|Adventure,Science Fiction,3,24.0823,7.708,21805,Good,Very High,108000000.0,631058917.0,True,True,523058917.0,4.84313812037037,141.0,US,US,2,Genre Films|TSG Entertainment|20th Century Fox|Scott Free Productions,63,56849.4697923159,321815121,0.2316657645081337,0.7676595744680851,0.5292543486193894,0.16393431328195793,0.21584212157412533,0.5387755102040817
769,GoodFellas,GoodFellas,en,English,1990-09-12,1990,9,1990,Drama|Crime,Drama,2,23.9688,8.5,14749,Excellent,Very High,25000000.0,47072327.0,True,True,22072327.0,0.88289308,145.0,US,US,2,Winkler Films|Warner Bros. Pictures,35,23888.6000088133,249623000,0.2300490014529501,0.9361702127659574,0.35759639946478533,0.037947653881817235,0.016100223378854014,0.5551020408163265
259693,The Conjuring 2,The Conjuring 2,en,English,2016-06-08,2016,6,2010,Horror,Horror,1,23.8684,7.295,9402,Good,Very High,40000000.0,322819915.0,True,True,282819915.0,7.070497875,134.0,US,US,1,New Line Cinema|The Safran Company|Atomic Monster|RatPac Entertainment,24,57976.628204291,324353340,0.22861884276801234,0.6797872340425531,0.2275149008636419,0.06071632726738483,0.11041462647137643,0.5102040816326531
745,The Sixth Sense,The Sixth Sense,en,English,1999-08-06,1999,8,1990,Mystery|Thriller|Drama,Mystery,3,23.8333,7.954,13291,Good,Very High,40000000.0,672800000.0,True,True,632800000.0,15.82,107.0,US,US,3,Spyglass Entertainment|The Kennedy/Marshall Company|Hollywood Pictures|Barry Mendel Productions,23,34515.3813073394,279040000,0.22811885701262075,0.8199999999999998,0.3221262620119207,0.06071632726738483,0.23011889315401104,0.4
321612,Beauty and the Beast,Beauty and the Beast,en,English,2017-03-16,2017,3,2010,Family|Fantasy|Romance,Family,3,23.8326,6.967,16158,Good,Very High,160000000.0,1266115964.0,True,True,1106115964.0,6.913224775,129.0,US,US,2,Walt Disney Pictures|Mandeville Films,25,60047.7190728307,326608609,0.22810888578672972,0.6099999999999999,0.3918744678262985,0.24286571435192558,0.43305173255177404,0.4897959183673469
502356,The Super Mario Bros. Movie,The Super Mario Bros. Movie,en,English,2023-04-05,2023,4,2020,Family|Comedy|Adventure|Fantasy|Animation,Family,5,23.7571,7.593,11126,Good,Very High,100000000.0,1360879735.0,True,True,1260879735.0,12.60879735,93.0,JP,JP|US,1,Universal Pictures|Illumination|Nintendo,41,35215.003535366,124516650,0.2270334178513433,0.743191489361702,0.2694562705266999,0.1517910208096552,0.46546394170829253,0.34285714285714286
572802,Aquaman and the Lost Kingdom,Aquaman and the Lost Kingdom,en,English,2023-12-20,2023,12,2020,Action|Adventure|Fantasy,Action,3,23.697,6.502,3659,Good,Very High,205000000.0,440181226.0,True,True,235181226.0,1.1472254926829268,124.0,US,US,3,Warner Bros. Pictures|The Safran Company|Atomic Monster|DC Films|Domain Entertainment,37,82586.7847707894,336755052,0.2261773168855588,0.511063829787234,0.08779953776912784,0.3111717345086284,0.1505559095680064,0.46938775510204084
425,Ice Age,Ice Age,en,English,2002-03-14,2002,3,2000,Animation|Comedy|Family|Adventure,Animation,4,23.5708,7.4,14620,Good,Very High,59000000.0,383257136.0,True,True,324257136.0,5.495883661016949,81.0,US,US,1,Blue Sky Studios|20th Century Fox,36,37997.7424300242,287625193,0.22437964730349563,0.7021276595744681,0.3544580951222479,0.08955664688910378,0.13108606901971837,0.2938775510204082
209112,Batman v Superman: Dawn of Justice,Batman v Superman: Dawn of Justice,en,English,2016-03-23,2016,3,2010,Action|Adventure|Fantasy,Action,3,23.5525,6.012,19357,Mixed,Very High,250000000.0,874362803.0,True,True,624362803.0,2.497451212,152.0,US,US,1,Warner Bros. Pictures|RatPac Entertainment|Atlas Entertainment|Cruel & Unusual Films|DC,60,57976.628204291,324353340,0.22411897096948805,0.40680851063829776,0.46969954993309815,0.3794777546653312,0.29905975167060733,0.5836734693877551
845781,Red One,Red One,en,English,2024-10-31,2024,10,2020,Action|Adventure|Comedy|Fantasy,Action,4,23.5123,6.96,3161,Good,Very High,250000000.0,185700759.0,True,True,-64299241.0,-0.257196964,124.0,US,US,1,Seven Bucks Productions|The Detective Agency|Chris Morgan Productions|Amazon MGM Studios,31,86169.6641581917,340003797,0.22354633771117632,0.6085106382978722,0.07568422333049507,0.3794777546653312,0.06351553500700988,0.46938775510204084
1495,Kingdom of Heaven,Kingdom of Heaven,en,English,2005-05-03,2005,5,2000,Drama|Action|Adventure|History|War,Drama,5,23.4358,7.1,5225,Good,Very High,130000000.0,218366336.0,True,True,88366336.0,0.6797410461538461,144.0,US,US|GB|DE|ES,4,Scott Free Productions|BK|KOH|Reino del Cielo|Inside Track 3|20th Century Fox|Babelsberg Film,21,44123.3996470026,295516599,0.22245662516737416,0.6382978723404253,0.12589709281109354,0.1973283675807904,0.07468819627586504,0.5510204081632653
269149,Zootopia,Zootopia,en,English,2016-02-11,2016,2,2010,Animation|Adventure|Family|Comedy,Animation,4,23.4332,7.765,18517,Good,Very High,150000000.0,1025521689.0,True,True,875521689.0,5.83681126,109.0,US,US,1,Walt Disney Animation Studios,38,57976.628204291,324353340,0.2224195891854933,0.779787234042553,0.4492640797956453,0.2276865987615472,0.3507608751822322,0.40816326530612246
10195,Thor,Thor,en,English,2011-04-21,2011,4,2010,Adventure|Fantasy|Action,Adventure,3,23.4149,6.772,22789,Good,Very High,150000000.0,449326618.0,True,True,299326618.0,1.9955107866666666,115.0,US,US,1,Marvel Studios|Marvel Entertainment,64,50024.8812320773,311839461,0.22215891285148573,0.5685106382978723,0.553193042208977,0.2276865987615472,0.1536839231030772,0.4326530612244898
18240,The Proposal,The Proposal,en,English,2009-06-02,2009,6,2000,Comedy|Romance|Drama,Comedy,3,23.3866,7.2,7762,Good,Very High,40000000.0,317400000.0,True,True,277400000.0,6.935,108.0,US,US,1,Touchstone Pictures|Mandeville Films|Kurtzman/Orci,28,47194.9500893872,306771529,0.22175579043332103,0.6595744680851063,0.18761707821432916,0.06071632726738483,0.10856084398956119,0.40408163265306124
490132,Green Book,Green Book,en,English,2018-11-16,2018,11,2010,Drama|Comedy|History,Drama,3,23.3197,8.223,13243,Excellent,Very High,23000000.0,321752656.0,True,True,298752656.0,12.989245913043478,130.0,US,US,3,Participant|DreamWorks Pictures|Cinetic Media|Innisfree Pictures,51,62875.6661382728,328529577,0.22080282613030972,0.8772340425531915,0.3209585208612091,0.034911830763741554,0.11004959011236348,0.49387755102040815
263115,Logan,Logan,en,English,2017-02-28,2017,2,2010,Action|Drama|Science Fiction,Action,3,23.2393,7.82,20831,Good,Very High,97000000.0,619021436.0,True,True,522021436.0,5.381664288659794,137.0,US,US,2,Hutch Parker Entertainment|The Donners' Company|Genre Films|20th Century Fox|Marvel Entertainment|TSG Entertainment,42,60047.7190728307,326608609,0.21965755961368624,0.7914893617021276,0.5055589344361999,0.1472372861325417,0.2117249220602983,0.5224489795918368
49051,The Hobbit: An Unexpected Journey,The Hobbit: An Unexpected Journey,en,English,2012-12-12,2012,12,2010,Adventure|Fantasy|Action,Adventure,3,23.2217,7.381,20064,Good,Very High,250000000.0,1021103568.0,True,True,771103568.0,3.084414272,169.0,NZ,NZ|US,1,New Line Cinema|Metro-Goldwyn-Mayer|WingNut Films,32,40041.7524816244,4408100,0.21940685450556963,0.6980851063829787,0.48689940396545434,0.3794777546653312,0.34924973795732367,0.6530612244897959
616,The Last Samurai,The Last Samurai,en,English,2003-12-05,2003,12,2000,Drama|Action|War,Drama,3,23.1484,7.611,7766,Good,Very High,140000000.0,456800000.0,True,True,316800000.0,2.262857142857143,154.0,US,US,2,Radar Pictures|Bedford Falls Productions|Cruise/Wagner Productions|Warner Bros. Pictures,64,39490.3023903176,290107933,0.21836272470869775,0.7470212765957446,0.18771438997688847,0.2125074831711688,0.15624005629548215,0.5918367346938775
509635,Alone,Alone,en,English,2020-09-10,2020,9,2020,Horror|Thriller,Horror,2,23.0976,6.4,886,Mixed,Very High,,,False,False,,,98.0,US,US,2,Mill House Motion Pictures|Paperclip|XYZ Films,33,64465.2971415748,331578104,0.21763909860117947,0.4893617021276596,0.020338158374893566,,,0.363265306122449
1865,Pirates of the Caribbean: On Stranger Tides,Pirates of the Caribbean: On Stranger Tides,en,English,2011-05-15,2011,5,2010,Adventure|Action|Fantasy,Adventure,3,23.0029,6.574,15240,Good,Very High,379000000.0,1046721266.0,True,True,667721266.0,1.7617975356200528,136.0,GB,GB|US,2,Walt Disney Pictures|Jerry Bruckheimer Films|Moving Picture Company,31,42295.9273835322,63258810,0.2162901341842113,0.5263829787234042,0.3695414183189393,0.5752883457812125,0.3580118015278471,0.5183673469387755
953,Madagascar,Madagascar,en,English,2005-05-25,2005,5,2000,Adventure|Animation|Comedy|Family,Adventure,4,22.9536,6.93,11994,Good,Very High,75000000.0,542064525.0,True,True,467064525.0,6.227527,86.0,US,US,5,Pacific Data Images|DreamWorks Animation,29,44123.3996470026,295516599,0.21558787498931659,0.602127659574468,0.2905729230020679,0.11384323183370922,0.18540322264869954,0.3142857142857143
4552,A Tale of Two Sisters,"장화, 홍련",ko,Korean,2003-06-13,2003,6,2000,Drama|Horror|Mystery,Drama,3,22.9509,7.106,1391,Good,Very High,15100000.0,1100000.0,True,True,-14000000.0,-0.9271523178807947,115.0,KR,KR,1,Bom Film Productions|Masulpiri|Chungeorahm Film|Barunson E&A,40,15211.5483770422,47892330,0.21554941454659415,0.6395744680851063,0.032623768398005105,0.022920329447342624,0.000376232423113536,0.4326530612244898
77338,The Intouchables,Intouchables,fr,French,2011-11-02,2011,11,2010,Drama|Comedy,Drama,2,22.9474,8.272,18811,Excellent,Very High,13000000.0,426590315.0,True,True,413590315.0,31.814639615384614,113.0,FR,FR,2,Gaumont|Quad Productions|Chaocorp|Ten Films|TF1 Films Production,29,43929.7840873812,65340830,0.2154995584171391,0.8876595744680851,0.4564164943437538,0.019732715173363162,0.1459073878248222,0.42448979591836733
7518,Over the Hedge,Over the Hedge,en,English,2006-05-17,2006,5,2000,Adventure|Animation|Comedy|Family,Adventure,4,22.8974,6.6,4979,Good,Very High,80000000.0,343397247.0,True,True,263397247.0,3.2924655875,83.0,US,US,1,DreamWorks Animation,39,46301.9876485519,298379912,0.21478732799635342,0.5319148936170212,0.11991241941369662,0.12143278962889842,0.11745272533161619,0.3020408163265306
545611,Everything Everywhere All at Once,Everything Everywhere All at Once,en,English,2022-03-24,2022,3,2020,Action|Adventure|Science Fiction,Action,3,22.8758,7.7,8399,Good,Very High,25000000.0,139200000.0,True,True,114200000.0,4.568,140.0,US,US,3,IAC Films|AGBO|Ley Line Entertainment|Year of the Rat|A24,32,78008.6895811877,333996304,0.214479644454574,0.7659574468085105,0.20311397640189757,0.037947653881817235,0.04761080358127484,0.5346938775510204
402431,Wicked,Wicked,en,English,2024-10-16,2024,10,2020,Drama|Romance|Fantasy,Drama,3,22.863,6.9,3233,Good,Very High,150000000.0,763963597.0,True,True,613963597.0,4.093090646666667,162.0,US,US,1,Universal Pictures|Marc Platt Productions,50,86169.6641581917,340003797,0.2142973134668528,0.5957446808510638,0.07743583505656246,0.2276865987615472,0.2612997288493799,0.6244897959183674
3933,Corpse Bride,Corpse Bride,en,English,2005-09-12,2005,9,2000,Romance|Fantasy|Animation,Romance,3,22.8252,7.6,10419,Good,Very High,40000000.0,118133252.0,True,True,78133252.0,1.9533313,77.0,GB,GB|US,1,Tim Burton Productions|LAIKA|Patalex Productions|Warner Bros. Pictures,37,42240.2462987547,60401206,0.21375886726873877,0.7446808510638296,0.25225641649434377,0.06071632726738483,0.040405308957979745,0.27755102040816326
411,"The Chronicles of Narnia: The Lion, the Witch and the Wardrobe","The Chronicles of Narnia: The Lion, the Witch and the Wardrobe",en,English,2005-12-07,2005,12,2000,Adventure|Family|Fantasy,Adventure,3,22.7994,7.1,11763,Good,Very High,180000000.0,745013115.0,True,True,565013115.0,3.13896175,143.0,GB,GB|US,2,Walt Disney Pictures|Walden Media|C.S. Lewis Company,26,42240.2462987547,60401206,0.21339135637161333,0.6382978723404253,0.28495316871426835,0.27322394553268237,0.25481806418239616,0.5469387755102041
109445,Frozen,Frozen,en,English,2013-11-20,2013,11,2010,Animation|Family|Adventure|Fantasy,Animation,4,22.6882,7.249,17879,Good,Very High,150000000.0,1274219009.0,True,True,1124219009.0,7.4947933933333335,102.0,US,US,1,Walt Disney Animation Studios,66,53297.3862901595,316726282,0.21180735591578587,0.6699999999999998,0.43374285366743703,0.2276865987615472,0.4358232304203496,0.3795918367346939
934433,Scream VI,Scream VI,en,English,2023-03-08,2023,3,2020,Horror|Thriller|Crime,Horror,3,22.627,6.926,3321,Good,Very High,33000000.0,169063850.0,True,True,136063850.0,4.12314696969697,123.0,US,US,1,Radio Silence|Project X Entertainment|Spyglass Media Group|Paramount Pictures,16,82586.7847707894,336755052,0.21093558588074413,0.6012765957446808,0.07957669383286704,0.05009094635411995,0.057825185535522884,0.46530612244897956
38365,Grown Ups,Grown Ups,en,English,2010-06-24,2010,6,2010,Comedy,Comedy,1,22.5886,6.435,6876,Mixed,Very High,80000000.0,271457606.0,True,True,191457606.0,2.393220075,102.0,US,US,1,Columbia Pictures|Relativity Media|Happy Madison Productions,22,48642.6312088213,309378227,0.2103885929175807,0.49680851063829773,0.16606252280744435,0.12143278962889842,0.0928470910672637,0.3795918367346939
24,Kill Bill: Vol. 1,Kill Bill: Vol. 1,en,English,2003-10-10,2003,10,2000,Action|Crime,Action,2,22.5546,8.0,19401,Good,Very High,30000000.0,180906076.0,True,True,150906076.0,5.030202533333333,111.0,US,US,3,Miramax|A Band Apart|Super Cool ManChu,24,39490.3023903176,290107933,0.20990427623144642,0.8297872340425531,0.4707699793212505,0.04553721167700644,0.06187560165911469,0.4163265306122449
614479,Insidious: The Red Door,Insidious: The Red Door,en,English,2023-07-05,2023,7,2020,Horror|Thriller,Horror,2,22.2968,6.525,2104,Good,Very High,16000000.0,189090647.0,True,True,173090647.0,10.8181654375,107.0,US,US,1,Blumhouse Productions|Stage 6 Films|Screen Gems,46,82586.7847707894,336755052,0.2062320161818752,0.5159574468085106,0.04996959007420022,0.02428644985047668,0.0646749840001612,0.4
301528,Toy Story 4,Toy Story 4,en,English,2019-06-19,2019,6,2010,Family|Comedy|Animation|Adventure,Family,4,22.2555,7.464,10981,Good,Very High,175000000.0,1073841394.0,True,True,898841394.0,5.1362365371428576,100.0,US,US,1,Pixar,57,65227.9565911038,330226227,0.2056437138543062,0.7157446808510638,0.2659287191339253,0.2656343877374932,0.36728774371346945,0.37142857142857144
9502,Kung Fu Panda,Kung Fu Panda,en,English,2008-06-04,2008,6,2000,Action|Animation|Comedy|Family,Action,4,22.1515,7.338,12986,Good,Very High,130000000.0,632091832.0,True,True,502091832.0,3.8622448615384615,90.0,US,US,1,DreamWorks Animation,63,48570.0594269601,304093966,0.20416227457907182,0.6889361702127659,0.3147062401167741,0.1973283675807904,0.21619541119807778,0.3306122448979592
640,Catch Me If You Can,Catch Me If You Can,en,English,2002-12-16,2002,12,2000,Drama|Crime,Drama,2,22.1369,7.978,17551,Good,Very High,52000000.0,352114312.0,True,True,300114312.0,5.771429076923077,141.0,US,US,2,Kemp Company|Splendid Pictures|DreamWorks Pictures|Parkes+MacDonald Production,52,37997.7424300242,287625193,0.2039543032962024,0.8251063829787233,0.4257632891375745,0.07893126597583891,0.12043423747522818,0.5387755102040817
181808,Star Wars: The Last Jedi,Star Wars: The Last Jedi,en,English,2017-12-13,2017,12,2010,Adventure|Action|Science Fiction,Adventure,3,22.0694,6.737,16673,Good,Very High,300000000.0,1334407706.0,True,True,1034407706.0,3.4480256866666665,152.0,US,US,1,Lucasfilm Ltd.,32,60047.7190728307,326608609,0.20299279222814168,0.561063829787234,0.4044033572558083,0.4553733326172231,0.45640966989437937,0.5836734693877551
497698,Black Widow,Black Widow,en,English,2021-07-07,2021,7,2020,Action|Adventure|Science Fiction,Action,3,22.0682,7.15,11610,Good,Very High,200000000.0,379751131.0,True,True,179751131.0,0.898755655,134.0,US,US,2,Marvel Studios,60,71441.2319805947,332100166,0.20297569869804283,0.648936170212766,0.2812309937963751,0.3035821767134392,0.1298869043372175,0.5102040816326531
290098,The Handmaiden,아가씨,ko,Korean,2016-06-01,2016,6,2010,Thriller|Drama|Romance,Thriller,3,21.9602,8.2,4487,Excellent,Very High,8575000.0,38600000.0,True,True,30025000.0,3.501457725947522,145.0,KR,KR,2,Moho Film|Yong Film|CJ Entertainment,66,30832.0628072516,51217803,0.20143728098914562,0.8723404255319146,0.1079430726189028,0.01301595652462072,0.013202419377719248,0.5551020408163265
558449,Gladiator II,Gladiator II,en,English,2024-11-13,2024,11,2020,Action|Adventure|Drama,Action,3,21.9573,6.591,4732,Good,Very High,310000000.0,462180717.0,True,True,152180717.0,0.4909055387096774,148.0,US,US,1,Paramount Pictures|Scott Free Productions|Lucy Fisher/Douglas Wick Productions,73,86169.6641581917,340003797,0.20139597162474004,0.53,0.1139034180756599,0.47055244820760156,0.1580804318205975,0.5673469387755102
603692,John Wick: Chapter 4,John Wick: Chapter 4,en,English,2023-03-21,2023,3,2020,Action|Thriller|Crime,Action,3,21.9523,7.712,8285,Good,Very High,100000000.0,447316405.0,True,True,347316405.0,3.47316405,170.0,DE,DE|US,9,Thunder Road|87Eleven|Studio Babelsberg|Lionsgate,47,54776.7668235491,83287273,0.2013247485826615,0.7685106382978721,0.20034059116895755,0.1517910208096552,0.15299636662956845,0.6571428571428571
161,Ocean's Eleven,Ocean's Eleven,en,English,2001-12-07,2001,12,2000,Thriller|Crime,Thriller,2,21.919,7.466,12886,Good,Very High,85000000.0,450717150.0,True,True,365717150.0,4.302554705882353,116.0,US,US,3,Warner Bros. Pictures|Village Roadshow Pictures|NPV Entertainment|Jerry Weintraub Productions|Section Eight,53,37133.6203973517,284968955,0.2008504031224182,0.7161702127659574,0.3122734460527916,0.1290223474240876,0.15415952906036687,0.43673469387755104
577922,Tenet,Tenet,en,English,2020-08-22,2020,8,2020,Action|Thriller|Science Fiction,Action,3,21.8971,7.171,11512,Good,Very High,205000000.0,365304105.0,True,True,160304105.0,0.781971243902439,150.0,GB,GB|US,4,Warner Bros. Pictures|Syncopy,38,40815.1255364787,66740000,0.200538446198114,0.6534042553191489,0.2788468556136723,0.3111717345086284,0.12494556416617618,0.5755102040816327
436969,The Suicide Squad,The Suicide Squad,en,English,2021-07-28,2021,7,2020,Action|Comedy|Adventure,Action,3,21.855,7.446,9892,Good,Very High,185000000.0,168717425.0,True,True,-16282575.0,-0.08801391891891892,132.0,US,US,3,DC Films|Atlas Entertainment|The Safran Company|Warner Bros. Pictures,35,71441.2319805947,332100166,0.19993874818381244,0.7119148936170211,0.23943559177715606,0.2808135033278716,0.05770669722043624,0.5020408163265306
57800,Ice Age: Continental Drift,Ice Age: Continental Drift,en,English,2012-06-27,2012,6,2010,Animation|Comedy|Adventure|Family,Animation,4,21.8112,6.4,8266,Mixed,Very High,95000000.0,877244782.0,True,True,782244782.0,8.2341556,88.0,US,US,1,Blue Sky Studios|20th Century Fox Animation,33,51708.3940614082,314339099,0.19931483433520414,0.4893617021276596,0.19987836029680087,0.144201463014466,0.30004547970936063,0.3224489795918367
406563,Insidious: The Last Key,Insidious: The Last Key,en,English,2018-01-03,2018,1,2010,Horror|Thriller,Horror,2,21.805,6.3,3274,Mixed,Very High,10000000.0,172811971.0,True,True,162811971.0,16.2811971,103.0,US,US,1,Stage 6 Films|Blumhouse Productions|Universal Pictures,36,62875.6661382728,328529577,0.19922651776302672,0.4680851063829787,0.07843328062279528,0.015178980496249642,0.05910716155350912,0.3836734693877551
313369,La La Land,La La Land,en,English,2016-12-01,2016,12,2010,Comedy|Drama|Romance,Comedy,3,21.7981,7.9,18477,Good,Very High,30000000.0,509183536.0,True,True,479183536.0,15.972784533333334,129.0,US,US,1,Summit Entertainment|Gilbert Films|Impostor Pictures|Marc Platt Productions,63,57976.628204291,324353340,0.1991282299649583,0.8085106382978723,0.4482909621700523,0.04553721167700644,0.17415688365759732,0.4897959183673469
566525,Shang-Chi and the Legend of the Ten Rings,Shang-Chi and the Legend of the Ten Rings,en,English,2021-09-01,2021,9,2020,Action|Adventure|Fantasy,Action,3,21.7594,7.484,10729,Good,Very High,150000000.0,432243292.0,True,True,282243292.0,1.8816219466666666,132.0,US,US,2,Marvel Studios,23,71441.2319805947,332100166,0.1985769636192701,0.7199999999999999,0.25979807809268946,0.2276865987615472,0.14784088488754452,0.5020408163265306
329865,Arrival,Arrival,en,English,2016-11-10,2016,11,2010,Drama|Science Fiction|Mystery,Drama,3,21.745,7.633,19859,Good,Very High,47000000.0,203388186.0,True,True,156388186.0,3.3274082127659574,116.0,US,US,3,FilmNation Entertainment|Lava Bear Films|21 Laps Entertainment,28,57976.628204291,324353340,0.19837184125808385,0.7517021276595743,0.4819121761342902,0.07134170818064971,0.06956519488562164,0.43673469387755104
216015,Fifty Shades of Grey,Fifty Shades of Grey,en,English,2015-02-11,2015,2,2010,Drama|Romance|Thriller,Drama,3,21.7264,5.858,12547,Mixed,Very High,40000000.0,569651467.0,True,True,529651467.0,13.241286675,125.0,US,US,1,Universal Pictures|Focus Features|Michael De Luca Productions|Trigger Street Productions,74,56849.4697923159,321815121,0.19810689154155156,0.37404255319148927,0.304026274175891,0.06071632726738483,0.19483882999797594,0.47346938775510206
786892,Furiosa: A Mad Max Saga,Furiosa: A Mad Max Saga,en,English,2024-05-22,2024,5,2020,Action|Science Fiction|Adventure,Action,3,21.7198,7.4,5181,Good,Very High,168000000.0,174287546.0,True,True,6287546.0,0.03742586904761905,149.0,AU,AU|US,1,Warner Bros. Pictures|Kennedy Miller Mitchell|Domain Entertainment,65,64609.9865116088,27194286,0.19801287712600782,0.7021276595744681,0.12482666342294124,0.2550090068242283,0.059611854908590244,0.5714285714285714
940551,Migration,Migration,en,English,2023-12-06,2023,12,2020,Family|Comedy|Adventure|Animation,Family,4,21.6473,7.357,2320,Good,Very High,72000000.0,298776052.0,True,True,226776052.0,3.149667388888889,83.0,US,US,1,Universal Pictures|Illumination,34,82586.7847707894,336755052,0.19698014301586853,0.6929787234042553,0.055224425252402384,0.1092894971565957,0.10219086428607171,0.3020408163265306
101299,The Hunger Games: Catching Fire,The Hunger Games: Catching Fire,en,English,2013-11-15,2013,11,2010,Adventure|Action|Science Fiction,Adventure,3,21.6272,7.424,18773,Good,Very High,130000000.0,865011746.0,True,True,735011746.0,5.653936507692308,146.0,US,US,1,Lionsgate|Color Force,50,53297.3862901595,316726282,0.19669382638671262,0.7072340425531914,0.45549203259944043,0.1973283675807904,0.2958613941958027,0.5591836734693878
508947,Turning Red,Turning Red,en,English,2022-03-10,2022,3,2020,Animation|Family|Comedy|Fantasy,Animation,4,21.5486,7.33,6037,Good,Very High,175000000.0,21813358.0,True,True,-153186642.0,-0.87535224,100.0,US,US,5,Pixar,26,78008.6895811877,333996304,0.19557420016523747,0.6872340425531914,0.14565138061063132,0.2656343877374932,0.007460856480864946,0.37142857142857144
37165,The Truman Show,The Truman Show,en,English,1998-06-04,1998,6,1990,Comedy|Drama,Comedy,2,21.5232,8.158,20840,Excellent,Very High,60000000.0,264118712.0,True,True,204118712.0,3.401978533333333,103.0,US,US,4,Paramount Pictures|Scott Rudin Productions,34,32853.6725949234,275854000,0.1952123871114783,0.8634042553191487,0.5057778859019584,0.09107455844814162,0.09033695702768946,0.3836734693877551
616037,Thor: Love and Thunder,Thor: Love and Thunder,en,English,2022-07-06,2022,7,2020,Fantasy|Action|Comedy,Fantasy,3,21.5163,6.36,8941,Mixed,Very High,250000000.0,760928081.0,True,True,510928081.0,2.043712324,119.0,US,US,1,Marvel Studios|Kevin Feige Productions,65,78008.6895811877,333996304,0.1951140993134099,0.48085106382978726,0.21629972022868263,0.3794777546653312,0.26026148629685464,0.4489795918367347
12153,White Chicks,White Chicks,en,English,2004-06-23,2004,6,2000,Comedy|Crime,Comedy,2,21.5163,6.963,4743,Good,Very High,37000000.0,113100000.0,True,True,76100000.0,2.056756756756757,109.0,US,US,1,Revolution Studios|Wayans Bros. Entertainment|Gone North Productions,63,41724.6411982614,292805298,0.1951140993134099,0.6091489361702127,0.11417102542269797,0.056162592590271315,0.03868377746086926,0.40816326530612246
38757,Tangled,Tangled,en,English,2010-11-24,2010,11,2010,Animation|Family|Adventure,Animation,3,21.4866,7.616,12697,Good,Very High,260000000.0,592461732.0,True,True,332461732.0,1.2786989692307693,100.0,US,US,1,Walt Disney Animation Studios|Walt Disney Pictures,50,48642.6312088213,309378227,0.19469103444346314,0.7480851063829785,0.30767546527186473,0.39465687025570956,0.20264066262128524,0.37142857142857144
4348,Pride & Prejudice,Pride & Prejudice,en,English,2005-09-16,2005,9,2000,Drama|Romance,Drama,2,21.4486,8.052,8950,Excellent,Very High,28000000.0,124604345.0,True,True,96604345.0,3.4501551785714284,128.0,FR,FR|GB|US,1,StudioCanal|Working Title|Scion Films|Focus Features,63,34696.3718316971,63180854,0.194149739323666,0.840851063829787,0.21651867169444106,0.04250138855893076,0.042618627587810154,0.4857142857142857
8874,My Best Friend's Wedding,My Best Friend's Wedding,en,English,1997-06-19,1997,6,1990,Comedy|Romance,Comedy,2,21.423,6.561,2960,Good,Very High,38000000.0,299288605.0,True,True,261288605.0,6.876015921052631,105.0,US,US,3,Zucker Brothers Productions|Predawn Productions|TriStar Pictures,36,31459.1299691554,272657000,0.1937850773482237,0.5236170212765957,0.07079430726189027,0.05768050414930915,0.10236617363546222,0.39183673469387753
1124,The Prestige,The Prestige,en,English,2006-10-19,2006,10,2000,Drama|Mystery|Science Fiction,Drama,3,21.3939,8.211,18115,Excellent,Very High,40000000.0,109676311.0,True,True,69676311.0,1.741907775,130.0,GB,GB|US,1,Warner Bros. Pictures|Touchstone Pictures|Newmarket Films|Syncopy,29,44695.161023424,60846820,0.19337055924332638,0.8746808510638298,0.4394842476584357,0.06071632726738483,0.03751276745584454,0.49387755102040815
194,Amélie,Le Fabuleux Destin d'Amélie Poulain,fr,French,2001-04-25,2001,4,2000,Comedy|Romance,Comedy,2,21.3775,7.921,12653,Good,Very High,10000000.0,173921954.0,True,True,163921954.0,16.3921954,122.0,FR,FR|DE,2,Victoires Productions|Tapioca Films|France 3 Cinéma|MMC Independent|UGC,55,22331.7948343036,61364377,0.1931369476653087,0.8129787234042553,0.30660503588371246,0.015178980496249642,0.05948681087282736,0.46122448979591835
24553,All the Invisible Children,Les enfants invisibles,fr,French,2006-03-03,2006,3,2000,Drama,Drama,1,21.2551,6.981,78,Good,Very High,,,False,False,,,124.0,FR,FR|IT,4,MK Film Productions S.r.l.|Frequency Production,15,36431.5658906555,63622342,0.19139340759522522,0.6129787234042552,0.0006811823379150954,,,0.46938775510204084
926393,The Equalizer 3,The Equalizer 3,en,English,2023-08-30,2023,8,2020,Action|Thriller|Crime,Action,3,21.2291,7.294,3899,Good,Very High,70000000.0,191067560.0,True,True,121067560.0,1.7295365714285715,109.0,IT,IT|US,3,Columbia Pictures|Eagle Pictures|Escape Artists|ZHIV Productions,42,39279.699782164,58984216,0.19102304777641663,0.6795744680851062,0.09363824352268581,0.10625367403852003,0.06535115081965429,0.40816326530612246
118,Charlie and the Chocolate Factory,Charlie and the Chocolate Factory,en,English,2005-07-13,2005,7,2000,Adventure|Comedy|Family|Fantasy,Adventure,4,21.2131,7.0,16381,Good,Very High,150000000.0,475000000.0,True,True,325000000.0,2.1666666666666665,115.0,GB,GB|US,1,Warner Bros. Pictures|Village Roadshow Pictures|The Zanuck Company|Plan B Entertainment|Theobald Film Productions,23,42240.2462987547,60401206,0.1907951340417652,0.6170212765957446,0.39729959858897945,0.2276865987615472,0.16246503236411747,0.4326530612244898
489,Good Will Hunting,Good Will Hunting,en,English,1997-12-05,1997,12,1990,Drama,Drama,1,21.2091,8.166,14300,Excellent,Very High,10000000.0,225933435.0,True,True,215933435.0,21.5933435,127.0,US,US,1,Lawrence Bender Productions|Be Gentlemen Limited Partnership|Miramax,39,31459.1299691554,272657000,0.19073815560810234,0.8651063829787233,0.34667315411750393,0.015178980496249642,0.07727638364861197,0.4816326530612245
791373,Zack Snyder's Justice League,Zack Snyder's Justice League,en,English,2021-03-18,2021,3,2020,Action|Adventure|Fantasy,Action,3,21.2002,8.1,11126,Excellent,Very High,70000000.0,,True,False,,,242.0,US,US,1,Warner Bros. Pictures|The Stone Quarry|Atlas Entertainment|Access Entertainment|Dune Entertainment|DC Films,36,71441.2319805947,332100166,0.19061137859320246,0.8510638297872338,0.2694562705266999,0.10625367403852003,,0.9510204081632653
550988,Free Guy,Free Guy,en,English,2021-08-11,2021,8,2020,Comedy|Adventure|Science Fiction,Comedy,3,21.1436,7.436,10161,Good,Very High,110000000.0,331526598.0,True,True,221526598.0,2.0138781636363636,115.0,US,US,1,Berlanti Productions|21 Laps Entertainment|Maximum Effort|Lit Entertainment Group|20th Century Studios|TSG Entertainment,51,71441.2319805947,332100166,0.18980513375687302,0.7097872340425531,0.24597980780926895,0.1669701364000336,0.11339258764237609,0.4326530612244898
519182,Despicable Me 4,Despicable Me 4,en,English,2024-06-20,2024,6,2020,Animation|Comedy|Action|Science Fiction|Family,Animation,5,21.1157,6.967,3360,Good,Very High,100000000.0,972021410.0,True,True,872021410.0,8.7202141,94.0,US,US,1,Universal Pictures|Illumination,49,86169.6641581917,340003797,0.1894077091820746,0.6099999999999999,0.08052548351782021,0.1517910208096552,0.33246208636683044,0.3469387755102041
365620,Ferrari,Ferrari,en,English,2023-12-14,2023,12,2020,History|Drama,History,2,21.1094,6.362,1303,Mixed,Very High,95000000.0,39220516.0,True,True,-55779484.0,-0.5871524631578947,131.0,US,US|IT|GB|SA,1,STXfilms|Forward Pass|Storyteller Productions|Ketchup Entertainment|Esme Grace Media|Cecchi Gori USA|Red Sea Fund|Iervolino & Lady Bacardi Entertainment|Red Sea International Film Festival,43,82586.7847707894,336755052,0.1893179681490556,0.48127659574468085,0.030482909621700523,0.144201463014466,0.013414655490367891,0.49795918367346936
11544,Lilo & Stitch,Lilo & Stitch,en,English,2002-06-21,2002,6,2000,Animation|Family|Comedy|Science Fiction,Animation,4,21.0961,7.558,7240,Good,Very High,80000000.0,273144151.0,True,True,193144151.0,2.4143018875,85.0,US,US,1,Walt Disney Pictures,42,37997.7424300242,287625193,0.1891285148571266,0.7357446808510637,0.1749178932003406,0.12143278962889842,0.09342394283999318,0.31020408163265306
280092,Insidious: Chapter 3,Insidious: Chapter 3,en,English,2015-05-28,2015,5,2010,Horror|Thriller,Horror,2,21.0951,6.3,3762,Mixed,Very High,10000000.0,120453155.0,True,True,110453155.0,11.0453155,97.0,CA,CA|US,1,Blumhouse Productions|Entertainment One,43,43594.2379080706,35704498,0.18911427024871086,0.4680851063829787,0.0903053156550298,0.015178980496249642,0.04119878921383443,0.35918367346938773
120467,The Grand Budapest Hotel,The Grand Budapest Hotel,en,English,2014-02-26,2014,2,2010,Comedy|Drama,Comedy,2,21.0813,8.0,16490,Good,Very High,30000000.0,174600318.0,True,True,144600318.0,4.8200106,100.0,US,US|DE,2,Fox Searchlight Pictures|Studio Babelsberg|Indian Paintbrush|TSG Entertainment|American Empirical Pictures,66,55153.3940182967,319257560,0.188917694652574,0.8297872340425531,0.39995134411872035,0.04553721167700644,0.05971883283248801,0.37142857142857144
949,Heat,Heat,en,English,1995-12-15,1995,12,1990,Crime|Drama|Action,Crime,3,21.0607,7.9,8677,Good,Very High,60000000.0,187400000.0,True,True,127400000.0,2.1233333333333335,170.0,US,US,2,Warner Bros. Pictures|Regency Enterprises|Forward Pass,50,28690.8757013347,266278000,0.1886242557192103,0.8085106382978723,0.2098771438997689,0.09107455844814162,0.06409672921359472,0.6571428571428571
829557,365 Days: This Day,365 dni: Ten dzień,pl,Polish,2022-04-26,2022,4,2020,Romance|Drama,Romance,2,21.0002,5.942,1875,Mixed,Very High,,,False,False,,,110.0,PL,PL,5,Ekipa|Open Mind Production,38,18891.2121169279,36821749,0.18776245691005955,0.3919148936170213,0.04439849166768033,,,0.4122448979591837
207703,Kingsman: The Secret Service,Kingsman: The Secret Service,en,English,2015-01-24,2015,1,2010,Crime|Comedy|Action,Crime,3,20.9912,7.617,18147,Good,Very High,81000000.0,414351546.0,True,True,333351546.0,4.115451185185186,129.0,GB,GB|US,3,20th Century Fox|Marv|Cloudy Productions|TSG Entertainment,32,45256.040227057,65087000,0.1876342554343181,0.7482978723404254,0.4402627417589101,0.12295070118793626,0.14172134144380266,0.4897959183673469
9479,The Nightmare Before Christmas,The Nightmare Before Christmas,en,English,1993-10-09,1993,10,1990,Fantasy|Animation|Family,Fantasy,3,20.9524,7.835,10571,Good,Very High,18000000.0,75634409.0,True,True,57634409.0,3.201911611111111,76.0,US,US,1,Touchstone Pictures|Skellington Productions,54,26387.2937338171,259919000,0.1870815646277884,0.7946808510638297,0.2559542634715971,0.027322272968552358,0.025869359473381443,0.27346938775510204
10625,Mean Girls,Mean Girls,en,English,2004-04-30,2004,4,2000,Drama|Comedy,Drama,2,20.8908,7.229,9662,Good,Very High,17000000.0,130195052.0,True,True,113195052.0,6.658532470588235,97.0,US,US,4,Broadway Video|Paramount Pictures|M.G. Films,33,41724.6411982614,292805298,0.18620409674938035,0.6657446808510638,0.23384016542999636,0.02580436140951452,0.04453082633955476,0.35918367346938773
18785,The Hangover,The Hangover,en,English,2009-06-02,2009,6,2000,Comedy,Comedy,1,20.8871,7.337,18501,Good,Very High,35000000.0,469310836.0,True,True,434310836.0,12.408881028571429,100.0,US,US,1,Legendary Pictures|Green Hat Films|Warner Bros. Pictures,67,47194.9500893872,306771529,0.18615139169824224,0.688723404255319,0.4488748327454081,0.053126769472195634,0.1605191582019998,0.37142857142857144
772,Home Alone 2: Lost in New York,Home Alone 2: Lost in New York,en,English,1992-11-15,1992,11,1990,Comedy|Family|Adventure,Comedy,3,20.8583,6.8,10892,Good,Very High,18000000.0,358994850.0,True,True,340994850.0,18.944158333333334,120.0,US,US,2,20th Century Fox|Hughes Entertainment,58,25418.9907763319,256514000,0.18574114697586966,0.5744680851063829,0.2637635324169809,0.027322272968552358,0.12278759925486202,0.4530612244897959
370172,No Time to Die,No Time to Die,en,English,2021-09-29,2021,9,2020,Action|Thriller|Adventure,Action,3,20.7365,7.338,7371,Good,Very High,250000000.0,774153024.0,True,True,524153024.0,2.096612096,163.0,GB,GB|US,5,EON Productions|Metro-Goldwyn-Mayer,61,47695.6491523474,66978000,0.1840061536708356,0.6889361702127659,0.17810485342415763,0.3794777546653312,0.2647848354003748,0.6285714285714286
546554,Knives Out,Knives Out,en,English,2019-11-27,2019,11,2010,Comedy|Crime|Mystery,Comedy,3,20.6617,7.843,14480,Good,Very High,40000000.0,312897920.0,True,True,272897920.0,6.822448,131.0,US,US,2,MRC|T-Street,56,65227.9565911038,330226227,0.18294065696134015,0.7963829787234041,0.3510521834326724,0.06071632726738483,0.10702099012917209,0.49795918367346936
8966,Twilight,Twilight,en,English,2008-11-20,2008,11,2000,Fantasy|Drama|Romance,Fantasy,3,20.6099,6.3,14672,Mixed,Very High,37000000.0,393616788.0,True,True,356616788.0,9.638291567567567,122.0,GB,GB|US,1,Summit Entertainment|Temple Hill Entertainment|Maverick Films|Imprint Entertainment|Aura Films|Goldcrest Film Finance,48,47652.4030691881,61806995,0.18220278624540612,0.4680851063829787,0.3557231480355188,0.056162592590271315,0.13462939790869582,0.46122448979591835
667538,Transformers: Rise of the Beasts,Transformers: Rise of the Beasts,en,English,2023-06-06,2023,6,2020,Science Fiction|Adventure|Action,Science Fiction,3,20.5912,7.164,5421,Good,Very High,195000000.0,441381193.0,True,True,246381193.0,1.2634932974358974,127.0,US,US,3,Skydance Media|Paramount Pictures|di Bonaventura Pictures|Bay Films|New Republic Pictures|DeSanto/Murphy Productions|Hasbro,59,82586.7847707894,336755052,0.18193641206803227,0.6519148936170212,0.1306653691764992,0.29599261891824996,0.15096633626350925,0.4816326530612245
451156,Infidelity in Suburbia,Infidelity in Suburbia,en,English,2017-02-25,2017,2,2010,Thriller|TV Movie,Thriller,2,20.5763,6.2,163,Mixed,Very High,,,False,False,,,120.0,CA,CA,1,Annuit Coeptis Entertainment II|Johnson Production Group|Lifetime,34,45129.7335281051,36545075,0.1817241674026381,0.4468085106382979,0.0027490572923002067,,,0.4530612244897959
345,Eyes Wide Shut,Eyes Wide Shut,en,English,1999-07-16,1999,7,1990,Drama|Thriller|Mystery,Drama,3,20.5369,7.5,7298,Good,Very High,65000000.0,162517900.0,True,True,97517900.0,1.5002753846153847,159.0,GB,GB|US,1,Warner Bros. Pictures|Stanley Kubrick Productions|Pole Star|Hobby Films,47,28858.0065333126,58682466,0.18116292983105894,0.7234042553191489,0.17632891375745044,0.09866411624333082,0.05558626344230952,0.6122448979591837
637,Life Is Beautiful,La vita è bella,it,Italian,1997-12-20,1997,12,1990,Comedy|Drama,Comedy,2,20.5304,8.4,14242,Excellent,Very High,20000000.0,230098753.0,True,True,210098753.0,10.50493765,116.0,IT,IT,0,Mario e Vittorio Cecchi Gori - C.E.I.A.D.|Melampo Cinematografica,61,21883.9872666651,56890372,0.18107033987635682,0.9148936170212766,0.3452621335603941,0.03035809608662804,0.07870105424576888,0.43673469387755104
653346,Kingdom of the Planet of the Apes,Kingdom of the Planet of the Apes,en,English,2024-05-08,2024,5,2020,Science Fiction|Adventure|Action,Science Fiction,3,20.4752,7.053,4445,Good,Very High,160000000.0,397378150.0,True,True,237378150.0,1.4836134375,145.0,US,US,1,20th Century Studios|Oddball Entertainment|Jason T. Reed Productions|TSG Entertainment,66,86169.6641581917,340003797,0.18028403749180938,0.6282978723404254,0.10692129911203016,0.24286571435192558,0.1359159027677878,0.5551020408163265
940721,Godzilla Minus One,ゴジラ-1.0,ja,Japanese,2023-11-03,2023,11,2020,Science Fiction|Horror|Action,Science Fiction,3,20.4497,7.601,3410,Good,Very High,15000000.0,113676322.0,True,True,98676322.0,6.578421466666667,125.0,JP,JP,2,TOHO|TOHO Studios|Robot Communications,38,35215.003535366,124516650,0.17992079997720864,0.7448936170212765,0.08174188054981146,0.02276853829143884,0.03888089782668399,0.47346938775510206
38,Eternal Sunshine of the Spotless Mind,Eternal Sunshine of the Spotless Mind,en,English,2004-03-19,2004,3,2000,Science Fiction|Drama|Romance,Science Fiction,3,20.3771,8.1,16725,Excellent,Very High,20000000.0,72258126.0,True,True,52258126.0,2.6129063,108.0,US,US,1,Focus Features|Anonymous Content|This is that,46,41724.6411982614,292805298,0.17888664140622773,0.8510638297872338,0.4056684101690792,0.03035809608662804,0.024714563820857256,0.40408163265306124
752,V for Vendetta,V for Vendetta,en,English,2006-02-23,2006,2,2000,Action|Thriller|Science Fiction,Action,3,20.3445,7.9,15930,Good,Very High,54000000.0,134686457.0,True,True,80686457.0,1.4941936481481481,132.0,DE,DE|GB|US,1,Virtual Studios|Anarchos Productions|Silver Pictures|Fünfte Babelsberg Film|Warner Bros. Productions|DC Vertigo,56,36980.3349948954,82376451,0.17842226717187545,0.8085106382978723,0.38632769736041844,0.08196708909391459,0.046067029012057455,0.5020408163265306
598,City of God,Cidade de Deus,pt,Portuguese,2002-08-30,2002,8,2000,Drama|Crime,Drama,2,20.3324,8.4,8444,Excellent,Very High,3300000.0,30641770.0,True,True,27341770.0,8.28538484848485,129.0,BR,BR|FR|DE,1,O2 Filmes|VideoFilmes|Wild Bunch|Hank Levine Film & Music|Globo Filmes|Lumière,47,2855.94018885769,178503484,0.17824990741004532,0.9148936170212766,0.2042087337306897,0.0050089730506961165,0.010480452822845866,0.4897959183673469
298618,The Flash,The Flash,en,English,2023-06-13,2023,6,2020,Action|Science Fiction|Adventure,Action,3,20.3077,6.609,5250,Good,Very High,220000000.0,271333313.0,True,True,51333313.0,0.2333332409090909,144.0,US,US,3,Warner Bros. Pictures|Double Dream|The Disco Factory|DC Films,72,82586.7847707894,336755052,0.17789806558217716,0.5338297872340425,0.12650529132708915,0.333940407894196,0.09280457892712639,0.5510204081632653
75656,Now You See Me,Now You See Me,en,English,2013-05-29,2013,5,2010,Thriller|Crime,Thriller,2,20.2878,7.325,17118,Good,Very High,75000000.0,351723989.0,True,True,276723989.0,3.689653186666667,116.0,US,US,2,Summit Entertainment|K/O Paper Products,27,53297.3862901595,316726282,0.17761459787470446,0.6861702127659574,0.41522929084053034,0.11384323183370922,0.12030073465467665,0.43673469387755104
823464,Godzilla x Kong: The New Empire,Godzilla x Kong: The New Empire,en,English,2024-03-27,2024,3,2020,Action|Adventure|Science Fiction,Action,3,20.2807,7.04,4850,Good,Very High,150000000.0,571750016.0,True,True,421750016.0,2.811666773333333,115.0,US,US,0,Legendary Pictures,26,86169.6641581917,340003797,0.17751346115495287,0.6255319148936169,0.11677411507115923,0.2276865987615472,0.19555660017950663,0.4326530612244898
246655,X-Men: Apocalypse,X-Men: Apocalypse,en,English,2016-05-18,2016,5,2010,Science Fiction|Fantasy|Action,Science Fiction,3,20.2671,6.527,14101,Good,Very High,178000000.0,543934787.0,True,True,365934787.0,2.0558134101123597,144.0,US,US,6,The Donners' Company|Bad Hat Harry Productions|Genre Films|Hutch Parker Entertainment|20th Century Fox|Marvel Entertainment|TSG Entertainment,20,57976.628204291,324353340,0.17731973448049915,0.5163829787234042,0.3418318939301788,0.2701881224146067,0.1860429114504621,0.5510204081632653
618162,The Harder They Fall,The Harder They Fall,en,English,2021-10-22,2021,10,2020,Western,Western,1,20.2617,6.615,1244,Good,Very High,,,False,False,,,137.0,US,US,1,Overbrook Entertainment,27,71441.2319805947,332100166,0.1772428135950543,0.5351063829787234,0.029047561123950856,,,0.5224489795918368
278154,Ice Age: Collision Course,Ice Age: Collision Course,en,English,2016-06-23,2016,6,2010,Adventure|Animation|Family|Comedy|Science Fiction,Adventure,5,20.1784,6.1,4976,Mixed,Very High,105000000.0,408579038.0,True,True,303579038.0,2.891228933333333,95.0,US,US,1,Blue Sky Studios|20th Century Fox Animation,76,57976.628204291,324353340,0.17605623771402526,0.4255319148936169,0.11983943559177715,0.15938057860484442,0.13974696099567047,0.3510204081632653
893723,PAW Patrol: The Mighty Movie,PAW Patrol: The Mighty Movie,en,English,2023-09-21,2023,9,2020,Adventure|Animation|Comedy|Family|Science Fiction,Adventure,5,20.1578,6.932,593,Good,Very High,30000000.0,202231360.0,True,True,172231360.0,5.741045333333333,88.0,CA,CA|FR|US,1,Nickelodeon Movies|Spin Master|Paramount Pictures,21,54847.5370112652,40049088,0.17576279878066156,0.6025531914893617,0.013210071767424888,0.04553721167700644,0.069169523777623,0.3224489795918367
12219,12 Angry Men,12 Angry Men,en,English,1997-08-17,1997,8,1990,Drama|TV Movie,Drama,2,20.1517,7.698,470,Good,Very High,1750000.0,2000000.0,True,True,250000.0,0.14285714285714285,117.0,US,US,1,MGM Television,34,31459.1299691554,272657000,0.1756759066693257,0.765531914893617,0.010217735068726433,0.002656210134187465,0.0006840609100240731,0.44081632653061226
141052,Justice League,Justice League,en,English,2017-11-15,2017,11,2010,Action|Adventure|Science Fiction,Action,3,20.1114,6.1,13933,Mixed,Very High,300000000.0,661326987.0,True,True,361326987.0,1.20442329,120.0,US,US,1,Cruel & Unusual Films|Atlas Entertainment|Warner Bros. Pictures|RatPac Entertainment|DC Films,53,60047.7190728307,326608609,0.17510184895017236,0.4255319148936169,0.33774479990268824,0.4553733326172231,0.22619475956279447,0.4530612244897959
508442,Soul,Soul,en,English,2020-12-25,2020,12,2020,Animation|Family|Drama|Music|Fantasy,Animation,5,20.095,8.088,11726,Excellent,Very High,150000000.0,121977511.0,True,True,-28022489.0,-0.18681659333333334,101.0,US,US,1,Pixar,85,64465.2971415748,331578104,0.17486823737215465,0.8485106382978721,0.2840530349105948,0.2276865987615472,0.041720167214937764,0.37551020408163266
76338,Thor: The Dark World,Thor: The Dark World,en,English,2013-10-30,2013,10,2010,Action|Adventure|Fantasy,Action,3,20.0839,6.507,18716,Good,Very High,170000000.0,644783140.0,True,True,474783140.0,2.792842,112.0,US,US,1,Marvel Studios,65,53297.3862901595,316726282,0.17471012221874022,0.5121276595744679,0.4541053399829704,0.258044829942304,0.22053624024091734,0.4204081632653061
746036,The Fall Guy,The Fall Guy,en,English,2024-04-24,2024,4,2020,Action|Comedy|Romance,Action,3,20.0764,6.952,4040,Good,Very High,125000000.0,181073291.0,True,True,56073291.0,0.448586328,127.0,US,US|AU,1,87North Productions|Entertainment 360|Universal Pictures,36,86169.6641581917,340003797,0.17460328765562236,0.6068085106382978,0.0970684831529011,0.1897388097856012,0.061932794481824406,0.4816326530612245
18,The Fifth Element,Le Cinquième Élément,fr,French,1997-05-02,1997,5,1990,Science Fiction|Action|Adventure,Science Fiction,3,20.023,7.591,12139,Good,Very High,90000000.0,263920180.0,True,True,173920180.0,1.9324464444444445,126.0,FR,FR,3,Gaumont,28,24169.4008102822,59968066,0.1738426255662232,0.7427659574468085,0.2941004743948425,0.13661190521927682,0.0902690527997302,0.4775510204081633
57158,The Hobbit: The Desolation of Smaug,The Hobbit: The Desolation of Smaug,en,English,2013-12-11,2013,12,2010,Fantasy|Adventure|Action,Fantasy,3,20.0039,7.579,14571,Good,Very High,250000000.0,958400000.0,True,True,708400000.0,2.8336,161.0,NZ,NZ|US,1,New Line Cinema|Metro-Goldwyn-Mayer|WingNut Films,32,42984.9571801167,4442100,0.17357055354548306,0.7402127659574467,0.35326602603089646,0.3794777546653312,0.3278031330002881,0.6204081632653061
337167,Fifty Shades Freed,Fifty Shades Freed,en,English,2018-01-17,2018,1,2010,Drama|Romance,Drama,2,19.9531,6.668,8430,Good,Very High,55000000.0,371985018.0,True,True,316985018.0,5.763363963636364,105.0,US,US,1,Universal Pictures|Michael De Luca Productions|Perfect World Pictures,53,62875.6661382728,328529577,0.17284692743796473,0.5463829787234042,0.20386814256173216,0.08348500065295243,0.127230647877255,0.39183673469387753
629,The Usual Suspects,The Usual Suspects,en,English,1995-07-19,1995,7,1990,Drama|Crime|Thriller,Drama,3,19.8557,8.164,11733,Excellent,Very High,6000000.0,23300000.0,True,True,17300000.0,2.8833333333333333,106.0,US,US,4,Bad Hat Harry Productions|Blue Parrot Productions,67,28690.8757013347,266278000,0.1714595025782741,0.8646808510638296,0.2842233304950736,0.009107334260098283,0.007969335100240118,0.39591836734693875
324552,John Wick: Chapter 2,John Wick: Chapter 2,en,English,2017-02-08,2017,2,2010,Action|Thriller|Crime,Action,3,19.8522,7.345,14607,Good,Very High,40000000.0,171539887.0,True,True,131539887.0,3.288497175,122.0,US,US,4,Thunder Road|87Eleven|Summit Entertainment,44,60047.7190728307,326608609,0.17140964644881915,0.6904255319148935,0.35414183189393017,0.06071632726738483,0.05867206856135011,0.46122448979591835
19384,Dark Angel,Dark Angel,en,English,1990-01-26,1990,1,1990,Action|Thriller|Science Fiction,Action,3,19.8499,6.167,399,Mixed,Very High,7000000.0,9200000.0,True,True,2200000.0,0.3142857142857143,91.0,US,US,1,Vision International|Vision PDG|Epic Productions|Trans World Entertainment,49,23888.6000088133,249623000,0.171376883849463,0.43978723404255315,0.008490451283298868,0.010625245819136124,0.00314668880530837,0.3346938775510204
259316,Fantastic Beasts and Where to Find Them,Fantastic Beasts and Where to Find Them,en,English,2016-11-16,2016,11,2010,Fantasy|Adventure,Fantasy,2,19.838,7.308,19975,Good,Very High,180000000.0,809342332.0,True,True,629342332.0,3.4963462888888888,133.0,GB,GB|US,1,Heyday Films|Warner Bros. Pictures,58,41258.5374285695,65606000,0.171207373009316,0.6825531914893616,0.4847342172485099,0.27322394553268237,0.2768206925526735,0.5061224489795918
423108,The Conjuring: The Devil Made Me Do It,The Conjuring: The Devil Made Me Do It,en,English,2021-05-25,2021,5,2020,Horror|Mystery|Thriller,Horror,3,19.7484,7.337,6704,Good,Very High,39000000.0,206444123.0,True,True,167444123.0,4.293439051282052,111.0,US,US,2,New Line Cinema|The Safran Company|Atomic Monster,55,71441.2319805947,332100166,0.16993105609526796,0.688723404255319,0.1618781170173945,0.05919841570834699,0.07061042206651488,0.4163265306122449
176,Saw,Saw,en,English,2004-10-01,2004,10,2000,Horror|Mystery|Crime,Horror,3,19.7197,7.427,10321,Good,Very High,1200000.0,104045735.0,True,True,102845735.0,85.70477916666667,103.0,US,US,1,Twisted Pictures,58,41724.6411982614,292805298,0.16952223583373693,0.7078723404255317,0.2498722783116409,0.0018213587767166532,0.03558693224416145,0.3836734693877551
1100782,Smile 2,Smile 2,en,English,2024-10-16,2024,10,2020,Horror|Mystery,Horror,2,19.7015,6.589,2328,Good,Very High,28000000.0,138128854.0,True,True,110128854.0,3.933173357142857,127.0,US,US,1,Paramount Pictures|Temple Hill Entertainment|Bad Feeling,50,86169.6641581917,340003797,0.16926298396057093,0.5295744680851064,0.055419048777520984,0.04250138855893076,0.047244437745230086,0.4816326530612245
102899,Ant-Man,Ant-Man,en,English,2015-07-14,2015,7,2010,Science Fiction|Adventure|Action,Science Fiction,3,19.6798,7.1,21235,Good,Very High,130000000.0,519311965.0,True,True,389311965.0,2.9947074230769233,117.0,US,US,1,Marvel Studios,62,56849.4697923159,321815121,0.16895387595794994,0.6382978723404253,0.5153874224546892,0.1973283675807904,0.17762112696187599,0.44081632653061226
82690,Wreck-It Ralph,Wreck-It Ralph,en,English,2012-11-01,2012,11,2010,Family|Animation|Comedy|Adventure,Family,4,19.6751,7.362,13316,Good,Very High,165000000.0,471222889.0,True,True,306222889.0,1.855896296969697,101.0,US,US,1,Walt Disney Animation Studios,114,51708.3940614082,314339099,0.16888692629839608,0.6940425531914893,0.3227344605279163,0.25045527214711477,0.16117314084853618,0.37551020408163266
184315,Hercules,Hercules,en,English,2014-07-23,2014,7,2010,Action|Adventure,Action,2,19.6612,5.806,4437,Mixed,Very High,100000000.0,244819862.0,True,True,144819862.0,1.44819862,98.0,US,US,1,Radical Studios|Flynn Picture Company|Metro-Goldwyn-Mayer|RatPac Entertainment,21,55153.3940182967,319257560,0.16868892624141765,0.3629787234042553,0.10672667558691157,0.1517910208096552,0.08373613947811899,0.363265306122449
62177,Brave,Brave,en,English,2012-06-21,2012,6,2010,Adventure|Animation|Family|Fantasy,Adventure,4,19.6183,7.035,14434,Good,Very High,185000000.0,538983207.0,True,True,353983207.0,1.9134227405405406,93.0,US,US,1,Pixar,94,51708.3940614082,314339099,0.1680778325403835,0.624468085106383,0.3499330981632405,0.2808135033278716,0.18434931436244378,0.34285714285714286
359724,Ford v Ferrari,Ford v Ferrari,en,English,2019-11-13,2019,11,2010,Drama|History|Action,Drama,3,19.6072,8.007,9286,Excellent,Very High,97600000.0,225508210.0,True,True,127908210.0,1.3105349385245901,153.0,US,US,4,20th Century Fox|TSG Entertainment|Chernin Entertainment|Turnpike Films,57,65227.9565911038,330226227,0.16791971738696904,0.8312765957446807,0.2246928597494222,0.1481480330679644,0.07713094323933804,0.5877551020408164
72190,World War Z,World War Z,en,English,2013-06-19,2013,6,2010,Action|Horror|Science Fiction,Action,3,19.583,6.851,17034,Good,Very High,200000000.0,531865000.0,True,True,331865000.0,1.659325,116.0,US,US,1,GK Films|Paramount Pictures|Hemisphere Media Capital|2DUX²|Skydance Media|Plan B Entertainment,72,53297.3862901595,316726282,0.16757499786330873,0.5853191489361701,0.4131857438267851,0.3035821767134392,0.18191466226208156,0.43673469387755104
49521,Man of Steel,Man of Steel,en,English,2013-06-12,2013,6,2010,Action|Adventure|Science Fiction,Action,3,19.5737,6.66,16595,Good,Very High,225000000.0,668045518.0,True,True,443045518.0,1.969091191111111,143.0,GB,GB|US,1,Syncopy|Peters Entertainment|Warner Bros. Pictures|DC,60,43607.6636827371,64138000,0.1674425230050426,0.5446808510638298,0.40250577788590197,0.34152996568938515,0.22849270982056286,0.5469387755102041
76492,Hotel Transylvania,Hotel Transylvania,en,English,2012-09-20,2012,9,2010,Animation|Comedy|Family|Fantasy,Animation,4,19.5701,6.97,9356,Good,Very High,85000000.0,358375603.0,True,True,273375603.0,3.2161835647058825,91.0,US,US,1,Columbia Pictures|Sony Pictures Animation,68,51708.3940614082,314339099,0.16739124241474604,0.6106382978723404,0.22639581559420996,0.1290223474240876,0.12257579718037992,0.3346938775510204
810,Shrek the Third,Shrek the Third,en,English,2007-05-17,2007,5,2000,Fantasy|Adventure|Animation|Comedy|Family,Fantasy,5,19.5458,6.314,9986,Mixed,Very High,160000000.0,808310187.0,True,True,648310187.0,4.05193866875,93.0,US,US,1,DreamWorks Animation|Pacific Data Images,54,48050.227412195,301231207,0.16704509843024418,0.47106382978723405,0.2417224181972996,0.24286571435192558,0.2764676662930932,0.34285714285714286
49519,The Croods,The Croods,en,English,2013-03-15,2013,3,2010,Animation|Adventure|Family|Comedy,Animation,4,19.5345,6.946,7702,Good,Very High,135000000.0,587204668.0,True,True,452204668.0,3.3496642074074074,99.0,US,US,1,DreamWorks Animation,67,53297.3862901595,316726282,0.16688413435514662,0.6055319148936169,0.18615740177593967,0.2049179253759796,0.20084258033604985,0.3673469387755102
698687,Transformers One,Transformers One,en,English,2024-09-11,2024,9,2020,Animation|Science Fiction|Adventure|Family,Animation,4,19.5229,8.0,1764,Good,Very High,75000000.0,129408392.0,True,True,54408392.0,0.7254452266666667,104.0,US,US,1,Paramount Animation|di Bonaventura Pictures|DeSanto/Murphy Productions|Bay Films|New Republic Pictures|Hasbro Entertainment,28,86169.6641581917,340003797,0.1667188968975243,0.8297872340425531,0.04169809025665978,0.11384323183370922,0.044261763720095826,0.3877551020408163
438695,Sing 2,Sing 2,en,English,2021-12-01,2021,12,2020,Animation|Comedy|Family|Music,Animation,4,19.5182,7.832,4901,Good,Very High,85000000.0,408402685.0,True,True,323402685.0,3.8047374705882353,110.0,US,US,1,Illumination,84,71441.2319805947,332100166,0.16665194723797044,0.7940425531914892,0.11801484004379029,0.1290223474240876,0.13968664268772366,0.4122448979591837
855,Black Hawk Down,Black Hawk Down,en,English,2001-12-28,2001,12,2000,Action|War|History,Action,3,19.5181,7.399,6582,Good,Very High,92000000.0,172989651.0,True,True,80989651.0,0.8803222934782609,145.0,GB,GB|US,2,Jerry Bruckheimer Films|Revolution Studios|Scott Free Productions,40,28013.8729635508,59119673,0.16665052277712888,0.7019148936170212,0.15891010825933585,0.1396477283373525,0.0591679337374583,0.5551020408163265
299537,Captain Marvel,Captain Marvel,en,English,2019-03-06,2019,3,2010,Action|Adventure|Science Fiction,Action,3,19.3831,6.771,17139,Good,Very High,152000000.0,1131416446.0,True,True,979416446.0,6.44352925,124.0,US,US,1,Marvel Studios,53,65227.9565911038,330226227,0.16472750064100738,0.5682978723404255,0.4157401775939667,0.23072242187962286,0.3869802338700867,0.46938775510204084
260513,Incredibles 2,Incredibles 2,en,English,2018-06-14,2018,6,2010,Action|Adventure|Animation|Family,Action,4,19.3319,7.453,13933,Good,Very High,200000000.0,1243225667.0,True,True,1043225667.0,5.216128335,118.0,US,US,1,Pixar,26,62875.6661382728,328529577,0.16399817669012282,0.7134042553191489,0.33774479990268824,0.3035821767134392,0.42522252645128206,0.4448979591836735
1011985,Kung Fu Panda 4,Kung Fu Panda 4,en,English,2024-03-02,2024,3,2020,Animation|Comedy|Adventure|Action|Family,Animation,5,19.2919,6.998,3679,Good,Very High,80000000.0,548040835.0,True,True,468040835.0,5.8505104375,94.0,US,US,1,DreamWorks Animation,52,86169.6641581917,340003797,0.16342839235349418,0.6165957446808511,0.08828609658192434,0.12143278962889842,0.18744730983159769,0.3469387755102041
181812,Star Wars: The Rise of Skywalker,Star Wars: The Rise of Skywalker,en,English,2019-12-18,2019,12,2010,Adventure|Action|Science Fiction,Adventure,3,19.268,6.248,11141,Mixed,Very High,489900000.0,1074144248.0,True,True,584244248.0,1.192578583384364,142.0,US,US,1,Lucasfilm Ltd.|Bad Robot,32,65227.9565911038,330226227,0.16308794621235864,0.4570212765957447,0.2698211896362973,0.7436247376785089,0.36739132936744145,0.5428571428571428
2109,Rush Hour,Rush Hour,en,English,1998-09-18,1998,9,1990,Action|Comedy|Crime,Action,3,19.2554,7.085,5905,Good,Very High,33000000.0,244721064.0,True,True,211721064.0,6.4157898181818185,97.0,US,US|HK,3,New Line Cinema|Arthur Sarkissian Productions|Roger Birnbaum Productions|Salon Films,55,32853.6725949234,275854000,0.16290846414632065,0.6351063829787233,0.14244009244617442,0.05009094635411995,0.08370234743495256,0.35918367346938773
87101,Terminator Genisys,Terminator Genisys,en,English,2015-06-23,2015,6,2010,Science Fiction|Action|Thriller,Science Fiction,3,19.1652,5.96,9164,Mixed,Very High,155000000.0,440603537.0,True,True,285603537.0,1.842603464516129,126.0,US,US,1,Paramount Pictures|Skydance Media,55,56849.4697923159,321815121,0.16162360046722316,0.3957446808510638,0.22172485099136358,0.2352761565567364,0.15070035329704604,0.4775510204081633
73723,The Lorax,The Lorax,en,English,2012-03-01,2012,3,2010,Animation|Family,Animation,2,19.1636,6.538,3979,Good,Very High,70000000.0,349305397.0,True,True,279305397.0,3.9900771,86.0,US,US|JP,1,Illumination|dentsu,44,51708.3940614082,314339099,0.161600809093758,0.5187234042553192,0.09558447877387179,0.10625367403852003,0.11947349963710562,0.3142857142857143
500,Reservoir Dogs,Reservoir Dogs,en,English,1992-09-02,1992,9,1990,Crime|Thriller,Crime,2,19.1455,8.111,15813,Excellent,Very High,1200000.0,2859750.0,True,True,1659750.0,1.383125,99.0,US,US,1,Live Entertainment|Dog Eat Dog Productions,44,25418.9907763319,256514000,0.16134298168143357,0.853404255319149,0.3834813283055589,0.0018213587767166532,0.0009781226229366668,0.3673469387755102
22881,The Blind Side,The Blind Side,en,English,2009-11-20,2009,11,2000,Drama,Drama,1,19.0648,7.662,6989,Good,Very High,29000000.0,309231694.0,True,True,280231694.0,9.663161862068966,129.0,US,US,1,Alcon Entertainment|Netter Productions,33,47194.9500893872,306771529,0.16019344178228545,0.7578723404255318,0.16881158009974456,0.0440193001179686,0.10576702479333645,0.4897959183673469
398818,Call Me by Your Name,Call Me by Your Name,en,English,2017-10-01,2017,10,2010,Romance|Drama,Romance,2,19.0492,8.08,12950,Excellent,Very High,3500000.0,43143046.0,True,True,39643046.0,11.32658457142857,132.0,BR,BR|FR|IT|US,3,La Cinéfacture|Frenesy Film|M.Y.R.A. Entertainment|RT Features|Water's End Productions,46,10080.5092819305,204703445,0.15997122589100027,0.8468085106382978,0.3138304342537404,0.005312555362503684,0.014756284906769212,0.5020408163265306
718930,Bullet Train,Bullet Train,en,English,2022-08-03,2022,8,2020,Action|Comedy|Thriller,Action,3,19.0458,7.408,7907,Good,Very High,90000000.0,239268602.0,True,True,149268602.0,1.6585400222222222,126.0,US,US,4,87North Productions|Columbia Pictures,51,78008.6895811877,333996304,0.15992279422238684,0.7038297872340425,0.19114462960710377,0.13661190521927682,0.08183743284895567,0.4775510204081633
792307,Poor Things,Poor Things,en,English,2023-12-07,2023,12,2020,Science Fiction|Romance|Comedy,Science Fiction,3,18.982,7.63,5739,Good,Very High,35000000.0,117607117.0,True,True,82607117.0,2.360203342857143,141.0,IE,IE|GB|US,3,Searchlight Pictures|Film4 Productions|TSG Entertainment|Element Pictures|Limp|Fruit Tree,42,106818.917130804,5311538,0.15901398820546422,0.751063829787234,0.1384016542999635,0.053126769472195634,0.040225354134690104,0.5387755102040817
140607,Star Wars: The Force Awakens,Star Wars: The Force Awakens,en,English,2015-12-15,2015,12,2010,Adventure|Action|Science Fiction,Adventure,3,18.9428,7.241,20904,Good,Very High,245000000.0,2068223624.0,True,True,1823223624.0,7.44172907755102,136.0,US,US,1,Lucasfilm Ltd.|Bad Robot,26,56849.4697923159,321815121,0.1584555995555682,0.6682978723404254,0.5073348741029072,0.37188819687014196,0.7073979406819424,0.5183673469387755
373571,Godzilla: King of the Monsters,Godzilla: King of the Monsters,en,English,2019-05-29,2019,5,2010,Science Fiction|Action,Science Fiction,2,18.856,6.685,6896,Good,Very High,170000000.0,387300138.0,True,True,217300138.0,1.278236105882353,132.0,CN,CN|JP|US,3,Legendary Pictures|Huahua Media|TOHO,61,10342.9009524335,1407745000,0.15721916754508422,0.5499999999999998,0.16654908162024085,0.258044829942304,0.1324689036733142,0.5020408163265306
10997,Farewell My Concubine,霸王别姬,zh,Mandarin,1993-01-01,1993,1,1990,Drama,Drama,1,18.8546,7.9,708,Good,Very High,4000000.0,6400000.0,True,True,2400000.0,0.6,171.0,CN,CN|HK,1,"Beijing Film Studio|China Film Co-Production|Tomson (Hong Kong) Films Co., Ltd.",23,378.939353053314,1178440000,0.15719922509330223,0.8085106382978723,0.016007784941004743,0.0060715111420226045,0.002189000179364477,0.6612244897959184
1359,American Psycho,American Psycho,en,English,2000-04-13,2000,4,2000,Thriller|Drama|Crime,Thriller,3,18.8504,7.401,12718,Good,Very High,7000000.0,34269748.0,True,True,27269748.0,3.8956782857142858,102.0,CA,CA|US,3,Lionsgate|Pressman Film|Muse Productions|Christian Halsey Solomon Productions,26,24271.0020563821,30685730,0.1571393977379562,0.7023404255319148,0.30818635202530104,0.010625245819136124,0.011721336132051107,0.3795918367346939
273248,The Hateful Eight,The Hateful Eight,en,English,2015-12-25,2015,12,2010,Drama|Mystery|Western,Drama,3,18.8253,7.756,15601,Good,Very High,44000000.0,155760117.0,True,True,111760117.0,2.5400026590909093,188.0,US,US,2,The Weinstein Company|Double Feature Films|FilmColony,19,56849.4697923159,321815121,0.15678185806672174,0.7778723404255319,0.37832380488991607,0.06678797350353619,0.05327488775813202,0.7306122448979592
414419,Kill Bill: The Whole Bloody Affair,Kill Bill: The Whole Bloody Affair,en,English,2011-03-27,2011,3,2010,Action|Crime|Drama|Thriller,Action,4,18.7932,8.119,1418,Excellent,Very High,60000000.0,12338649.0,True,True,-47661351.0,-0.79435585,254.0,US,US,5,Miramax|A Band Apart|Super Cool ManChu,79,50024.8812320773,311839461,0.1563246061365773,0.8551063829787232,0.03328062279528038,0.09107455844814162,0.004220206108212003,1.0
1156593,Your Fault,Culpa tuya,es,Spanish,2024-12-26,2024,12,2020,Drama|Romance,Drama,2,18.7776,7.092,1626,Good,Very High,,,False,False,,,117.0,ES,ES|US,1,Pokeepsie Films|Amazon MGM Studios,44,35326.7683069278,48848840,0.15610239024529216,0.6365957446808509,0.03834083444836395,,,0.44081632653061226
135397,Jurassic World,Jurassic World,en,English,2015-06-06,2015,6,2010,Adventure|Science Fiction|Thriller|Action,Adventure,4,18.7626,6.702,21903,Good,Very High,150000000.0,1671537444.0,True,True,1521537444.0,10.14358296,124.0,US,US,1,Amblin Entertainment|Universal Pictures|Legendary Pictures,26,56849.4697923159,321815121,0.15588872111905644,0.5536170212765957,0.5316384868020922,0.2276865987615472,0.5717187111622525,0.46938775510204084
1791,The Piano Teacher,La Pianiste,fr,French,2001-09-05,2001,9,2000,Drama|Romance,Drama,2,18.7604,7.3,1340,Good,Very High,6200000.0,6766708.0,True,True,566708.0,0.09140451612903226,131.0,FR,FR|AT|DE,2,Wega Film|Les Films Alain Sarde|ARTE France Cinéma|Bavaria Film International|OFI|mk2 Films,21,22331.7948343036,61364377,0.1558573829805419,0.6808510638297871,0.03138304342537404,0.009410916571905851,0.0023144259224511313,0.49795918367346936
49444,Kung Fu Panda 2,Kung Fu Panda 2,en,English,2011-05-25,2011,5,2010,Animation|Family|Comedy|Action,Animation,4,18.7397,7.085,8125,Good,Very High,150000000.0,665692281.0,True,True,515692281.0,3.43794854,91.0,US,US,1,DreamWorks Animation,83,50024.8812320773,311839461,0.15556251958633657,0.6351063829787233,0.19644812066658557,0.2276865987615472,0.2276878282816163,0.3346938775510204
91586,Insidious: Chapter 2,Insidious: Chapter 2,en,English,2013-09-12,2013,9,2010,Horror|Thriller,Horror,2,18.6776,6.7,4750,Good,Very High,5000000.0,161921515.0,True,True,156921515.0,31.384303,106.0,US,US,1,Blumhouse Productions|Stage 6 Films|Entertainment One|FilmDistrict,21,53297.3862901595,316726282,0.15467792940372074,0.5531914893617021,0.11434132100717674,0.007589422701060444,0.05538228089545825,0.39591836734693875
615,The Passion of the Christ,The Passion of the Christ,en,English,2004-02-25,2004,2,2000,Drama,Drama,1,18.6623,7.538,5337,Good,Very High,30000000.0,610063468.0,True,True,580063468.0,19.335448933333332,127.0,US,US,2,Icon Productions,13,41724.6411982614,292805298,0.15445998689496024,0.7314893617021276,0.12862182216275392,0.04553721167700644,0.20866101346559496,0.4816326530612245
809,Shrek 2,Shrek 2,en,English,2004-05-19,2004,5,2000,Animation|Comedy|Family|Fantasy|Romance,Animation,5,18.6273,7.329,13761,Good,Very High,150000000.0,932542741.0,True,True,782542741.0,5.216951606666667,92.0,US,US,1,DreamWorks Animation|Pacific Data Images,48,41724.6411982614,292805298,0.1539614256004103,0.6870212765957445,0.3335603941126384,0.2276865987615472,0.3189591319851505,0.33877551020408164
2251,Unfaithful,Unfaithful,en,English,2002-05-10,2002,5,2000,Thriller|Drama|Romance,Thriller,3,18.6233,6.726,1796,Good,Very High,50000000.0,119137784.0,True,True,69137784.0,1.38275568,124.0,US,US|CH|DE,2,Fox 2000 Pictures|Regency Enterprises|Epsilon Motion Pictures|Unfaithful Filmproduktion,17,37997.7424300242,287625193,0.1539044471667474,0.5587234042553191,0.04247658435713417,0.07589544285776323,0.040748890697549986,0.46938775510204084
320288,Dark Phoenix,Dark Phoenix,en,English,2019-06-05,2019,6,2010,Science Fiction|Action|Adventure,Science Fiction,3,18.6185,5.958,7295,Mixed,Very High,200000000.0,252442974.0,True,True,52442974.0,0.26221487,114.0,US,US,3,Genre Films|Hutch Parker Entertainment|20th Century Fox|TSG Entertainment|Marvel Entertainment,82,65227.9565911038,330226227,0.153836073046352,0.39531914893617026,0.17625592993553096,0.3035821767134392,0.08634348506979628,0.42857142857142855
6977,No Country for Old Men,No Country for Old Men,en,English,2007-11-09,2007,11,2000,Crime|Thriller|Western,Crime,3,18.6177,7.95,13759,Good,Very High,25000000.0,171627166.0,True,True,146627166.0,5.86508664,122.0,US,US,2,Miramax|Paramount Vantage|Scott Rudin Productions|Mike Zoss Productions,52,48050.227412195,301231207,0.15382467735961938,0.8191489361702127,0.3335117382313587,0.037947653881817235,0.05870192074191574,0.46122448979591835
170,28 Days Later,28 Days Later,en,English,2002-10-31,2002,10,2000,Horror|Thriller|Science Fiction,Horror,3,18.579,7.246,8865,Good,Very High,8000000.0,82784517.0,True,True,74784517.0,9.348064625,113.0,GB,GB,2,DNA Films,53,30158.7017807858,59370479,0.15327341101393124,0.6693617021276596,0.21445079674005596,0.012143157378173963,0.02831492272547803,0.42448979591836733
744275,After We Fell,After We Fell,en,English,2021-09-01,2021,9,2020,Drama|Romance,Drama,2,18.5716,7.0,2780,Good,Very High,14000000.0,21753705.0,True,True,7753705.0,0.5538360714285714,99.0,FR,FR|US|BG,3,Voltage Pictures|Wattpad|Vertical|Ethea Entertainment|CalMaple Films,65,43725.0999521245,67842811,0.15316800091165494,0.6170212765957446,0.0664152779467218,0.021250626732401,0.007440453266720863,0.3673469387755102
36557,Casino Royale,Casino Royale,en,English,2006-11-14,2006,11,2000,Adventure|Action|Thriller,Adventure,3,18.567,7.6,11998,Good,Very High,150000000.0,599045960.0,True,True,449045960.0,2.9936397333333336,144.0,GB,GB|US,2,Metro-Goldwyn-Mayer|Columbia Pictures|EON Productions|Casino Royale Productions,75,44695.161023424,60846820,0.15310247571294266,0.7446808510638296,0.29067023476462717,0.2276865987615472,0.20489267700207858,0.5510204081632653
812,Aladdin,Aladdin,en,English,1992-11-25,1992,11,1990,Animation|Family|Adventure|Fantasy|Romance,Animation,5,18.5563,7.658,12252,Good,Very High,28000000.0,504050219.0,True,True,476050219.0,17.001793535714285,91.0,US,US,1,Walt Disney Feature Animation,39,25418.9907763319,256514000,0.15295005840289452,0.7570212765957447,0.2968495316871427,0.04250138855893076,0.17240112676321717,0.3346938775510204
27,9 Songs,9 Songs,en,English,2004-07-16,2004,7,2000,Drama|Music|Romance,Drama,3,18.5158,5.531,602,Mixed,Very High,1000000.0,1574623.0,True,True,574623.0,0.574623,70.0,GB,GB,1,Revolution Films,69,40504.4118103928,59987905,0.15237315176205807,0.3044680851063829,0.013429023233183311,0.0015177764649090852,0.0005385685119390247,0.24897959183673468
10494,Perfect Blue,PERFECT BLUE,ja,Japanese,1998-02-28,1998,2,1990,Animation|Thriller,Animation,2,18.4749,8.306,3350,Excellent,Very High,830442.0,2743097.0,True,True,1912655.0,2.3031771032775317,81.0,JP,JP,1,Madhouse|Rex Entertainment|Kotobuki Seihan Printing|Asahi Broadcasting Corporation|Fangs|ONIRO,54,32835.1192750829,126400000,0.15179054727785538,0.8948936170212763,0.08028220411142196,0.0012604024167817472,0.0009382236046215836,0.2938775510204082
381284,Hidden Figures,Hidden Figures,en,English,2016-12-10,2016,12,2010,Drama|History,Drama,2,18.445,8.0,10657,Good,Very High,25000000.0,235957472.0,True,True,210957472.0,8.43829888,127.0,US,US,1,Fox 2000 Pictures|Levantine Films|Chernin Entertainment,56,57976.628204291,324353340,0.15136463348622547,0.8297872340425531,0.25804646636662204,0.037947653881817235,0.08070492158466223,0.4816326530612245
11770,Shaolin Soccer,少林足球,cn,Cantonese,2001-07-05,2001,7,2000,Action|Comedy,Action,2,18.4182,7.216,2653,Good,Very High,10000005.0,42776760.0,True,True,32776755.0,3.2776738611630694,113.0,HK,HK|CN,2,Star Overseas|Universe Entertainment,22,25230.3780910304,6714300,0.1509828779806843,0.6629787234042552,0.06332562948546405,0.015178988085807437,0.014631003501039753,0.42448979591836733
61791,Rise of the Planet of the Apes,Rise of the Planet of the Apes,en,English,2011-08-03,2011,8,2010,Thriller|Action|Drama|Science Fiction,Thriller,4,18.3836,7.353,13067,Good,Very High,93000000.0,481800873.0,True,True,388800873.0,4.180654548387097,105.0,GB,GB|US,1,Dune Entertainment|Chernin Entertainment|Ingenious Media|Big Screen Productions|20th Century Fox,38,42295.9273835322,63258810,0.15049001452950062,0.692127659574468,0.31667680330859993,0.14116563989639033,0.16479114619218493,0.39183673469387753
713704,Evil Dead Rise,Evil Dead Rise,en,English,2023-04-12,2023,4,2020,Horror|Thriller,Horror,2,18.368,6.964,3981,Good,Very High,15000000.0,147256372.0,True,True,132256372.0,8.817091466666668,96.0,NZ,NZ|IE|US,1,Pacific Renaissance Pictures|Wild Atlantic Pictures|New Line Cinema|Renaissance Pictures,33,49302.341876493,5200000,0.15026779863821543,0.6093617021276596,0.09563313465515144,0.02276853829143884,0.05036633780655086,0.3551020408163265
333339,Ready Player One,Ready Player One,en,English,2018-03-28,2018,3,2010,Adventure|Action|Science Fiction,Adventure,3,18.3558,7.587,17353,Good,Very High,175000000.0,607274134.0,True,True,432274134.0,2.4701379085714286,140.0,US,US,1,Amblin Entertainment|Warner Bros. Pictures|Village Roadshow Pictures|De Line Pictures|Dune Entertainment,20,62875.6661382728,328529577,0.1500940144155437,0.7419148936170211,0.42094635689088916,0.2656343877374932,0.2077069729492526,0.5346938775510204
615453,Ne Zha,哪吒之魔童降世,zh,Mandarin,2019-07-26,2019,7,2010,Animation|Fantasy|Adventure,Animation,3,18.3552,7.904,958,Good,Very High,22000000.0,742718496.0,True,True,720718496.0,32.75993163636364,110.0,CN,CN,1,Beijing Enlight Pictures|Horgos Coloroom Pictures|October Media|Chengdu Coco Cartoon,44,10342.9009524335,1407745000,0.1500854676504943,0.8093617021276595,0.022089770100960953,0.03339391920470372,0.2540332318548338,0.4122448979591837
447332,A Quiet Place,A Quiet Place,en,English,2018-04-03,2018,4,2010,Horror|Drama|Science Fiction,Horror,3,18.3517,7.395,15708,Good,Very High,17000000.0,340955294.0,True,True,323955294.0,19.05619376470588,91.0,US,US,1,Paramount Pictures|Platinum Dunes|Sunday Night Productions,16,62875.6661382728,328529577,0.1500356115210393,0.7010638297872339,0.3809268945383773,0.02580436140951452,0.11661750011261991,0.3346938775510204
629542,The Bad Guys,The Bad Guys,en,English,2022-03-17,2022,3,2020,Action|Adventure|Animation|Comedy|Crime|Family,Action,6,18.2906,7.513,2676,Good,Very High,80000000.0,250162278.0,True,True,170162278.0,2.127028475,100.0,US,US,1,DreamWorks Animation,33,78008.6895811877,333996304,0.14916526594683915,0.7261702127659574,0.06388517212018002,0.12143278962889842,0.08556341484892636,0.37142857142857144
281957,The Revenant,The Revenant,en,English,2015-12-25,2015,12,2010,Western|Drama|Adventure,Western,3,18.242,7.5,19697,Good,Very High,135000000.0,532950503.0,True,True,397950503.0,2.9477815037037036,157.0,CA,CA|HK|TW|US,2,Monarchy Enterprises S.a.r.l.|Regency Enterprises|Appian Way|CatchPlay|Anonymous Content|New Regency Pictures|Hong Kong Alpha Motion Pictures Co.|M Productions|RatPac Entertainment,25,43594.2379080706,35704498,0.1484729779778354,0.7234042553191489,0.4779710497506386,0.2049179253759796,0.18228593864655585,0.6040816326530613
1417,Pan's Labyrinth,El laberinto del fauno,es,Spanish,2006-10-11,2006,10,2000,Fantasy|Drama|War,Fantasy,3,18.2365,7.768,11731,Good,Very High,19000000.0,83258226.0,True,True,64258226.0,3.3820118947368423,118.0,MX,MX|ES|US,1,Estudios Picasso|Esperanto Filmoj|Tequila Gang|Telecinco,66,9512.63575346699,107253666,0.14839463263154898,0.7804255319148935,0.2841746746137939,0.0288401845275902,0.028476946197373478,0.4448979591836735
68726,Pacific Rim,Pacific Rim,en,English,2013-07-11,2013,7,2010,Action|Science Fiction|Adventure,Action,3,18.2133,6.947,13798,Good,Very High,180000000.0,411000000.0,True,True,231000000.0,1.2833333333333334,131.0,US,US,4,Double Dare You|Legendary Pictures,61,53297.3862901595,316726282,0.1480641577163044,0.6057446808510638,0.33446052791631187,0.27322394553268237,0.14057500662825703,0.49795918367346936
417859,Puss in Boots,Puss in Boots,en,English,2011-10-27,2011,10,2010,Action|Adventure|Animation|Comedy|Family,Action,5,18.2008,6.6,4745,Good,Very High,130000000.0,554987477.0,True,True,424987477.0,3.2691344384615384,90.0,US,US,2,DreamWorks Animation,56,50024.8812320773,311839461,0.14788610011110798,0.5319148936170212,0.11421968130397762,0.1973283675807904,0.18982328127156345,0.3306122448979592
384018,Fast & Furious Presents: Hobbs & Shaw,Fast & Furious Presents: Hobbs & Shaw,en,English,2019-07-31,2019,7,2010,Action|Adventure|Comedy,Action,3,18.1958,6.8,7919,Good,Very High,200000000.0,760098996.0,True,True,560098996.0,2.80049498,137.0,US,US,3,Chris Morgan Productions|Seven Bucks Productions|Universal Pictures,43,65227.9565911038,330226227,0.14781487706902938,0.5744680851063829,0.19143656489478167,0.3035821767134392,0.2599779129845544,0.5224489795918368
119450,Dawn of the Planet of the Apes,Dawn of the Planet of the Apes,en,English,2014-07-08,2014,7,2010,Science Fiction|Action|Drama|Thriller,Science Fiction,4,18.1635,7.343,12494,Good,Very High,170000000.0,710644566.0,True,True,540644566.0,3.1802621529411765,130.0,GB,GB|US,1,TSG Entertainment|Chernin Entertainment|Ingenious Media|20th Century Fox,34,47746.9810645521,64619000,0.14735477621720178,0.69,0.3027368933219803,0.258044829942304,0.24306293258686212,0.49387755102040815
10674,Mulan,Mulan,en,English,1998-06-18,1998,6,1990,Animation|Family|Adventure,Animation,3,18.1447,7.902,10673,Good,Very High,90000000.0,304320254.0,True,True,214320254.0,2.3813361555555557,88.0,US,US,2,Walt Disney Feature Animation|Walt Disney Pictures,56,32853.6725949234,275854000,0.14708697757898637,0.8089361702127659,0.2584357134168593,0.13661190521927682,0.10408715685583435,0.3224489795918367
661539,A Complete Unknown,A Complete Unknown,en,English,2024-12-25,2024,12,2020,Drama|Music,Drama,2,18.1222,7.062,1560,Good,Very High,65000000.0,140508652.0,True,True,75508652.0,1.1616715692307693,141.0,US,US,1,Veritas Entertainment Group|Range Media Partners|The Picture Company|Turnpike Films|White Water|Searchlight Pictures|TSG Entertainment,40,86169.6641581917,340003797,0.1467664738896328,0.6302127659574468,0.036735190366135505,0.09866411624333082,0.04805840398688867,0.5387755102040817
8681,Taken,Taken,en,English,2008-02-18,2008,2,2000,Action|Thriller,Action,2,18.12,7.412,12385,Good,Very High,25000000.0,226830568.0,True,True,201830568.0,8.07322272,94.0,FR,FR|US,4,EuropaCorp|M6 Films|Grive Productions|Seaside Film Taken|All Pictures Media,92,45464.8181385158,64375116,0.14673513575111824,0.7046808510638297,0.3000851477922394,0.037947653881817235,0.07758323153077587,0.3469387755102041
441168,From Straight A's to XXX,From Straight A's to XXX,en,English,2017-02-11,2017,2,2010,Drama|TV Movie,Drama,2,18.0871,5.9,171,Mixed,Very High,,,False,False,,,87.0,CA,CA|NL|US,1,Sepia Films|Just Singer Entertainment|La Femme Erotic|Lifetime,118,45129.7335281051,36545075,0.1462664881342412,0.3829787234042554,0.0029436808174188056,,,0.3183673469387755
458156,John Wick: Chapter 3 - Parabellum,John Wick: Chapter 3 - Parabellum,en,English,2019-05-15,2019,5,2010,Action|Thriller|Crime,Action,3,18.0861,7.438,12065,Good,Very High,55000000.0,328349908.0,True,True,273349908.0,4.9699983272727275,131.0,US,US,8,Thunder Road|Lionsgate|87Eleven,52,65227.9565911038,330226227,0.14625224352582547,0.7102127659574466,0.29230020678749546,0.08348500065295243,0.11230605911339406,0.49795918367346936
489430,Terrified,Aterrados,es,Spanish,2018-05-03,2018,5,2010,Horror,Horror,1,18.0855,6.708,866,Good,Very High,,,False,False,,,88.0,AR,AR,1,Machaco Films|INCAA|Cine Argentino|Blood Window,21,11752.7998922979,44654882,0.14624369676077606,0.5548936170212766,0.019851599562097068,,,0.3224489795918367
568124,Encanto,Encanto,en,English,2021-10-13,2021,10,2020,Animation|Comedy|Family|Fantasy,Animation,4,18.0797,7.566,10395,Good,Very High,150000000.0,261292688.0,True,True,111292688.0,0.7419512533333333,102.0,US,US,2,Walt Disney Animation Studios,77,71441.2319805947,332100166,0.1461610780319649,0.7374468085106382,0.25167254591898797,0.2276865987615472,0.08937036737003072,0.3795918367346939
950,Ice Age: The Meltdown,Ice Age: The Meltdown,en,English,2006-03-29,2006,3,2000,Animation|Family|Comedy|Adventure,Animation,4,18.0563,6.7,10542,Good,Very High,80000000.0,660998756.0,True,True,580998756.0,7.26248445,91.0,US,US,1,20th Century Fox Animation|Blue Sky Studios|20th Century Fox,55,46301.9876485519,298379912,0.14582775419503718,0.5531914893617021,0.2552487531930422,0.12143278962889842,0.22608249417158655,0.3346938775510204
426063,Nosferatu,Nosferatu,en,English,2024-12-25,2024,12,2020,Horror|Fantasy,Horror,2,18.0328,6.714,3959,Good,Very High,50000000.0,181805645.0,True,True,131805645.0,2.6361129,133.0,US,US,5,Focus Features|Studio 8|Maiden Voyage Pictures|Birch Hill Road Entertainment,23,86169.6641581917,340003797,0.14549300589726794,0.5561702127659575,0.09509791996107529,0.07589544285776323,0.06218328273038316,0.5061224489795918
762509,Mufasa: The Lion King,Mufasa: The Lion King,en,English,2024-12-18,2024,12,2020,Adventure|Family|Animation,Adventure,3,18.0206,7.286,2767,Good,Very High,200000000.0,722631756.0,True,True,522631756.0,2.61315878,118.0,US,US,1,Walt Disney Pictures,36,86169.6641581917,340003797,0.1453192216745962,0.6778723404255318,0.06609901471840408,0.3035821767134392,0.24716293098687225,0.4448979591836735
8355,Ice Age: Dawn of the Dinosaurs,Ice Age: Dawn of the Dinosaurs,en,English,2009-06-26,2009,6,2000,Animation|Comedy|Family|Adventure,Animation,4,18.0058,6.8,9064,Good,Very High,90000000.0,886686817.0,True,True,796686817.0,8.852075744444445,94.0,US,US,1,Blue Sky Studios|20th Century Fox Animation|20th Century Fox,37,47194.9500893872,306771529,0.1451084014700436,0.5744680851063829,0.2192920569273811,0.13661190521927682,0.30327495453981207,0.3469387755102041
177677,Mission: Impossible - Rogue Nation,Mission: Impossible - Rogue Nation,en,English,2015-07-28,2015,7,2010,Action|Adventure,Action,2,18.0031,7.225,9937,Good,Very High,150000000.0,682716636.0,True,True,532716636.0,3.55144424,131.0,US,US|CN,3,Paramount Pictures|Bad Robot|Odin|Skydance Media|China Movie Channel|Alibaba Pictures Group,23,56849.4697923159,321815121,0.14506994102732118,0.6648936170212765,0.24053034910594817,0.2276865987615472,0.23351069654859166,0.49795918367346936
587424,Infection,Infección,es,Spanish,2019-08-11,2019,8,2010,Horror|Thriller,Horror,2,17.9809,6.731,199,Good,Very High,,,False,False,,,95.0,VE,VE,1,Luz Creativa Producciones|Desenlace Films,78,2523.11527549578,28938098,0.14475371072049228,0.5597872340425532,0.003624863155333901,,,0.3510204081632653
591,The Da Vinci Code,The Da Vinci Code,en,English,2006-05-17,2006,5,2000,Thriller|Mystery,Thriller,2,17.9666,6.735,10309,Good,Very High,125000000.0,760006945.0,True,True,635006945.0,5.08005556,149.0,US,US,4,Imagine Entertainment|Skylark Productions,50,46301.9876485519,298379912,0.1445500128201476,0.5606382978723404,0.249580343023963,0.1897388097856012,0.25994642862894485,0.5714285714285714
670,Oldboy,올드보이,ko,Korean,2003-11-21,2003,11,2000,Thriller|Mystery,Thriller,2,17.9609,8.2,10198,Excellent,Very High,3000000.0,17500000.0,True,True,14500000.0,4.833333333333333,120.0,KR,KR,1,Show East|Egg Film|Cineclick Asia,23,15211.5483770422,47892330,0.144468818552178,0.8723404255319146,0.24687994161294247,0.004553599582984765,0.005985551517927767,0.4530612244897959
999722,Old People,Old People,de,German,2022-10-07,2022,10,2020,Horror,Horror,1,17.9407,5.655,346,Mixed,Very High,,,False,False,,,101.0,DE,DE,1,,26,50506.5179638543,83177813,0.14418107746218056,0.3308510638297873,0.007201070429388152,,,0.37551020408163266
351286,Jurassic World: Fallen Kingdom,Jurassic World: Fallen Kingdom,en,English,2018-06-06,2018,6,2010,Adventure|Science Fiction|Thriller|Action,Adventure,4,17.9179,6.524,13001,Good,Very High,170000000.0,1310469037.0,True,True,1140469037.0,6.708641394117647,129.0,US,US,2,Amblin Entertainment|Universal Pictures,36,62875.6661382728,328529577,0.14385630039030228,0.5157446808510638,0.31507115922637147,0.258044829942304,0.44822188738668806,0.4897959183673469
12155,Alice in Wonderland,Alice in Wonderland,en,English,2010-03-03,2010,3,2010,Family|Fantasy|Adventure,Family,3,17.9163,6.643,15048,Good,Very High,200000000.0,1025467110.0,True,True,825467110.0,4.12733555,108.0,US,US,1,Walt Disney Pictures|Roth Films|Team Todd|The Zanuck Company,26,48642.6312088213,309378227,0.14383350901683714,0.541063829787234,0.36487045371609295,0.3035821767134392,0.350742207436691,0.40408163265306124
436270,Black Adam,Black Adam,en,English,2022-10-19,2022,10,2020,Action|Adventure|Science Fiction,Action,3,17.8579,6.768,7249,Good,Very High,200000000.0,393452111.0,True,True,193452111.0,0.967260555,125.0,US,US,1,New Line Cinema|Flynn Picture Company|DC Films|Seven Bucks Productions|Warner Bros. Pictures,38,78008.6895811877,333996304,0.14300162388535942,0.567659574468085,0.17513684466609902,0.3035821767134392,0.1345730731623192,0.47346938775510206
530385,Midsommar,Midsommar,en,English,2019-07-03,2019,7,2010,Horror|Drama|Mystery,Horror,3,17.8392,7.144,8408,Good,Very High,9000000.0,48498408.0,True,True,39498408.0,4.388712,147.0,SE,SE|US,2,B-Reel Films|Square Peg,59,51648.9892820514,10278887,0.14273524970798557,0.6476595744680851,0.203332927867656,0.013661068937211803,0.016587988219344978,0.563265306122449
2048,"I, Robot","I, Robot",en,English,2004-07-15,2004,7,2000,Action|Science Fiction,Action,2,17.8223,6.97,12983,Good,Very High,120000000.0,347234916.0,True,True,227234916.0,1.8936243,115.0,US,US|DE|CA,1,Davis Entertainment|Laurence Mark Productions|Canlaws Productions|20th Century Fox|Overbrook Entertainment|Mediastream Vierte Film,43,41724.6411982614,292805298,0.14249451582575995,0.6106382978723404,0.3146332562948546,0.18214925199041201,0.1187653295999867,0.4326530612244898
609681,The Marvels,The Marvels,en,English,2023-11-08,2023,11,2020,Science Fiction|Adventure|Action,Science Fiction,3,17.815,5.9,3634,Mixed,Very High,274800000.0,206136825.0,True,True,-68663175.0,-0.24986599344978166,105.0,US,US,2,Marvel Studios|Kevin Feige Productions,56,82586.7847707894,336755052,0.14239053018432526,0.3829787234042554,0.08719133925313222,0.4171219613294696,0.07050531642388085,0.39183673469387753
11688,The Emperor's New Groove,The Emperor's New Groove,en,English,2000-12-15,2000,12,2000,Adventure|Animation|Comedy|Family|Fantasy,Adventure,5,17.814,7.565,7463,Good,Very High,100000000.0,169327687.0,True,True,69327687.0,0.69327687,78.0,US,US,1,Walt Disney Feature Animation|Walt Disney Pictures,26,36329.9702595751,282162411,0.14237628557590953,0.7372340425531915,0.18034302396302154,0.1517910208096552,0.057915426140524015,0.2816326530612245
75780,Jack Reacher,Jack Reacher,en,English,2012-12-20,2012,12,2010,Crime|Drama|Thriller|Action,Crime,4,17.7984,6.7,7856,Good,Very High,60000000.0,218300000.0,True,True,158300000.0,2.638333333333333,130.0,US,US,1,Paramount Pictures|Skydance Media|TC Productions,99,51708.3940614082,314339099,0.1421540696846244,0.5531914893617021,0.18990390463447268,0.09107455844814162,0.07466550726418981,0.49387755102040815
82023,Hotel Desire,Hotel Desire,de,German,2011-12-07,2011,12,2010,Drama|Romance,Drama,2,17.7622,6.2,164,Mixed,Very High,230758.0,,True,False,,,38.0,DE,DE,1,Von Fiessbach Film|teamWorx,39,47630.9761883572,80274983,0.14163841485997553,0.4468085106382979,0.0027733852329400316,0.0003501351414116994,,0.11836734693877551
854,The Mask,The Mask,en,English,1994-07-29,1994,7,1990,Comedy|Fantasy|Crime|Romance,Comedy,4,17.7348,6.994,11578,Good,Very High,23000000.0,351583407.0,True,True,328583407.0,14.286235086956522,101.0,US,US,2,Dark Horse Entertainment|New Line Cinema,51,27694.853416234,263126000,0.14124811258938494,0.6157446808510637,0.28045249969590075,0.034911830763741554,0.12025265116095792,0.37551020408163266
74,War of the Worlds,War of the Worlds,en,English,2005-06-28,2005,6,2000,Adventure|Thriller|Science Fiction,Adventure,3,17.7018,6.571,9517,Good,Very High,132000000.0,603873119.0,True,True,471873119.0,3.574796356060606,117.0,US,US,1,Paramount Pictures|DreamWorks Pictures|Amblin Entertainment|Cruise/Wagner Productions,38,44123.3996470026,295516599,0.14077804051166634,0.5257446808510637,0.23031261403722175,0.20036419069886607,0.2065437181699081,0.44081632653061226
166426,Pirates of the Caribbean: Dead Men Tell No Tales,Pirates of the Caribbean: Dead Men Tell No Tales,en,English,2017-05-23,2017,5,2010,Adventure|Action|Fantasy,Adventure,3,17.6885,6.665,13056,Good,Very High,230000000.0,795922298.0,True,True,565922298.0,2.4605317304347825,129.0,US,US,1,Walt Disney Pictures|Jerry Bruckheimer Films|Infinitum Nihil,76,60047.7190728307,326608609,0.14058858721973735,0.5457446808510638,0.31640919596156186,0.34911952348457437,0.2722306161521091,0.4897959183673469
9820,The Parent Trap,The Parent Trap,en,English,1998-07-28,1998,7,1990,Comedy|Family|Romance,Comedy,3,17.6478,7.214,4647,Good,Very High,15000000.0,92108518.0,True,True,77108518.0,5.140567866666666,128.0,US,US,2,Walt Disney Pictures|The Meyers/Shyer Company,60,32853.6725949234,275854000,0.14000883165721775,0.6625531914893618,0.11183554312127478,0.02276853829143884,0.031504026191902845,0.4857142857142857
297762,Wonder Woman,Wonder Woman,en,English,2017-05-30,2017,5,2010,Action|Adventure|Fantasy,Action,3,17.6447,7.202,21199,Good,Very High,149000000.0,823970682.0,True,True,674970682.0,4.530004577181208,141.0,US,US,2,Atlas Entertainment|Cruel & Unusual Films|DC Films|Warner Bros. Pictures|RatPac-Dune Entertainment,30,60047.7190728307,326608609,0.13996467337112906,0.6599999999999999,0.5145116165916556,0.22616868720250935,0.28182405127100435,0.5387755102040817
1771,Captain America: The First Avenger,Captain America: The First Avenger,en,English,2011-07-22,2011,7,2010,Action|Adventure|Science Fiction,Action,3,17.6392,7.012,23234,Good,Very High,140000000.0,370569774.0,True,True,230569774.0,1.646926957142857,124.0,US,US,3,Marvel Studios|Marvel Entertainment,56,50024.8812320773,311839461,0.1398863280248426,0.6195744680851062,0.5640189757936991,0.2125074831711688,0.12674658963377808,0.46938775510204084
137113,Edge of Tomorrow,Edge of Tomorrow,en,English,2014-05-27,2014,5,2010,Action|Science Fiction,Action,2,17.6264,7.642,15494,Good,Very High,178000000.0,370541256.0,True,True,192541256.0,1.0816924494382023,114.0,US,US,1,RatPac Entertainment|Village Roadshow Pictures|VIZ Media|3 Arts Entertainment|Warner Bros. Pictures,71,55153.3940182967,319257560,0.13970399703712147,0.7536170212765957,0.3757207152414548,0.2701881224146067,0.12673683557512286,0.42857142857142855
460458,Resident Evil: Welcome to Raccoon City,Resident Evil: Welcome to Raccoon City,en,English,2021-11-24,2021,11,2020,Action|Horror|Science Fiction,Action,3,17.6212,5.928,2783,Mixed,Very High,25000000.0,41914915.0,True,True,16914915.0,0.6765966,107.0,DE,DE|US|CA,1,Constantin Film|Screen Gems|Davis Raccoon Films,60,52349.2459994422,83196078,0.13962992507335978,0.38893617021276594,0.06648826176864128,0.037947653881817235,0.014336225231815963,0.4
335983,Venom,Venom,en,English,2018-09-28,2018,9,2010,Science Fiction|Action,Science Fiction,2,17.6105,6.824,17583,Good,Very High,116000000.0,856085151.0,True,True,740085151.0,6.380044405172414,112.0,CN,CN|US,3,Matt Tolmach Productions|Pascal Pictures|Marvel Entertainment|Tencent Pictures|Arad Productions|Columbia Pictures,46,10085.6638148819,1402760000,0.13947750776331158,0.5795744680851063,0.4265417832380489,0.17607760575426065,0.29280821616012137,0.4204081632653061
1402,The Pursuit of Happyness,The Pursuit of Happyness,en,English,2006-12-14,2006,12,2000,Drama,Drama,1,17.5845,7.882,10856,Good,Very High,55000000.0,307077295.0,True,True,252077295.0,4.583223545454546,117.0,US,US,2,Escape Artists|Relativity Media|Columbia Pictures|Overbrook Entertainment,17,46301.9876485519,298379912,0.139107147944503,0.8046808510638296,0.2628877265539472,0.08348500065295243,0.1050301521440347,0.44081632653061226
615457,Nobody,Nobody,en,English,2021-03-18,2021,3,2020,Action|Thriller,Action,2,17.5563,7.864,8699,Good,Very High,16000000.0,57512470.0,True,True,41512470.0,2.594529375,91.0,US,US,3,87North Productions|OPE Partners|Eighty Two Films,44,71441.2319805947,332100166,0.13870544998717987,0.8008510638297871,0.21041235859384502,0.02428644985047668,0.0196710827375425,0.3346938775510204
524434,Eternals,Eternals,en,English,2021-11-03,2021,11,2020,Science Fiction|Action|Adventure,Science Fiction,3,17.5378,6.753,9406,Good,Very High,200000000.0,402064899.0,True,True,202064899.0,1.010324495,156.0,US,US,5,Marvel Studios,42,71441.2319805947,332100166,0.13844192473148917,0.5644680851063829,0.22761221262620118,0.3035821767134392,0.1375189192713428,0.6
131634,The Hunger Games: Mockingjay - Part 2,The Hunger Games: Mockingjay - Part 2,en,English,2015-11-18,2015,11,2010,Action|Adventure|Science Fiction,Action,3,17.4438,6.897,13581,Good,Very High,160000000.0,653428261.0,True,True,493428261.0,3.08392663125,137.0,DE,DE|US,1,Lionsgate|Color Force|Studio Babelsberg,61,41929.7549110722,81686611,0.13710293154041195,0.5951063829787234,0.3291813647974699,0.24286571435192558,0.223493145259349,0.5224489795918368
439079,The Nun,The Nun,en,English,2018-09-05,2018,9,2010,Horror,Horror,1,17.3941,5.911,7302,Mixed,Very High,22000000.0,366082797.0,True,True,344082797.0,15.640127136363636,96.0,US,US,5,New Line Cinema|Atomic Monster|The Safran Company,30,62875.6661382728,328529577,0.13639497450215096,0.3853191489361701,0.17642622552000972,0.03339391920470372,0.125211901477431,0.3551020408163265
296096,Me Before You,Me Before You,en,English,2016-06-01,2016,6,2010,Drama|Romance,Drama,2,17.3767,7.931,13571,Good,Very High,20000000.0,207945075.0,True,True,187945075.0,9.39725375,110.0,US,US,1,New Line Cinema|Sunswept Entertainment|Metro-Goldwyn-Mayer,58,57976.628204291,324353340,0.13614711831571752,0.8151063829787233,0.32893808539107167,0.03035809608662804,0.07112379515883194,0.4122448979591837
91314,Transformers: Age of Extinction,Transformers: Age of Extinction,en,English,2014-06-25,2014,6,2010,Science Fiction|Action|Adventure,Science Fiction,3,17.3743,5.974,8943,Mixed,Very High,210000000.0,1105261713.0,True,True,895261713.0,4.2631510142857145,165.0,US,US,2,di Bonaventura Pictures|DeSanto/Murphy Productions|Ian Bryce Productions|Paramount Pictures|Hasbro,53,55153.3940182967,319257560,0.13611293125551982,0.39872340425531916,0.2163483761099623,0.31876129230381756,0.37803448733126543,0.636734693877551
107,Snatch,Snatch,en,English,2000-09-01,2000,9,2000,Crime|Comedy,Crime,2,17.3639,7.829,10265,Good,Very High,100000000.0,83557872.0,True,True,-16442128.0,-0.16442128,103.0,GB,GB,2,Marv,23,28383.8761094996,58892514,0.13596478732799638,0.7934042553191488,0.24850991363581074,0.1517910208096552,0.028579434613805473,0.3836734693877551
4247,Scary Movie,Scary Movie,en,English,2000-07-07,2000,7,2000,Comedy,Comedy,1,17.3411,6.429,8134,Mixed,Very High,19000000.0,278023280.0,True,True,259023280.0,13.632804210526317,88.0,US,US,1,Brad Grey Pictures|Gold/Miller Productions|Wayans Bros. Entertainment|Dimension Films,42,36329.9702595751,282162411,0.13564001025611808,0.49553191489361703,0.196667072132344,0.0288401845275902,0.09509275939278353,0.3224489795918367
512200,Jumanji: The Next Level,Jumanji: The Next Level,en,English,2019-12-04,2019,12,2010,Adventure|Comedy|Fantasy,Adventure,3,17.2728,6.869,9598,Good,Very High,125000000.0,801693929.0,True,True,676693929.0,5.413551432,123.0,US,US,1,Columbia Pictures|Seven Bucks Productions|Matt Tolmach Productions|The Detective Agency,39,65227.9565911038,330226227,0.13466710350132477,0.5891489361702127,0.23228317722904757,0.1897388097856012,0.2742046966384824,0.46530612244897956
6479,I Am Legend,I Am Legend,en,English,2007-12-12,2007,12,2000,Drama|Science Fiction|Thriller,Drama,3,17.25,7.223,17298,Good,Very High,150000000.0,585410052.0,True,True,435410052.0,2.90273368,101.0,US,US|GB,1,Village Roadshow Pictures|Weed Road Pictures|Overbrook Entertainment|Warner Bros. Pictures|Heyday Films|Original Film,68,48050.227412195,301231207,0.13434232642944646,0.6644680851063829,0.4196083201556988,0.2276865987615472,0.2002287648606438,0.37551020408163266
80321,Madagascar 3: Europe's Most Wanted,Madagascar 3: Europe's Most Wanted,en,English,2012-06-06,2012,6,2010,Animation|Family|Comedy|Adventure,Animation,4,17.2413,6.649,6717,Good,Very High,145000000.0,746921274.0,True,True,601921274.0,4.1511812,93.0,US,US,1,DreamWorks Animation|Pacific Data Images,67,51708.3940614082,314339099,0.13421839833622973,0.5423404255319149,0.1621943802457122,0.220097040966358,0.2554707149576792,0.34285714285714286
9487,A Bug's Life,A Bug's Life,en,English,1998-11-25,1998,11,1990,Adventure|Animation|Comedy|Family,Adventure,4,17.2324,6.983,9914,Good,Very High,80000000.0,363258859.0,True,True,283258859.0,3.5407357375,95.0,US,US,1,Pixar,33,32853.6725949234,275854000,0.13409162132132987,0.6134042553191488,0.2399708064712322,0.12143278962889842,0.12424602529779859,0.3510204081632653
345887,The Equalizer 2,The Equalizer 2,en,English,2018-07-19,2018,7,2010,Action|Thriller|Crime,Action,3,17.1684,6.794,6151,Good,Very High,62000000.0,190400157.0,True,True,128400157.0,2.0709702741935483,121.0,US,US,6,Lonetree Entertainment|Fuqua Films|Escape Artists|ZHIV Productions|Mace Neufeld Productions|Columbia Pictures,26,62875.6661382728,328529577,0.13317996638272414,0.573191489361702,0.14842476584357134,0.0941103815662173,0.06512287786893256,0.45714285714285713
493922,Hereditary,Hereditary,en,English,2018-06-07,2018,6,2010,Horror|Mystery|Thriller,Horror,3,17.1526,7.297,8883,Good,Very High,10000000.0,87796204.0,True,True,77796204.0,7.7796204,128.0,US,US|GB,1,PalmStar Media|Pulse Films|Finch Entertainment|Windy Hill Pictures,46,62875.6661382728,328529577,0.13295490156975587,0.6802127659574466,0.2148886996715728,0.015178980496249642,0.030029078310010483,0.4857142857142857
604,The Matrix Reloaded,The Matrix Reloaded,en,English,2003-05-15,2003,5,2000,Adventure|Action|Thriller|Science Fiction,Adventure,4,17.1436,7.085,12302,Good,Very High,150000000.0,738599701.0,True,True,588599701.0,3.923998006666667,138.0,US,US,2,Village Roadshow Pictures|Silver Pictures|NPV Entertainment,55,39490.3023903176,290107933,0.13282670009401443,0.6351063829787233,0.2980659287191339,0.2276865987615472,0.2526244735962285,0.5265306122448979
508883,The Boy and the Heron,君たちはどう生きるか,ja,Japanese,2023-07-14,2023,7,2020,Animation|Fantasy|Drama,Animation,3,17.1265,7.383,2805,Good,Very High,50000000.0,294200000.0,True,True,244200000.0,4.884,124.0,JP,JP,1,Studio Ghibli,70,35215.003535366,124516650,0.13258311729010572,0.6985106382978723,0.06702347646271743,0.07589544285776323,0.10062570966031179,0.46938775510204084
580489,Venom: Let There Be Carnage,Venom: Let There Be Carnage,en,English,2021-09-30,2021,9,2020,Science Fiction|Action|Adventure,Science Fiction,3,17.1095,6.73,11413,Good,Very High,110000000.0,506863592.0,True,True,396863592.0,3.6078508363636366,97.0,US,US,2,Columbia Pictures|Pascal Pictures|Matt Tolmach Productions|Arad Productions,27,71441.2319805947,332100166,0.13234095894703857,0.5595744680851065,0.2764383894903296,0.1669701364000336,0.1733633893784449,0.35918367346938773
345940,The Meg,The Meg,en,English,2018-08-08,2018,8,2010,Action|Science Fiction|Horror,Action,3,17.1086,6.252,8378,Mixed,Very High,150000000.0,530517320.0,True,True,380517320.0,2.5367821333333334,113.0,CN,CN|US,4,Apelles Entertainment|Gravity Pictures|di Bonaventura Pictures|Flagship Entertainment Group|Maeday Productions|Warner Bros. Pictures,29,10085.6638148819,1402760000,0.1323281387994644,0.4578723404255318,0.20260308964846127,0.2276865987615472,0.18145371304514868,0.42448979591836733
575264,Mission: Impossible - Dead Reckoning Part One,Mission: Impossible - Dead Reckoning Part One,en,English,2023-07-08,2023,7,2020,Action|Adventure|Thriller,Action,3,17.1037,7.5,5362,Good,Very High,220000000.0,571125435.0,True,True,351125435.0,1.5960247045454545,164.0,US,US,4,Paramount Pictures|Skydance Media|TC Productions,84,82586.7847707894,336755052,0.1322583402182274,0.7234042553191489,0.12923002067874956,0.333940407894196,0.1953429737081921,0.6326530612244898
1064028,Subservience,Subservience,en,English,2024-08-15,2024,8,2020,Horror|Science Fiction|Thriller,Horror,3,17.0285,6.649,1109,Good,Very High,4400000.0,262793.0,True,True,-4137207.0,-0.9402743181818182,105.0,US,US,1,Millennium Media|Campbell Grobman Films|XYZ Films,40,86169.6641581917,340003797,0.13118714566536568,0.5423404255319149,0.025763289137574506,0.00667867576563774,8.98811297347471e-05,0.39183673469387753
1250,Ghost Rider,Ghost Rider,en,English,2007-01-15,2007,1,2000,Thriller|Action|Fantasy,Thriller,3,17.0237,5.621,6649,Mixed,Very High,110000000.0,228738393.0,True,True,118738393.0,1.0794399363636364,114.0,US,US,1,Crystal Sky Pictures|Relativity Media|Columbia Pictures|Marvel Studios|Canarsie,60,48050.227412195,301231207,0.13111877154497026,0.32361702127659586,0.16054008028220412,0.1669701364000336,0.07823576806748708,0.42857142857142855
10020,Beauty and the Beast,Beauty and the Beast,en,English,1991-10-22,1991,10,1990,Romance|Family|Animation|Fantasy,Romance,4,17.0053,7.726,10886,Good,Very High,25000000.0,424967620.0,True,True,399967620.0,15.9987048,84.0,US,US,2,Silver Screen Partners IV|Walt Disney Pictures,49,24342.2589048189,252981000,0.13085667075012106,0.7714893617021276,0.26361756477314197,0.037947653881817235,0.14535237477308077,0.30612244897959184
4232,Scream,Scream,en,English,1996-12-20,1996,12,1990,Crime|Horror|Mystery,Crime,3,17.0005,7.4,8224,Good,Very High,14000000.0,173046663.0,True,True,159046663.0,11.360475928571429,112.0,US,US,1,Dimension Films|Woods Entertainment,33,29967.7127181749,269394000,0.13078829662972566,0.7021276595744681,0.19885658678992824,0.021250626732401,0.059187433646009126,0.4204081632653061
260346,Taken 3,Taken 3,en,English,2014-12-16,2014,12,2010,Thriller|Action,Thriller,2,16.9833,6.3,6284,Mixed,Very High,48000000.0,325800000.0,True,True,277800000.0,5.7875,109.0,FR,FR|US|ES,1,EuropaCorp|20th Century Fox|M6 Films|TSG Entertainment|Meñakoz Films,48,43148.0459288416,66312067,0.13054328936497536,0.4680851063829787,0.15166038194866804,0.07285961973968755,0.11143390986739286,0.40816326530612246
10192,Shrek Forever After,Shrek Forever After,en,English,2010-05-16,2010,5,2010,Comedy|Adventure|Fantasy|Animation|Family,Comedy,5,16.9818,6.414,8123,Mixed,Very High,165000000.0,752600867.0,True,True,587600867.0,3.561217375757576,93.0,US,US,1,DreamWorks Animation,61,48642.6312088213,309378227,0.1305219224523518,0.4923404255319148,0.19639946478530593,0.25045527214711477,0.2574133155348544,0.34285714285714286
640146,Ant-Man and the Wasp: Quantumania,Ant-Man and the Wasp: Quantumania,en,English,2023-02-15,2023,2,2020,Action|Adventure|Science Fiction,Action,3,16.9773,6.2,6086,Mixed,Very High,200000000.0,476071180.0,True,True,276071180.0,1.3803559,125.0,US,US,1,Marvel Studios|Kevin Feige Productions,52,82586.7847707894,336755052,0.1304578217144811,0.4468085106382979,0.14684344970198274,0.3035821767134392,0.16283140982923838,0.47346938775510206
242,The Godfather Part III,The Godfather Part III,en,English,1990-12-25,1990,12,1990,Crime|Drama|Thriller,Crime,3,16.9772,7.417,7050,Good,Very High,54000000.0,136766062.0,True,True,82766062.0,1.5327048518518518,162.0,US,US,4,Paramount Pictures|American Zoetrope,34,23888.6000088133,249623000,0.1304563972536395,0.7057446808510637,0.17029558447877388,0.08196708909391459,0.046778319745970326,0.6244897959183674
882569,Guy Ritchie's The Covenant,Guy Ritchie's The Covenant,en,English,2023-04-19,2023,4,2020,War|Action|Thriller,War,3,16.9439,7.719,3348,Good,Very High,55000000.0,21948551.0,True,True,-33051449.0,-0.6009354363636363,123.0,GB,GB|US,3,STXfilms|Toff Guy Films,46,49919.6896621586,68526000,0.1299820517933962,0.77,0.08023354823014232,0.08348500065295243,0.007507096766010386,0.46530612244897956
507086,Jurassic World Dominion,Jurassic World Dominion,en,English,2022-06-01,2022,6,2020,Adventure|Science Fiction|Thriller|Action,Adventure,4,16.9305,6.592,7274,Good,Very High,658800000.0,1004004592.0,True,True,345204592.0,0.5239899696417729,147.0,US,US,1,Amblin Entertainment|Universal Pictures,49,78008.6895811877,333996304,0.12979117404062562,0.5302127659574467,0.17574504318209463,1.0,0.34340134694643526,0.563265306122449
14161,2012,2012,en,English,2009-10-10,2009,10,2000,Action|Adventure|Science Fiction,Action,3,16.8839,5.895,13019,Mixed,Very High,200000000.0,791217826.0,True,True,591217826.0,2.95608913,158.0,US,US,11,Columbia Pictures|Centropolis Entertainment|Farewell Productions|The Mark Gordon Company,107,47194.9500893872,306771529,0.12912737528845333,0.3819148936170212,0.3155090621578883,0.3035821767134392,0.27062153782158355,0.6081632653061224
747,Shaun of the Dead,Shaun of the Dead,en,English,2004-04-09,2004,4,2000,Horror|Comedy,Horror,2,16.8806,7.545,9619,Good,Very High,6000000.0,39396175.0,True,True,33396175.0,5.566029166666667,99.0,GB,GB,1,WT² Productions|Big Talk Studios,39,40504.4118103928,59987905,0.1290803680806815,0.7329787234042552,0.2327940639824839,0.009107334260098283,0.013474736428348134,0.3673469387755102
423,The Pianist,The Pianist,en,English,2002-09-17,2002,9,2000,Drama|War,Drama,2,16.8743,8.37,10436,Excellent,Very High,35000000.0,120098945.0,True,True,85098945.0,2.4313984285714287,150.0,FR,FR|DE|PL|GB,4,R.P. Productions|Heritage Films|Studio Babelsberg|Runteam|StudioCanal,63,24144.5727019529,61812142,0.1289906270476625,0.908510638297872,0.2526699914852208,0.053126769472195634,0.04107763818233601,0.5755102040816327
454626,Sonic the Hedgehog,Sonic the Hedgehog,en,English,2020-02-12,2020,2,2020,Action|Science Fiction|Comedy|Family,Action,4,16.8396,7.27,10576,Good,Very High,85000000.0,319715683.0,True,True,234715683.0,2.761360976470588,99.0,JP,JP|US,1,Original Film|Blur Studio|Marza Animation Planet|Paramount Pictures|SEGA|SEGA of America,49,41098.9739004553,126261000,0.12849633913563718,0.6744680851063828,0.2560759031747962,0.1290223474240876,0.1093528808718439,0.3673469387755102
35648,Roujin Z,老人Z,ja,Japanese,1991-09-14,1991,9,1990,Animation|Drama|Science Fiction,Animation,3,16.8296,6.6,153,Good,Very High,,,False,False,,,80.0,JP,JP,1,Tokyo Theatres Company|Sony Music Entertainment|movic|KADOKAWA Shoten|TV Asahi|Aniplex|APPP Company,59,30048.1401766828,123964000,0.12835389305148,0.5319148936170212,0.0025057778859019584,,,0.2897959183673469
10867,Malena,Malèna,it,Italian,2000-10-27,2000,10,2000,Drama,Drama,1,16.8208,7.564,2823,Good,Very High,,14493284.0,False,True,,,108.0,IT,IT|US,3,Medusa Film|Miramax|Pacific Pictures|Tele+,56,20190.0035636084,56942108,0.12822854049742172,0.7370212765957446,0.06746137939423427,,0.004957159476983654,0.40408163265306124
318846,The Big Short,The Big Short,en,English,2015-12-11,2015,12,2010,Comedy|Drama,Comedy,2,16.8154,7.372,10082,Good,Very High,28000000.0,133346506.0,True,True,105346506.0,3.762375214285714,131.0,US,US,1,Paramount Pictures|Regency Enterprises|Plan B Entertainment,10,56849.4697923159,321815121,0.12815161961197688,0.6961702127659574,0.24405790049872278,0.04250138855893076,0.04560872335776383,0.49795918367346936
823219,Flow,Straume,lv,lv,2024-08-29,2024,8,2020,Adventure|Animation|Family|Fantasy,Adventure,4,16.7585,8.066,3050,Excellent,Very High,3700000.0,17660107.0,True,True,13960107.0,3.7730018918918917,85.0,LV,LV|BE|FR,1,Dream Well Studio|Sacrebleu Productions|Take Five|ARTE France Cinéma|RTBF,28,23578.9663562625,1866124,0.12734110139312274,0.8438297872340426,0.07298382191947451,0.005616137674311252,0.0060403131796541954,0.31020408163265306
420818,The Lion King,The Lion King,en,English,2019-07-12,2019,7,2010,Adventure|Drama|Family|Animation,Adventure,4,16.7468,7.09,10898,Good,Very High,260000000.0,1662020819.0,True,True,1402020819.0,5.3923877653846155,118.0,US,US,1,Walt Disney Pictures|Fairview Entertainment,80,65227.9565911038,330226227,0.12717443947465887,0.6361702127659573,0.26390950006081987,0.39465687025570956,0.5684637241908691,0.4448979591836735
73,American History X,American History X,en,English,1998-07-01,1998,7,1990,Drama,Drama,1,16.7144,8.324,12906,Excellent,Very High,20000000.0,23900000.0,True,True,3900000.0,0.195,119.0,US,US,1,New Line Cinema|Savoy Pictures|The Turman-Morrissey Company,83,32853.6725949234,275854000,0.1267129141619897,0.8987234042553189,0.31276000486558814,0.03035809608662804,0.00817455409151381,0.4489795918367347
476669,The King's Man,The King's Man,en,English,2021-12-22,2021,12,2020,Action|Adventure|Thriller,Action,3,16.6601,6.704,5214,Good,Very High,100000000.0,125897478.0,True,True,25897478.0,0.25897478,131.0,GB,GB|US,1,Marv|Cloudy Productions|20th Century Studios|TSG Entertainment,28,47695.6491523474,66978000,0.1259394319250164,0.5540425531914892,0.12562948546405547,0.1517910208096552,0.043060920004214694,0.49795918367346936
310131,The Witch,The Witch,en,English,2016-02-19,2016,2,2010,Horror|Drama|Mystery|Fantasy|Thriller,Horror,5,16.6459,7.0,7878,Good,Very High,4000000.0,40423945.0,True,True,36423945.0,9.10598625,92.0,BR,BR|CA|GB|US,1,Very Special Projects|Parts & Labor|RT Features|Rooks Nest Entertainment|Maiden Voyage Pictures|Pulse Films|Scythia Films|Code Red Productions|Mott Street Pictures,41,8836.28652735657,203218114,0.12573715848551326,0.6170212765957446,0.19043911932854884,0.0060715111420226045,0.013826266299450404,0.33877551020408164
607,Men in Black,Men in Black,en,English,1997-07-02,1997,7,1990,Action|Adventure|Comedy|Science Fiction,Action,4,16.6437,7.228,15180,Good,Very High,90000000.0,589390539.0,True,True,499390539.0,5.548783766666666,98.0,US,US,2,Columbia Pictures|Amblin Entertainment|Parkes+MacDonald Production,67,31459.1299691554,272657000,0.12570582034699865,0.6655319148936168,0.3680817418805498,0.13661190521927682,0.2015902174055072,0.363265306122449
364,Batman Returns,Batman Returns,en,English,1992-06-19,1992,6,1990,Action|Fantasy,Action,2,16.6068,6.951,7272,Good,Very High,80000000.0,280000000.0,True,True,200000000.0,2.5,126.0,US,US,1,Warner Bros. Pictures|Polygram Pictures,68,25418.9907763319,256514000,0.1251801942964588,0.6065957446808509,0.175696387300815,0.12143278962889842,0.09576886020016775,0.4775510204081633
269955,Obsessed,인간중독,ko,Korean,2014-05-14,2014,5,2010,Drama|Romance,Drama,2,16.6057,6.679,84,Good,Very High,,,False,False,,,132.0,KR,KR,1,Next Entertainment World|Finecut|Iron Pack,34,30667.0912467447,50746659,0.1251645252272015,0.5487234042553192,0.0008271499817540445,,,0.5020408163265306
1734,The Mummy Returns,The Mummy Returns,en,English,2001-05-04,2001,5,2000,Adventure|Action|Fantasy,Adventure,3,16.5789,6.416,7898,Mixed,Very High,98000000.0,443280904.0,True,True,345280904.0,3.523274530612245,130.0,US,US,2,Universal Pictures|Alphaville Films|Imhotep Productions,51,37133.6203973517,284968955,0.12478276972166037,0.49276595744680857,0.19092567814134534,0.14875519769157952,0.15161609755539515,0.49387755102040815
1064213,Anora,Anora,en,English,2024-10-14,2024,10,2020,Drama|Comedy|Romance,Drama,3,16.5589,7.075,3435,Good,Very High,6000000.0,56286295.0,True,True,50286295.0,8.381049166666667,139.0,US,US,3,Cre Film|FilmNation Entertainment,43,86169.6641581917,340003797,0.12449787755334608,0.6329787234042553,0.08235007906580707,0.009107334260098283,0.0192516920765008,0.5306122448979592
8358,Cast Away,Cast Away,en,English,2000-12-22,2000,12,2000,Adventure|Drama,Adventure,2,16.5258,7.667,12544,Good,Very High,90000000.0,429632142.0,True,True,339632142.0,3.773690466666667,143.0,US,US,2,20th Century Fox|DreamWorks Pictures|Playtone,59,36329.9702595751,282162411,0.12402638101478593,0.7589361702127658,0.30395329035397156,0.13661190521927682,0.146947788939104,0.5469387755102041
290859,Terminator: Dark Fate,Terminator: Dark Fate,en,English,2019-10-23,2019,10,2010,Science Fiction|Action|Adventure|Thriller,Science Fiction,4,16.5053,6.421,5854,Mixed,Very High,185000000.0,261119292.0,True,True,76119292.0,0.41145563243243244,128.0,US,US,2,20th Century Fox|Skydance Media|Paramount Pictures|Tencent Pictures|TSG Entertainment|Lightstorm Entertainment,47,65227.9565911038,330226227,0.12373436654226375,0.4938297872340426,0.14119936747354336,0.2808135033278716,0.08931106044967922,0.4857142857142857
10198,The Princess and the Frog,The Princess and the Frog,en,English,2009-12-08,2009,12,2000,Animation|Romance|Fantasy|Family,Animation,4,16.4977,7.237,6275,Good,Very High,105000000.0,270997378.0,True,True,165997378.0,1.5809274095238095,98.0,US,US,2,Walt Disney Animation Studios,38,47194.9500893872,306771529,0.12362610751830432,0.6674468085106382,0.15144143048290962,0.15938057860484442,0.09268967852407052,0.363265306122449
1265,Bridge to Terabithia,Bridge to Terabithia,en,English,2007-02-15,2007,2,2000,Adventure|Drama|Family,Adventure,3,16.4919,7.4,5462,Good,Very High,60000000.0,137587063.0,True,True,77587063.0,1.2931177166666667,95.0,US,US,1,Lauren Levine Productions Inc.|Walden Media|Hal Lieberman Company,69,48050.227412195,301231207,0.1235434887894932,0.7021276595744681,0.13166281474273203,0.09107455844814162,0.047059128074394815,0.3510204081632653
447277,The Little Mermaid,The Little Mermaid,en,English,2023-05-18,2023,5,2020,Adventure|Family|Fantasy|Romance,Adventure,4,16.4778,6.253,3409,Mixed,Very High,297000000.0,569626289.0,True,True,272626289.0,0.917933632996633,135.0,US,US,1,Walt Disney Pictures|Lucamar Productions|Marc Platt Productions,73,82586.7847707894,336755052,0.12334263981083159,0.4580851063829787,0.08171755260917163,0.4508195979401096,0.1948302183250388,0.5142857142857142
146233,Prisoners,Prisoners,en,English,2013-09-19,2013,9,2010,Drama|Thriller|Crime,Drama,3,16.4647,8.1,13492,Excellent,Very High,46000000.0,122127446.0,True,True,76127446.0,1.6549444782608695,153.0,US,US,1,Alcon Entertainment|8:38 Productions|Madhouse Entertainment,41,53297.3862901595,316726282,0.12315603544058576,0.8510638297872338,0.32701617808052547,0.06982379662161187,0.041771449730698795,0.5877551020408164
291805,Now You See Me 2,Now You See Me 2,en,English,2016-06-02,2016,6,2010,Crime|Thriller,Crime,2,16.4614,6.822,11797,Good,Very High,120000000.0,334897606.0,True,True,214897606.0,1.7908133833333333,129.0,HK,HK|US,3,Summit Entertainment|K/O Paper Products|TIK Films|Lionsgate,41,43734.1980702999,7336600,0.12310902823281392,0.5791489361702127,0.2857803186960224,0.18214925199041201,0.11454557907793533,0.4897959183673469
72105,Ted,Ted,en,English,2012-06-29,2012,6,2010,Comedy|Fantasy,Comedy,2,16.3983,6.456,13454,Mixed,Very High,50000000.0,549368315.0,True,True,499368315.0,9.9873663,107.0,US,US,1,Universal Pictures|MRC|Fuzzy Door Productions|Bluegrass Films|Smart Entertainment,30,51708.3940614082,314339099,0.12221019344178229,0.5012765957446809,0.32609171633621215,0.07589544285776323,0.18790135000915767,0.4
425909,Ghostbusters: Afterlife,Ghostbusters: Afterlife,en,English,2021-11-18,2021,11,2020,Fantasy|Comedy|Adventure,Fantasy,3,16.3715,7.3,5324,Good,Very High,75000000.0,204445747.0,True,True,129445747.0,1.7259432933333334,124.0,CA,CA|US,1,Columbia Pictures|Bron Studios|The Montecito Picture Company|Ghost Corps,35,52886.6407813788,38239864,0.12182843793624117,0.6808510638297871,0.1283055589344362,0.11384323183370922,0.0699269142216723,0.46938775510204084
788,Mrs. Doubtfire,Mrs. Doubtfire,en,English,1993-11-24,1993,11,1990,Comedy|Drama|Family,Comedy,3,16.3654,7.196,6790,Good,Very High,25000000.0,441286195.0,True,True,416286195.0,16.6514478,125.0,US,US,1,20th Century Fox|Blue Wolf Productions,63,26387.2937338171,259919000,0.1217415458249053,0.6587234042553191,0.16397031991241942,0.037947653881817235,0.1509338439406209,0.47346938775510206
11836,The SpongeBob SquarePants Movie,The SpongeBob SquarePants Movie,en,English,2004-11-19,2004,11,2000,Adventure|Animation|Comedy|Family|Fantasy,Adventure,5,16.3057,7.1,3303,Good,Very High,30000000.0,141067890.0,True,True,111067890.0,3.702263,87.0,US,US,1,Paramount Pictures|Nickelodeon Movies|United Plankton Pictures|Peanut Worm Productions,65,41724.6411982614,292805298,0.12089114270248714,0.6382978723404253,0.0791387909013502,0.04553721167700644,0.04824968108395853,0.3183673469387755
47971,xXx: Return of Xander Cage,xXx: Return of Xander Cage,en,English,2017-01-13,2017,1,2010,Action|Adventure|Crime,Action,3,16.2892,6.128,9327,Mixed,Very High,85000000.0,346118277.0,True,True,261118277.0,3.0719797294117646,107.0,CA,CA|CN|US,1,Rox Productions|Revolution Studios|Maple Cage Productions|Huahua Media|Roth-Kirschenbaum Films|Shanghai Film Group|One Race|Paramount Pictures,25,45129.7335281051,36545075,0.12065610666362785,0.43148936170212765,0.22569030531565504,0.1290223474240876,0.11838340371799194,0.4
937287,Challengers,Challengers,en,English,2024-04-18,2024,4,2020,Drama|Romance,Drama,2,16.2798,6.911,2846,Good,Very High,55000000.0,94182533.0,True,True,39182533.0,0.7124096909090909,132.0,IT,IT|US,2,Pascal Pictures|Why Are You Acting? Productions|Frenesy Film|Amazon MGM Studios,62,40429.6224047352,58952704,0.12052220734452014,0.5980851063829786,0.06802092202895024,0.08348500065295243,0.03221340496888035,0.5020408163265306
11970,Hercules,Hercules,en,English,1997-06-13,1997,6,1990,Animation|Family|Fantasy|Adventure|Comedy|Romance,Animation,6,16.2747,7.498,8099,Good,Very High,85000000.0,252712101.0,True,True,167712101.0,1.9730835411764707,93.0,US,US,3,Walt Disney Feature Animation,55,31459.1299691554,272657000,0.12044955984159995,0.7229787234042553,0.19581559420995012,0.1290223474240876,0.08643553502223714,0.34285714285714286
1949,Zodiac,Zodiac,en,English,2007-03-02,2007,3,2000,Crime|Mystery|Thriller,Crime,3,16.2615,7.531,11885,Good,Very High,65000000.0,84785914.0,True,True,19785914.0,0.3043986769230769,157.0,US,US,1,Paramount Pictures|Warner Bros. Pictures|Phoenix Pictures,37,48050.227412195,301231207,0.12026153101051255,0.7299999999999999,0.287921177472327,0.09866411624333082,0.028999463847941682,0.6040816326530613
197,Braveheart,Braveheart,en,English,1995-05-24,1995,5,1990,Action|Drama|History|War,Action,4,16.2546,7.943,11425,Good,Very High,72000000.0,213216216.0,True,True,141216216.0,1.9613363333333333,178.0,US,US,4,The Ladd Company|Icon Productions|Icon Entertainment International,42,28690.8757013347,266278000,0.1201632432124441,0.8176595744680849,0.2767303247780075,0.1092894971565957,0.07292669222363427,0.689795918367347
11423,Memories of Murder,살인의 추억,ko,Korean,2003-04-25,2003,4,2000,Crime|Drama|Thriller,Crime,3,16.2202,8.1,4805,Excellent,Very High,2800000.0,26000000.0,True,True,23200000.0,8.285714285714286,131.0,KR,KR,2,CJ Entertainment|Muhan Investment|Sidus,47,15211.5483770422,47892330,0.1196732286829435,0.8510638297872338,0.11567935774236711,0.004250017271177197,0.008892820560971728,0.49795918367346936
624860,The Matrix Resurrections,The Matrix Resurrections,en,English,2021-12-16,2021,12,2020,Science Fiction|Action|Adventure,Science Fiction,3,16.2141,6.307,6719,Mixed,Very High,190000000.0,156497322.0,True,True,-33502678.0,-0.1763298842105263,148.0,US,US,1,Warner Bros. Pictures|Village Roadshow Pictures|Venus Castina Productions,18,71441.2319805947,332100166,0.11958633657160764,0.46957446808510644,0.16224303612699184,0.2884030611230608,0.05352703520223522,0.5673469387755102
639933,The Northman,The Northman,en,English,2022-04-07,2022,4,2020,Action|Adventure|Fantasy,Action,3,16.2091,7.023,5275,Good,Very High,70000000.0,69633110.0,True,True,-366890.0,-0.005241285714285714,137.0,US,US,2,Regency Enterprises|New Regency Pictures|Square Peg|Focus Features,47,78008.6895811877,333996304,0.11951511352952908,0.6219148936170211,0.1271134898430848,0.10625367403852003,0.023816725261528424,0.5224489795918368
14574,The Boy in the Striped Pyjamas,The Boy in the Striped Pyjamas,en,English,2008-05-07,2008,5,2000,Drama|War|History,Drama,3,16.196,7.818,7827,Good,Very High,12500000.0,20416563.0,True,True,7916563.0,0.63332504,94.0,GB,GB|US,2,BBC Film|Miramax|Heyday Films,68,47652.4030691881,61806995,0.11932850915928325,0.7910638297872339,0.18919839435591776,0.01897375939384424,0.006983108379338052,0.3469387755102041
917496,Beetlejuice Beetlejuice,Beetlejuice Beetlejuice,en,English,2024-09-04,2024,9,2020,Comedy|Fantasy,Comedy,2,16.1917,6.921,3309,Good,Very High,99000000.0,452000435.0,True,True,353000435.0,3.5656609595959594,105.0,US,US,1,Warner Bros. Pictures|Geffen Pictures|Plan B Entertainment|Tim Burton Productions|Tommy Harper Productions|Domain Entertainment,37,86169.6641581917,340003797,0.11926725734309566,0.6002127659574468,0.07928475854518915,0.15027310925061738,0.1545984531490613,0.39183673469387753
4248,Scary Movie 2,Scary Movie 2,en,English,2001-07-04,2001,7,2000,Comedy,Comedy,1,16.1835,5.85,5399,Mixed,Very High,45000000.0,141220678.0,True,True,96220678.0,2.138237288888889,82.0,US,US,1,Brad Grey Pictures|Gold/Miller Productions|Wayans Bros. Entertainment|Dimension Films,15,37133.6203973517,284968955,0.11915045155408677,0.3723404255319148,0.13013015448242307,0.06830588506257403,0.04830193941602307,0.2979591836734694
115,The Big Lebowski,The Big Lebowski,en,English,1998-03-06,1998,3,1990,Comedy|Crime,Comedy,2,16.1261,7.834,12482,Good,Very High,15000000.0,47010480.0,True,True,32010480.0,2.134032,117.0,GB,GB|US,4,PolyGram Filmed Entertainment|Working Title,49,28396.3523548013,58487141,0.11833281103102479,0.7944680851063828,0.3024449580343024,0.02276853829143884,0.016079069747265175,0.44081632653061226
8467,Dumb and Dumber,Dumb and Dumber,en,English,1994-12-16,1994,12,1990,Comedy,Comedy,1,16.1205,6.7,6921,Good,Very High,16000000.0,247275374.0,True,True,231275374.0,14.454710875,107.0,US,US,1,New Line Cinema|Motion Picture Corporation of America,63,27694.853416234,263126000,0.11825304122389677,0.5531914893617021,0.16715728013623646,0.02428644985047668,0.0845760023042864,0.4
1034541,Terrifier 3,Terrifier 3,en,English,2024-10-09,2024,10,2020,Horror,Horror,1,16.112,6.763,2036,Good,Very High,2000000.0,90322103.0,True,True,88322103.0,44.1610515,125.0,US,US,1,Dark Age Cinema|Fuzz on the Lens Productions|The Coven,78,86169.6641581917,340003797,0.11813196205236318,0.5665957446808509,0.04831529011069213,0.003035688023946925,0.030893015718075862,0.47346938775510206
93456,Despicable Me 2,Despicable Me 2,en,English,2013-06-26,2013,6,2010,Animation|Comedy|Family|Science Fiction,Animation,4,16.1075,6.948,12223,Good,Very High,76000000.0,970766005.0,True,True,894766005.0,11.773236907894736,98.0,US,US,2,Illumination|Universal Pictures,16,53297.3862901595,316726282,0.1180678613144925,0.6059574468085107,0.29614402140858775,0.11536114339274706,0.3320326981205972,0.363265306122449
297802,Aquaman,Aquaman,en,English,2018-12-07,2018,12,2010,Action|Adventure|Fantasy,Action,3,16.0996,6.864,15200,Good,Very High,160000000.0,1152028393.0,True,True,992028393.0,6.20017745625,143.0,US,US,1,The Safran Company|Warner Bros. Pictures|DC Films,22,62875.6661382728,328529577,0.11795532890800832,0.5880851063829786,0.3685683006933463,0.24286571435192558,0.39403017215596464,0.5469387755102041
843,In the Mood for Love,花樣年華,cn,Cantonese,2000-09-29,2000,9,2000,Drama|Romance,Drama,2,16.0908,8.1,3370,Excellent,Very High,3000000.0,15867968.0,True,True,12867968.0,4.289322666666667,99.0,HK,HK|FR,3,Block 2 Pictures|Paradis Films|Jet Tone Production,25,25756.7728723704,6665000,0.11782997635395007,0.8510638297872338,0.08076876292421846,0.004553599582984765,0.005427344916650459,0.3673469387755102
760104,X,X,en,English,2022-03-17,2022,3,2020,Horror,Horror,1,16.0508,6.708,4123,Good,Very High,1000000.0,14745049.0,True,True,13745049.0,13.745049,106.0,US,US,1,A24|Little Lamb Productions,36,78008.6895811877,333996304,0.11726019201732144,0.5548936170212766,0.09908770222600657,0.0015177764649090852,0.005043271075880355,0.39591836734693875
343668,Kingsman: The Golden Circle,Kingsman: The Golden Circle,en,English,2017-09-20,2017,9,2010,Crime|Comedy|Action,Crime,3,16.0494,6.94,11365,Good,Very High,104000000.0,410902662.0,True,True,306902662.0,2.9509871346153846,141.0,GB,GB|US|IT,3,20th Century Fox|Marv|Cloudy Productions|TSG Entertainment,34,40918.0520870944,65964000,0.11724024956553944,0.6042553191489362,0.27527064833961806,0.15786266704580657,0.14054171395130272,0.5387755102040817
45612,Source Code,Source Code,en,English,2011-03-30,2011,3,2010,Thriller|Science Fiction|Mystery,Thriller,3,16.0406,7.311,9406,Good,Very High,32000000.0,147332697.0,True,True,115332697.0,3.60414678125,93.0,US,US|FR,1,The Mark Gordon Company|Summit Entertainment|Vendôme Production,31,50024.8812320773,311839461,0.11711489701148119,0.683191489361702,0.22761221262620118,0.04857303479508211,0.050392443372399134,0.34285714285714286
645710,The Voyeurs,The Voyeurs,en,English,2021-08-25,2021,8,2020,Thriller,Thriller,1,16.0026,6.543,1276,Good,Very High,,,False,False,,,117.0,US,US,4,Divide / Conquer,50,71441.2319805947,332100166,0.11657360189168403,0.5197872340425532,0.029826055224425253,,,0.44081632653061226
45243,The Hangover Part II,The Hangover Part II,en,English,2011-05-25,2011,5,2010,Comedy,Comedy,1,15.992,6.512,11534,Good,Very High,80000000.0,586764305.0,True,True,506764305.0,6.3345538125,102.0,US,US,2,Legendary Pictures|Green Hat Films|Warner Bros. Pictures,49,50024.8812320773,311839461,0.11642260904247745,0.513191489361702,0.2793820703077485,0.12143278962889842,0.20069196225162608,0.3795918367346939
162,Edward Scissorhands,Edward Scissorhands,en,English,1990-12-07,1990,12,1990,Fantasy|Drama|Romance,Fantasy,3,15.9789,7.72,14032,Good,Very High,20000000.0,86024005.0,True,True,66024005.0,3.30120025,105.0,US,US,1,20th Century Fox,15,23888.6000088133,249623000,0.11623600467223157,0.7702127659574467,0.3401532660260309,0.03035809608662804,0.029422930158150076,0.39183673469387753
337404,Cruella,Cruella,en,English,2021-05-26,2021,5,2020,Comedy|Crime|Family,Comedy,3,15.9241,7.965,10297,Good,Very High,200000000.0,233503234.0,True,True,33503234.0,0.16751617,134.0,US,US,2,Walt Disney Pictures|Gunn Films|Marc Platt Productions,105,71441.2319805947,332100166,0.1154554001310504,0.8223404255319148,0.24928840773628513,0.3035821767134392,0.07986549450681964,0.5102040816326531
675353,Sonic the Hedgehog 2,Sonic the Hedgehog 2,en,English,2022-03-30,2022,3,2020,Action|Adventure|Family|Comedy,Action,4,15.9071,7.417,6015,Good,Very High,110000000.0,405421518.0,True,True,295421518.0,2.6856501636363634,123.0,JP,JP|US,1,Original Film|Blur Studio|Marza Animation Planet|Paramount Pictures|SEGA|SEGA of America,73,35548.2645222433,125124989,0.11521324178798326,0.7057446808510637,0.14511616591655516,0.1669701364000336,0.13866698921345963,0.46530612244897956
695721,The Hunger Games: The Ballad of Songbirds & Snakes,The Hunger Games: The Ballad of Songbirds & Snakes,en,English,2023-11-15,2023,11,2020,Science Fiction|Action,Science Fiction,2,15.8717,6.953,3670,Good,Very High,100000000.0,337371917.0,True,True,237371917.0,2.37371917,157.0,DE,DE|US,1,Lionsgate|Color Force|about:blank|Studio Babelsberg,32,54776.7668235491,83287273,0.11470898265006697,0.6070212765957447,0.08806714511616591,0.1517910208096552,0.11539187175713099,0.6040816326530613
100402,Captain America: The Winter Soldier,Captain America: The Winter Soldier,en,English,2014-03-20,2014,3,2010,Action|Adventure|Science Fiction,Action,3,15.8522,7.7,20458,Good,Very High,170000000.0,714766572.0,True,True,544766572.0,3.2045092470588235,136.0,US,US,1,Marvel Studios,118,55153.3940182967,319257560,0.11443121278596052,0.7659574468085105,0.49648461257754534,0.258044829942304,0.24447278910910228,0.5183673469387755
7131,Van Helsing,Van Helsing,en,English,2004-05-03,2004,5,2000,Horror|Adventure|Action,Horror,3,15.8413,6.426,6846,Mixed,Very High,160000000.0,300257475.0,True,True,140257475.0,0.87660921875,132.0,CZ,CZ|US,2,Universal Pictures|The Sommers Company|Stillking Films,47,11782.5546676117,10197101,0.11427594655422925,0.4948936170212766,0.1653326845882496,0.24286571435192558,0.10269755784225446,0.5020408163265306
493529,Dungeons & Dragons: Honor Among Thieves,Dungeons & Dragons: Honor Among Thieves,en,English,2023-03-23,2023,3,2020,Adventure|Fantasy|Comedy,Adventure,3,15.8344,7.359,4917,Good,Very High,151000000.0,208200000.0,True,True,57200000.0,0.37880794701986753,134.0,CA,CA|US,1,Entertainment One|Paramount Pictures,31,54847.5370112652,40049088,0.11417765875616079,0.6934042553191488,0.11840408709402749,0.22920451032058503,0.07121098757774935,0.5102040816326531
77,Memento,Memento,en,English,2000-10-11,2000,10,2000,Mystery|Thriller,Mystery,2,15.8196,8.173,16750,Excellent,Very High,9000000.0,40060108.0,True,True,31060108.0,3.451123111111111,113.0,US,US,1,Newmarket Films|Summit Entertainment|Team Todd|I Remember Productions,61,36329.9702595751,282162411,0.11396683855160819,0.866595744680851,0.4062766086850748,0.013661068937211803,0.013701822529236993,0.42448979591836733
1579,Apocalypto,Apocalypto,en,English,2006-12-07,2006,12,2000,Action|Drama|History,Action,3,15.8025,7.7,6663,Good,Very High,40000000.0,120654337.0,True,True,80654337.0,2.016358425,138.0,GB,GB|US,0,Icon Entertainment International|Icon Productions|Touchstone Pictures,75,44695.161023424,60846820,0.1137232557476995,0.7659574468085105,0.16088067145116167,0.06071632726738483,0.041267599825671804,0.5265306122448979
615777,Babylon,Babylon,en,English,2022-12-22,2022,12,2020,Drama|Comedy,Drama,2,15.7794,7.336,3922,Good,Very High,78000000.0,65267446.0,True,True,-12732554.0,-0.16323787179487179,189.0,US,US,5,Paramount Pictures|Marc Platt Productions|C2 Motion Picture Group|Organism Pictures|Wild Chickens Productions,37,78008.6895811877,333996304,0.1133942052932965,0.6885106382978723,0.09419778615740178,0.11839696651082274,0.02232352999099531,0.7346938775510204
242582,Nightcrawler,Nightcrawler,en,English,2014-10-23,2014,10,2010,Crime|Drama|Thriller,Crime,3,15.7709,7.7,12048,Good,Very High,8500000.0,47425835.0,True,True,38925835.0,4.57951,118.0,US,US,1,Sierra/Affinity|Bold Films,40,55153.3940182967,319257560,0.11327312612176291,0.7659574468085105,0.2918866317966184,0.012902113157692883,0.016221134304132648,0.4448979591836735
929590,Civil War,Civil War,en,English,2024-04-10,2024,4,2020,War|Action|Drama,War,3,15.7442,6.845,4558,Good,Very High,50000000.0,126542249.0,True,True,76542249.0,1.53084498,109.0,FI,FI|GB|US,1,DNA Films|IPR.VC|A24,27,53155.5451165897,5619911,0.11289279507706332,0.5840425531914892,0.10967035640433037,0.07589544285776323,0.043281452094585574,0.40816326530612246
270946,Penguins of Madagascar,Penguins of Madagascar,en,English,2014-11-22,2014,11,2010,Family|Animation|Adventure|Comedy,Family,4,15.7362,6.546,4575,Good,Very High,132000000.0,373515621.0,True,True,241515621.0,1.8296637954545454,92.0,US,US,1,DreamWorks Animation|Pacific Data Images,28,55153.3940182967,319257560,0.11277883820973762,0.5204255319148936,0.11008393139520739,0.20036419069886607,0.12775416255008915,0.33877551020408164
363088,Ant-Man and the Wasp,Ant-Man and the Wasp,en,English,2018-07-04,2018,7,2010,Action|Adventure|Science Fiction,Action,3,15.7062,6.9,14488,Good,Very High,140000000.0,622674139.0,True,True,482674139.0,3.4476724214285714,119.0,US,US,1,Marvel Studios,50,62875.6661382728,328529577,0.11235149995726619,0.5957446808510638,0.35124680695779104,0.2125074831711688,0.21297426210210227,0.4489795918367347
308266,War Dogs,War Dogs,en,English,2016-08-18,2016,8,2010,Comedy|Crime|Drama,Comedy,3,15.6965,6.948,5683,Good,Very High,50000000.0,86234523.0,True,True,36234523.0,0.72469046,114.0,US,US,4,The Mark Gordon Company|Joint Effort|RatPac Entertainment|Warner Bros. Pictures,29,57976.628204291,324353340,0.11221332725563375,0.6059574468085107,0.1370392896241333,0.07589544285776323,0.02949493397749167,0.42857142857142855
460465,Mortal Kombat,Mortal Kombat,en,English,2021-04-07,2021,4,2020,Action|Fantasy|Adventure,Action,3,15.6824,7.036,7038,Good,Very High,20000000.0,84426031.0,True,True,64426031.0,3.22130155,110.0,US,US,3,Atomic Monster|Broken Road Productions|New Line Cinema,44,71441.2319805947,332100166,0.11201247827697215,0.6246808510638296,0.17000364919109598,0.03035809608662804,0.028876372470880766,0.4122448979591837
38055,Megamind,Megamind,en,English,2010-10-28,2010,10,2010,Animation|Action|Comedy|Family|Science Fiction,Animation,5,15.6645,7.04,7683,Good,Very High,130000000.0,321885765.0,True,True,191885765.0,1.4760443461538462,96.0,US,US,1,DreamWorks Animation|Pacific Data Images,38,48642.6312088213,309378227,0.11175749978633087,0.6255319148936169,0.18569517090378299,0.1973283675807904,0.1100951176035459,0.3551020408163265
9738,Fantastic Four,Fantastic Four,en,English,2005-06-29,2005,6,2000,Action|Fantasy|Science Fiction,Action,3,15.6613,5.811,10214,Mixed,Very High,100000000.0,333535934.0,True,True,233535934.0,2.33535934,106.0,DE,DE|US,1,Kumar Mobiliengesellschaft & Company Projekt Nr. 3|1492 Pictures|Marvel Enterprises|20th Century Fox|Bernd Eichinger Productions|Constantin Film,59,35084.4363546269,82469422,0.1117119170394006,0.3640425531914893,0.24726918866317965,0.1517910208096552,0.11407984415412595,0.39591836734693875
44214,Black Swan,Black Swan,en,English,2010-12-03,2010,12,2010,Drama|Thriller|Horror,Drama,3,15.6569,7.683,15870,Good,Very High,13000000.0,329398046.0,True,True,316398046.0,24.338311230769232,108.0,US,US,3,Fox Searchlight Pictures|Cross Creek Pictures|Protozoa Pictures|Phoenix Pictures|Dune Entertainment,20,48642.6312088213,309378227,0.11164924076237144,0.7623404255319147,0.38486802092202893,0.019732715173363162,0.11266455548518677,0.40408163265306124
1244492,Look Back,ルックバック,ja,Japanese,2024-06-28,2024,6,2020,Animation|Drama,Animation,2,15.634,8.177,665,Excellent,Very High,,25198872.0,False,True,,,58.0,JP,JP,1,Studio Durian|avex pictures|Shueisha,53,33797.1014287876,123975371,0.11132303922965159,0.867446808510638,0.014961683493492276,,0.008618809427569879,0.2
4951,10 Things I Hate About You,10 Things I Hate About You,en,English,1999-03-30,1999,3,1990,Comedy|Romance|Drama,Comedy,3,15.6313,7.596,9142,Good,Very High,16000000.0,53478166.0,True,True,37478166.0,2.342385375,97.0,US,US,2,Mad Chance|Jaret Entertainment,72,34515.3813073394,279040000,0.11128457878692914,0.7438297872340425,0.22118963629728744,0.02428644985047668,0.0182912230752568,0.35918367346938773
9470,Kung Fu Hustle,功夫,cn,Cantonese,2004-02-10,2004,2,2000,Action|Comedy|Crime|Fantasy,Action,4,15.6296,7.5,3325,Good,Very High,20000000.0,102034104.0,True,True,82034104.0,4.1017052,99.0,CN,CN|HK,1,Huayi Brothers & Taihe Film Investment|Star Overseas|Beijing Film Studio|CP Film Production Asia|China Film Group Corporation,55,1530.92726215723,1296075000,0.11126036295262243,0.7234042553191489,0.07967400559542635,0.03035809608662804,0.03489889076976997,0.3673469387755102
976573,Elemental,Elemental,en,English,2023-06-14,2023,6,2020,Animation|Comedy|Family|Romance,Animation,4,15.6116,7.594,5540,Good,Very High,200000000.0,496444308.0,True,True,296444308.0,1.48222154,102.0,US,US,1,Pixar,30,82586.7847707894,336755052,0.11100396000113956,0.7434042553191489,0.13356039411263837,0.3035821767134392,0.16979966445798803,0.3795918367346939
14,American Beauty,American Beauty,en,English,1999-09-15,1999,9,1990,Drama,Drama,1,15.5814,7.997,13342,Good,Very High,15000000.0,356296601.0,True,True,341296601.0,22.753106733333333,122.0,US,US,1,DreamWorks Pictures|Jinks/Cohen Company,26,34515.3813073394,279040000,0.110573772826985,0.8291489361702127,0.32336698698455174,0.02276853829143884,0.12186471269155327,0.46122448979591835
9297,Monster House,Monster House,en,English,2006-06-30,2006,6,2000,Animation|Comedy|Family|Fantasy|Horror,Animation,5,15.5803,6.711,4448,Good,Very High,75000000.0,140175006.0,True,True,65175006.0,0.86900008,91.0,US,US,1,ImageMovers|Amblin Entertainment,39,46301.9876485519,298379912,0.11055810375772769,0.5555319148936171,0.10699428293394964,0.11384323183370922,0.0479442864942845,0.3346938775510204
10775,Infernal Affairs,無間道,cn,Cantonese,2002-12-12,2002,12,2000,Drama|Action|Thriller|Crime|Mystery,Drama,5,15.575,7.805,1926,Good,Very High,6400000.0,8836958.0,True,True,2436958.0,0.3807746875,101.0,HK,HK,3,Media Asia Films|Basic Pictures,53,24665.8362318216,6744100,0.1104826073331244,0.7882978723404254,0.0456392166403114,0.009714498883713419,0.0030225169502583974,0.37551020408163266
7485,Shooter,Shooter,en,English,2007-03-22,2007,3,2000,Drama|Action|Thriller,Drama,3,15.5611,7.129,5620,Good,Very High,61000000.0,95700000.0,True,True,34700000.0,0.5688524590163935,124.0,US,US,1,Paramount Pictures|di Bonaventura Pictures|Grosvenor Park Impact Productions,98,48050.227412195,301231207,0.11028460727614597,0.6444680851063828,0.13550662936382435,0.09259247000717946,0.032732426713932214,0.46938775510204084
275,Fargo,Fargo,en,English,1996-03-08,1996,3,1990,Crime|Drama|Thriller,Crime,3,15.5499,7.849,9370,Good,Very High,7000000.0,60611975.0,True,True,53611975.0,7.658853571428572,98.0,GB,GB|US,1,PolyGram Filmed Entertainment|Working Title,96,24503.3829602903,58166950,0.11012506766188997,0.797659574468085,0.2267364067631675,0.010625245819136124,0.020731211553455437,0.363265306122449
19994,Jennifer's Body,Jennifer's Body,en,English,2009-09-18,2009,9,2000,Horror|Comedy,Horror,2,15.5396,6.007,4398,Mixed,Very High,16000000.0,31556061.0,True,True,15556061.0,0.9722538125,107.0,US,US,2,Fox Atomic|Dubiecki/Novick/Reitman Productions|Dune Entertainment,36,47194.9500893872,306771529,0.10997834819520812,0.40574468085106374,0.1057778859019584,0.02428644985047668,0.01079316928409689,0.4
915935,Anatomy of a Fall,Anatomie d'une chute,fr,French,2023-08-23,2023,8,2020,Thriller|Mystery|Crime,Thriller,3,15.5389,7.512,3473,Good,Very High,6600000.0,36000000.0,True,True,29400000.0,4.454545454545454,151.0,FR,FR,2,Les Films de Pierre|Les Films Pelléas|France 2 Cinéma|Auvergne-Rhône-Alpes Cinéma,20,44700.1384177544,68372286,0.10996837696931712,0.7259574468085105,0.08327454081012042,0.010018081195520986,0.012313137082199919,0.5795918367346938
2105,American Pie,American Pie,en,English,1999-07-09,1999,7,1990,Comedy|Romance,Comedy,2,15.5241,6.616,8553,Good,Very High,11000000.0,235483004.0,True,True,224483004.0,20.40754581818182,95.0,US,US,1,Zide-Perry Productions|Universal Pictures,45,34515.3813073394,279040000,0.10975755676476455,0.53531914893617,0.2068604792604306,0.01669689205528748,0.08054263851074282,0.3510204081632653
9769,Lolita,Lolita,en,English,1997-09-27,1997,9,1990,Drama,Drama,1,15.5026,7.097,2033,Good,Very High,62000000.0,1100000.0,True,True,-60900000.0,-0.9822580645161291,137.0,FR,FR|US,1,Pathé|Lolita Productions,43,24169.4008102822,59968066,0.10945129768382666,0.6376595744680851,0.04824230628877266,0.0941103815662173,0.000376232423113536,0.5224489795918368
670292,The Creator,The Creator,en,English,2023-09-27,2023,9,2020,Science Fiction|Action|Adventure,Science Fiction,3,15.4809,7.024,4165,Good,Very High,80000000.0,104272136.0,True,True,24272136.0,0.3034017,134.0,CA,CA|US,4,New Regency Pictures|Entertainment One|Regency Enterprises|Bad Dreams,55,54847.5370112652,40049088,0.10914218968120566,0.622127659574468,0.1001094757328792,0.12143278962889842,0.035664368552233705,0.5102040816326531
567609,Ready or Not,Ready or Not,en,English,2019-08-21,2019,8,2010,Horror|Comedy,Horror,2,15.4751,7.095,5869,Good,Very High,6000000.0,57615777.0,True,True,51615777.0,8.6026295,96.0,US,US,1,Mythology Entertainment|Vinson Films|Fox Searchlight Pictures|Radio Silence|TSG Entertainment,24,65227.9565911038,330226227,0.1090595709523945,0.6372340425531914,0.14156428658314074,0.009107334260098283,0.01970641700142835,0.3551020408163265
2501,The Bourne Identity,The Bourne Identity,en,English,2002-06-14,2002,6,2000,Action|Mystery|Thriller,Action,3,15.4593,7.486,10381,Good,Very High,60000000.0,214034224.0,True,True,154034224.0,2.567237066666667,119.0,US,US|DE|CZ,5,Universal Pictures|Hypnotic|Kalima Productions|Stillking Films|The Kennedy/Marshall Company,66,37997.7424300242,287625193,0.10883450613942623,0.7204255319148934,0.2513319547500304,0.09107455844814162,0.07320647685132395,0.4489795918367347
646385,Scream,Scream,en,English,2022-01-12,2022,1,2020,Horror|Mystery,Horror,2,15.431,6.7,4014,Good,Very High,24000000.0,138874789.0,True,True,114874789.0,4.786449541666666,114.0,US,US,1,Paramount Pictures|Project X Entertainment|Radio Silence|Spyglass Media Group,37,78008.6895811877,333996304,0.10843138372126149,0.5531914893617021,0.09643595669626566,0.036429742322779395,0.04749957112565632,0.42857142857142855
310,Bruce Almighty,Bruce Almighty,en,English,2003-05-23,2003,5,2000,Fantasy|Comedy,Fantasy,2,15.411,6.727,11729,Good,Very High,80000000.0,484592874.0,True,True,404592874.0,5.057410925,101.0,US,US,1,Pit Bull Productions|Spyglass Entertainment|Shady Acres Entertainment,54,39490.3023903176,290107933,0.1081464915529472,0.558936170212766,0.2841260187325143,0.12143278962889842,0.1657460989069435,0.37551020408163266
766507,Prey,Prey,en,English,2022-08-02,2022,8,2020,Thriller|Action|Science Fiction,Thriller,3,15.4079,7.649,7976,Good,Very High,65000000.0,,True,False,,,100.0,US,US,2,20th Century Studios|Davis Entertainment|Lawrence Gordon Productions,38,78008.6895811877,333996304,0.10810233326685849,0.7551063829787233,0.19282325751125168,0.09866411624333082,,0.37142857142857144
137,Groundhog Day,Groundhog Day,en,English,1993-02-11,1993,2,1990,Romance|Fantasy|Comedy,Romance,3,15.3935,7.636,9160,Good,Very High,14600000.0,71108778.0,True,True,56508778.0,3.8704642465753425,101.0,US,US,3,Columbia Pictures,37,26387.2937338171,259919000,0.1078972109056722,0.7523404255319148,0.2216275392288043,0.022161373667823704,0.024321450425553198,0.37551020408163266
1008042,Talk to Me,Talk to Me,en,English,2023-07-26,2023,7,2020,Horror,Horror,1,15.3839,7.14,3956,Good,Very High,4500000.0,91959188.0,True,True,87459188.0,19.43537511111111,95.0,AU,AU|GB,3,Causeway Films|Screen Australia|South Australian Film Corporation|Bankside Films|Head Gear Films|Metrol Technology,33,65058.3773146674,26659922,0.10776046266488135,0.6468085106382977,0.09502493613915582,0.006830466921541524,0.031452950605291345,0.3510204081632653
281338,War for the Planet of the Apes,War for the Planet of the Apes,en,English,2017-07-11,2017,7,2010,Drama|Science Fiction|War,Drama,3,15.3838,7.225,9951,Good,Very High,150000000.0,490719763.0,True,True,340719763.0,2.271465086666667,140.0,US,US,1,20th Century Fox|TSG Entertainment|Chernin Entertainment,79,60047.7190728307,326608609,0.10775903820403979,0.6648936170212765,0.24087094027490574,0.2276865987615472,0.16784168887398662,0.5346938775510204
339403,Baby Driver,Baby Driver,en,English,2017-06-28,2017,6,2010,Action|Crime,Action,2,15.3776,7.444,17184,Good,Very High,34000000.0,226945087.0,True,True,192945087.0,5.6748555,113.0,GB,GB|US,1,Big Talk Studios|Working Title Films|MRC,23,40918.0520870944,65964000,0.10767072163186232,0.7114893617021275,0.4168349349227588,0.051608857913157793,0.07762240065354532,0.42448979591836733
402,Basic Instinct,Basic Instinct,en,English,1992-03-20,1992,3,1990,Thriller|Mystery,Thriller,2,15.366,6.949,4531,Good,Very High,49000000.0,352927224.0,True,True,303927224.0,6.202596408163266,128.0,US,US|FR,1,Carolco Pictures|Le Studio Canal+,28,25418.9907763319,256514000,0.10750548417424005,0.6061702127659574,0.1090135020070551,0.07437753129872539,0.12071227910961865,0.4857142857142857
335988,Transformers: The Last Knight,Transformers: The Last Knight,en,English,2017-06-16,2017,6,2010,Action|Adventure|Science Fiction,Action,3,15.3646,6.065,6886,Mixed,Very High,217000000.0,605425157.0,True,True,388425157.0,1.7899776820276498,154.0,US,US,1,Paramount Pictures|di Bonaventura Pictures|Ian Bryce Productions|DeSanto/Murphy Productions|Hasbro,53,60047.7190728307,326608609,0.10748554172245804,0.4180851063829788,0.16630580221384259,0.3293866732170824,0.2070745642912055,0.5918367346938775
4982,American Gangster,American Gangster,en,English,2007-11-02,2007,11,2000,Drama|Crime,Drama,2,15.363,7.595,6228,Good,Very High,100000000.0,269755430.0,True,True,169755430.0,1.6975543,157.0,US,US,1,Film Rites|Imagine Entertainment|Universal Pictures|Relativity Media|Scott Free Productions,45,48050.227412195,301231207,0.1074627503489929,0.7436170212765956,0.15029801727283784,0.1517910208096552,0.09226489299777989,0.6040816326530613
294254,Maze Runner: The Scorch Trials,Maze Runner: The Scorch Trials,en,English,2015-09-09,2015,9,2010,Science Fiction|Action|Thriller|Adventure,Science Fiction,4,15.333,6.731,11238,Good,Very High,61000000.0,312296056.0,True,True,251296056.0,4.119607475409836,131.0,US,US,1,Temple Hill Entertainment|The Gotham Group|TSG Entertainment|20th Century Fox,57,56849.4697923159,321815121,0.10703541209652147,0.5597872340425532,0.2721809998783603,0.09259247000717946,0.10681513359089884,0.49795918367346936
399055,The Shape of Water,The Shape of Water,en,English,2017-12-01,2017,12,2010,Drama|Fantasy|Romance,Drama,3,15.321,7.231,13072,Good,Very High,19500000.0,195300000.0,True,True,175800000.0,9.015384615384615,123.0,US,US,2,Double Dare You|Fox Searchlight Pictures|Bull Productions|TSG Entertainment,41,60047.7190728307,326608609,0.10686447679553289,0.6661702127659573,0.31679844301179905,0.02959914030710912,0.06679877926536498,0.46530612244897956
374720,Dunkirk,Dunkirk,en,English,2017-07-19,2017,7,2010,War|Action|Drama,War,3,15.3209,7.451,17969,Good,Very High,150000000.0,549136737.0,True,True,399136737.0,2.66091158,107.0,GB,GB|US,3,Warner Bros. Pictures|Syncopy|RatPac Entertainment,43,40918.0520870944,65964000,0.10686305233469132,0.7129787234042552,0.4359323683250213,0.2276865987615472,0.18782214300322236,0.4
10191,How to Train Your Dragon,How to Train Your Dragon,en,English,2010-03-18,2010,3,2010,Fantasy|Adventure|Animation|Family,Fantasy,4,15.3176,7.9,14717,Good,Very High,165000000.0,495141736.0,True,True,330141736.0,2.000859006060606,98.0,US,US,1,DreamWorks Animation,67,48642.6312088213,309378227,0.10681604512691947,0.8085106382978723,0.3568179053643109,0.25045527214711477,0.16935414360481912,0.363265306122449
9016,Treasure Planet,Treasure Planet,en,English,2002-11-26,2002,11,2000,Science Fiction|Adventure|Animation|Family|Fantasy,Science Fiction,5,15.3167,7.577,4727,Good,Very High,140000000.0,109578115.0,True,True,-30421885.0,-0.21729917857142858,96.0,US,US,1,Walt Disney Pictures,38,37997.7424300242,287625193,0.10680322497934533,0.7397872340425531,0.11378177837246077,0.2125074831711688,0.03747918131573269,0.3551020408163265
1111873,Abigail,Abigail,en,English,2024-04-16,2024,4,2020,Horror|Thriller|Comedy,Horror,3,15.2764,6.645,2207,Good,Very High,28000000.0,43015969.0,True,True,15015969.0,0.5362846071428572,109.0,US,US,1,Project X Entertainment|Radio Silence|Universal Pictures|Vinson Films,63,86169.6641581917,340003797,0.10622916726019202,0.5414893617021275,0.05247536796010218,0.04250138855893076,0.014712820550512401,0.40816326530612246
122906,About Time,About Time,en,English,2013-09-04,2013,9,2010,Drama|Romance|Fantasy,Drama,3,15.2579,7.903,9497,Good,Very High,12000000.0,87100449.0,True,True,75100449.0,6.25837075,123.0,GB,GB|US,1,Universal Pictures|Relativity Media|Working Title,70,43607.6636827371,64138000,0.10596564200450129,0.8091489361702126,0.22982605522442526,0.01821480361432532,0.029791108077887773,0.46530612244897956
290250,The Nice Guys,The Nice Guys,en,English,2016-05-15,2016,5,2010,Comedy|Crime|Action,Comedy,3,15.2364,7.136,8909,Good,Very High,50000000.0,71261763.0,True,True,21261763.0,0.42523526,116.0,US,US,1,Silver Pictures|Waypoint Entertainment,20,57976.628204291,324353340,0.10565938292356343,0.6459574468085106,0.21552122612820826,0.07589544285776323,0.024373776137853208,0.43673469387755104
1232449,Young Hearts,Young Hearts,nl,Dutch,2024-10-26,2024,10,2020,Drama|Romance,Drama,2,15.1947,8.573,313,Excellent,Very High,,136344.0,False,True,,,99.0,BE,BE|NL,2,Polar Bear Films|Family Affair Films|Kwassa Films,28,56581.9375642531,11858610,0.10506538275262813,0.9517021276595744,0.006398248388273933,,4.663156935546877e-05,0.3673469387755102
36647,Blade,Blade,en,English,1998-08-21,1998,8,1990,Horror|Action,Horror,2,15.1845,6.853,6960,Good,Very High,45000000.0,131183530.0,True,True,86183530.0,1.9151895555555556,121.0,US,US,2,New Line Cinema|Amen Ra Films|Imaginary Forces,22,32853.6725949234,275854000,0.10492008774678784,0.5857446808510637,0.16810606982118964,0.06830588506257403,0.044868917102981826,0.45714285714285713
1562,28 Weeks Later,28 Weeks Later,en,English,2007-04-26,2007,4,2000,Horror|Thriller|Science Fiction,Horror,3,15.1751,6.591,5850,Good,Very High,15000000.0,72304846.0,True,True,57304846.0,3.8203230666666665,99.0,GB,GB|ES|US,1,DNA Films|Figment Films|UK Film Council|Fox Atomic|Koan|Sogecine|Dune Entertainment,69,50629.0799172887,61322463,0.10478618842768013,0.53,0.14110205571098405,0.02276853829143884,0.024730543539644434,0.3673469387755102
392044,Murder on the Orient Express,Murder on the Orient Express,en,English,2017-11-03,2017,11,2010,Mystery|Drama|Crime,Mystery,3,15.1628,6.706,10722,Good,Very High,55000000.0,352800000.0,True,True,297800000.0,5.414545454545454,114.0,US,US,5,The Mark Gordon Company|Genre Films|20th Century Fox|Scott Free Productions,17,60047.7190728307,326608609,0.10461097974416685,0.554468085106383,0.25962778250821067,0.08348500065295243,0.12066876447470898,0.42857142857142855
615656,Meg 2: The Trench,Meg 2: The Trench,en,English,2023-08-02,2023,8,2020,Action|Science Fiction|Horror,Action,3,15.1533,6.361,4107,Mixed,High,129000000.0,398500317.0,True,True,269500317.0,2.0891497441860465,116.0,CN,CN|US,1,Apelles Entertainment|Warner Bros. Pictures|di Bonaventura Pictures|CMC Pictures|Onaroll Productions|DF Pictures,35,12951.1782397043,1410710000,0.10447565596421754,0.48106382978723394,0.09869845517576938,0.19581045602175257,0.13629971940075553,0.43673469387755104
4588,"Lust, Caution",色‧戒,zh,Mandarin,2007-09-24,2007,9,2000,Action|Drama|Romance|Thriller,Action,4,15.1302,7.3,841,Good,High,15000000.0,67100000.0,True,True,52100000.0,3.473333333333333,158.0,CN,CN|HK|TW|US,4,River Road Entertainment|Haishang Films|Focus Features|Sil-Metropole Organisation|Shanghai Film Group|Edko Films,41,2734.72709877693,1317885000,0.10414660550981454,0.6808510638297871,0.019243401046101446,0.02276853829143884,0.02295032146321959,0.6081632653061224
41630,No Strings Attached,No Strings Attached,en,English,2011-01-21,2011,1,2010,Comedy|Romance,Comedy,2,15.1067,6.298,5074,Mixed,High,25000000.0,149200000.0,True,True,124200000.0,4.968,107.0,US,US,1,Katalyst Films|The Montecito Picture Company|Handsomecharlie Films,40,50024.8812320773,311839461,0.10381185721204524,0.4676595744680851,0.12222357377448,0.037947653881817235,0.051031120102503026,0.4
438148,Minions: The Rise of Gru,Minions: The Rise of Gru,en,English,2022-06-29,2022,6,2020,Animation|Comedy|Science Fiction|Crime|Family,Animation,5,15.09,7.261,4173,Good,High,85000000.0,940203765.0,True,True,855203765.0,10.061220764705883,87.0,US,US,1,Universal Pictures|Illumination,30,78008.6895811877,333996304,0.1035739722515028,0.6725531914893617,0.10030409925799781,0.1290223474240876,0.3215794446808231,0.3183673469387755
254128,San Andreas,San Andreas,en,English,2015-05-27,2015,5,2010,Action|Drama|Thriller,Action,3,15.0688,6.251,9200,Mixed,High,110000000.0,473990832.0,True,True,363990832.0,3.3090075636363636,114.0,CA,CA|US|AU,1,New Line Cinema|Village Roadshow Pictures|Flynn Picture Company|Warner Bros. Pictures,26,43594.2379080706,35704498,0.10327198655308965,0.45765957446808514,0.22260065685439728,0.1669701364000336,0.16211986496580796,0.42857142857142855
335787,Uncharted,Uncharted,en,English,2022-02-10,2022,2,2020,Action|Adventure|Mystery,Action,3,15.0522,6.872,7149,Good,High,120000000.0,407141258.0,True,True,287141258.0,2.392843816666667,116.0,US,US,2,Columbia Pictures|Atlas Entertainment|PlayStation Productions|Arad Productions,34,78008.6895811877,333996304,0.10303552605338878,0.5897872340425531,0.17270405060211652,0.18214925199041201,0.13925519472688133,0.43673469387755104
38575,The Karate Kid,The Karate Kid,en,English,2010-06-10,2010,6,2010,Action|Adventure|Drama|Family,Action,4,15.0514,6.566,6706,Good,High,40000000.0,359126022.0,True,True,319126022.0,7.97815055,140.0,CN,CN|HK|US,2,Jerry Weintraub Productions|Columbia Pictures|Overbrook Entertainment|Emperor Motion Pictures|China Film Group Corporation,106,4629.24551710077,1337705000,0.10302413036665621,0.5246808510638297,0.16192677289867413,0.06071632726738483,0.12283246423073427,0.5346938775510204
150689,Cinderella,Cinderella,en,English,2015-03-06,2015,3,2010,Romance|Fantasy|Family|Drama,Romance,4,15.0509,6.824,7509,Good,High,95000000.0,543514353.0,True,True,448514353.0,4.721203715789474,105.0,GB,GB|US,1,Walt Disney Pictures|Genre Films|Beagle Pug Films|Allison Shearmur Productions,39,45256.040227057,65087000,0.10301700806244837,0.5795744680851063,0.18146210923245348,0.144201463014466,0.18589910971483348,0.39183673469387753
489988,Three Identical Strangers,Three Identical Strangers,en,English,2018-06-29,2018,6,2010,Documentary,Documentary,1,15.0369,7.296,839,Good,High,,1041955.0,False,True,,,97.0,GB,GB,2,RAW,48,43704.3162296687,66287000,0.10281758354462835,0.6799999999999999,0.019194745164821798,,0.000356379195866067,0.35918367346938773
251,Ghost,Ghost,en,English,1990-07-13,1990,7,1990,Fantasy|Romance|Thriller,Fantasy,3,15.0124,7.247,6201,Good,High,22000000.0,505000000.0,True,True,483000000.0,21.954545454545453,127.0,US,US,1,Paramount Pictures|Howard W. Koch Productions,24,23888.6000088133,249623000,0.10246859063844334,0.6695744680851062,0.1496411628755626,0.03339391920470372,0.17272598192780203,0.4816326530612245
70981,Prometheus,Prometheus,en,English,2012-05-30,2012,5,2010,Science Fiction|Mystery|Horror,Science Fiction,3,15.009,6.61,13627,Good,High,130000000.0,403354469.0,True,True,273354469.0,2.1027266846153845,124.0,US,US|GB,2,Dune Entertainment|20th Century Fox|Brandywine Productions|Scott Free Productions,41,51708.3940614082,314339099,0.10242015896982992,0.5340425531914894,0.33030045006690184,0.1973283675807904,0.1379599930289708,0.46938775510204084
245891,John Wick,John Wick,en,English,2014-10-16,2014,10,2010,Action|Thriller,Action,2,15.0085,7.463,21326,Good,High,20000000.0,86085191.0,True,True,66085191.0,3.30425955,101.0,US,US,3,87Eleven|DefyNite Films|MJW Films|Thunder Road,17,55153.3940182967,319257560,0.10241303666562206,0.715531914893617,0.5176012650529133,0.03035809608662804,0.029443857706816862,0.37551020408163266
50014,The Help,The Help,en,English,2011-08-09,2011,8,2010,Drama,Drama,1,15.003,8.205,9270,Excellent,High,25000000.0,216600000.0,True,True,191600000.0,7.664,146.0,US,US,1,1492 Pictures|Harbinger Pictures,101,50024.8812320773,311839461,0.10233469131933563,0.8734042553191488,0.224303612699185,0.037947653881817235,0.07408405345558103,0.5591836734693878
420809,Maleficent: Mistress of Evil,Maleficent: Mistress of Evil,en,English,2019-10-16,2019,10,2010,Family|Fantasy|Adventure,Family,3,14.9996,7.292,6608,Good,High,185000000.0,491730089.0,True,True,306730089.0,1.6580004810810811,119.0,US,US,1,Walt Disney Pictures|Roth Films,33,65227.9565911038,330226227,0.10228625965072219,0.6791489361702127,0.1595426347159713,0.2808135033278716,0.16818725234494925,0.4489795918367347
2123,"Me, Myself & Irene","Me, Myself & Irene",en,English,2000-06-22,2000,6,2000,Comedy,Comedy,1,14.9662,6.629,4382,Good,High,51000000.0,149270999.0,True,True,98270999.0,1.9268823333333334,117.0,US,US,2,Conundrum Entertainment|20th Century Fox,44,36329.9702595751,282162411,0.10181048972963734,0.5380851063829786,0.1053886388517212,0.07741335441680107,0.051055404007772094,0.44081632653061226
1933,The Others,The Others,en,English,2001-08-02,2001,8,2000,Horror|Mystery|Thriller,Horror,3,14.9334,7.6,7405,Good,High,17000000.0,210002906.0,True,True,193002906.0,11.35311211764706,101.0,ES,ES|US|FR,1,Cruise/Wagner Productions|Sogecine|Las Producciones del Escorpión,53,15368.2337984435,40850412,0.1013432665736019,0.7446808510638296,0.1789320034059117,0.02580436140951452,0.07182763849555149,0.37551020408163266
464052,Wonder Woman 1984,Wonder Woman 1984,en,English,2020-12-16,2020,12,2020,Action|Adventure|Fantasy,Action,3,14.9292,6.351,9253,Mixed,High,200000000.0,169601036.0,True,True,-30398964.0,-0.15199482,151.0,US,US,1,Warner Bros. Pictures|The Stone Quarry|DC Films|Atlas Entertainment,24,64465.2971415748,331578104,0.10128343921825589,0.4789361702127659,0.22389003770830798,0.3035821767134392,0.058008920150600135,0.5795918367346938
296,Terminator 3: Rise of the Machines,Terminator 3: Rise of the Machines,en,English,2003-07-02,2003,7,2000,Action|Thriller|Science Fiction,Action,3,14.9259,6.204,7475,Mixed,High,200000000.0,435000000.0,True,True,235000000.0,1.175,109.0,DE,DE|GB|US,1,Intermedia Films|IMF Internationale Medien und Film 3 & Produktions|C2 Pictures|Mostow/Lieberman Productions,61,30711.1022511331,82534176,0.10123643201048403,0.447659574468085,0.18063495925069942,0.3035821767134392,0.1487837662792047,0.40816326530612246
412117,The Secret Life of Pets 2,The Secret Life of Pets 2,en,English,2019-05-24,2019,5,2010,Animation|Comedy|Family|Adventure,Animation,4,14.9224,6.948,3412,Good,High,80000000.0,429434163.0,True,True,349434163.0,4.3679270375,86.0,US,US,1,Universal Pictures|Illumination,68,65227.9565911038,330226227,0.10118657588102903,0.6059574468085107,0.0817905364310911,0.12143278962889842,0.14688007385464838,0.3142857142857143
561,Constantine,Constantine,en,English,2005-02-08,2005,2,2000,Fantasy|Action|Horror,Fantasy,3,14.9045,7.207,8537,Good,High,100000000.0,230900000.0,True,True,130900000.0,1.309,121.0,DE,DE|US,4,Village Roadshow Pictures|Lonely Film Productions|The Donners' Company|Batfilm Productions|Weed Road Pictures|Warner Bros. Pictures|3 Arts Entertainment|DC Vertigo,45,35084.4363546269,82469422,0.10093159739038775,0.661063829787234,0.2064712322101934,0.1517910208096552,0.07897510608093734,0.45714285714285713
2668,Sleepy Hollow,Sleepy Hollow,en,English,1999-11-19,1999,11,1990,Fantasy|Thriller|Mystery|Horror,Fantasy,4,14.8796,7.195,7568,Good,High,100000000.0,206071526.0,True,True,106071526.0,1.06071526,105.0,US,US,1,Paramount Pictures|Mandalay Pictures|American Zoetrope|Karol Film Productions|Scott Rudin Productions|Tim Burton Productions,38,34515.3813073394,279040000,0.10057690664083645,0.6585106382978724,0.18289745773020313,0.1517910208096552,0.07048298209902888,0.39183673469387753
302946,The Accountant,The Accountant,en,English,2016-10-13,2016,10,2010,Crime|Thriller|Drama,Crime,3,14.8777,7.14,7581,Good,High,44000000.0,155160045.0,True,True,111160045.0,2.526364659090909,128.0,US,US,1,Zero Gravity Management|Electric City Entertainment|RatPac Entertainment|Warner Bros. Pictures,26,57976.628204291,324353340,0.1005498418848466,0.6468085106382977,0.18321372095852087,0.06678797350353619,0.053069644140579374,0.4857142857142857
459151,The Boss Baby: Family Business,The Boss Baby: Family Business,en,English,2021-07-01,2021,7,2020,Animation|Comedy|Adventure|Family,Animation,4,14.8739,7.324,2724,Good,High,82000000.0,146745280.0,True,True,64745280.0,0.7895765853658536,107.0,US,US,1,DreamWorks Animation,49,71441.2319805947,332100166,0.10049571237286688,0.6859574468085106,0.06505291327089162,0.1244686127469741,0.0501915281654041,0.4
697843,Extraction 2,Extraction 2,en,English,2023-06-09,2023,6,2020,Action|Thriller|Crime,Action,3,14.8186,7.385,3048,Good,High,65000000.0,,True,False,,,122.0,US,US,4,AGBO|TGIM Films|Wild State,24,82586.7847707894,336755052,0.09970798552747785,0.6989361702127659,0.07293516603819487,0.09866411624333082,,0.46122448979591835
102651,Maleficent,Maleficent,en,English,2014-05-28,2014,5,2010,Fantasy|Adventure|Action|Family|Romance,Fantasy,5,14.8077,7.089,13932,Good,High,180000000.0,758539785.0,True,True,578539785.0,3.2141099166666667,97.0,US,US,1,Walt Disney Pictures|Roth Films,105,55153.3940182967,319257560,0.09955271929574656,0.6359574468085106,0.3377204719620484,0.27322394553268237,0.25944461347021636,0.35918367346938773
526896,Morbius,Morbius,en,English,2022-03-30,2022,3,2020,Action|Science Fiction|Fantasy,Action,3,14.8056,5.902,4991,Mixed,High,75000000.0,167635712.0,True,True,92635712.0,1.2351428266666666,105.0,US,US,4,Columbia Pictures|Matt Tolmach Productions|Arad Productions,44,78008.6895811877,333996304,0.09952280561807356,0.38340425531914896,0.12020435470137453,0.11384323183370922,0.05733671713592351,0.39183673469387753
19404,Dilwale Dulhania Le Jayenge,दिलवाले दुल्हनिया ले जायेंगे,hi,Hindi,1995-10-20,1995,10,1990,Comedy|Drama|Romance,Comedy,3,14.7842,8.5,4621,Excellent,High,13200000.0,100000000.0,True,True,86800000.0,6.575757575757576,190.0,IN,IN,1,Yash Raj Films,70,375.17600537305,960301044,0.09921797099797727,0.9361702127659574,0.11120301666463933,0.020036297485170728,0.03420316281806034,0.7387755102040816
335977,Indiana Jones and the Dial of Destiny,Indiana Jones and the Dial of Destiny,en,English,2023-06-25,2023,6,2020,Adventure|Action,Adventure,2,14.7709,6.496,4350,Mixed,High,294700000.0,383963057.0,True,True,89263057.0,0.30289466236851037,155.0,US,US,5,Lucasfilm Ltd.,64,82586.7847707894,336755052,0.09902851770604824,0.5097872340425532,0.1046101447512468,0.4473284013543226,0.13132751634561654,0.5959183673469388
27578,The Expendables,The Expendables,en,English,2010-08-07,2010,8,2010,Thriller|Adventure|Action,Thriller,3,14.7337,6.252,8463,Mixed,High,80000000.0,274470394.0,True,True,194470394.0,2.430879925,103.0,US,US|BG|DE,2,Nimar Studios|Rogue Marble|Millennium Media|Lionsgate|Nu Image Entertainment,77,48642.6312088213,309378227,0.09849861827298369,0.4578723404255318,0.20467096460284637,0.12143278962889842,0.0938775599243995,0.3836734693877551
976893,Perfect Days,PERFECT DAYS,ja,Japanese,2023-11-10,2023,11,2020,Drama,Drama,1,14.7251,7.821,2052,Good,High,14000000.0,24094016.0,True,True,10094016.0,0.7210011428571429,124.0,DE,DE|JP,2,Master Mind|Wenders Images,40,54776.7668235491,83287273,0.09837611464060853,0.7917021276595743,0.048704537160929325,0.021250626732401,0.00824091370453207,0.46938775510204084
168259,Furious 7,Furious 7,en,English,2015-04-01,2015,4,2010,Action|Crime|Thriller,Action,3,14.7204,7.212,11485,Good,High,190000000.0,1515400000.0,True,True,1325400000.0,6.975789473684211,138.0,US,US,4,Original Film|One Race|Universal Pictures,14,56849.4697923159,321815121,0.09830916498105467,0.662127659574468,0.27819000121639703,0.2884030611230608,0.5183147632326983,0.5265306122448979
98566,Teenage Mutant Ninja Turtles,Teenage Mutant Ninja Turtles,en,English,2014-08-07,2014,8,2010,Science Fiction|Action|Adventure|Comedy,Science Fiction,4,14.7089,5.932,7313,Mixed,High,125000000.0,485004754.0,True,True,360004754.0,2.880038032,101.0,US,US,2,Platinum Dunes|Gama Entertainment Partners|Heavy Metal|Mednick Productions,22,55153.3940182967,319257560,0.09814535198427395,0.3897872340425533,0.17669383286704782,0.1897388097856012,0.16588697490381984,0.37551020408163266
8835,Legally Blonde,Legally Blonde,en,English,2001-07-13,2001,7,2000,Comedy,Comedy,1,14.7012,6.815,4718,Good,High,18000000.0,141778365.0,True,True,123778365.0,6.876575833333334,96.0,US,US,2,Metro-Goldwyn-Mayer|Marc Platt Productions,60,37133.6203973517,284968955,0.09803566849947296,0.5776595744680851,0.11356282690670234,0.027322272968552358,0.04849268602200049,0.3551020408163265
157350,Divergent,Divergent,en,English,2014-03-14,2014,3,2010,Action|Adventure|Science Fiction,Action,3,14.7006,6.9,13714,Good,High,85000000.0,288885818.0,True,True,203885818.0,2.398656682352941,140.0,US,US,1,Summit Entertainment|Red Wagon Entertainment,46,55153.3940182967,319257560,0.09802712173442352,0.5957446808510638,0.3324169809025666,0.1290223474240876,0.09880809121117043,0.5346938775510204
63,Twelve Monkeys,Twelve Monkeys,en,English,1995-12-29,1995,12,1990,Science Fiction|Thriller|Mystery,Science Fiction,3,14.6943,7.613,9386,Good,High,29000000.0,168841459.0,True,True,139841459.0,4.822119275862069,129.0,US,US,2,Universal Pictures|Atlas Entertainment|Classico|Twelve Monkeys Productions,95,28690.8757013347,266278000,0.09793738070140452,0.7474468085106383,0.2271256538134047,0.0440193001179686,0.05774912077437564,0.4897959183673469
87827,Life of Pi,Life of Pi,en,English,2012-11-20,2012,11,2010,Adventure|Drama,Adventure,2,14.6935,7.413,14006,Good,High,120000000.0,609016565.0,True,True,489016565.0,4.0751380416666665,127.0,US,US,5,Fox 2000 Pictures|Dune Entertainment|Ingenious Media|Haishang Films|Netter Productions|Big Screen Productions,36,51708.3940614082,314339099,0.09792598501467195,0.7048936170212766,0.33952073956939544,0.18214925199041201,0.2083029395028926,0.4816326530612245
399579,Alita: Battle Angel,Alita: Battle Angel,en,English,2019-01-31,2019,1,2010,Action|Science Fiction|Adventure,Action,3,14.6887,7.275,10378,Good,High,170000000.0,405000000.0,True,True,235000000.0,1.3823529411764706,122.0,US,US,2,Troublemaker Studios|Lightstorm Entertainment|20th Century Fox|TSG Entertainment,49,65227.9565911038,330226227,0.09785761089427653,0.675531914893617,0.25125897092811095,0.258044829942304,0.13852281671552014,0.46122448979591835
15512,Monsters vs Aliens,Monsters vs Aliens,en,English,2009-03-19,2009,3,2000,Animation|Family|Adventure|Science Fiction,Animation,4,14.663,6.266,5123,Mixed,High,175000000.0,381509870.0,True,True,206509870.0,1.1800564,94.0,US,US,1,DreamWorks Animation,53,47194.9500893872,306771529,0.09749152445799265,0.4608510638297872,0.12341564286583141,0.2656343877374932,0.13048844874304033,0.3469387755102041
152601,Her,Her,en,English,2013-12-18,2013,12,2010,Romance|Science Fiction|Drama,Romance,3,14.6258,7.836,15624,Good,High,23000000.0,47351251.0,True,True,24351251.0,1.0587500434782608,126.0,US,US,1,Annapurna Pictures,65,53297.3862901595,316726282,0.09696162502492807,0.7948936170212766,0.37888334752463204,0.034911830763741554,0.01619562421539072,0.4775510204081633
35,The Simpsons Movie,The Simpsons Movie,en,English,2007-07-25,2007,7,2000,Animation|Comedy|Family,Animation,3,14.6163,7.024,8718,Good,High,75000000.0,527068851.0,True,True,452068851.0,6.02758468,87.0,US,US,1,Gracie Films|20th Century Fox,24,48050.227412195,301231207,0.09682630124497879,0.622127659574468,0.2108745894660017,0.11384323183370922,0.18027422749578434,0.3183673469387755
646380,Don't Look Up,Don't Look Up,en,English,2021-12-08,2021,12,2020,Comedy|Science Fiction|Drama,Comedy,3,14.6072,7.055,9670,Good,High,75000000.0,791863.0,True,True,-74208137.0,-0.9894418266666667,138.0,US,US,1,Hyperobject Industries,24,71441.2319805947,332100166,0.09669667530839578,0.628723404255319,0.23403478895511495,0.11384323183370922,0.00027083981592336694,0.5265306122448979
10830,Matilda,Matilda,en,English,1996-08-02,1996,8,1990,Comedy|Family|Fantasy,Comedy,3,14.5948,7.2,4947,Good,High,36000000.0,33500000.0,True,True,-2500000.0,-0.06944444444444445,98.0,US,US,1,Jersey Films|TriStar Pictures,70,29967.7127181749,269394000,0.0965200421640409,0.6595744680851063,0.11913392531322224,0.054644681031233475,0.01145805795189287,0.363265306122449
968051,The Nun II,The Nun II,en,English,2023-09-06,2023,9,2020,Horror,Horror,1,14.5907,6.627,2577,Good,High,38500000.0,269670590.0,True,True,231170590.0,6.004430909090909,110.0,US,US,5,New Line Cinema|Atomic Monster|The Safran Company,23,82586.7847707894,336755052,0.09646163926953648,0.537659574468085,0.06147670599683737,0.05843945992882807,0.09223587503241379,0.4122448979591837
1018,Mulholland Drive,Mulholland Drive,en,English,2001-06-06,2001,6,2000,Thriller|Drama|Mystery,Thriller,3,14.5668,7.8,7281,Good,High,15000000.0,20289986.0,True,True,5289986.0,0.35266573333333334,147.0,FR,FR|US,2,StudioCanal|Les Films Alain Sarde|Asymmetrical Productions|Babbo,46,22331.7948343036,61364377,0.09612119312840091,0.7872340425531913,0.17591533876657342,0.02276853829143884,0.006939815038907303,0.563265306122449
752623,The Lost City,The Lost City,en,English,2022-03-23,2022,3,2020,Action|Adventure|Comedy,Action,3,14.559,6.44,4123,Mixed,High,74000000.0,192907684.0,True,True,118907684.0,1.6068605945945946,112.0,US,US,5,Fortis Films|3dot Productions|Exhibit A,81,78008.6895811877,333996304,0.09601008518275832,0.49787234042553197,0.09908770222600657,0.11232532027467138,0.06598053147148512,0.4204081632653061
297,Meet Joe Black,Meet Joe Black,en,English,1998-11-12,1998,11,1990,Fantasy|Drama|Romance,Fantasy,3,14.5586,7.37,5941,Good,High,90000000.0,142940100.0,True,True,52940100.0,0.5882233333333333,178.0,US,US,2,Universal Pictures|City Light Films,61,32853.6725949234,275854000,0.09600438733939204,0.6957446808510638,0.14331589830920813,0.13661190521927682,0.04889003616337939,0.689795918367347
635302,Demon Slayer -Kimetsu no Yaiba- The Movie: Mugen Train,劇場版「鬼滅の刃」無限列車編,ja,Japanese,2020-10-16,2020,10,2020,Animation|Action|Fantasy,Animation,3,14.5287,8.227,4675,Excellent,High,15700000.0,523542183.0,True,True,507842183.0,32.34663585987261,117.0,JP,JP,1,ufotable|Aniplex|Shueisha|TOHO,62,41098.9739004553,126261000,0.09557847354776218,0.8780851063829787,0.11251672545918988,0.02383107638276533,0.17906799541325566,0.44081632653061226
82702,How to Train Your Dragon 2,How to Train Your Dragon 2,en,English,2014-06-05,2014,6,2010,Fantasy|Action|Adventure|Animation|Family,Fantasy,5,14.5141,7.7,10667,Good,High,145000000.0,621537519.0,True,True,476537519.0,3.286465648275862,102.0,US,US,1,DreamWorks Animation,87,55153.3940182967,319257560,0.09537050226489273,0.7659574468085105,0.25828974577302033,0.220097040966358,0.21258550208566643,0.3795918367346939
6477,Alvin and the Chipmunks,Alvin and the Chipmunks,en,English,2007-12-13,2007,12,2000,Comedy|Family|Fantasy|Animation,Comedy,4,14.5058,5.841,4826,Mixed,High,60000000.0,361366633.0,True,True,301366633.0,5.022777216666666,92.0,US,US,4,Fox 2000 Pictures|Regency Enterprises|Bagdasarian Productions|Dune Entertainment|20th Century Fox,26,48050.227412195,301231207,0.09525227201504231,0.37042553191489364,0.11619024449580342,0.09107455844814162,0.12359882411282884,0.33877551020408164
338953,Fantastic Beasts: The Secrets of Dumbledore,Fantastic Beasts: The Secrets of Dumbledore,en,English,2022-04-06,2022,4,2020,Fantasy|Adventure,Fantasy,2,14.5019,6.623,5248,Good,High,200000000.0,407200000.0,True,True,207200000.0,1.036,142.0,GB,GB|US,1,Warner Bros. Pictures|Heyday Films,57,47034.7795621476,67636000,0.095196718042221,0.5368085106382978,0.1264566354458095,0.3035821767134392,0.13927528635019032,0.5428571428571428
330459,Rogue One: A Star Wars Story,Rogue One: A Star Wars Story,en,English,2016-12-14,2016,12,2010,Action|Adventure|Science Fiction,Action,3,14.46,7.509,16752,Good,High,200000000.0,1056057273.0,True,True,856057273.0,4.280286365,133.0,US,US,1,Lucasfilm Ltd.,24,57976.628204291,324353340,0.09459986894960258,0.7253191489361702,0.4063252645663545,0.3035821767134392,0.3612050114262873,0.5061224489795918
332562,A Star Is Born,A Star Is Born,en,English,2018-10-03,2018,10,2010,Music|Drama|Romance,Music,3,14.441,7.5,12386,Good,High,36000000.0,436388866.0,True,True,400388866.0,11.121912944444444,136.0,US,US,1,Warner Bros. Pictures|Live Nation Studios|Metro-Goldwyn-Mayer|Peters Entertainment|Gerber Pictures|Joint Effort,66,62875.6661382728,328529577,0.09432922138970401,0.7234042553191489,0.3001094757328792,0.054644681031233475,0.1492588024117619,0.5183673469387755
346364,It,It,en,English,2017-09-06,2017,9,2010,Horror|Thriller|Drama,Horror,3,14.4134,7.2,20666,Good,High,35000000.0,719766009.0,True,True,684766009.0,19.564743114285715,135.0,US,US,1,New Line Cinema|Vertigo Entertainment|Lin Pictures|KatzSmith Productions,33,60047.7190728307,326608609,0.09393607019743026,0.6595744680851063,0.5015448242306288,0.053126769472195634,0.24618275480589624,0.5142857142857142
9737,Bad Boys,Bad Boys,en,English,1995-04-07,1995,4,1990,Action|Thriller|Crime|Comedy,Action,4,14.4051,6.832,7137,Good,High,19000000.0,141407024.0,True,True,122407024.0,6.442474947368421,119.0,US,US,1,Columbia Pictures|Don Simpson/Jerry Bruckheimer Films,60,28690.8757013347,266278000,0.09381783994757983,0.5812765957446807,0.17241211531443865,0.0288401845275902,0.04836567564626955,0.4489795918367347
353081,Mission: Impossible - Fallout,Mission: Impossible - Fallout,en,English,2018-07-25,2018,7,2010,Action|Adventure,Action,2,14.4048,7.451,9370,Good,High,178000000.0,824171374.0,True,True,646171374.0,3.630176258426966,147.0,US,US,2,Paramount Pictures|Bad Robot|Skydance Media|TC Productions,55,62875.6661382728,328529577,0.09381356656505513,0.7129787234042552,0.2267364067631675,0.2701881224146067,0.28189269428733216,0.563265306122449
608,Men in Black II,Men in Black II,en,English,2002-07-03,2002,7,2000,Action|Comedy|Science Fiction,Action,3,14.3942,6.39,10890,Mixed,High,140000000.0,445135288.0,True,True,305135288.0,2.1795377714285715,88.0,US,US,1,Columbia Pictures|Amblin Entertainment|Parkes+MacDonald Production,109,37997.7424300242,287625193,0.09366257371584855,0.48723404255319136,0.26371487653570125,0.2125074831711688,0.15225035557858527,0.3224489795918367
954,Mission: Impossible,Mission: Impossible,en,English,1996-05-22,1996,5,1990,Adventure|Action|Thriller,Adventure,3,14.3851,7.029,10254,Good,High,80000000.0,457696391.0,True,True,377696391.0,4.7212048875,111.0,US,US,3,Paramount Pictures|Cruise/Wagner Productions,56,29967.7127181749,269394000,0.09353294777926555,0.623191489361702,0.24824230628877267,0.12143278962889842,0.15654665039016016,0.4163265306122449
297761,Suicide Squad,Suicide Squad,en,English,2016-08-03,2016,8,2010,Action|Adventure|Fantasy,Action,3,14.3839,5.916,22414,Mixed,High,175000000.0,749200054.0,True,True,574200054.0,3.2811431657142855,122.0,US,US,3,Warner Bros. Pictures|RatPac Entertainment|DC Films|Atlas Entertainment,34,57976.628204291,324353340,0.0935158542491667,0.3863829787234043,0.5440700644690427,0.2656343877374932,0.2562501298459036,0.46122448979591835
10527,Madagascar: Escape 2 Africa,Madagascar: Escape 2 Africa,en,English,2008-10-30,2008,10,2000,Adventure|Animation|Comedy|Family,Adventure,4,14.3342,6.5,7595,Mixed,High,150000000.0,603900354.0,True,True,453900354.0,3.02600236,89.0,US,US,1,DreamWorks Animation|Pacific Data Images,71,48570.0594269601,304093966,0.09280789721090565,0.5106382978723404,0.18355431212747841,0.2276865987615472,0.20655303340195366,0.32653061224489793
501929,The Mitchells vs. the Machines,The Mitchells vs. the Machines,en,English,2021-04-22,2021,4,2020,Animation|Adventure|Comedy,Animation,3,14.3295,7.829,3489,Good,High,75000000.0,,True,False,,,110.0,HK,HK|US,1,Lord Miller|Columbia Pictures|Sony Pictures Animation|One Cool Films,26,49770.5642374739,7413100,0.0927409475513518,0.7934042553191488,0.08366378786035762,0.11384323183370922,,0.4122448979591837
37799,The Social Network,The Social Network,en,English,2010-10-01,2010,10,2010,Drama,Drama,1,14.3177,7.377,13501,Good,High,40000000.0,224920315.0,True,True,184920315.0,4.623007875,121.0,US,US,1,Columbia Pictures|Relativity Media|Scott Rudin Productions|Michael De Luca Productions|Trigger Street Productions,64,48642.6312088213,309378227,0.09257286117204638,0.6972340425531913,0.3272351295462839,0.06071632726738483,0.0769298645412133,0.45714285714285713
748783,The Garfield Movie,The Garfield Movie,en,English,2024-04-30,2024,4,2020,Adventure|Animation|Comedy|Family,Adventure,4,14.3142,6.952,1503,Good,High,60000000.0,254907482.0,True,True,194907482.0,3.2484580333333333,101.0,HK,HK|GB|US,1,Alcon Entertainment|DNEG|Wayfarer Studios|One Cool Group|Stage 6 Films|Andrews McMeel Entertainment|John Cohen Productions,50,54274.7547767073,7524100,0.09252300504259137,0.6068085106382978,0.03534849774966549,0.09107455844814162,0.08718642481270618,0.37551020408163266
4256,Scary Movie 3,Scary Movie 3,en,English,2003-10-24,2003,10,2000,Comedy,Comedy,1,14.2936,5.981,4659,Mixed,High,45000000.0,220673217.0,True,True,175673217.0,3.9038492666666667,84.0,US,US,1,Brad Grey Pictures|Dimension Films,25,39490.3023903176,290107933,0.09222956610922765,0.40021276595744676,0.11212747840895268,0.06830588506257403,0.07547722259554578,0.30612244897959184
116745,The Secret Life of Walter Mitty,The Secret Life of Walter Mitty,en,English,2013-12-18,2013,12,2010,Adventure|Comedy|Drama|Fantasy,Adventure,4,14.2885,7.23,8475,Good,High,90000000.0,188133322.0,True,True,98133322.0,1.0903702444444445,114.0,GB,GB|US,3,Samuel Goldwyn Films|Red Hour|New Line Cinema|Big Screen Productions|Down Productions|Ingenious Media|20th Century Fox|TSG Entertainment,21,43607.6636827371,64138000,0.09215691860630752,0.6659574468085107,0.20496289989052427,0.13661190521927682,0.06434754854879272,0.42857142857142855
18239,The Twilight Saga: New Moon,The Twilight Saga: New Moon,en,English,2009-11-18,2009,11,2000,Adventure|Fantasy|Drama|Romance,Adventure,4,14.2881,5.984,9904,Mixed,High,50000000.0,709827462.0,True,True,659827462.0,13.19654924,131.0,US,US,2,Summit Entertainment|Temple Hill Entertainment|Maverick Films|Imprint Entertainment|Sunswept Entertainment,56,47194.9500893872,306771529,0.09215122076294123,0.4008510638297872,0.23972752706483397,0.07589544285776323,0.24278345715578595,0.49795918367346936
404368,Ralph Breaks the Internet,Ralph Breaks the Internet,en,English,2018-11-20,2018,11,2010,Action|Adventure|Animation|Comedy|Family|Science Fiction,Action,6,14.2538,7.153,8269,Good,High,175000000.0,529323962.0,True,True,354323962.0,2.0247083542857145,112.0,US,US,1,Walt Disney Animation Studios,78,62875.6661382728,328529577,0.09166263069428221,0.6495744680851062,0.19995134411872034,0.2656343877374932,0.1810455468368347,0.4204081632653061
1271,300,300,en,English,2007-03-07,2007,3,2000,Action|Adventure|War,Action,3,14.2512,7.208,15085,Good,High,65000000.0,456082343.0,True,True,391082343.0,6.0166514307692305,117.0,US,US,1,Virtual Studios|Legendary Pictures|Hollywood Gang Productions|Atmosphere Entertainment MM|Warner Bros. Pictures,23,48050.227412195,301231207,0.09162559471240136,0.6612765957446808,0.36577058751976643,0.09866411624333082,0.15599459488611464,0.44081632653061226
293167,Kong: Skull Island,Kong: Skull Island,en,English,2017-03-08,2017,3,2010,Action|Adventure|Fantasy,Action,3,14.2477,6.559,11339,Good,High,185000000.0,566652812.0,True,True,381652812.0,2.062988172972973,118.0,CN,CN|US,2,Legendary Pictures|Tencent Pictures,24,8979.67652709856,1396215000,0.09157573858294636,0.5231914893617021,0.2746381218829826,0.2808135033278716,0.19381319507417957,0.4448979591836735
785084,The Whale,The Whale,en,English,2022-12-09,2022,12,2020,Drama,Drama,1,14.2271,7.753,4893,Good,High,3000000.0,57615635.0,True,True,54615635.0,18.205211666666667,117.0,US,US,1,A24|Protozoa Pictures,22,78008.6895811877,333996304,0.09128229964958263,0.7772340425531914,0.1178202165186717,0.004553599582984765,0.01970636843293375,0.44081632653061226
787699,Wonka,Wonka,en,English,2023-12-06,2023,12,2020,Comedy|Family|Fantasy,Comedy,3,14.2142,7.034,4550,Good,High,125000000.0,634502312.0,True,True,509502312.0,4.076018496,117.0,GB,GB|US,1,Warner Bros. Pictures|Village Roadshow Pictures|The Roald Dahl Story Company|Heyday Films|Domain Entertainment,43,49919.6896621586,68526000,0.09109854420101991,0.6242553191489361,0.10947573287921178,0.1897388097856012,0.2170198716548868,0.44081632653061226
5559,Bee Movie,Bee Movie,en,English,2007-10-28,2007,10,2000,Family|Animation|Adventure|Comedy,Family,4,14.2099,6.1,5417,Mixed,High,150000000.0,287594577.0,True,True,137594577.0,0.91729718,91.0,US,US,1,Columbus 81 Productions|DreamWorks Animation,39,48050.227412195,301231207,0.09103729238483232,0.4255319148936169,0.1305680574139399,0.2276865987615472,0.09836644591865171,0.3346938775510204
329,Jurassic Park,Jurassic Park,en,English,1993-06-11,1993,6,1990,Adventure|Science Fiction,Adventure,2,14.2086,8.0,18336,Good,High,63000000.0,1058454230.0,True,True,995454230.0,15.800860793650793,127.0,US,US,2,Universal Pictures|Amblin Entertainment,55,26387.2937338171,259919000,0.09101877439389192,0.8297872340425531,0.444860722539837,0.09562829312525514,0.3620248465890647,0.4816326530612245
13448,Angels & Demons,Angels & Demons,en,English,2009-04-20,2009,4,2000,Thriller|Mystery,Thriller,2,14.2001,6.728,7495,Good,High,150000000.0,485930816.0,True,True,335930816.0,2.2395387733333334,139.0,IT,IT|US,6,Columbia Pictures|Imagine Entertainment|Skylark Productions|Panorama Films|Brian Grazer Productions,35,37099.6133958219,59555454,0.09089769522235835,0.5591489361702127,0.1811215180634959,0.2276865987615472,0.166203717419648,0.5306122448979592
399566,Godzilla vs. Kong,Godzilla vs. Kong,en,English,2021-03-24,2021,3,2020,Action|Science Fiction|Adventure,Action,3,14.1825,7.522,10815,Good,High,200000000.0,470116094.0,True,True,270116094.0,1.35058047,114.0,US,US,1,Legendary Pictures,42,71441.2319805947,332100166,0.09064699011424175,0.7280851063829786,0.2618902809877144,0.3035821767134392,0.16079458192612492,0.42857142857142855
376867,Moonlight,Moonlight,en,English,2016-10-21,2016,10,2010,Drama,Drama,1,14.1766,7.4,7678,Good,High,4000000.0,65046687.0,True,True,61046687.0,15.26167175,112.0,US,US,1,A24|Plan B Entertainment|PASTEL,38,57976.628204291,324353340,0.09056294692458905,0.7021276595744681,0.18557353120058387,0.0060715111420226045,0.02224802342550433,0.4204081632653061
240832,Lucy,Lucy,en,English,2014-07-25,2014,7,2010,Action|Science Fiction,Action,2,14.1738,6.5,17372,Mixed,High,40000000.0,469058574.0,True,True,429058574.0,10.72646435,89.0,FR,FR,5,EuropaCorp|Canal+|Ciné+|TF1 Films Production,24,43148.0459288416,66312067,0.09052306202102504,0.5106382978723404,0.42140858776304585,0.06071632726738483,0.160432876613372,0.32653061224489793
393,Kill Bill: Vol. 2,Kill Bill: Vol. 2,en,English,2004-04-16,2004,4,2000,Action|Crime|Thriller,Action,3,14.1655,7.873,15435,Good,High,30000000.0,152159461.0,True,True,122159461.0,4.071982033333334,136.0,US,US,4,Super Cool ManChu|Miramax|A Band Apart,52,41724.6411982614,292805298,0.0904048317711746,0.8027659574468085,0.37428536674370516,0.04553721167700644,0.05204334943772608,0.5183673469387755
573435,Bad Boys: Ride or Die,Bad Boys: Ride or Die,en,English,2024-06-05,2024,6,2020,Action|Comedy|Crime,Action,3,14.1553,7.313,3461,Good,High,100000000.0,404547819.0,True,True,304547819.0,3.04547819,116.0,US,US,2,Westbrook|Columbia Pictures|Don Simpson/Jerry Bruckheimer Films|2.0 Entertainment,23,86169.6641581917,340003797,0.09025953676533433,0.6836170212765956,0.08298260552244252,0.1517910208096552,0.13836815650103157,0.43673469387755104
1278,The Dreamers,The Dreamers,en,English,2003-10-10,2003,10,2000,Drama|Romance,Drama,2,14.1432,7.181,3164,Good,High,15000000.0,15100000.0,True,True,100000.0,0.006666666666666667,115.0,FR,FR|IT|GB|US,2,Recorded Picture Company|Fiction|Peninsula Films|HanWay Films|Fox Searchlight Pictures|Medusa Film|Tele+,35,29479.5222101175,62249855,0.09008717700350417,0.655531914893617,0.07575720715241455,0.02276853829143884,0.005164675552833002,0.4326530612244898
96721,Rush,Rush,en,English,2013-09-02,2013,9,2010,Drama|Action,Drama,2,14.1324,7.743,8034,Good,High,38000000.0,90200000.0,True,True,52200000.0,1.3736842105263158,123.0,GB,GB|US,4,Revolution Films|Working Title|Imagine Entertainment,28,43607.6636827371,64138000,0.08993333523261446,0.7751063829787234,0.19423427806836152,0.05768050414930915,0.030851252627256708,0.46530612244897956
140300,Kung Fu Panda 3,Kung Fu Panda 3,en,English,2016-01-23,2016,1,2010,Animation|Action|Adventure|Comedy|Family,Animation,5,14.1246,6.94,6766,Good,High,145000000.0,521170825.0,True,True,376170825.0,2.594281551724138,95.0,CN,CN|US,1,DreamWorks Animation|Oriental DreamWorks|Zhong Ming You Ying Film|China Film Group Corporation,28,8254.86859320357,1387790000,0.08982222728697187,0.6042553191489362,0.16338644933706362,0.220097040966358,0.17825691591874102,0.3510204081632653
889737,Joker: Folie à Deux,Joker: Folie à Deux,en,English,2024-10-01,2024,10,2020,Drama|Crime|Thriller,Drama,3,14.1175,5.404,3061,Mixed,High,190000000.0,207500287.0,True,True,17500287.0,0.09210677368421052,138.0,US,US,1,Warner Bros. Pictures|Joint Effort|Domain Entertainment,24,86169.6641581917,340003797,0.0897210905672203,0.2774468085106383,0.0732514292665126,0.2884030611230608,0.07097166358434753,0.5265306122448979
378064,A Silent Voice: The Movie,映画 聲の形,ja,Japanese,2016-09-17,2016,9,2010,Animation|Drama|Romance,Animation,3,14.1173,8.398,4684,Excellent,High,,30819442.0,False,True,,,129.0,JP,JP,1,Kyoto Animation|ABC Animation|Kodansha|Pony Canyon|Quaras|Shochiku,80,40214.9688631562,127076000,0.08971824164553717,0.9144680851063828,0.1127356769249483,,0.010541222270541831,0.4897959183673469
1592,Primal Fear,Primal Fear,en,English,1996-04-03,1996,4,1990,Crime|Drama|Thriller,Crime,3,14.1126,7.661,4151,Good,High,30000000.0,102616183.0,True,True,72616183.0,2.4205394333333334,130.0,US,US,2,Paramount Pictures|Rysher Entertainment,70,29967.7127181749,269394000,0.08965129198598332,0.757659574468085,0.09976888456392166,0.04553721167700644,0.03509798021180597,0.49387755102040815
507089,Five Nights at Freddy's,Five Nights at Freddy's,en,English,2023-10-25,2023,10,2020,Horror|Thriller,Horror,2,14.1115,7.278,5183,Good,High,20000000.0,297242145.0,True,True,277242145.0,13.86210725,110.0,US,US,1,Blumhouse Productions|Scott Cawthon Productions,42,82586.7847707894,336755052,0.08963562291672601,0.6761702127659572,0.1248753193042209,0.03035809608662804,0.10166621954065895,0.4122448979591837
262500,Insurgent,Insurgent,en,English,2015-03-18,2015,3,2010,Action|Science Fiction|Thriller,Action,3,14.1114,6.36,10592,Mixed,High,110000000.0,297002527.0,True,True,187002527.0,1.7000229727272727,119.0,US,US,1,Summit Entertainment|Red Wagon Entertainment|Mandeville Films,22,56849.4697923159,321815121,0.08963419845588444,0.48085106382978726,0.25646515022503347,0.1669701364000336,0.10158426260024059,0.4489795918367347
282035,The Mummy,The Mummy,en,English,2017-06-06,2017,6,2010,Fantasy|Thriller|Action|Adventure|Horror,Fantasy,5,14.1101,5.521,7783,Mixed,High,125000000.0,409231607.0,True,True,284231607.0,2.273852856,110.0,US,US,2,Secret Hideout|Universal Pictures|Conspiracy Factory|Sean Daniel Company,40,60047.7190728307,326608609,0.089615680464944,0.30234042553191487,0.1881279649677655,0.1897388097856012,0.1399701602488646,0.4122448979591837
558,Spider-Man 2,Spider-Man 2,en,English,2004-06-25,2004,6,2000,Action|Adventure|Science Fiction,Action,3,14.105,7.331,16907,Good,High,200000000.0,788976453.0,True,True,588976453.0,2.944882265,127.0,US,US,3,Marvel Enterprises|Laura Ziskin Productions|Columbia Pictures,72,41724.6411982614,292805298,0.08954303296202389,0.6874468085106383,0.4100960953655273,0.3035821767134392,0.26985491731137007,0.4816326530612245
109689,I Want You,Tengo ganas de ti,es,Spanish,2012-06-22,2012,6,2010,Drama|Romance,Drama,2,14.0993,7.46,1985,Good,High,,24016152.0,False,True,,,123.0,ES,ES,1,Zeta Studios|Cangrejo Films|Globomedia|Warner Bros. Entertainment España|Atresmedia Cine,30,28456.4438151477,46773055,0.08946183869405429,0.7148936170212765,0.04707456513806106,,0.008214281751971178,0.46530612244897956
8363,Superbad,Superbad,en,English,2007-08-17,2007,8,2000,Comedy,Comedy,1,14.0978,7.274,8358,Good,High,20000000.0,170800000.0,True,True,150800000.0,7.54,113.0,US,US,1,Columbia Pictures|Apatow Productions,22,48050.227412195,301231207,0.08944047178143072,0.6753191489361702,0.20211653083566475,0.03035809608662804,0.05841900378835592,0.42448979591836733
225886,Sex Tape,Sex Tape,en,English,2014-07-17,2014,7,2010,Comedy,Comedy,1,14.0946,5.405,4278,Mixed,High,40000000.0,126069509.0,True,True,86069509.0,2.151737725,94.0,US,US,1,Escape Artists|LStar Capital|MRC|Columbia Pictures,127,55153.3940182967,319257560,0.08939488903450044,0.27765957446808515,0.10285853302517942,0.06071632726738483,0.043119760051361034,0.3469387755102041
1893,Star Wars: Episode I - The Phantom Menace,Star Wars: Episode I - The Phantom Menace,en,English,1999-05-19,1999,5,1990,Adventure|Action|Science Fiction,Adventure,3,14.0857,6.583,16206,Good,High,115000000.0,1046515409.0,True,True,931515409.0,8.100133991304348,136.0,US,US,1,Lucasfilm Ltd.,27,34515.3813073394,279040000,0.08926811201960057,0.5282978723404256,0.3930422089770101,0.1745596941952228,0.3579413919180361,0.5183673469387755
37724,Skyfall,Skyfall,en,English,2012-10-24,2012,10,2010,Action|Adventure|Thriller,Action,3,14.0796,7.266,16402,Good,High,200000000.0,1108594176.0,True,True,908594176.0,4.54297088,143.0,GB,GB|US,1,Metro-Goldwyn-Mayer|EON Productions|Columbia Pictures,56,42688.3263728372,63711000,0.0891812199082647,0.6736170212765956,0.39781048534241575,0.3035821767134392,0.37917429515679363,0.5469387755102041
537915,After,After,en,English,2019-04-11,2019,4,2010,Drama|Romance,Drama,2,14.0585,7.105,8569,Good,High,14000000.0,69497587.0,True,True,55497587.0,3.9641133571428573,106.0,US,US,1,CalMaple Films|Wattpad|Offspring Entertainment|Diamond Film Productions|Voltage Pictures|Frayed Pages Media,56,65227.9565911038,330226227,0.08888065867069316,0.6393617021276596,0.2072497263106678,0.021250626732401,0.02377037210593778,0.39591836734693875
1244244,Cloud,Cloud クラウド,ja,Japanese,2024-09-27,2024,9,2020,Action|Drama|Crime|Thriller|Horror,Action,5,14.0404,6.7,124,Good,High,,1011386.0,False,True,,,124.0,JP,JP,1,Nikkatsu Corporation|Django Film,17,33797.1014287876,123975371,0.0886228312583687,0.5531914893617021,0.001800267607347038,,0.00034592363029232456,0.46938775510204084
1029575,The Family Plan,The Family Plan,en,English,2023-12-14,2023,12,2020,Action|Comedy|Adventure,Action,3,14.0259,7.219,1983,Good,High,,,False,False,,,118.0,US,US,1,Municipal Pictures|Skydance Media,43,82586.7847707894,336755052,0.08841628443634085,0.6636170212765957,0.04702590925678141,,,0.4448979591836735
644,A.I. Artificial Intelligence,A.I. Artificial Intelligence,en,English,2001-06-29,2001,6,2000,Drama|Science Fiction|Adventure,Drama,3,14.0119,7.068,6863,Good,High,100000000.0,235926552.0,True,True,135926552.0,1.35926552,146.0,GB,GB|US,1,Amblin Entertainment|Stanley Kubrick Productions|Warner Bros. Pictures|DreamWorks Pictures,40,28013.8729635508,59119673,0.08821685991852085,0.6314893617021275,0.16574625957912661,0.1517910208096552,0.0806943459659786,0.5591836734693878
137106,The Lego Movie,The Lego Movie,en,English,2014-02-06,2014,2,2010,Animation|Family|Adventure|Comedy|Fantasy,Animation,5,14.0109,7.431,8711,Good,High,60000000.0,470759687.0,True,True,410759687.0,6.8459947833333334,100.0,US,US|DK|AU,1,Lin Pictures|Vertigo Entertainment|Village Roadshow Pictures|The LEGO Group|Animal Logic|Warner Animation Group|RatPac Entertainment,27,55153.3940182967,319257560,0.08820261531010512,0.7087234042553191,0.21070429388152292,0.09107455844814162,0.16101471110320958,0.37142857142857144
9509,Man on Fire,Man on Fire,en,English,2004-04-23,2004,4,2000,Action|Drama|Thriller,Action,3,13.9896,7.466,5891,Good,High,70000000.0,130300000.0,True,True,60300000.0,0.8614285714285714,146.0,CH,CH|GB|US|MX,2,Fox 2000 Pictures|Regency Enterprises|New Regency Pictures|Scott Free Productions|Epsilon Motion Pictures|Estudios Churubusco Azteca|20th Century Fox,43,55349.6164595028,7389625,0.0878992051508504,0.7161702127659574,0.14209950127721688,0.10625367403852003,0.04456672187738175,0.5591836734693878
666277,Past Lives,Past Lives,en,English,2023-06-02,2023,6,2020,Drama|Romance,Drama,2,13.9746,7.698,2456,Good,High,12000000.0,28126646.0,True,True,16126646.0,1.3438871666666667,106.0,US,US|KR,2,A24|Killer Films|2AM|CJ ENM,32,82586.7847707894,336755052,0.0876855360246147,0.765531914893617,0.05853302517941856,0.01821480361432532,0.009620200805832113,0.39591836734693875
787,Mr. & Mrs. Smith,Mr. & Mrs. Smith,en,English,2005-06-07,2005,6,2000,Action|Comedy|Drama|Thriller,Action,4,13.9732,6.694,11495,Good,High,110000000.0,487287646.0,True,True,377287646.0,3.4298876909090907,120.0,US,US|CH,2,Regency Enterprises|New Regency Pictures|Summit Entertainment|Weed Road Pictures|Epsilon Motion Pictures,30,44123.3996470026,295516599,0.08766559357283268,0.5519148936170212,0.27843328062279527,0.1669701364000336,0.1666677962261978,0.4530612244897959
37169,The Human Centipede (First Sequence),The Human Centipede (First Sequence),en,English,2009-10-31,2009,10,2000,Horror,Horror,1,13.9679,5.164,2468,Mixed,High,2000000.0,252207.0,True,True,-1747793.0,-0.8738965,92.0,NL,NL,3,Six Entertainment,55,53172.0261581418,16530388,0.08759009714822939,0.2263829787234042,0.05882496046709646,0.003035688023946925,8.626038266537495e-05,0.33877551020408164
11619,Flushed Away,Flushed Away,en,English,2006-10-22,2006,10,2000,Adventure|Animation|Comedy|Family,Adventure,4,13.9676,6.342,4188,Mixed,High,149000000.0,178120010.0,True,True,29120010.0,0.19543630872483223,85.0,GB,GB|US,1,DreamWorks Animation|Aardman,44,44695.161023424,60846820,0.08758582376570467,0.47702127659574456,0.10066901836759519,0.22616868720250935,0.06092267890221147,0.31020408163265306
353486,Jumanji: Welcome to the Jungle,Jumanji: Welcome to the Jungle,en,English,2017-12-20,2017,12,2010,Adventure|Comedy|Fantasy,Adventure,3,13.9264,6.824,14764,Good,High,90000000.0,995339117.0,True,True,905339117.0,10.059323522222222,119.0,US,US,1,Matt Tolmach Productions|Seven Bucks Productions|Columbia Pictures,60,60047.7190728307,326608609,0.08699894589897722,0.5795744680851063,0.3579613185743827,0.13661190521927682,0.34043748021575626,0.4489795918367347
1637,Speed,Speed,en,English,1994-06-09,1994,6,1990,Action|Thriller,Action,2,13.9259,7.2,7056,Good,High,30000000.0,350448145.0,True,True,320448145.0,10.681604833333333,116.0,US,US,1,20th Century Fox|The Mark Gordon Company,31,27694.853416234,263126000,0.08699182359476938,0.6595744680851063,0.17044155212261283,0.04553721167700644,0.11986435562350566,0.43673469387755104
211672,Minions,Minions,en,English,2015-06-17,2015,6,2010,Family|Animation|Adventure|Comedy,Family,4,13.9256,6.424,11304,Mixed,High,74000000.0,1159457503.0,True,True,1085457503.0,14.668344635135135,91.0,US,US,1,Illumination|Universal Pictures,26,56849.4697923159,321815121,0.08698755021224465,0.494468085106383,0.2737866439605887,0.11232532027467138,0.39657116292306677,0.3346938775510204
273481,Sicario,Sicario,en,English,2015-09-17,2015,9,2010,Action|Crime|Thriller,Action,3,13.8778,7.428,9859,Good,High,30000000.0,84997446.0,True,True,54997446.0,1.8332482,122.0,US,US,2,Lionsgate|Black Label Media|Thunder Road,28,56849.4697923159,321815121,0.08630665792997351,0.7080851063829786,0.23863276973604183,0.04553721167700644,0.029071814487378528,0.46122448979591835
74997,The Human Centipede 2 (Full Sequence),The Human Centipede 2 (Full Sequence),en,English,2011-10-06,2011,10,2010,Drama|Horror|Crime,Drama,3,13.8644,4.757,1490,Poor,High,,170323.0,False,True,,,91.0,NL,NL,1,Six Entertainment|IFC Midnight,23,54701.7728030611,16693074,0.08611578017720292,0.13978723404255317,0.035032234521347766,,5.825346286295004e-05,0.3346938775510204
10009,Brother Bear,Brother Bear,en,English,2003-10-23,2003,10,2000,Adventure|Animation|Family,Adventure,3,13.8616,7.283,5862,Good,High,128000000.0,250397798.0,True,True,122397798.0,0.956232796875,85.0,US,US,3,Walt Disney Feature Animation,56,39490.3023903176,290107933,0.08607589527363892,0.6772340425531915,0.14139399099866196,0.1942925444627147,0.08564397014363434,0.31020408163265306
126889,Alien: Covenant,Alien: Covenant,en,English,2017-05-09,2017,5,2010,Horror|Science Fiction,Horror,2,13.8585,6.189,9667,Mixed,High,97000000.0,240891763.0,True,True,143891763.0,1.483420237113402,122.0,US,US,2,20th Century Fox|Brandywine Productions|Scott Free Productions,34,60047.7190728307,326608609,0.0860317369875502,0.44446808510638297,0.23396180513319548,0.1472372861325417,0.08239260528744699,0.46122448979591835
44912,Green Lantern,Green Lantern,en,English,2011-06-14,2011,6,2010,Adventure|Action|Science Fiction,Adventure,3,13.8578,5.196,7834,Mixed,High,200000000.0,219851172.0,True,True,19851172.0,0.09925586,114.0,US,US,1,De Line Pictures|Warner Bros. Pictures|DC,64,50024.8812320773,311839461,0.0860217657616592,0.2331914893617021,0.18936868994039655,0.3035821767134392,0.07519605718607648,0.42857142857142855
45722,Don't Look Down,No mires para abajo,es,Spanish,2008-10-18,2008,10,2000,Drama|Romance,Drama,2,13.8494,5.739,71,Mixed,High,,,False,False,,,80.0,AR,AR|FR,1,Ministère des Affaires Étrangères|Fonds Sud Cinéma|PENSA & ROCCA CINE|Orgon Films|CNC,13,8944.1102657357,40424148,0.08590211105096719,0.3487234042553191,0.0005108867534363216,,,0.2897959183673469
293670,The Wailing,곡성,ko,Korean,2016-05-12,2016,5,2010,Horror|Mystery,Horror,2,13.8431,7.4,2156,Good,High,10951000.0,49851770.0,True,True,38900770.0,3.5522573280978906,156.0,KR,KR|US,2,Fox International Productions|Ivanhoe Pictures|Side Mirror|20th Century Fox Korea,35,30832.0628072516,51217803,0.0858123700179482,0.7021276595744681,0.05123464298747111,0.016622514388894626,0.01705088086012522,0.6
474350,It Chapter Two,It Chapter Two,en,English,2019-09-04,2019,9,2010,Horror|Thriller|Drama,Horror,3,13.8395,6.8,9839,Good,High,79000000.0,473123154.0,True,True,394123154.0,4.988900683544304,169.0,US,US,1,Vertigo Entertainment|Double Dream|Rideback|New Line Cinema,34,65227.9565911038,330226227,0.08576108942765162,0.5744680851063829,0.23814621092324534,0.11991487806986058,0.16182309162595734,0.6530612244897959
64690,Drive,Drive,en,English,2011-09-15,2011,9,2010,Drama|Thriller|Crime,Drama,3,13.8357,7.6,13994,Good,High,15000000.0,79713640.0,True,True,64713640.0,4.314242666666667,100.0,US,US,1,FilmDistrict|Bold Films|Marc Platt Productions|OddLot Entertainment|Motel Movies|Newbridge Film Capital,74,50024.8812320773,311839461,0.08570695991567191,0.7446808510638296,0.33922880428171753,0.02276853829143884,0.027264585591702063,0.37142857142857144
505026,Death on the Nile,Death on the Nile,en,English,2022-02-09,2022,2,2020,Mystery|Crime|Thriller,Mystery,3,13.8281,6.4,4356,Mixed,High,90000000.0,137307235.0,True,True,47307235.0,0.5256359444444444,127.0,US,US,3,Genre Films|20th Century Studios|Scott Free Productions|Mark Gordon Pictures,29,78008.6895811877,333996304,0.08559870089171248,0.4893617021276596,0.10475611239508575,0.13661190521927682,0.04696341804124459,0.4816326530612245
4327,Charlie's Angels,Charlie's Angels,en,English,2000-11-02,2000,11,2000,Action|Comedy|Adventure,Action,3,13.8192,5.853,4636,Mixed,High,92000000.0,264105545.0,True,True,172105545.0,1.870712445652174,98.0,US,US,5,Columbia Pictures|Tall Trees Productions|Flower Films|Leonard Goldberg Productions,58,36329.9702595751,282162411,0.08547192387681263,0.37297872340425525,0.11156793577423671,0.1396477283373525,0.09033245349692595,0.363265306122449
756999,The Black Phone,The Black Phone,en,English,2022-06-16,2022,6,2020,Horror|Thriller,Horror,2,13.8166,7.511,6069,Good,High,16000000.0,161441914.0,True,True,145441914.0,9.090119625,103.0,US,US,3,Blumhouse Productions|Crooked Highway,66,78008.6895811877,333996304,0.08543488789493175,0.7257446808510638,0.14642987471110572,0.02428644985047668,0.0552182421730685,0.3836734693877551
142,Brokeback Mountain,Brokeback Mountain,en,English,2005-10-22,2005,10,2000,Drama|Romance,Drama,2,13.7969,7.783,7722,Good,High,14000000.0,178043761.0,True,True,164043761.0,11.7174115,134.0,CA,CA|US,1,Focus Features|River Road Entertainment|Alberta Film Entertainment,31,36383.9671341396,32242732,0.0851542691091422,0.7836170212765957,0.18664396058873617,0.021250626732401,0.06089659933076876,0.5102040816326531
9829,United 93,United 93,en,English,2006-04-28,2006,4,2000,Drama|History|Thriller,Drama,3,13.7963,7.132,1691,Good,High,15000000.0,76300000.0,True,True,61300000.0,4.086666666666667,111.0,FR,FR|GB|US,3,Sidney Kimmel Entertainment|Working Title|StudioCanal|Working Title Films,28,36431.5658906555,63622342,0.08514572234409276,0.6451063829787232,0.03992215058995256,0.02276853829143884,0.026097012662749525,0.4163265306122449
76493,The Dictator,The Dictator,en,English,2012-05-15,2012,5,2010,Comedy,Comedy,1,13.7937,6.246,6612,Mixed,High,65000000.0,179379533.0,True,True,114379533.0,1.759685123076923,83.0,US,US,2,Paramount Pictures|Berg Mandel Schaffer Productions|Scott Rudin Productions|Four by Two Films,24,51708.3940614082,314339099,0.08510868636221189,0.4565957446808511,0.15963994647853058,0.09866411624333082,0.061353475634788164,0.3020408163265306
382399,High Strung,High Strung,en,English,2016-04-08,2016,4,2010,Music|Romance|Drama,Music,3,13.7757,7.035,941,Good,High,,2093725.0,False,True,,,96.0,RO,RO|US,1,Sforzando Productions|Castel Film|Riviera Films,52,9404.54005870715,19702267,0.08485228341072905,0.624468085106383,0.02167619511008393,,0.0007161178266192844,0.3551020408163265
451048,Jungle Cruise,Jungle Cruise,en,English,2021-07-28,2021,7,2020,Fantasy|Comedy|Adventure,Fantasy,3,13.7749,7.271,6305,Good,High,200000000.0,220889446.0,True,True,20889446.0,0.10444723,127.0,US,US,1,Walt Disney Pictures|Seven Bucks Productions|Davis Entertainment|Flynn Picture Company,44,71441.2319805947,332100166,0.08484088772399648,0.6746808510638297,0.15217126870210437,0.3035821767134392,0.07555117975765265,0.4816326530612245
257211,The Intern,The Intern,en,English,2015-09-23,2015,9,2010,Comedy,Comedy,1,13.7685,7.226,7488,Good,High,35000000.0,194564672.0,True,True,159564672.0,4.558990628571428,121.0,US,US,1,RatPac Entertainment|Waverly Films|Warner Bros. Pictures,40,56849.4697923159,321815121,0.08474972223013588,0.6651063829787234,0.18095122247901715,0.053126769472195634,0.06654727381467282,0.45714285714285713
661374,Glass Onion: A Knives Out Mystery,Glass Onion: A Knives Out Mystery,en,English,2022-11-23,2022,11,2020,Comedy|Crime|Mystery,Comedy,3,13.7667,7.022,7158,Good,High,40000000.0,15000000.0,True,True,-25000000.0,-0.625,140.0,US,US,1,T-Street,25,78008.6895811877,333996304,0.08472408193498761,0.6217021276595744,0.17292300206787495,0.06071632726738483,0.00513047238762072,0.5346938775510204
7451,xXx,xXx,en,English,2002-08-09,2002,8,2000,Action|Adventure|Thriller|Crime|Drama,Action,5,13.7543,5.988,5027,Mixed,High,70000000.0,277448382.0,True,True,207448382.0,2.963548314285714,124.0,US,US,5,Revolution Studios,52,37997.7424300242,287625193,0.08454744879063275,0.4017021276595745,0.12108016056440822,0.10625367403852003,0.09489612608004143,0.46938775510204084
916224,Suzume,すずめの戸締まり,ja,Japanese,2022-11-11,2022,11,2020,Animation|Drama|Adventure|Fantasy,Animation,4,13.7415,7.887,1844,Good,High,13000000.0,314992206.0,True,True,301992206.0,23.230169692307694,122.0,JP,JP,1,CoMix Wave Films|Story|Lawson Entertainment|jeki|voque ting|KADOKAWA|Aniplex|TOHO,44,35548.2645222433,125124989,0.0843651178029116,0.8057446808510637,0.04364432550784576,0.019732715173363162,0.10773730222976977,0.46122448979591835
5876,The Mist,The Mist,en,English,2007-11-21,2007,11,2000,Horror|Science Fiction|Thriller,Horror,3,13.7386,6.954,6084,Good,High,18000000.0,57470220.0,True,True,39470220.0,2.19279,126.0,US,US,1,Darkwoods Productions|Dimension Films,47,48050.227412195,301231207,0.08432380843850602,0.6072340425531914,0.14679479382070307,0.027322272968552358,0.01965663190024031,0.4775510204081633
1372,Blood Diamond,Blood Diamond,en,English,2006-12-08,2006,12,2000,Drama|Thriller|Action,Drama,3,13.7325,7.559,8535,Good,High,100000000.0,171720398.0,True,True,71720398.0,0.71720398,143.0,DE,DE|US,2,Virtual Studios|Spring Creek Pictures|Bedford Falls Productions|Initial Entertainment Group|Lonely Film Productions|Warner Bros. Pictures|Liberty Pictures,54,36980.3349948954,82376451,0.08423691632717016,0.7359574468085106,0.20642257632891375,0.1517910208096552,0.058733809036906455,0.5469387755102041
10330,Freaky Friday,Freaky Friday,en,English,2003-08-05,2003,8,2000,Comedy|Family|Fantasy,Comedy,3,13.7066,6.6,4368,Good,High,26000000.0,160846332.0,True,True,134846332.0,5.186397384615384,97.0,US,US,2,Casual Friday Productions|Gunn Films|Walt Disney Pictures,50,39490.3023903176,290107933,0.08386798096920316,0.5319148936170212,0.10504804768276366,0.039465565440855076,0.055014534277633885,0.35918367346938773
76,Before Sunrise,Before Sunrise,en,English,1995-01-27,1995,1,1990,Drama|Romance,Drama,2,13.7003,7.969,4860,Good,High,2500000.0,5987386.0,True,True,3487386.0,1.3949544,101.0,AT,AT|US,3,Castle Rock Entertainment|Detour Filmproduction|Filmhaus Films,47,30207.0674314652,7948278,0.08377823993618416,0.8231914893617021,0.11701739447755748,0.0037946438034658445,0.0020478731312554717,0.37551020408163266
515001,Jojo Rabbit,Jojo Rabbit,en,English,2019-10-18,2019,10,2010,Comedy|War|Drama,Comedy,3,13.6817,8.0,10679,Good,High,14000000.0,82468705.0,True,True,68468705.0,4.890621785714286,108.0,NZ,NZ|US,2,Fox Searchlight Pictures|Defender Films|Piki Films|TSG Entertainment,53,42872.2681243427,4970300,0.08351329021965186,0.8297872340425531,0.25858168106069823,0.021250626732401,0.028206905025357817,0.40408163265306124
980489,Gran Turismo,Gran Turismo,en,English,2023-08-09,2023,8,2020,Adventure|Drama|Action,Adventure,3,13.6748,7.695,3567,Good,High,60000000.0,121700000.0,True,True,61700000.0,1.0283333333333333,135.0,US,US,2,PlayStation Productions|2.0 Entertainment|Columbia Pictures,27,82586.7847707894,336755052,0.08341500242158342,0.7648936170212766,0.08556136723026396,0.09107455844814162,0.04162524966912551,0.5142857142857142
965150,Aftersun,Aftersun,en,English,2022-10-21,2022,10,2020,Drama,Drama,1,13.6735,7.6,1970,Good,High,,7834405.0,False,True,,,101.0,GB,GB|US,3,PASTEL|BBC Film|Tango Entertainment|Unified Theory|Screen Scotland|BFI,42,47034.7795621476,67636000,0.08339648443064301,0.7446808510638296,0.04670964602846369,,0.002679612091327709,0.37551020408163266
1852,World Trade Center,World Trade Center,en,English,2006-08-09,2006,8,2000,Drama|History|Thriller,Drama,3,13.6707,6.1,1872,Mixed,High,65000000.0,163200000.0,True,True,98200000.0,1.5107692307692309,129.0,US,US|DE,1,Paramount Pictures|Double Feature Films|Moritz Borman Productions|Kernos,22,46301.9876485519,298379912,0.083356599527079,0.4255319148936169,0.04432550784576086,0.09866411624333082,0.055819563232222494,0.4897959183673469
254,King Kong,King Kong,en,English,2005-12-12,2005,12,2000,Adventure|Drama|Action,Adventure,3,13.6671,6.901,8717,Good,High,207000000.0,562363449.0,True,True,355363449.0,1.7167316376811594,188.0,US,US|NZ|DE,1,Universal Pictures|WingNut Films|Big Primate Pictures|MFPV Film,37,44123.3996470026,295516599,0.08330531893678242,0.5959574468085105,0.21085026152536188,0.31420755762670405,0.19234609716073509,0.7306122448979592
381288,Split,Split,en,English,2017-01-19,2017,1,2010,Horror|Thriller,Horror,2,13.6587,7.341,18621,Good,High,9000000.0,278454358.0,True,True,269454358.0,29.93937311111111,117.0,US,US,1,Blinding Edge Pictures|Blumhouse Productions,68,60047.7190728307,326608609,0.08318566422609042,0.6895744680851064,0.4517941856221871,0.013661068937211803,0.09524020171331733,0.44081632653061226
48650,Room in Rome,Habitación en Roma,es,Spanish,2010-05-07,2010,5,2010,Drama|Romance,Drama,2,13.6421,6.412,847,Mixed,High,,844281.0,False,True,,,109.0,ES,ES|FR,5,"Morena Films|Alicia Produce|Intervenciones Novo Film 2006, A.I.E.|Wild Bunch",32,30658.7422282912,46576897,0.08294920372638954,0.49191489361702123,0.019389368689940397,,0.00028876843106434086,0.40816326530612246
127380,Finding Dory,Finding Dory,en,English,2016-06-16,2016,6,2010,Adventure|Animation|Family,Adventure,3,13.6354,7.044,12843,Good,High,200000000.0,1029266989.0,True,True,829266989.0,4.146334945,97.0,US,US,1,Pixar,33,57976.628204291,324353340,0.08285376485000429,0.6263829787234041,0.3112273446052792,0.3035821767134392,0.3520418863289278,0.35918367346938773
51876,Limitless,Limitless,en,English,2011-03-17,2011,3,2010,Thriller|Mystery|Science Fiction,Thriller,3,13.6234,7.203,11735,Good,High,27000000.0,161900000.0,True,True,134900000.0,4.996296296296296,106.0,US,US,5,Relativity Media|Virgin Produced|Many Rivers Productions|Boy of the Year|Rogue Pictures|Mandate International,41,50024.8812320773,311839461,0.0826828295490157,0.6602127659574468,0.28427198637635326,0.040983476999892916,0.05537492208446283,0.39591836734693875
336843,Maze Runner: The Death Cure,Maze Runner: The Death Cure,en,English,2018-01-10,2018,1,2010,Science Fiction|Action|Adventure|Thriller,Science Fiction,4,13.6017,7.078,8572,Good,High,62000000.0,288418190.0,True,True,226418190.0,3.6519062903225805,143.0,US,US,1,The Gotham Group|Temple Hill Entertainment|20th Century Fox|Oddball Entertainment|TSG Entertainment,65,62875.6661382728,328529577,0.08237372154639468,0.6336170212765957,0.20732271013258727,0.0941103815662173,0.09864814763375154,0.5469387755102041
930094,"Red, White & Royal Blue","Red, White & Royal Blue",en,English,2023-07-27,2023,7,2020,Comedy|Romance,Comedy,2,13.594,7.933,1625,Good,High,20000000.0,,True,False,,,118.0,US,US,2,Amazon Studios|Berlanti Productions,58,82586.7847707894,336755052,0.08226403806159367,0.8155319148936169,0.03831650650772412,0.03035809608662804,,0.4448979591836735
335797,Sing,Sing,en,English,2016-11-23,2016,11,2010,Animation|Comedy|Family|Music,Animation,4,13.5876,7.123,8578,Good,High,75000000.0,634151679.0,True,True,559151679.0,7.45535572,108.0,US,US,1,Illumination,22,57976.628204291,324353340,0.08217287256773312,0.6431914893617021,0.20746867777642622,0.11384323183370922,0.216899944070608,0.40408163265306124
840705,Blink Twice,Blink Twice,en,English,2024-08-21,2024,8,2020,Horror|Mystery|Thriller,Horror,3,13.5761,6.681,2038,Good,High,20000000.0,46393906.0,True,True,26393906.0,1.3196953,103.0,US,US,1,Free Association|This Is Important|Bold Choices|Amazon MGM Studios,56,86169.6641581917,340003797,0.08200905957095239,0.5491489361702128,0.04836394599197178,0.03035809608662804,0.0158681819233892,0.3836734693877551
602,Independence Day,Independence Day,en,English,1996-07-02,1996,7,1990,Action|Adventure|Science Fiction,Action,3,13.5733,6.917,10725,Good,High,75000000.0,817400891.0,True,True,742400891.0,9.898678546666666,145.0,US,US,1,20th Century Fox|Centropolis Entertainment,62,29967.7127181749,269394000,0.08196917466738839,0.5993617021276595,0.2597007663301302,0.11384323183370922,0.2795769748011727,0.5551020408163265
402900,Ocean's Eight,Ocean's Eight,en,English,2018-06-07,2018,6,2010,Crime|Comedy|Action,Crime,3,13.5657,6.945,8983,Good,High,70000000.0,297718711.0,True,True,227718711.0,3.2531244428571426,111.0,US,US,2,Village Roadshow Pictures|Warner Bros. Pictures|Larger Than Life Productions|Rahway Road Productions,25,62875.6661382728,328529577,0.08186091564342896,0.6053191489361702,0.2173214937355553,0.10625367403852003,0.10182922019698452,0.4163265306122449
9837,The Prince of Egypt,The Prince of Egypt,en,English,1998-12-16,1998,12,1990,Adventure|Animation|Drama|Family,Adventure,4,13.5454,7.324,4431,Good,High,70000000.0,218613188.0,True,True,148613188.0,2.1230455428571426,99.0,US,US,2,DreamWorks Pictures|DreamWorks Animation,21,32853.6725949234,275854000,0.08157175009258996,0.6859574468085106,0.10658070794307262,0.10625367403852003,0.07477262747325486,0.3673469387755102
4108,The Transporter,The Transporter,en,English,2002-10-02,2002,10,2000,Action|Crime|Thriller,Action,3,13.5441,6.73,5996,Good,High,21000000.0,43900000.0,True,True,22900000.0,1.0904761904761904,92.0,US,US|FR,3,TF1 Films Production|EuropaCorp|Current Entertainment|Canal+,74,37997.7424300242,287625193,0.08155323210164953,0.5595744680851065,0.1446539350443985,0.03187600764566588,0.015015187133970188,0.33877551020408164
118340,Guardians of the Galaxy,Guardians of the Galaxy,en,English,2014-07-30,2014,7,2010,Action|Science Fiction|Adventure,Action,3,13.5355,7.907,30298,Good,High,170000000.0,772776600.0,True,True,602776600.0,3.545744705882353,121.0,US,US,1,Marvel Studios,28,55153.3940182967,319257560,0.08143072846927439,0.8099999999999999,0.7358715484734217,0.258044829942304,0.26431405482563325,0.45714285714285713
44833,Battleship,Battleship,en,English,2012-04-11,2012,4,2010,Thriller|Action|Adventure|Science Fiction,Thriller,4,13.5252,5.9,6165,Mixed,High,209000000.0,303025485.0,True,True,94025485.0,0.4498827033492823,131.0,JP,JP|US|HK,2,Bluegrass Films|Film 44|Universal Pictures|Hasbro Studios|October Pictures|dentsu,92,49626.6830327571,127629000,0.08128400900259251,0.3829787234042554,0.14876535701252888,0.31724338074477976,0.10364430487564694,0.49795918367346936
46195,Rio,Rio,en,English,2011-04-03,2011,4,2010,Animation|Adventure|Comedy|Family,Animation,4,13.5065,6.771,7334,Good,High,90000000.0,483866772.0,True,True,393866772.0,4.376297466666666,96.0,US,US,2,Blue Sky Studios|20th Century Fox Animation,83,50024.8812320773,311839461,0.08101763482521866,0.5682978723404255,0.17720471962048412,0.13661190521927682,0.1654977490402738,0.3551020408163265
163,Ocean's Twelve,Ocean's Twelve,en,English,2004-12-09,2004,12,2000,Thriller|Crime,Thriller,2,13.4954,6.566,8118,Good,High,110000000.0,362744280.0,True,True,252744280.0,2.2976752727272727,125.0,US,US,5,Warner Bros. Pictures|Jerry Weintraub Productions|Section Eight|Village Roadshow Pictures,96,41724.6411982614,292805298,0.08085951967180423,0.5246808510638297,0.1962778250821068,0.1669701364000336,0.12407002299228088,0.47346938775510206
37135,Tarzan,Tarzan,en,English,1999-06-17,1999,6,1990,Animation|Family|Adventure,Animation,3,13.4667,7.407,7493,Good,High,130000000.0,448200000.0,True,True,318200000.0,2.4476923076923076,88.0,US,US,1,Walt Disney Pictures|Edgar Rice Burroughs|Walt Disney Feature Animation,56,34515.3813073394,279040000,0.0804506994102732,0.7036170212765956,0.18107286218221627,0.1973283675807904,0.1532985840872259,0.3224489795918367
64682,The Great Gatsby,The Great Gatsby,en,English,2013-05-09,2013,5,2010,Drama|Romance,Drama,2,13.4423,7.346,13161,Good,High,105000000.0,351040419.0,True,True,246040419.0,2.3432420857142855,143.0,US,US|AU,1,Warner Bros. Pictures|Village Roadshow Pictures|Bazmark|Red Wagon Entertainment|A+E Global Media,75,53297.3862901595,316726282,0.08010313096492977,0.6906382978723403,0.3189636297287435,0.15938057860484442,0.12006693207823506,0.5469387755102041
255709,Hope,소원,ko,Korean,2013-10-02,2013,10,2010,Drama,Drama,1,13.4417,8.392,917,Excellent,High,,,False,False,,,122.0,KR,KR,1,Lotte Entertainment|Film Momentum|Michigan Venture Capital,24,28449.3591104972,50428893,0.08009458419988036,0.9131914893617019,0.021092324534728136,,,0.46122448979591835
9732,The Lion King II: Simba's Pride,The Lion King II: Simba's Pride,en,English,1998-10-24,1998,10,1990,Adventure|Animation|Drama|Family|Romance,Adventure,5,13.4226,6.941,4751,Good,High,,,False,False,,,81.0,US,US,1,Disney Television Animation,64,32853.6725949234,275854000,0.07982251217914019,0.6044680851063828,0.11436564894781656,,,0.2938775510204082
829560,The Next 365 Days,Kolejne 365 dni,pl,Polish,2022-08-18,2022,8,2020,Romance|Drama,Romance,2,13.414,6.371,1348,Mixed,High,,,False,False,,,112.0,PL,PL,3,Ekipa|Open Mind Production,24,18891.2121169279,36821749,0.07970000854676504,0.4831914893617022,0.03157766695049264,,,0.4204081632653061
76757,Jupiter Ascending,Jupiter Ascending,en,English,2015-02-04,2015,2,2010,Science Fiction|Fantasy|Action,Science Fiction,3,13.3999,5.474,7239,Mixed,High,176000000.0,184000000.0,True,True,8000000.0,0.045454545454545456,127.0,US,US,2,Warner Bros. Pictures|Village Roadshow Pictures|RatPac Entertainment|Anarchos Productions,30,56849.4697923159,321815121,0.07949915956810348,0.29234042553191497,0.17489356525970076,0.267152299296531,0.06293382159637713,0.4816326530612245
109428,Evil Dead,Evil Dead,en,English,2013-04-05,2013,4,2010,Horror,Horror,1,13.3942,6.663,5348,Good,High,17000000.0,99010045.0,True,True,82010045.0,4.824120294117647,91.0,US,US,2,TriStar Pictures|FilmDistrict|Ghost House Pictures,71,53297.3862901595,316726282,0.0794179653001339,0.5453191489361702,0.128889429509792,0.02580436140951452,0.03386456687388309,0.3346938775510204
776503,CODA,CODA,en,English,2021-08-13,2021,8,2020,Drama|Music|Romance,Drama,3,13.3706,7.88,2706,Good,High,10000000.0,1905058.0,True,True,-8094942.0,-0.8094942,112.0,FR,FR|US,2,Vendôme Pictures|Pathé|Picture Perfect Entertainment,41,43725.0999521245,67842811,0.07908179254152303,0.804255319148936,0.06461501033937478,0.015178980496249642,0.0006515877409082285,0.4204081632653061
311324,The Great Wall,The Great Wall,en,English,2016-12-16,2016,12,2010,Action|Adventure|Fantasy,Action,3,13.3687,6.034,5673,Mixed,High,150000000.0,331957105.0,True,True,181957105.0,1.2130473666666666,103.0,CN,CN|US,3,Universal Pictures|Atlas Entertainment|Le Vision Pictures|Legendary Pictures|Legendary East|China Film Group Corporation,23,8254.86859320357,1387790000,0.07905472778553319,0.4114893617021276,0.13679601021773508,0.2276865987615472,0.11353983466283653,0.3836734693877551
411088,The Invisible Guest,Contratiempo,es,Spanish,2017-01-06,2017,1,2010,Drama|Mystery|Thriller,Drama,3,13.3554,8.074,5125,Excellent,High,4000000.0,30000000.0,True,True,26000000.0,6.5,107.0,ES,ES,1,Think Studio|Nostromo Pictures|Colosé Producciones|ICEC|Movistar Plus|TV3|Atresmedia|Orange|Cosmopolitan TV,29,28381.3425596906,46571232,0.07886527449360416,0.8455319148936169,0.12346429874711105,0.0060715111420226045,0.010260947169463006,0.4
2907,The Addams Family,The Addams Family,en,English,1991-11-22,1991,11,1990,Comedy|Fantasy,Comedy,2,13.355,7.1,5190,Good,High,30000000.0,191502426.0,True,True,161502426.0,5.3834142,100.0,US,US,1,Paramount Pictures|Orion Pictures|Scott Rudin Productions,54,24342.2589048189,252981000,0.07885957665023789,0.6382978723404253,0.12504561488869967,0.04553721167700644,0.06549988875608632,0.37142857142857144
264660,Ex Machina,Ex Machina,en,English,2015-01-21,2015,1,2010,Drama|Science Fiction,Drama,2,13.3495,7.571,14578,Good,High,15000000.0,36869414.0,True,True,21869414.0,1.4579609333333334,108.0,GB,GB|US,1,DNA Films|Film4 Productions|IAC Films|Scott Rudin Productions,73,45256.040227057,65087000,0.07878123130395147,0.7385106382978722,0.35343632161537525,0.02276853829143884,0.012610504188998627,0.40408163265306124
194662,Birdman or (The Unexpected Virtue of Ignorance),Birdman or (The Unexpected Virtue of Ignorance),en,English,2014-10-17,2014,10,2010,Drama|Comedy,Drama,2,13.3376,7.435,13825,Good,High,18000000.0,103215094.0,True,True,85215094.0,4.734171888888889,120.0,US,US,1,TSG Entertainment|Worldview Entertainment|New Regency Pictures|M Productions|Le Grisbi Productions,47,55153.3940182967,319257560,0.07861172046380445,0.7095744680851063,0.3351173823135872,0.027322272968552358,0.0353028267306105,0.4530612244897959
9532,Final Destination,Final Destination,en,English,2000-03-17,2000,3,2000,Horror,Horror,1,13.3312,6.641,6937,Good,High,23000000.0,112880294.0,True,True,89880294.0,3.9078388695652175,98.0,US,US,2,Zide-Perry Productions|New Line Cinema,31,36329.9702595751,282162411,0.07852055496994388,0.5406382978723404,0.16754652718647367,0.034911830763741554,0.038608631054707965,0.363265306122449
453,A Beautiful Mind,A Beautiful Mind,en,English,2001-12-14,2001,12,2000,Drama|Romance,Drama,2,13.3215,7.852,11378,Good,High,58000000.0,316791257.0,True,True,258791257.0,4.461918224137931,135.0,US,US,1,Universal Pictures|DreamWorks Pictures|Imagine Entertainment,79,37133.6203973517,284968955,0.07838238226831144,0.7982978723404255,0.2755869115679358,0.08803873533006594,0.10835263461555299,0.5142857142857142
937278,A Man Called Otto,A Man Called Otto,en,English,2022-12-28,2022,12,2020,Comedy|Drama,Comedy,2,13.318,7.748,3759,Good,High,50000000.0,113360085.0,True,True,63360085.0,1.2672017,126.0,SE,SE|US,3,Playtone|SF Studios|Artistic Films|Columbia Pictures|2DUX²|TSG Entertainment,34,54836.8907235124,10486941,0.07833252613885644,0.7761702127659574,0.09023233183311033,0.07589544285776323,0.038772734763111626,0.4775510204081633
81188,Rise of the Guardians,Rise of the Guardians,en,English,2012-11-21,2012,11,2010,Action|Adventure|Animation|Family|Fantasy,Action,5,13.3002,7.38,7284,Good,High,145000000.0,306941670.0,True,True,161941670.0,1.1168391034482759,97.0,US,US,2,DreamWorks Animation,39,51708.3940614082,314339099,0.07807897210905672,0.6978723404255318,0.1759883225884929,0.220097040966358,0.10498376410121554,0.35918367346938773
881211,Snoopy Presents: For Auld Lang Syne,Snoopy Presents: For Auld Lang Syne,en,English,2021-12-09,2021,12,2020,Animation|Family|Comedy,Animation,3,13.2959,7.183,109,Good,High,,,False,False,,,38.0,CA,CA|US,1,WildBrain Studios|Charles M. Schulz Creative Associates|Peanuts Worldwide,39,52886.6407813788,38239864,0.07801772029286914,0.6559574468085105,0.0014353484977496654,,,0.11836734693877551
503919,The Lighthouse,The Lighthouse,en,English,2019-10-18,2019,10,2010,Drama|Fantasy|Thriller,Drama,3,13.2843,7.463,5772,Good,High,11000000.0,18262464.0,True,True,7262464.0,0.660224,109.0,BR,BR|US,1,RT Features|Parts & Labor|A24|Regency Enterprises,21,9029.83326681073,207455459,0.07785248283524686,0.715531914893617,0.13920447634107772,0.01669689205528748,0.0062463383395319405,0.40816326530612246
8961,Bad Boys II,Bad Boys II,en,English,2003-07-18,2003,7,2000,Action|Crime|Comedy,Action,3,13.2658,6.658,6109,Good,High,130000000.0,273339556.0,True,True,143339556.0,1.1026119692307692,146.0,US,US,2,Columbia Pictures|Don Simpson/Jerry Bruckheimer Films,72,39490.3023903176,290107933,0.07758895757955614,0.5442553191489362,0.1474029923366987,0.1973283675807904,0.09349077753497624,0.5591836734693878
114,Pretty Woman,Pretty Woman,en,English,1990-03-23,1990,3,1990,Romance|Comedy,Romance,2,13.2624,7.44,9168,Good,High,14000000.0,463406268.0,True,True,449406268.0,32.100447714285714,120.0,US,US,1,Touchstone Pictures|Silver Screen Partners IV|Arnon Milchan Productions,48,23888.6000088133,249623000,0.0775405259109427,0.7106382978723405,0.22182216275392289,0.021250626732401,0.15849960905388827,0.4530612244897959
581,Dances with Wolves,Dances with Wolves,en,English,1990-11-09,1990,11,1990,Adventure|Drama|Western,Adventure,3,13.2332,7.841,4822,Good,High,22000000.0,424208848.0,True,True,402208848.0,18.282220363636362,181.0,GB,GB|US,1,Tig Productions|Majestic Films International|Allied Filmmakers,40,19095.4669984608,57247586,0.07712458334520383,0.7959574468085105,0.11609293273324413,0.03339391920470372,0.14509285073233624,0.7020408163265306
840430,The Holdovers,The Holdovers,en,English,2023-10-27,2023,10,2020,Drama|Comedy,Drama,2,13.2325,7.645,2664,Good,High,13000000.0,42513270.0,True,True,29513270.0,2.2702515384615385,133.0,US,US,1,Miramax|Gran Via Productions,58,82586.7847707894,336755052,0.07711461211931284,0.754255319148936,0.06359323683250213,0.019732715173363162,0.014540881581021911,0.5061224489795918
9323,Ghost in the Shell,GHOST IN THE SHELL / 攻殻機動隊,ja,Japanese,1995-11-18,1995,11,1990,Action|Animation|Science Fiction,Action,3,13.2204,7.9,4045,Good,High,3000000.0,10000000.0,True,True,7000000.0,2.3333333333333335,83.0,JP,JP|GB,1,Bandai Visual|Production I.G|Kodansha|Manga Entertainment,61,44947.4763611465,125472000,0.07694225235748268,0.8085106382978723,0.09719012285610024,0.004553599582984765,0.003420314127006625,0.3020408163265306
401981,Red Sparrow,Red Sparrow,en,English,2018-02-28,2018,2,2010,Thriller|Mystery,Thriller,2,13.1713,6.532,6467,Good,High,69000000.0,151572634.0,True,True,82572634.0,1.19670484057971,140.0,US,US,1,Chernin Entertainment|20th Century Fox|TSG Entertainment,83,62875.6661382728,328529577,0.07624284208427111,0.5174468085106383,0.156112395085756,0.10473576247948219,0.0518426360294058,0.5346938775510204
32657,Percy Jackson & the Olympians: The Lightning Thief,Percy Jackson & the Olympians: The Lightning Thief,en,English,2010-02-01,2010,2,2010,Adventure|Fantasy|Family,Adventure,3,13.1679,6.215,7947,Mixed,High,95000000.0,226497209.0,True,True,131497209.0,1.3841811473684211,118.0,US,US,1,1492 Pictures|Sunswept Entertainment|Dune Entertainment,44,48642.6312088213,309378227,0.07619441041565767,0.44999999999999996,0.19211774723269676,0.144201463014466,0.07746921220125585,0.4448979591836735
447404,Pokémon Detective Pikachu,Pokémon Detective Pikachu,en,English,2019-05-03,2019,5,2010,Action|Adventure|Fantasy,Action,3,13.1659,6.898,7512,Good,High,150000000.0,450063166.0,True,True,300063166.0,2.000421106666667,105.0,JP,JP|US,1,Legendary Pictures|The Pokémon Company|TOHO,25,41424.8655601543,126633000,0.07616592119882626,0.5953191489361701,0.18153509305437296,0.2276865987615472,0.15393584583238498,0.39183673469387753
257344,Pixels,Pixels,en,English,2015-07-16,2015,7,2010,Action|Comedy|Science Fiction|Adventure|Fantasy,Action,5,13.1618,5.788,8195,Mixed,High,88000000.0,244874809.0,True,True,156874809.0,1.7826682840909092,106.0,CN,CN|FR|IN|US,1,Columbia Pictures|Happy Madison Productions|1492 Pictures|LStar Capital|Film Croppers Entertainment|China Film Group Corporation,18,8175.33285077393,1379860000,0.0761075183043218,0.3591489361702128,0.19815107651137331,0.13357608210120114,0.08375493309130817,0.39591836734693875
343611,Jack Reacher: Never Go Back,Jack Reacher: Never Go Back,en,English,2016-10-19,2016,10,2010,Action|Thriller|Crime,Action,3,13.1613,6.031,5474,Mixed,High,60000000.0,162100000.0,True,True,102100000.0,1.7016666666666667,118.0,CN,CN|US,1,Skydance Media|Huahua Media|Shanghai Film Group|TC Productions|Paramount Pictures,57,8254.86859320357,1387790000,0.07610039600011397,0.41085106382978714,0.13195475003040993,0.09107455844814162,0.055443328414887395,0.4448979591836735
9358,Final Destination 2,Final Destination 2,en,English,2003-01-31,2003,1,2000,Horror|Mystery,Horror,2,13.1474,6.3,5025,Mixed,High,26000000.0,90941129.0,True,True,64941129.0,2.497735730769231,90.0,US,US,1,New Line Cinema|Zide-Perry Productions,40,39490.3023903176,290107933,0.07590239594313551,0.4680851063829787,0.12103150468312858,0.039465565440855076,0.03110474220356284,0.3306122448979592
215,Saw II,Saw II,en,English,2005-10-28,2005,10,2000,Horror,Horror,1,13.1439,6.609,6048,Good,High,4000000.0,152925093.0,True,True,148925093.0,37.23127325,93.0,US,US,1,Twisted Pictures,61,44123.3996470026,295516599,0.07585253981368052,0.5338297872340425,0.1459189879576694,0.0060715111420226045,0.052305219815604174,0.34285714285714286
588228,The Tomorrow War,The Tomorrow War,en,English,2021-09-03,2021,9,2020,Action|Science Fiction|Adventure,Action,3,13.1076,7.521,4455,Good,High,200000000.0,14400000.0,True,True,-185600000.0,-0.928,138.0,US,US,1,Skydance Media|Phantom Four|Lit Entertainment Group,102,71441.2319805947,332100166,0.07533546052819008,0.7278723404255318,0.10716457851842842,0.3035821767134392,0.004925253396347028,0.5265306122448979
6114,Bram Stoker's Dracula,Bram Stoker's Dracula,en,English,1992-11-13,1992,11,1990,Romance|Horror,Romance,2,13.1071,7.447,5921,Good,High,40000000.0,215862692.0,True,True,175862692.0,4.3965673,128.0,US,US,5,American Zoetrope|Osiris Films|Columbia Pictures,61,25418.9907763319,256514000,0.07532833822398223,0.712127659574468,0.14282933949641163,0.06071632726738483,0.07383187078221766,0.4857142857142857
228967,The Interview,The Interview,en,English,2014-12-25,2014,12,2010,Action|Comedy,Action,2,13.105,6.2,6368,Mixed,High,44000000.0,12342632.0,True,True,-31657368.0,-0.7194856363636364,112.0,US,US,2,Point Grey Pictures|Columbia Pictures|LStar Capital,44,55153.3940182967,319257560,0.07529842454630922,0.4468085106382979,0.15370392896241333,0.06678797350353619,0.004221568420282409,0.4204081632653061
124905,Godzilla,Godzilla,en,English,2014-05-14,2014,5,2010,Action|Drama|Science Fiction,Action,3,13.1009,6.367,10007,Mixed,High,160000000.0,524978362.0,True,True,364978362.0,2.2811147625,123.0,US,US,3,Legendary Pictures,77,55153.3940182967,319257560,0.07524002165180478,0.48234042553191486,0.24223330495073592,0.24286571435192558,0.17955921408936976,0.46530612244897956
4922,The Curious Case of Benjamin Button,The Curious Case of Benjamin Button,en,English,2008-12-25,2008,12,2000,Drama|Fantasy|Romance,Drama,3,13.0779,7.602,14024,Good,High,150000000.0,335802786.0,True,True,185802786.0,1.23868524,166.0,US,US,1,Paramount Pictures|Warner Bros. Pictures|The Kennedy/Marshall Company,85,48570.0594269601,304093966,0.07491239565824336,0.7451063829787233,0.3399586425009123,0.2276865987615472,0.11485517928880387,0.6408163265306123
49047,Gravity,Gravity,en,English,2013-10-03,2013,10,2010,Science Fiction|Thriller|Drama,Science Fiction,3,13.0691,7.172,16657,Good,High,105000000.0,723192705.0,True,True,618192705.0,5.887549571428571,91.0,GB,GB|US,1,Esperanto Filmoj|Warner Bros. Pictures|Heyday Films,32,43607.6636827371,64138000,0.07478704310418507,0.6536170212765956,0.4040141102055711,0.15938057860484442,0.24735479330009888,0.3346938775510204
508943,Luca,Luca,en,English,2021-06-17,2021,6,2020,Animation|Family|Fantasy|Drama|Comedy,Animation,5,13.0675,7.773,9126,Good,High,200000000.0,51074773.0,True,True,-148925227.0,-0.744626135,95.0,US,US,2,Pixar,36,71441.2319805947,332100166,0.07476425173071993,0.7814893617021275,0.22080038924705023,0.3035821767134392,0.017469186596766384,0.3510204081632653
979,Irreversible,Irréversible,fr,French,2002-05-22,2002,5,2000,Drama|Thriller|Crime,Drama,3,13.0604,7.169,3432,Good,High,3500000.0,6500000.0,True,True,3000000.0,0.8571428571428571,97.0,FR,FR,4,Wild Bunch|Eskwad|StudioCanal|Les Cinémas de la Zone|Nord-Ouest Productions|120 Films|Canal+,45,24144.5727019529,61812142,0.07466311501096834,0.6529787234042551,0.0822770952438876,0.005312555362503684,0.0022232033445767586,0.35918367346938773
14324,Virgin Territory,Virgin Territory,en,English,2007-12-17,2007,12,2000,Adventure|Action|Comedy|Romance,Adventure,4,13.0546,5.0,387,Poor,High,38000000.0,5410749.0,True,True,-32589251.0,-0.8576118684210526,93.0,LU,LU|IT|FR|GB,2,Zephyr Films|Carthago Films|DDL Cinematografica|Red Lion|Ingenious Media|Quinta Communications,38,107475.320297978,479993,0.07458049628215721,0.1914893617021277,0.008198515995620971,0.05768050414930915,0.0018506450254703259,0.34285714285714286
799583,The Ministry of Ungentlemanly Warfare,The Ministry of Ungentlemanly Warfare,en,English,2024-04-18,2024,4,2020,Action|Comedy|War|Adventure,Action,4,13.0486,6.995,2055,Good,High,60000000.0,29768915.0,True,True,-30231085.0,-0.5038514166666667,120.0,GB,GB|US,5,Jerry Bruckheimer Films|Black Bear Pictures|Toff Guy Films,64,53341.3131094262,69281000,0.07449502863166292,0.6159574468085106,0.0487775209828488,0.09107455844814162,0.010181908785132204,0.4530612244897959
296098,Bridge of Spies,Bridge of Spies,en,English,2015-10-15,2015,10,2010,Thriller|Drama,Thriller,2,13.0402,7.243,7422,Good,High,40000000.0,165478348.0,True,True,125478348.0,3.1369587,141.0,US,US|DE|IN,3,TSG Entertainment|Amblin Entertainment|Studio Babelsberg|Fox 2000 Pictures|Marc Platt Productions|Participant|Reliance Entertainment|DreamWorks Pictures,79,56849.4697923159,321815121,0.07437537392097092,0.6687234042553192,0.17934557839678872,0.06071632726738483,0.05659883036277322,0.5387755102040817
56292,Mission: Impossible - Ghost Protocol,Mission: Impossible - Ghost Protocol,en,English,2011-12-07,2011,12,2010,Action|Thriller|Adventure,Action,3,13.0355,7.116,11000,Good,High,145000000.0,694713380.0,True,True,549713380.0,3.7911267586206896,133.0,US,US,5,Paramount Pictures|Bad Robot|TC Productions|Skydance Media,92,50024.8812320773,311839461,0.07430842426141707,0.6417021276595744,0.266390950006082,0.220097040966358,0.2376139627190062,0.5061224489795918
190859,American Sniper,American Sniper,en,English,2014-12-25,2014,12,2010,War|Action,War,2,13.0311,7.408,13879,Good,High,58800000.0,542300000.0,True,True,483500000.0,8.22278911564626,133.0,US,US,1,Warner Bros. Pictures|Village Roadshow Pictures|RatPac Entertainment|Mad Chance|22nd & Indiana Pictures|Malpaso Productions,83,55153.3940182967,319257560,0.07424574798438792,0.7038297872340425,0.3364310911081377,0.08925306457729622,0.18548376255198318,0.5061224489795918
278927,The Jungle Book,The Jungle Book,en,English,2016-04-07,2016,4,2010,Adventure|Family|Fantasy,Adventure,3,13.0291,6.878,8630,Good,High,175000000.0,966550600.0,True,True,791550600.0,4.523146285714286,106.0,US,US,1,Walt Disney Pictures|Fairview Entertainment,40,57976.628204291,324353340,0.07421725876755647,0.591063829787234,0.2087337306896971,0.2656343877374932,0.3305908961840804,0.39591836734693875
532408,The Boogeyman,The Boogeyman,en,English,2023-05-31,2023,5,2020,Horror,Horror,1,13.0244,6.382,1164,Mixed,High,35000000.0,82344833.0,True,True,47344833.0,1.3527095142857142,99.0,US,US,1,21 Laps Entertainment|20th Century Studios,40,82586.7847707894,336755052,0.07415030910800262,0.4855319148936169,0.02710132587276487,0.053126769472195634,0.02816453688054606,0.3673469387755102
11104,Chungking Express,重慶森林,cn,Cantonese,1994-07-14,1994,7,1990,Drama|Comedy|Romance,Drama,3,13.0177,8.0,2275,Good,High,160000.0,1000000.0,True,True,840000.0,5.25,103.0,HK,HK,7,Jet Tone Production,26,22502.5302426236,6035400,0.07405487023161733,0.8297872340425531,0.054129667923610264,0.00024273075531729997,0.0003420292579012541,0.3836734693877551
1607,A Bronx Tale,A Bronx Tale,en,English,1993-10-01,1993,10,1990,Drama|Crime,Drama,2,13.0148,7.9,2999,Good,High,22000000.0,17287898.0,True,True,-4712102.0,-0.21418645454545454,121.0,US,US,2,Price Entertainment|Penta Entertainment|Tribeca Productions,43,26387.2937338171,259919000,0.07401356086721175,0.8085106382978723,0.07174309694684344,0.03339391920470372,0.005913005920449213,0.45714285714285713
266856,The Theory of Everything,The Theory of Everything,en,English,2014-11-07,2014,11,2010,Drama|Romance,Drama,2,13.0045,7.823,11262,Good,High,15000000.0,123726688.0,True,True,108726688.0,7.248445866666667,123.0,GB,GB|US,4,Working Title|Working Title Films,43,47746.9810645521,64619000,0.0738668414005299,0.7921276595744681,0.2727648704537161,0.02276853829143884,0.042318441114102996,0.46530612244897956
50646,"Crazy, Stupid, Love.","Crazy, Stupid, Love.",en,English,2011-07-29,2011,7,2010,Comedy|Drama|Romance,Comedy,3,13.0014,7.278,9510,Good,High,50000000.0,145079584.0,True,True,95079584.0,1.90159168,118.0,US,US,1,Warner Bros. Pictures,78,50024.8812320773,311839461,0.07382268311444119,0.6761702127659572,0.23014231845274297,0.07589544285776323,0.04962180741058973,0.4448979591836735
2034,Training Day,Training Day,en,English,2001-10-05,2001,10,2000,Action|Crime|Drama,Action,3,12.9943,7.53,6827,Good,High,45000000.0,104900000.0,True,True,59900000.0,1.3311111111111111,122.0,US,US,4,WV Films II|Village Roadshow Pictures|NPV Entertainment|Warner Bros. Pictures|Outlaw Productions,24,37133.6203973517,284968955,0.07372154639468963,0.7297872340425532,0.16487045371609294,0.06830588506257403,0.03587911791346215,0.46122448979591835
861,Total Recall,Total Recall,en,English,1990-06-01,1990,6,1990,Action|Adventure|Science Fiction,Action,3,12.9785,7.328,6682,Good,High,65000000.0,261317921.0,True,True,196317921.0,3.0202757076923077,113.0,US,US,1,Carolco Pictures|Ronald Shusett/Gary Goldman Productions,45,23888.6000088133,249623000,0.07349648158172133,0.6868085106382978,0.16134290232331833,0.09866411624333082,0.08937899785470874,0.42448979591836733
1824,50 First Dates,50 First Dates,en,English,2004-02-13,2004,2,2000,Comedy|Romance,Comedy,2,12.9752,6.876,7916,Good,High,75000000.0,196482882.0,True,True,121482882.0,1.61977176,99.0,US,US,1,Columbia Pictures|Anonymous Content|Flower Films|Happy Madison Productions,65,41724.6411982614,292805298,0.07344947437394944,0.5906382978723405,0.1913635810728622,0.11384323183370922,0.06720336235009133,0.3673469387755102
331482,Little Women,Little Women,en,English,2019-12-25,2019,12,2010,Drama|Romance,Drama,2,12.9567,7.842,7003,Good,High,40000000.0,332103783.0,True,True,292103783.0,7.302594575,135.0,US,US,2,Columbia Pictures|Regency Enterprises|Pascal Pictures,14,65227.9565911038,330226227,0.07318594911825874,0.7961702127659572,0.1691521712687021,0.06071632726738483,0.1135900031815066,0.5142857142857142
43347,Love & Other Drugs,Love & Other Drugs,en,English,2010-11-22,2010,11,2010,Drama|Comedy|Romance,Drama,3,12.9471,7.042,5716,Good,High,30000000.0,102800000.0,True,True,72800000.0,2.4266666666666667,112.0,US,US,1,Fox 2000 Pictures|Regency Enterprises|New Regency Pictures|Stuber Pictures|Bedford Falls Productions|Dune Entertainment,65,48642.6312088213,309378227,0.07304920087746788,0.6259574468085105,0.13784211166524754,0.04553721167700644,0.03516085144400423,0.4204081632653061
10545,The Hunchback of Notre Dame,The Hunchback of Notre Dame,en,English,1996-06-21,1996,6,1990,Drama|Animation|Family,Drama,3,12.942,7.135,5475,Good,High,100000000.0,325300000.0,True,True,225300000.0,2.253,91.0,US,US,2,Walt Disney Pictures|Walt Disney Feature Animation,56,29967.7127181749,269394000,0.07297655337454774,0.6457446808510637,0.13197907797104974,0.1517910208096552,0.11126289404133145,0.3346938775510204
315011,Shin Godzilla,シン・ゴジラ,ja,Japanese,2016-07-29,2016,7,2010,Action|Science Fiction|Horror,Action,3,12.9374,7.247,1645,Good,High,15000000.0,78053145.0,True,True,63053145.0,4.203543,120.0,JP,JP,4,Toho Pictures|Cine Bazar,71,40214.9688631562,127076000,0.07291102817583545,0.6695744680851062,0.038803065320520615,0.02276853829143884,0.026696643743510384,0.4530612244897959
801335,Girl in the Basement,Girl in the Basement,en,English,2021-02-27,2021,2,2020,Thriller|Crime|TV Movie,Thriller,3,12.9355,7.574,892,Good,High,,,False,False,,,88.0,US,US,1,Big Dreams Entertainment|Swirl Films|Lifetime,39,71441.2319805947,332100166,0.07288396341984558,0.7391489361702126,0.020484126018732514,,,0.3224489795918367
36955,True Lies,True Lies,en,English,1994-07-15,1994,7,1990,Action|Thriller,Action,2,12.9231,7.1,4726,Good,High,115000000.0,378900000.0,True,True,263900000.0,2.294782608695652,141.0,US,US,4,Lightstorm Entertainment|20th Century Fox,37,27694.853416234,263126000,0.07270733027549073,0.6382978723404253,0.11375745043182095,0.1745596941952228,0.12959579059511456,0.5387755102040817
324849,The Lego Batman Movie,The Lego Batman Movie,en,English,2017-02-08,2017,2,2010,Animation|Action|Comedy|Family,Animation,4,12.9193,7.26,5565,Good,High,80000000.0,311950384.0,True,True,231950384.0,2.8993798,104.0,US,US|DK|AU,1,Lin Pictures|Animal Logic|DC Entertainment|Lord Miller|Warner Bros. Pictures|The LEGO Group|Warner Animation Group|RatPac Entertainment,46,60047.7190728307,326608609,0.072653200763511,0.6723404255319148,0.13416859262863398,0.12143278962889842,0.10669690282564623,0.3877551020408163
10549,Hamlet,Hamlet,en,English,1996-12-25,1996,12,1990,Drama,Drama,1,12.9127,7.3,528,Good,High,18000000.0,4700000.0,True,True,-13300000.0,-0.7388888888888889,242.0,US,US,1,Castle Rock Entertainment,24,29967.7127181749,269394000,0.07255918634796728,0.6808510638297871,0.011628755625836273,0.027322272968552358,0.0016075463707556845,0.9510204081632653
508,Love Actually,Love Actually,en,English,2003-09-07,2003,9,2000,Comedy|Romance|Drama,Comedy,3,12.9085,7.099,7553,Good,High,40000000.0,250779876.0,True,True,210779876.0,5.2694969,135.0,FR,FR|GB,3,Working Title|DNA Films|StudioCanal,24,29479.5222101175,62249855,0.07249935899262129,0.6380851063829787,0.18253253862060576,0.06071632726738483,0.08577465291321412,0.5142857142857142
605,The Matrix Revolutions,The Matrix Revolutions,en,English,2003-11-05,2003,11,2000,Adventure|Action|Thriller|Science Fiction,Adventure,4,12.9,6.758,11118,Good,High,150000000.0,424988211.0,True,True,274988211.0,1.83325474,129.0,US,US,2,Village Roadshow Pictures|NPV Entertainment|Silver Pictures,31,39490.3023903176,290107933,0.07237827982108773,0.565531914893617,0.26926164700158134,0.2276865987615472,0.14535941754682963,0.4897959183673469
496450,"Miraculous: Ladybug & Cat Noir, The Movie",Miraculous - le film,fr,French,2023-07-05,2023,7,2020,Animation|Fantasy|Action|Romance|Family,Animation,5,12.8918,7.6,983,Good,High,86000000.0,40208268.0,True,True,-45791732.0,-0.532462,105.0,CN,CN|FR|CA,2,The Awakening Production|SND|Fantawild|Zag Animation Studios|ON Animation Studios,29,12951.1782397043,1410710000,0.07226147403207886,0.7446808510638296,0.022697968616956575,0.13054025898312546,0.01375249793881551,0.39183673469387753
10386,The Iron Giant,The Iron Giant,en,English,1999-08-06,1999,8,1990,Animation|Drama|Family|Science Fiction|Adventure,Animation,5,12.8799,7.962,6365,Good,High,50000000.0,23300000.0,True,True,-26700000.0,-0.534,86.0,US,US,1,Warner Bros. Feature Animation,33,34515.3813073394,279040000,0.07209196319193184,0.8217021276595743,0.15363094514049386,0.07589544285776323,0.007969335100240118,0.3142857142857143
7555,Rambo,Rambo,en,English,2008-01-24,2008,1,2000,Action|Thriller|War,Action,3,12.8735,6.705,4403,Good,High,50000000.0,113200000.0,True,True,63200000.0,1.264,92.0,US,US|DE,3,Millennium Media|Lionsgate|The Weinstein Company|Nu Image Entertainment|Emmett/Furla Films,36,48570.0594269601,304093966,0.07200079769807127,0.5542553191489361,0.10589952560515753,0.07589544285776323,0.03871798062608155,0.33877551020408164
36669,Die Another Day,Die Another Day,en,English,2002-11-17,2002,11,2000,Adventure|Action|Thriller,Adventure,3,12.8733,6.0,3992,Mixed,High,142000000.0,431971116.0,True,True,289971116.0,2.042050112676056,133.0,GB,GB,7,EON Productions,27,30158.7017807858,59370479,0.07199794877638814,0.40425531914893614,0.09590074200218951,0.21554330628924448,0.14774779208059632,0.5061224489795918
524047,Greenland,Greenland,en,English,2020-07-29,2020,7,2020,Thriller|Action|Science Fiction,Thriller,3,12.8692,7.12,5528,Good,High,34000000.0,52300000.0,True,True,18300000.0,0.538235294117647,120.0,GB,GB|US,3,STXfilms|Anton|Thunder Road|G-BASE|Riverstone Pictures,64,40815.1255364787,66740000,0.0719395458818837,0.6425531914893616,0.13326845882496047,0.051608857913157793,0.01788825301180187,0.4530612244897959
44896,Rango,Rango,en,English,2011-03-02,2011,3,2010,Animation|Comedy|Family|Western|Adventure,Animation,5,12.8614,6.919,7318,Good,High,135000000.0,245724603.0,True,True,110724603.0,0.8201822444444444,107.0,US,US,1,Paramount Pictures|Blind Wink|Nickelodeon Movies|GK Films,64,50024.8812320773,311839461,0.07182843793624112,0.5997872340425531,0.17681547257024693,0.2049179253759796,0.08404558953709224,0.4
181533,Night at the Museum: Secret of the Tomb,Night at the Museum: Secret of the Tomb,en,English,2014-12-17,2014,12,2010,Adventure|Comedy|Fantasy|Family,Adventure,4,12.8599,6.229,6335,Mixed,High,127000000.0,363204635.0,True,True,236204635.0,1.8598790157480316,98.0,GB,GB|US,1,Moving Picture Company|21 Laps Entertainment|1492 Pictures|TSG Entertainment|20th Century Fox,38,47746.9810645521,64619000,0.07180707102361755,0.4529787234042553,0.1529011069212991,0.19277463290367688,0.12422747897349389,0.363265306122449
257874,Beneath,Beneath,en,English,2013-10-08,2013,10,2010,Horror,Horror,1,12.8595,5.4,178,Mixed,High,89.0,,True,False,,,89.0,US,US,1,Revolver Picture Company|Elevative Entertainment,41,53297.3862901595,316726282,0.07180137318025129,0.27659574468085113,0.0031139764018975795,0.0,,0.32653061224489793
9475,Scent of a Woman,Scent of a Woman,en,English,1992-12-23,1992,12,1990,Drama,Drama,1,12.8582,7.793,4083,Good,High,31000000.0,134100000.0,True,True,103100000.0,3.325806451612903,156.0,US,US,1,Universal Pictures|City Light Films,57,25418.9907763319,256514000,0.07178285518931085,0.7857446808510637,0.09811458460041357,0.04705512323604427,0.04586644215544846,0.6
593643,The Menu,The Menu,en,English,2022-11-17,2022,11,2020,Comedy|Horror,Comedy,2,12.856,7.182,6636,Good,High,35000000.0,79628200.0,True,True,44628200.0,1.2750914285714285,107.0,US,US,2,Hyperobject Industries|Searchlight Pictures|Gary Sanchez Productions|TSG Entertainment,26,78008.6895811877,333996304,0.07175151705079627,0.6557446808510639,0.16022381705388639,0.053126769472195634,0.02723536240734469,0.4
924,Dawn of the Dead,Dawn of the Dead,en,English,2004-03-19,2004,3,2000,Horror|Science Fiction|Action,Horror,3,12.8558,7.09,4698,Good,High,26000000.0,102278712.0,True,True,76278712.0,2.9337966153846153,101.0,US,US,1,New Amsterdam Entertainment|Strike Entertainment,20,41724.6411982614,292805298,0.07174866812911314,0.6361702127659573,0.11307626809390585,0.039465565440855076,0.034982554448132426,0.37551020408163266
395834,Wind River,Wind River,en,English,2017-08-03,2017,8,2010,Crime|Mystery|Thriller,Crime,3,12.8544,7.441,5953,Good,High,11000000.0,44998252.0,True,True,33998252.0,3.0907501818181817,107.0,FR,FR|GB|US,1,Savvy Media Holdings|Thunder Road|Film 44|Acacia Filmed Entertainment|Riverstone Pictures|Voltage Pictures|Synergics Films|Star Thrower Entertainment|Tunica-Biloxi Tribe of Louisiana|The Fyzz|Wild Bunch,21,38687.1626407164,66918020,0.07172872567733113,0.7108510638297871,0.14360783359688603,0.01669689205528748,0.015390824079977378,0.4
524,Casino,Casino,en,English,1995-11-22,1995,11,1990,Crime|Drama,Crime,2,12.8478,7.999,6726,Good,High,50000000.0,116112375.0,True,True,66112375.0,1.3222475,179.0,FR,FR|US,1,Universal Pictures|Syalis DA|Légende Films|Cappa/De Fina Productions,21,26791.8151982369,59541294,0.0716347112617874,0.8295744680851062,0.16241333171147063,0.07589544285776323,0.03971410505893274,0.6938775510204082
49046,All Quiet on the Western Front,Im Westen nichts Neues,de,German,2022-10-07,2022,10,2020,War|Drama,War,2,12.833,7.743,4918,Good,High,20000000.0,,True,False,,,147.0,DE,DE,3,Amusement Park Films|Gunpowder Films,52,50506.5179638543,83177813,0.07142389105723485,0.7751063829787234,0.11842841503466732,0.03035809608662804,,0.563265306122449
1138194,Heretic,Heretic,en,English,2024-10-31,2024,10,2020,Thriller|Horror,Thriller,2,12.8307,6.963,2875,Good,High,10000000.0,51913394.0,True,True,41913394.0,4.1913394,111.0,US,US,1,A24|Beck/Woods|Shiny Penny Productions|CatchLight Studios,32,86169.6641581917,340003797,0.07139112845787869,0.6091489361702127,0.06872643230750516,0.015178980496249642,0.017756021522901275,0.4163265306122449
2024,The Patriot,The Patriot,en,English,2000-06-28,2000,6,2000,Drama|History|War|Action,Drama,4,12.829,7.2,4481,Good,High,110000000.0,215294342.0,True,True,105294342.0,0.9572212909090909,165.0,DE,DE|US,1,Columbia Pictures|Mutual Film Company|Centropolis Entertainment|Global Medien KG,60,23925.8559901991,82211508,0.07136691262357199,0.6595744680851063,0.10779710497506387,0.1669701364000336,0.07363747709273365,0.636734693877551
585083,Hotel Transylvania: Transformania,Hotel Transylvania: Transformania,en,English,2022-01-31,2022,1,2020,Animation|Comedy|Family|Adventure|Fantasy,Animation,5,12.8196,7.0,3098,Good,High,75000000.0,18500000.0,True,True,-56500000.0,-0.7533333333333333,92.0,US,US,1,Sony Pictures Animation|Sony Pictures|MRC|Columbia Pictures,56,78008.6895811877,333996304,0.07123301330446426,0.6170212765957446,0.07415156307018611,0.11384323183370922,0.006327583170050587,0.33877551020408164
84892,The Perks of Being a Wallflower,The Perks of Being a Wallflower,en,English,2012-09-20,2012,9,2010,Drama,Drama,1,12.8136,7.805,11440,Good,High,13000000.0,33384127.0,True,True,20384127.0,1.5680097692307693,103.0,US,US,1,Mr. Mudd,38,51708.3940614082,314339099,0.07114754565396995,0.7882978723404254,0.2770952438876049,0.019732715173363162,0.011418425718266444,0.3836734693877551
8871,How the Grinch Stole Christmas,How the Grinch Stole Christmas,en,English,2000-11-17,2000,11,2000,Family|Comedy|Fantasy,Family,3,12.8122,6.781,8446,Good,High,123000000.0,345800000.0,True,True,222800000.0,1.8113821138211381,105.0,US,US|DE,1,Universal Pictures|Imagine Entertainment|LUNI Productions,29,36329.9702595751,282162411,0.07112760320218799,0.5704255319148935,0.20425738961196935,0.18670298666752552,0.11827454290984923,0.39183673469387753
13053,Bolt,Bolt,en,English,2008-11-21,2008,11,2000,Animation|Family|Adventure|Comedy,Animation,4,12.8069,6.553,6641,Good,High,150000000.0,309979994.0,True,True,159979994.0,1.0665332933333334,98.0,US,US,1,Walt Disney Animation Studios|Walt Disney Pictures,47,48570.0594269601,304093966,0.0710521067775847,0.5219148936170213,0.1603454567570855,0.2276865987615472,0.10602296707861995,0.363265306122449
9693,Children of Men,Children of Men,en,English,2006-09-22,2006,9,2000,Science Fiction|Thriller|Action,Science Fiction,3,12.7777,7.615,8109,Good,High,76000000.0,70595464.0,True,True,-5404536.0,-0.07111231578947369,109.0,GB,GB|US,1,Universal Pictures|Strike Entertainment|Hit & Run Productions,41,44695.161023424,60846820,0.0706361642118458,0.7478723404255319,0.19605887361634838,0.11536114339274706,0.024145880790075427,0.40816326530612246
5503,The Fugitive,The Fugitive,en,English,1993-08-06,1993,8,1990,Action|Thriller|Drama,Action,3,12.7702,7.49,4949,Good,High,44000000.0,368875760.0,True,True,324875760.0,7.38354,131.0,US,US,1,Warner Bros. Pictures,28,26387.2937338171,259919000,0.07052932964872796,0.7212765957446808,0.11918258119450188,0.06678797350353619,0.1261671832266389,0.49795918367346936
299054,Expend4bles,Expend4bles,en,English,2023-09-15,2023,9,2020,Action|Adventure|Thriller,Action,3,12.7701,6.039,1963,Mixed,High,100000000.0,37917985.0,True,True,-62082015.0,-0.62082015,103.0,BG,BG|FR|US|GR,6,Millennium Media|Campbell Grobman Films|Lionsgate|Nu Boyana Film Studios|Templeton Media|Davis Films|Media Capital Technologies,58,15854.0192893772,6446596,0.07052790518788637,0.41255319148936165,0.04653935044398492,0.1517910208096552,0.012969148660496704,0.3836734693877551
146,"Crouching Tiger, Hidden Dragon",卧虎藏龍,zh,Mandarin,2000-07-06,2000,7,2000,Adventure|Drama|Action|Romance|Fantasy,Adventure,5,12.7661,7.437,3699,Good,High,17000000.0,213978518.0,True,True,196978518.0,11.586971647058823,120.0,HK,HK|TW|US|CN,1,Sony Pictures Classics|Columbia Pictures Film Production Asia|Edko Films|Zoom Hunt|China Film Co-Production|Good Machine,29,25756.7728723704,6665000,0.07047092675422352,0.71,0.08877265539472083,0.02580436140951452,0.07318742363611079,0.4530612244897959
913290,Barbarian,Barbarian,en,English,2022-09-08,2022,9,2020,Horror|Mystery|Thriller,Horror,3,12.763,6.872,3495,Good,High,4500000.0,45400000.0,True,True,40900000.0,9.088888888888889,103.0,US,US,2,BoulderLight Pictures|Vertigo Entertainment|Regency Enterprises|Hammerstone Studios|Almost Never Films,44,78008.6895811877,333996304,0.07042676846813481,0.5897872340425531,0.08380975550419657,0.006830466921541524,0.015528234612154418,0.3836734693877551
166428,How to Train Your Dragon: The Hidden World,How to Train Your Dragon: The Hidden World,en,English,2019-01-03,2019,1,2010,Animation|Family|Adventure,Animation,3,12.753,7.751,7285,Good,High,129000000.0,539987993.0,True,True,410987993.0,3.185953434108527,104.0,US,US,1,DreamWorks Animation,48,65227.9565911038,330226227,0.07028432238397767,0.7768085106382978,0.1760126505291327,0.19581045602175257,0.18469298297805364,0.3877551020408163
420817,Aladdin,Aladdin,en,English,2019-05-22,2019,5,2010,Adventure|Fantasy|Romance|Family,Adventure,4,12.7248,7.077,10805,Good,High,183000000.0,1054304000.0,True,True,871304000.0,4.761224043715847,127.0,US,US,1,Walt Disney Pictures|Rideback,41,65227.9565911038,330226227,0.06988262442665451,0.6334042553191489,0.26164700158131615,0.2777776802097959,0.360605336565475,0.4816326530612245
628,Interview with the Vampire,Interview with the Vampire,en,English,1994-11-11,1994,11,1990,Horror|Drama|Fantasy,Horror,3,12.7172,7.4,6605,Good,High,60000000.0,223664608.0,True,True,163664608.0,2.7277434666666664,123.0,US,US,2,Geffen Pictures,18,27694.853416234,263126000,0.06977436540269508,0.7021276595744681,0.15946965089405182,0.09107455844814162,0.07650037300142111,0.46530612244897956
619979,Deep Water,Deep Water,en,English,2022-03-17,2022,3,2020,Drama|Mystery|Thriller,Drama,3,12.6985,5.829,1712,Mixed,High,49000000.0,,True,False,,,116.0,US,US,1,New Regency Pictures|Entertainment 360|Film Rites|Keep Your Head Productions,26,78008.6895811877,333996304,0.0695079912253212,0.36787234042553185,0.040433037343388885,0.07437753129872539,,0.43673469387755104
754,Face/Off,Face/Off,en,English,1997-06-27,1997,6,1990,Action|Crime|Science Fiction,Action,3,12.6968,7.061,6110,Good,High,80000000.0,245700000.0,True,True,165700000.0,2.07125,139.0,US,US,2,WCG Entertainment Productions|Douglas/Reuther Productions|David Permut Productions,35,31459.1299691554,272657000,0.0694837753910145,0.6299999999999999,0.1474273202773385,0.12143278962889842,0.08403717453235506,0.5306122448979592
37797,Whisper of the Heart,耳をすませば,ja,Japanese,1995-07-15,1995,7,1990,Animation|Drama|Family,Animation,3,12.6945,7.9,2350,Good,High,,,False,False,,,111.0,JP,JP,1,Studio Ghibli|Nippon Television Network Corporation|Tokuma Shoten|Hakuhodo,35,44947.4763611465,125472000,0.06945101279165836,0.8085106382978723,0.05595426347159713,,,0.4163265306122449
1079091,It Ends with Us,It Ends with Us,en,English,2024-08-07,2024,8,2020,Drama|Romance,Drama,2,12.6798,6.948,2046,Good,High,55000000.0,351441044.0,True,True,296441044.0,5.389837163636364,131.0,US,US,1,Columbia Pictures|Wayfarer Studios|Saks Picture Company,39,86169.6641581917,340003797,0.06924161704794736,0.6059574468085107,0.04855856951709038,0.08348500065295243,0.12020395850886675,0.49795918367346936
508439,Onward,Onward,en,English,2020-02-29,2020,2,2020,Adventure|Animation|Comedy|Family|Fantasy,Adventure,5,12.6796,7.634,6694,Good,High,200000000.0,141888276.0,True,True,-58111724.0,-0.29055862,102.0,US,US,1,Walt Disney Pictures|Pixar,26,64465.2971415748,331578104,0.06923876812626421,0.7519148936170212,0.16163483761099623,0.3035821767134392,0.04853027906291696,0.3795918367346939
7443,Chicken Run,Chicken Run,en,English,2000-06-23,2000,6,2000,Animation|Comedy|Family,Animation,3,12.6749,6.9,5523,Good,High,45000000.0,224834564.0,True,True,179834564.0,3.9963236444444443,84.0,FR,FR|GB|US,1,Aardman|DreamWorks Animation|Pathé|DreamWorks Pictures|Allied Filmmakers,66,22340.5939516217,60918661,0.06917181846671033,0.5957446808510638,0.13314681912176135,0.06830588506257403,0.07690053498501212,0.30612244897959184
627,Trainspotting,Trainspotting,en,English,1996-02-23,1996,2,1990,Drama|Crime,Drama,2,12.6624,7.959,10656,Good,High,4000000.0,71981823.0,True,True,67981823.0,16.99545575,94.0,GB,GB,1,Figment Films|The Noel Gay Motion Picture Company|DNA Films|Channel Four Films,58,24503.3829602903,58166950,0.06899376086151392,0.8210638297872338,0.25802213842598226,0.0060715111420226045,0.024620059449280765,0.3469387755102041
337401,Mulan,Mulan,en,English,2020-09-04,2020,9,2020,Adventure|Fantasy|Action,Adventure,3,12.6619,6.818,7153,Good,High,200000000.0,69965374.0,True,True,-130034626.0,-0.65017313,115.0,US,US,1,Walt Disney Pictures|Good Fear|Jason T. Reed Productions,83,64465.2971415748,331578104,0.06898663855730605,0.5782978723404254,0.17280136236467583,0.3035821767134392,0.02393037006638936,0.4326530612244898
141,Donnie Darko,Donnie Darko,en,English,2001-01-19,2001,1,2000,Fantasy|Drama|Mystery,Fantasy,3,12.6565,7.759,13747,Good,High,4500000.0,7500000.0,True,True,3000000.0,0.6666666666666666,114.0,US,US,1,Flower Films|Pandora Cinema|Newmarket Films,27,37133.6203973517,284968955,0.06890971767186119,0.7785106382978723,0.3332198029436808,0.006830466921541524,0.0025652349966995775,0.42857142857142855
534,Terminator Salvation,Terminator Salvation,en,English,2009-05-20,2009,5,2000,Action|Science Fiction|Thriller,Action,3,12.6526,6.101,7237,Mixed,High,200000000.0,371353001.0,True,True,171353001.0,0.856765005,115.0,US,US,2,The Halcyon Company|Moritz Borman Productions|Wonderland Sound and Vision|Mandate International|T Asset Acquisition Company|Columbia Pictures|Warner Bros. Pictures,52,47194.9500893872,306771529,0.0688541636990399,0.4257446808510638,0.17484490937842112,0.3035821767134392,0.1270144780585753,0.4326530612244898
379149,The Foreigner,The Foreigner,en,English,2017-09-28,2017,9,2010,Action|Thriller|Crime,Action,3,12.649,6.979,3023,Good,High,35000000.0,145374099.0,True,True,110374099.0,3.1535456857142856,114.0,CN,CN|IN|GB|US|CH,2,Sparkle Roll Media|STXfilms|Arthur Sarkissian Productions|The Entertainer Production Company|Orange Corp|Wanda Pictures|Huayi Brothers Pictures|Prosperity Pictures,67,8979.67652709856,1396215000,0.06880288310874333,0.6125531914893616,0.07232696752219925,0.053126769472195634,0.049722540862614684,0.42857142857142855
337170,American Made,American Made,en,English,2017-08-18,2017,8,2010,Comedy|Crime|Drama,Comedy,3,12.618,6.901,5119,Good,High,50000000.0,133511855.0,True,True,83511855.0,1.6702371,115.0,US,US|LU,3,Universal Pictures|Cross Creek Pictures|Imagine Entertainment|Vendian Entertainment|Quadrant Pictures|Hercules Film Fund,20,60047.7190728307,326608609,0.0683613002478562,0.5959574468085105,0.1233183311032721,0.07589544285776323,0.045665277949410686,0.4326530612244898
18491,Neon Genesis Evangelion: The End of Evangelion,新世紀エヴァンゲリオン劇場版 Air／まごころを、君に,ja,Japanese,1997-07-19,1997,7,1990,Animation|Science Fiction|Drama|Fantasy|Action,Animation,5,12.5987,8.259,1954,Excellent,High,7500000.0,26000000.0,True,True,18500000.0,2.466666666666667,87.0,JP,JP,1,GAINAX|movic|Star Child Recording|TV Tokyo|Production I.G|KADOKAWA Shoten|Toei Company|SEGA,43,36331.0311480645,126057000,0.06808637930543288,0.8848936170212766,0.04632039897822649,0.011384201598655042,0.008892820560971728,0.3183673469387755
399402,Hunter Killer,Hunter Killer,en,English,2018-10-19,2018,10,2010,Action|Thriller,Action,2,12.5953,6.909,2476,Good,High,40000000.0,31672678.0,True,True,-8327322.0,-0.20818305,121.0,US,US,2,Original Film|G-BASE|Millennium Media|Relativity Media,78,62875.6661382728,328529577,0.06803794763681946,0.597659574468085,0.05901958399221506,0.06071632726738483,0.010833055989272497,0.45714285714285713
10528,Sherlock Holmes,Sherlock Holmes,en,English,2009-12-23,2009,12,2000,Action|Adventure|Mystery,Action,3,12.5884,7.222,15031,Good,High,90000000.0,524028679.0,True,True,434028679.0,4.822540877777778,129.0,US,US|DE,2,Warner Bros. Pictures|Village Roadshow Pictures|Silver Pictures|Wigram Productions|Internationale Filmproduktion Blackbird Zweite,25,47194.9500893872,306771529,0.06793965983875103,0.6642553191489362,0.3644568787252159,0.13661190521927682,0.1792343924438868,0.4897959183673469
1268,Mr. Bean's Holiday,Mr. Bean's Holiday,en,English,2007-03-22,2007,3,2000,Family|Comedy,Family,2,12.5801,6.402,3215,Mixed,High,25000000.0,232225908.0,True,True,207225908.0,8.28903632,90.0,GB,GB|FR|DE,3,Tiger Aspect|Working Title|StudioCanal|Motion Picture Alpha Produktions|Universal Pictures,36,50629.0799172887,61322463,0.0678214295889006,0.4897872340425532,0.07699793212504562,0.037947653881817235,0.0794286085847402,0.3306122448979592
446893,Trolls World Tour,Trolls World Tour,en,English,2020-03-11,2020,3,2020,Family|Animation|Comedy|Fantasy|Adventure|Music,Family,6,12.5643,7.224,2312,Good,High,90000000.0,49276818.0,True,True,-40723182.0,-0.4524798,91.0,US,US,1,DreamWorks Animation,68,64465.2971415748,331578104,0.0675963647759323,0.6646808510638298,0.055029801727283785,0.13661190521927682,0.0168542290776739,0.3346938775510204
109439,The Hangover Part III,The Hangover Part III,en,English,2013-05-23,2013,5,2010,Comedy,Comedy,1,12.552,6.213,9430,Mixed,High,103000000.0,362000072.0,True,True,259000072.0,2.514563805825243,100.0,US,US,1,Green Hat Films|Legendary Pictures|BenderSpink,24,53297.3862901595,316726282,0.06742115609241901,0.44957446808510637,0.228196083201557,0.15634475548676874,0.12381548030051787,0.37142857142857144
70160,The Hunger Games,The Hunger Games,en,English,2012-03-12,2012,3,2010,Science Fiction|Adventure|Action|Thriller,Science Fiction,4,12.539,7.2,23708,Good,High,75000000.0,694000000.0,True,True,619000000.0,8.253333333333334,142.0,US,US,1,Lionsgate|Color Force,42,51708.3940614082,314339099,0.06723597618301472,0.6595744680851063,0.5755504196569761,0.11384323183370922,0.23736996417901482,0.5428571428571428
7446,Tropic Thunder,Tropic Thunder,en,English,2008-08-09,2008,8,2000,Action|Comedy|War,Action,3,12.5318,6.727,7194,Good,High,92000000.0,195702811.0,True,True,103702811.0,1.1272044673913044,107.0,US,US|GB|DE,2,DreamWorks Pictures|Red Hour|Goldcrest Pictures|International Film Production Stella-del-Sud Second,47,48570.0594269601,304093966,0.06713341500242159,0.558936170212766,0.17379880793090866,0.1396477283373525,0.06693655337718823,0.4
755,From Dusk Till Dawn,From Dusk Till Dawn,en,English,1996-01-19,1996,1,1990,Horror|Action|Crime,Horror,3,12.5207,7.05,6696,Good,High,19000000.0,25800000.0,True,True,6800000.0,0.35789473684210527,108.0,US,US,2,Los Hooligans Productions|A Band Apart|Dimension Films|Miramax,28,29967.7127181749,269394000,0.06697529984900714,0.627659574468085,0.16168349349227587,0.0288401845275902,0.008824414230547166,0.40408163265306124
9919,How to Lose a Guy in 10 Days,How to Lose a Guy in 10 Days,en,English,2003-02-07,2003,2,2000,Comedy|Romance,Comedy,2,12.5129,6.9,4592,Good,High,50000000.0,177557758.0,True,True,127557758.0,2.55115516,116.0,US,US,1,Paramount Pictures|Robert Evans Productions|Lynda Obst Productions|Christine Peters Productions,56,39490.3023903176,290107933,0.06686419190336458,0.5957446808510638,0.11049750638608442,0.07589544285776323,0.06073037092174211,0.43673469387755104
956,Mission: Impossible III,Mission: Impossible III,en,English,2006-04-25,2006,4,2000,Adventure|Action|Thriller,Adventure,3,12.5092,6.766,7841,Good,High,150000000.0,398479497.0,True,True,248479497.0,1.65652998,126.0,US,US|DE,6,Paramount Pictures|Cruise/Wagner Productions|MI 3 Film,55,46301.9876485519,298379912,0.06681148685222643,0.5672340425531914,0.18953898552487533,0.2276865987615472,0.13629259830175833,0.4775510204081633
9489,You've Got Mail,You've Got Mail,en,English,1998-12-18,1998,12,1990,Comedy|Romance,Comedy,2,12.5046,6.71,3748,Good,High,65000000.0,250800000.0,True,True,185800000.0,2.8584615384615386,119.0,US,US,1,Warner Bros. Pictures|The Donners' Company,32,32853.6725949234,275854000,0.06674596165351414,0.5553191489361702,0.08996472448607225,0.09866411624333082,0.08578153595818144,0.4489795918367347
531428,Portrait of a Lady on Fire,Portrait de la jeune fille en feu,fr,French,2019-09-06,2019,9,2010,Drama|Romance,Drama,2,12.4822,8.089,3043,Excellent,High,5740000.0,9923127.0,True,True,4183127.0,0.7287677700348432,121.0,FR,FR,2,Lilies Films|ARTE France Cinéma|Hold Up Films,27,40408.2848574751,67382061,0.06642688242500215,0.8487234042553191,0.07281352633499574,0.008712677254748445,0.0033940211278129877,0.45714285714285713
15906,Barbie and the Magic of Pegasus,Barbie and the Magic of Pegasus,en,English,2005-10-04,2005,10,2000,Animation|Family|Romance,Animation,3,12.4798,7.2,784,Good,High,,,False,False,,,85.0,US,US,1,Mattel|Mainframe Entertainment,46,44123.3996470026,295516599,0.06639269536480441,0.6595744680851063,0.01785670842963143,,,0.31020408163265306
1927,Hulk,Hulk,en,English,2003-06-19,2003,6,2000,Science Fiction|Adventure|Action|Drama,Science Fiction,4,12.4748,5.601,6457,Mixed,High,137000000.0,245360480.0,True,True,108360480.0,0.7909524087591241,138.0,US,US,2,Marvel Enterprises|Universal Pictures|Good Machine|Valhalla Motion Pictures,30,39490.3023903176,290107933,0.06632147232272585,0.3193617021276596,0.15586911567935774,0.20795374849405526,0.08392104794582632,0.5265306122448979
1427,Perfume: The Story of a Murderer,Perfume: The Story of a Murderer,en,English,2006-09-13,2006,9,2000,Crime|Fantasy|Drama,Crime,3,12.4742,7.376,5157,Good,High,63700000.0,135039924.0,True,True,71339924.0,1.1199360125588698,147.0,DE,DE|FR|ES|US|BE,1,Constantin Film|VIP Medienfonds 4|NEF Productions|Davis Films|Castelao Productions|Rising Star Productions|DreamWorks Pictures|Summit Entertainment|Bernd Eichinger Productions,44,36980.3349948954,82376451,0.06631292555767641,0.6970212765957446,0.12424279284758545,0.09669083121658163,0.04618792591403835,0.563265306122449
81005,Jack the Giant Slayer,Jack the Giant Slayer,en,English,2013-02-27,2013,2,2010,Fantasy|Action|Adventure,Fantasy,3,12.4714,5.91,5349,Mixed,High,195000000.0,197700000.0,True,True,2700000.0,0.013846153846153847,114.0,US,US,1,New Line Cinema|Legendary Pictures|Original Film|Big Kid Pictures|Bad Hat Harry Productions|Warner Bros. Pictures,96,53297.3862901595,316726282,0.06627304065411241,0.3851063829787234,0.12891375745043182,0.29599261891824996,0.06761965523045975,0.42857142857142855
59967,Looper,Looper,en,English,2012-09-26,2012,9,2010,Action|Thriller|Science Fiction,Action,3,12.4685,6.916,11185,Good,High,30000000.0,47042000.0,True,True,17042000.0,0.5680666666666667,118.0,US,US,1,Endgame Entertainment|DMG Entertainment|Ram Bergman Productions,74,51708.3940614082,314339099,0.06623173128970686,0.5991489361702128,0.2708916190244496,0.04553721167700644,0.016089850584940085,0.4448979591836735
19913,(500) Days of Summer,(500) Days of Summer,en,English,2009-07-17,2009,7,2000,Comedy|Drama|Romance,Comedy,3,12.4599,7.306,11291,Good,High,7500000.0,60781545.0,True,True,53281545.0,7.104206,95.0,US,US,3,Fox Searchlight Pictures|Watermark Pictures|Dune Entertainment III,46,47194.9500893872,306771529,0.0661092276573317,0.682127659574468,0.27347038073227103,0.011384201598655042,0.020789209860705902,0.3510204081632653
6637,National Treasure: Book of Secrets,National Treasure: Book of Secrets,en,English,2007-12-19,2007,12,2000,Action|Adventure|Mystery,Action,3,12.4524,6.382,5674,Mixed,High,130000000.0,459200000.0,True,True,329200000.0,2.5323076923076924,124.0,US,US,3,Walt Disney Pictures|Jerry Bruckheimer Films|Saturn Films|Junction Entertainment,42,48050.227412195,301231207,0.06600239309421385,0.4855319148936169,0.13682033815837488,0.1973283675807904,0.1570609322605769,0.46938775510204084
274855,Geostorm,Geostorm,en,English,2017-10-12,2017,10,2010,Action|Science Fiction|Thriller,Action,3,12.4506,6.129,5326,Mixed,High,120000000.0,221600160.0,True,True,101600160.0,0.846668,109.0,HK,HK|US,1,Twisted Media|Skydance Media|RatPac Entertainment|Electric Entertainment|Warner Bros. Pictures|October Pictures,71,46160.429791493,7393200,0.06597675279906555,0.43170212765957433,0.12835421481571585,0.18214925199041201,0.07579426644125946,0.40816326530612246
1701,Con Air,Con Air,en,English,1997-06-05,1997,6,1990,Action|Thriller|Crime,Action,3,12.4422,6.784,4857,Good,High,75000000.0,224012234.0,True,True,149012234.0,1.9868297866666667,116.0,US,US,1,Touchstone Pictures|Jerry Bruckheimer Films,83,31459.1299691554,272657000,0.06585709808837355,0.5710638297872339,0.116944410655638,0.11384323183370922,0.07661927209652196,0.43673469387755104
312221,Creed,Creed,en,English,2015-11-25,2015,11,2010,Drama,Drama,1,12.4301,7.406,8119,Good,High,37000000.0,173600000.0,True,True,136600000.0,3.691891891891892,133.0,US,US,2,Metro-Goldwyn-Mayer|New Line Cinema|Winkler Films,27,56849.4697923159,321815121,0.0656847383265434,0.7034042553191487,0.19630215302274662,0.056162592590271315,0.05937669241429981,0.5061224489795918
333484,The Magnificent Seven,The Magnificent Seven,en,English,2016-09-14,2016,9,2010,Adventure|Action|Western,Adventure,3,12.4292,6.499,6557,Mixed,High,90000000.0,162400000.0,True,True,72400000.0,0.8044444444444444,132.0,US,US,2,Metro-Goldwyn-Mayer|Columbia Pictures|LStar Capital|Village Roadshow Pictures|Pin High|Escape Artists,78,57976.628204291,324353340,0.06567191817896925,0.5104255319148935,0.1583019097433402,0.13661190521927682,0.055545937910524236,0.5020408163265306
300671,13 Hours: The Secret Soldiers of Benghazi,13 Hours: The Secret Soldiers of Benghazi,en,English,2016-01-14,2016,1,2010,War|History|Drama,War,3,12.422,7.278,4063,Good,High,50000000.0,69411370.0,True,True,19411370.0,0.3882274,144.0,US,US,2,Paramount Pictures|3 Arts Entertainment|Bay Films,26,57976.628204291,324353340,0.06556935699837613,0.6761702127659572,0.09762802578761708,0.07589544285776323,0.02374088316298671,0.5510204081632653
9739,Demolition Man,Demolition Man,en,English,1993-10-08,1993,10,1990,Crime|Action|Science Fiction,Crime,3,12.4218,6.772,4264,Good,High,57000000.0,159055768.0,True,True,102055768.0,1.7904520701754385,115.0,US,US,1,Silver Pictures|Warner Bros. Pictures,51,26387.2937338171,259919000,0.06556650807669297,0.5685106382978723,0.10251794185622187,0.0865208237710281,0.05440210471448224,0.4326530612244898
83542,Cloud Atlas,Cloud Atlas,en,English,2012-10-26,2012,10,2010,Drama|Science Fiction,Drama,2,12.4166,6.899,7680,Good,High,102000000.0,130482868.0,True,True,28482868.0,0.2792438039215686,172.0,DE,DE|US|CN|HK|SG,1,Cloud Atlas Productions|Anarchos Productions|X Filme Creative Pool|A Company|Dreams of Dragon Pictures|Media Asia Film Production|Ascension Pictures|ARD Degeto,91,44718.0159214069,80425823,0.06549243611293126,0.595531914893617,0.1856221870818635,0.15482684392773088,0.04462926852154214,0.6653061224489796
20526,TRON: Legacy,TRON: Legacy,en,English,2010-12-14,2010,12,2010,Adventure|Action|Science Fiction,Adventure,3,12.4125,6.549,8148,Good,High,170000000.0,409912892.0,True,True,239912892.0,1.411252305882353,126.0,US,US,1,Walt Disney Pictures|Sean Bailey Productions,42,48642.6312088213,309378227,0.06543403321842682,0.5210638297872341,0.19700766330130154,0.258044829942304,0.1402031812829811,0.4775510204081633
10591,The Girl Next Door,The Girl Next Door,en,English,2004-04-09,2004,4,2000,Comedy|Romance,Comedy,2,12.3975,6.756,4178,Good,High,21000000.0,31635150.0,True,True,10635150.0,0.5064357142857143,110.0,CH,CH|US,1,Epsilon Motion Pictures|Regency Enterprises|New Regency Pictures|Daybreak,55,55349.6164595028,7389625,0.06522036409219112,0.5651063829787234,0.10042573896119693,0.03187600764566588,0.010820220225431632,0.4122448979591837
324852,Despicable Me 3,Despicable Me 3,en,English,2017-06-15,2017,6,2010,Action|Animation|Comedy|Family|Adventure,Action,5,12.3927,6.468,7783,Mixed,High,80000000.0,1034800131.0,True,True,954800131.0,11.9350016375,90.0,US,US,1,Illumination|Universal Pictures,17,60047.7190728307,326608609,0.06515198997179567,0.5038297872340425,0.1881279649677655,0.12143278962889842,0.3539343960286179,0.3306122448979592
340102,The New Mutants,The New Mutants,en,English,2020-08-26,2020,8,2020,Science Fiction|Horror,Science Fiction,2,12.3909,6.0,3814,Mixed,High,67000000.0,49169594.0,True,True,-17830406.0,-0.26612546268656717,94.0,US,US,3,20th Century Studios|Genre Films|Sunswept Entertainment|Marvel Entertainment,25,64465.2971415748,331578104,0.06512634967664739,0.40425531914893614,0.0915703685683007,0.1016999393614065,0.016817555075806682,0.3469387755102041
578701,Those Who Wish Me Dead,Those Who Wish Me Dead,en,English,2021-05-05,2021,5,2020,Thriller|Action,Thriller,2,12.3897,6.595,1912,Good,High,20000000.0,23384502.0,True,True,3384502.0,0.1692251,100.0,CA,CA|US,1,Bron Studios|New Line Cinema|Bosque Ranch Productions|Film Rites,30,52886.6407813788,38239864,0.06510925614654853,0.5308510638297871,0.04529862547135385,0.03035809608662804,0.0079982374589078,0.37142857142857144
299687,The 5th Wave,The 5th Wave,en,English,2016-01-14,2016,1,2010,Science Fiction|Adventure|Action,Science Fiction,3,12.3835,5.947,6151,Mixed,High,38000000.0,109906372.0,True,True,71906372.0,1.892272947368421,112.0,US,US,1,LStar Capital|Columbia Pictures|GK Films|Material Pictures,31,57976.628204291,324353340,0.06502093957437109,0.3929787234042553,0.14842476584357134,0.05768050414930915,0.03759145559976357,0.4204081632653061
10439,Hocus Pocus,Hocus Pocus,en,English,1993-07-16,1993,7,1990,Fantasy|Comedy|Family,Fantasy,3,12.3731,7.034,3379,Good,High,28000000.0,51663767.0,True,True,23663767.0,0.8451345357142858,96.0,US,US,2,Walt Disney Pictures|Touchwood Pacific Partners 1|David Kirschner Productions,42,26387.2937338171,259919000,0.06487279564684768,0.6242553191489361,0.08098771438997689,0.04250138855893076,0.01767064118767681,0.3551020408163265
843527,The Idea of You,The Idea of You,en,English,2024-05-02,2024,5,2020,Music|Comedy|Romance|Drama,Music,4,12.3719,7.242,2027,Good,High,,36178.0,False,True,,,116.0,US,US,1,Welle Entertainment|Somewhere Pictures|I'll Have Another|Semi-Formal Productions|Amazon MGM Studios,63,86169.6641581917,340003797,0.0648557021167488,0.6685106382978723,0.048096338644933706,,1.2371626888934486e-05,0.43673469387755104
7220,The Punisher,The Punisher,en,English,2004-04-15,2004,4,2000,Action|Crime|Drama,Action,3,12.3719,6.385,3280,Mixed,High,33000000.0,54700105.0,True,True,21700105.0,0.6575789393939394,124.0,DE,DE|US,1,Lions Gate Films|VIP Medienfonds 3|Valhalla Motion Pictures|Marvel Enterprises|VIP 2 Medienfonds,29,34566.7359143735,82516260,0.0648557021167488,0.48617021276595734,0.07857924826663423,0.05009094635411995,0.018709164890220106,0.46938775510204084
563,Starship Troopers,Starship Troopers,en,English,1997-11-07,1997,11,1990,Adventure|Action|Thriller|Science Fiction,Adventure,4,12.332,7.1,5702,Good,High,105000000.0,121214377.0,True,True,16214377.0,0.1544226380952381,129.0,US,US,1,TriStar Pictures|Touchstone Pictures|Jon Davison Productions|Big Bug Pictures,50,31459.1299691554,272657000,0.0642873422409618,0.6382978723404253,0.13750152049629,0.15938057860484442,0.041459151232126665,0.4897959183673469
9654,The Italian Job,The Italian Job,en,English,2003-05-30,2003,5,2000,Action|Crime,Action,2,12.3291,6.8,6185,Good,High,60000000.0,176070171.0,True,True,116070171.0,1.93450285,110.0,FR,FR|GB|US,3,De Line Pictures|Working Title|Paramount Pictures|Peninsula Films,56,29479.5222101175,62249855,0.06424603287655622,0.5744680851063829,0.14925191582532538,0.09107455844814162,0.06022156908245569,0.4122448979591837
673593,Mean Girls,Mean Girls,en,English,2024-01-10,2024,1,2020,Comedy,Comedy,1,12.3283,5.857,760,Mixed,High,36000000.0,104970953.0,True,True,68970953.0,1.9158598055555556,113.0,US,US,1,Little Stranger|Broadway Video|Paramount Pictures,98,86169.6641581917,340003797,0.06423463718982365,0.3738297872340426,0.017272837854275636,0.054644681031233475,0.03590338608527522,0.42448979591836733
1072790,Anyone but You,Anyone but You,en,English,2023-12-21,2023,12,2020,Romance|Comedy,Romance,2,12.3199,6.753,3217,Good,High,25000000.0,214891370.0,True,True,189891370.0,7.5956548,103.0,US,US,1,Olive Bridge Entertainment|Roth-Kirschenbaum Films|SK Global Entertainment|Columbia Pictures,41,82586.7847707894,336755052,0.06411498247913165,0.5644680851063829,0.07704658800632526,0.037947653881817235,0.07349964791381441,0.3836734693877551
65754,The Girl with the Dragon Tattoo,The Girl with the Dragon Tattoo,en,English,2011-12-14,2011,12,2010,Thriller|Crime|Mystery,Thriller,3,12.3145,7.387,7796,Good,High,90000000.0,232617430.0,True,True,142617430.0,1.5846381111111112,158.0,SE,SE|US,2,Columbia Pictures|Metro-Goldwyn-Mayer|Scott Rudin Productions|Yellow Bird,48,60379.4814599322,9449213,0.0640380615936868,0.6993617021276594,0.1884442281960832,0.13661190521927682,0.07956252150124263,0.6081632653061224
50619,The Twilight Saga: Breaking Dawn - Part 1,The Twilight Saga: Breaking Dawn - Part 1,en,English,2011-11-16,2011,11,2010,Adventure|Fantasy|Romance,Adventure,3,12.3135,6.185,9410,Mixed,High,110000000.0,712171856.0,True,True,602171856.0,5.4742896,117.0,US,US,2,Summit Entertainment|Sunswept Entertainment|TSBD Canada Productions|TSBD Louisiana|TSBD Productions|Temple Hill Entertainment|Total Entertainment,19,50024.8812320773,311839461,0.06402381698527107,0.44361702127659564,0.2277095243887605,0.1669701364000336,0.24358531410883277,0.44081632653061226
23168,The Town,The Town,en,English,2010-09-15,2010,9,2010,Crime|Drama|Thriller,Crime,3,12.2992,7.227,5826,Good,High,37000000.0,154026136.0,True,True,117026136.0,3.1628685405405403,125.0,US,US,1,Legendary Pictures|GK Films|Thunder Road|Warner Bros. Pictures,29,48642.6312088213,309378227,0.06382011908492637,0.6653191489361702,0.14051818513562828,0.056162592590271315,0.05268181137195244,0.47346938775510206
22832,Ninja Assassin,Ninja Assassin,en,English,2009-09-29,2009,9,2000,Action|Adventure|Thriller,Action,3,12.2901,6.748,1866,Good,High,40000000.0,61601280.0,True,True,21601280.0,0.540032,99.0,US,US|DE,1,Legendary Pictures|Dark Castle Entertainment|Silver Pictures|Anarchos Productions|Rocklock Films|Studio Babelsberg|Warner Bros. Pictures|Hermanas Wachowski,67,47194.9500893872,306771529,0.06369049314834337,0.563404255319149,0.044179540201921906,0.06071632726738483,0.021069585177058803,0.3673469387755102
193756,Lone Survivor,Lone Survivor,en,English,2013-12-24,2013,12,2010,War|Action|Drama,War,3,12.2835,7.43,4868,Good,High,40000000.0,149295601.0,True,True,109295601.0,2.732390025,121.0,US,US,2,EFO Films|Envision Entertainment|Film 44|Herrick Entertainment|Leverage Entertainment|Spikings Entertainment|Single Berry|Closest to the Hole Productions,50,53297.3862901595,316726282,0.06359647873279964,0.7085106382978722,0.11721201800267607,0.06071632726738483,0.05106381867047762,0.45714285714285713
381719,Peter Rabbit,Peter Rabbit,en,English,2018-02-07,2018,2,2010,Animation|Adventure|Family,Animation,3,12.27,6.697,1979,Good,High,50000000.0,351266433.0,True,True,301266433.0,6.02532866,93.0,AU,AU|US,1,Columbia Pictures|Olive Bridge Entertainment|Screen Australia|Screen NSW|Sony Pictures Animation|Animal Logic|MRC,28,57410.1737346009,24963258,0.06340417651918748,0.5525531914893617,0.04692859749422212,0.07589544285776323,0.12014423602005794,0.34285714285714286
14097,9th Company,9 рота,ru,Russian,2005-09-19,2005,9,2000,War|Drama|History,War,3,12.2618,6.654,321,Good,High,9500000.0,24000000.0,True,True,14500000.0,1.5263157894736843,139.0,FI,FI|RU|UA,1,Channel 1+1|Finnish Film Foundation|MRP Matila Röhr Productions|Slovo|Telekanal STS|YLE|Art Pictures Studio,22,39049.8703780223,5246096,0.06328737073017861,0.5434042553191488,0.006592871913392531,0.014420024716730722,0.00820875725672609,0.5306122448979592
762441,A Quiet Place: Day One,A Quiet Place: Day One,en,English,2024-06-26,2024,6,2020,Horror|Science Fiction|Thriller,Horror,3,12.2503,6.632,3557,Good,High,67000000.0,261907653.0,True,True,194907653.0,2.909069447761194,100.0,US,US,1,Paramount Pictures|Platinum Dunes|Sunday Night Productions,23,86169.6641581917,340003797,0.0631235577333979,0.5387234042553191,0.08531808782386571,0.1016999393614065,0.08958070486497842,0.37142857142857144
49849,Cowboys & Aliens,Cowboys & Aliens,en,English,2011-07-29,2011,7,2010,Action|Science Fiction|Thriller|Western,Action,4,12.243,5.707,5614,Mixed,High,163000000.0,174822325.0,True,True,11822325.0,0.07252960122699387,119.0,US,US|IN,1,DreamWorks Pictures|Universal Pictures|Reliance Entertainment|Relativity Media|Imagine Entertainment|K/O Paper Products|Fairview Entertainment|Platinum Studios,61,50024.8812320773,311839461,0.0630195720919632,0.34191489361702126,0.1353606617199854,0.24741944902903912,0.05979476625348083,0.4489795918367347
339846,Baywatch,Baywatch,en,English,2017-05-25,2017,5,2010,Comedy|Action|Crime,Comedy,3,12.2373,6.079,8621,Mixed,High,69000000.0,177900000.0,True,True,108900000.0,1.5782608695652174,116.0,US,US,1,Uncharted|Paramount Pictures|Flynn Picture Company|Fremantle Productions|Seven Bucks Productions|Skydance Media|The Montecito Picture Company,25,60047.7190728307,326608609,0.06293837782399361,0.42106382978723395,0.20851477922393868,0.10473576247948219,0.060847428518427935,0.43673469387755104
8413,Event Horizon,Event Horizon,en,English,1997-08-15,1997,8,1990,Horror|Science Fiction|Mystery,Horror,3,12.2367,6.597,3468,Good,High,60000000.0,26700000.0,True,True,-33300000.0,-0.555,96.0,GB,GB|US,2,Impact Pictures|Paramount Pictures|Golar Productions|Lawrence Gordon Productions,38,26910.1381529902,58316954,0.0629298310589442,0.5312765957446809,0.08315290110692129,0.09107455844814162,0.009132242717457701,0.3551020408163265
594,The Terminal,The Terminal,en,English,2004-06-17,2004,6,2000,Comedy|Drama,Comedy,2,12.2307,7.355,8952,Good,High,60000000.0,219417255.0,True,True,159417255.0,2.65695425,128.0,US,US,5,DreamWorks Pictures|Amblin Entertainment|Parkes+MacDonald Production,18,41724.6411982614,292805298,0.06284436340844991,0.6925531914893617,0.21656732757572073,0.09107455844814162,0.0750476438376823,0.4857142857142857
60304,Hansel & Gretel: Witch Hunters,Hansel & Gretel: Witch Hunters,en,English,2013-01-17,2013,1,2010,Fantasy|Horror|Action,Fantasy,3,12.2268,6.11,7224,Mixed,High,50000000.0,226349749.0,True,True,176349749.0,3.52699498,88.0,US,US|DE,1,Paramount Pictures|MTV Films|Gary Sanchez Productions|Studio Babelsberg|Metro-Goldwyn-Mayer,41,53297.3862901595,316726282,0.06278880943562863,0.42765957446808517,0.17452864615010338,0.07589544285776323,0.07741877621383383,0.3224489795918367
41154,Men in Black 3,Men in Black 3,en,English,2012-05-23,2012,5,2010,Action|Comedy|Science Fiction,Action,3,12.2146,6.547,11194,Good,High,225000000.0,654213485.0,True,True,429213485.0,1.907615488888889,106.0,AE,AE|US,1,Columbia Pictures|Hemisphere Media Capital|Amblin Entertainment|Parkes+MacDonald Image Nation|Image Nation Studios,103,53141.6251661086,7391448,0.0626150252129569,0.5206382978723403,0.271110570490208,0.34152996568938515,0.2237617167213555,0.39591836734693875
27582,The Mechanic,The Mechanic,en,English,2011-01-13,2011,1,2010,Action|Thriller|Crime,Action,3,12.2097,6.546,3711,Good,High,40000000.0,51070807.0,True,True,11070807.0,0.276770175,93.0,US,US|DE,1,CBS Films|Millennium Media|Nu Image Entertainment|Winkler Films,77,50024.8812320773,311839461,0.0625452266317199,0.5204255319148936,0.08906459068239873,0.06071632726738483,0.017467830099234066,0.34285714285714286
80278,The Impossible,The Impossible,en,English,2012-09-09,2012,9,2010,Drama|Thriller|History,Drama,3,12.1952,7.377,6848,Good,High,45000000.0,198100000.0,True,True,153100000.0,3.402222222222222,113.0,ES,ES|US,3,Apaches Films|Telecinco Cinema|La Trini|Canal+ España|Summit Entertainment,72,28456.4438151477,46773055,0.06233867980969203,0.6972340425531913,0.16538134046952926,0.06830588506257403,0.06775646789130887,0.42448979591836733
18654,Caffeine,Caffeine,en,English,2006-08-10,2006,8,2000,Comedy,Comedy,1,12.1944,5.7,63,Mixed,High,,,False,False,,,92.0,US,US,1,,74,46301.9876485519,298379912,0.06232728412295946,0.34042553191489366,0.0003162632283177229,,,0.33877551020408164
300668,Annihilation,Annihilation,en,English,2018-02-22,2018,2,2010,Science Fiction|Horror,Science Fiction,2,12.1785,6.449,9624,Mixed,High,40000000.0,43070915.0,True,True,3070915.0,0.076772875,115.0,GB,GB|US,1,Paramount Pictures|Skydance Media|DNA Films|Scott Rudin Productions,20,43704.3162296687,66287000,0.06210079484914959,0.4997872340425531,0.232915703685683,0.06071632726738483,0.014731613821669941,0.4326530612244898
49530,In Time,In Time,en,English,2011-10-27,2011,10,2010,Action|Thriller|Science Fiction,Action,3,12.1623,6.969,12417,Good,High,40000000.0,173900000.0,True,True,133900000.0,3.3475,109.0,US,US,1,New Regency Pictures|Strike Entertainment,69,50024.8812320773,311839461,0.06187003219281502,0.6104255319148936,0.3008636418927138,0.06071632726738483,0.05947930190993666,0.40816326530612246
70,Million Dollar Baby,Million Dollar Baby,en,English,2004-12-05,2004,12,2000,Drama,Drama,1,12.1607,7.953,10577,Good,High,30000000.0,216763646.0,True,True,186763646.0,6.2254548666666665,132.0,US,US|CH,2,Lakeshore Entertainment|Malpaso Productions|Epsilon Motion Pictures|Albert S. Ruddy Productions|Warner Bros. Pictures,37,41724.6411982614,292805298,0.06184724081934988,0.8197872340425532,0.25610023111543606,0.04553721167700644,0.07414002556732432,0.5020408163265306
17654,District 9,District 9,en,English,2009-08-05,2009,8,2000,Science Fiction,Science Fiction,1,12.1423,7.479,10641,Good,High,30000000.0,210888950.0,True,True,180888950.0,6.029631666666667,112.0,NZ,NZ|ZA|US,6,TriStar Pictures|Block / Hanson|WingNut Films|District 9,80,28276.7255416225,4302600,0.06158514002450073,0.7189361702127659,0.25765721931638486,0.04553721167700644,0.07213069358872501,0.4204081632653061
62211,Monsters University,Monsters University,en,English,2013-06-19,2013,6,2010,Animation|Family|Comedy|Fantasy,Animation,4,12.1368,7.058,11536,Good,High,200000000.0,743559465.0,True,True,543559465.0,2.717797325,104.0,US,US,1,Pixar,24,53297.3862901595,316726282,0.06150679467821428,0.6293617021276595,0.2794307261890281,0.3035821767134392,0.2543208698712878,0.3877551020408163
565770,Blue Beetle,Blue Beetle,en,English,2023-08-16,2023,8,2020,Action|Science Fiction|Adventure,Action,3,12.134,6.619,3260,Good,High,104000000.0,130788072.0,True,True,26788072.0,0.2575776153846154,128.0,US,US,3,Warner Bros. Pictures|The Safran Company|DC Films,53,82586.7847707894,336755052,0.061466909774650295,0.5359574468085105,0.07809268945383774,0.15786266704580657,0.04473365794989664,0.4857142857142857
686,Contact,Contact,en,English,1997-07-11,1997,7,1990,Drama|Science Fiction|Mystery,Drama,3,12.1284,7.449,5183,Good,High,90000000.0,171120329.0,True,True,81120329.0,0.9013369888888889,150.0,US,US,3,South Side Amusement Company|Warner Bros. Pictures,43,31459.1299691554,272657000,0.06138713996752228,0.7125531914893616,0.1248753193042209,0.13661190521927682,0.058528566445448765,0.5755102040816327
7345,There Will Be Blood,There Will Be Blood,en,English,2007-12-26,2007,12,2000,Drama,Drama,1,12.1264,8.1,7697,Excellent,High,25000000.0,77208711.0,True,True,52208711.0,2.08834844,158.0,US,US,1,Paramount Vantage|Miramax|JoAnne Sellar Productions|Ghoulardi Film Company,53,48050.227412195,301231207,0.061358650750690864,0.8510638297872338,0.18603576207274053,0.037947653881817235,0.026407820587381704,0.6081632653061224
82507,Sinister,Sinister,en,English,2012-10-04,2012,10,2010,Horror|Thriller|Mystery,Horror,3,12.126,6.871,6214,Good,High,3000000.0,82515113.0,True,True,79515113.0,26.505037666666666,110.0,CA,CA|US,4,Automatik Entertainment|Blumhouse Productions|Alliance Films|IM Global|Summit Entertainment,88,52670.1429540952,34713395,0.06135295290732457,0.5895744680851064,0.1499574261038803,0.004553599582984765,0.028222778030269534,0.4122448979591837
1086747,The Watchers,The Watchers,en,English,2024-06-06,2024,6,2020,Fantasy|Horror|Mystery,Fantasy,3,12.1114,6.349,1717,Mixed,High,30000000.0,51147812.0,True,True,21147812.0,0.7049270666666667,102.0,US,US|IE,1,Blinding Edge Pictures|Inimitable Pictures|Fís Éireann/Screen Ireland,29,86169.6641581917,340003797,0.06114498162445514,0.4785106382978723,0.04055467704658801,0.04553721167700644,0.017494168246605782,0.3795918367346939
9802,The Rock,The Rock,en,English,1996-06-07,1996,6,1990,Action|Adventure|Thriller,Action,3,12.1091,7.157,5369,Good,High,75000000.0,335062621.0,True,True,260062621.0,3.4675016133333334,137.0,US,US,1,Don Simpson/Jerry Bruckheimer Films|Hollywood Pictures|Buena Vista Pictures,48,29967.7127181749,269394000,0.061112219025098995,0.6504255319148936,0.12940031626322832,0.11384323183370922,0.11460201943101038,0.5224489795918368
388399,Patriots Day,Patriots Day,en,English,2016-12-12,2016,12,2010,Action|Crime|Drama|History|Thriller,Action,5,12.0984,7.063,2918,Good,High,45000000.0,50548152.0,True,True,5548152.0,0.12329226666666666,133.0,HK,HK|US,3,TIK Films|Closest to the Hole Productions|Bluegrass Films|Hutch Parker Entertainment|Leverage Entertainment|Lionsgate|CBS Films,37,43734.1980702999,7336600,0.06095980171505085,0.6304255319148935,0.06977253375501764,0.06830588506257403,0.017289065546093812,0.5061224489795918
341013,Atomic Blonde,Atomic Blonde,en,English,2017-07-26,2017,7,2010,Action|Thriller,Action,2,12.0909,6.442,6771,Mixed,High,30000000.0,100014025.0,True,True,70014025.0,2.3338008333333335,115.0,DE,DE|HU|SE|US,4,Focus Features|Denver & Delilah Productions|87Eleven|Sierra/Affinity|Closed on Mondays Entertainment|TGIM Films|Film i Väst,28,45553.9341495339,82657002,0.06085296715193299,0.49829787234042555,0.16350808904026273,0.04553721167700644,0.03420795981198135,0.4326530612244898
229297,Magic in the Moonlight,Magic in the Moonlight,en,English,2014-07-25,2014,7,2010,Comedy|Drama|Romance,Comedy,3,12.0831,6.492,2201,Mixed,High,16800000.0,51029361.0,True,True,34229361.0,2.0374619642857144,98.0,GB,GB|US,1,Perdido Productions|Gravier Productions|Dippermouth|Ske-Dat-De-Dat Productions,20,47746.9810645521,64619000,0.06074185920629042,0.5089361702127659,0.05232940031626323,0.02550077909770695,0.01745365425538018,0.363265306122449
1593,Night at the Museum,Night at the Museum,en,English,2006-12-20,2006,12,2000,Fantasy|Family|Comedy,Fantasy,3,12.0813,6.6,11196,Good,High,110000000.0,574480841.0,True,True,464480841.0,4.2225531,108.0,US,US|GB,3,1492 Pictures|21 Laps Entertainment|20th Century Fox|Ingenious Media|Sun Canada Productions,32,46301.9876485519,298379912,0.06071621891114214,0.5319148936170212,0.27115922637148765,0.1669701364000336,0.19649062876591492,0.40408163265306124
262504,Allegiant,Allegiant,en,English,2016-03-09,2016,3,2010,Adventure|Science Fiction|Action|Mystery,Adventure,4,12.0754,6.105,7108,Mixed,High,110000000.0,179246868.0,True,True,69246868.0,0.6295169818181818,120.0,US,US,1,Mandeville Films|Summit Entertainment|Lionsgate|Red Wagon Entertainment,30,57976.628204291,324353340,0.06063217572148942,0.42659574468085115,0.17170660503588372,0.1669701364000336,0.06130810000565929,0.4530612244897959
1573,Die Hard 2,Die Hard 2,en,English,1990-07-03,1990,7,1990,Action|Thriller,Action,2,12.0635,6.967,6586,Good,High,70000000.0,240031094.0,True,True,170031094.0,2.4290156285714284,124.0,US,US,2,Gordon Company|Silver Pictures|20th Century Fox,112,23888.6000088133,249623000,0.0604626648813424,0.6099999999999999,0.15900742002189514,0.10625367403852003,0.0820982292474461,0.46938775510204084
424694,Bohemian Rhapsody,Bohemian Rhapsody,en,English,2018-10-24,2018,10,2010,Music|Drama,Music,2,12.0534,7.95,18036,Good,High,52000000.0,910813521.0,True,True,858813521.0,16.515644634615384,135.0,US,US,1,20th Century Fox|Regency Enterprises|GK Films|TSG Entertainment,68,62875.6661382728,328529577,0.06031879433634369,0.8191489361702127,0.43756234034788954,0.07893126597583891,0.3115270509692103,0.5142857142857142
522938,Rambo: Last Blood,Rambo: Last Blood,en,English,2019-09-18,2019,9,2010,Action|Thriller|Drama,Action,3,12.0455,6.537,4333,Good,High,50000000.0,91500000.0,True,True,41500000.0,0.83,89.0,CN,CN|US,2,Millennium Media|Templeton Media|Campbell Grobman Films|Dadi Film Group|Balboa Productions,65,10342.9009524335,1407745000,0.060206261929859554,0.5185106382978723,0.10419656976036978,0.07589544285776323,0.031295893775016376,0.32653061224489793
1830,Lord of War,Lord of War,en,English,2005-09-16,2005,9,2000,Crime|Drama|Thriller,Crime,3,12.0367,7.348,5535,Good,High,50000000.0,72600000.0,True,True,22600000.0,0.452,122.0,FR,FR|US|DE,8,Endgame Entertainment|Entertainment Manufacturing Company|Ascendant Pictures|Saturn Films|Rising Star Productions|Copag V|VIP Medienfonds 3|Majority Entertainment,53,34696.3718316971,63180854,0.06008090937580125,0.6910638297872339,0.13343875440943925,0.07589544285776323,0.024831495549895093,0.46122448979591835
23483,Kick-Ass,Kick-Ass,en,English,2010-03-26,2010,3,2010,Action|Crime,Action,2,12.0341,7.123,12631,Good,High,28000000.0,96188903.0,True,True,68188903.0,2.4353179642857143,118.0,GB,GB|US,1,Plan B Entertainment|Marv,33,39778.3220528565,62766365,0.06004387339392041,0.6431914893617021,0.30606982118963627,0.04250138855893076,0.03289964701475002,0.4448979591836735
188927,Star Trek Beyond,Star Trek Beyond,en,English,2016-07-07,2016,7,2010,Action|Adventure|Science Fiction,Action,3,12.0269,6.8,7257,Good,High,185000000.0,343471816.0,True,True,158471816.0,0.8566044108108108,122.0,US,US,1,Skydance Media|Paramount Pictures|Bad Robot|Perfect Storm Entertainment|Sneaky Shark,30,57976.628204291,324353340,0.05994131221332725,0.5744680851063829,0.17533146819121762,0.2808135033278716,0.11747823028988333,0.46122448979591835
995133,"The Boy, the Mole, the Fox and the Horse","The Boy, the Mole, the Fox and the Horse",en,English,2022-12-25,2022,12,2020,Animation|Family|Drama|Adventure,Animation,4,12.0266,8.208,772,Excellent,High,,,False,False,,,35.0,GB,GB|US,1,NoneMore Productions|Bad Robot|BBC,21,47034.7795621476,67636000,0.05993703883080254,0.8740425531914893,0.017564773141953535,,,0.10612244897959183
64688,21 Jump Street,21 Jump Street,en,English,2012-03-14,2012,3,2010,Action|Comedy|Crime,Action,3,12.0191,6.9,11260,Good,High,42000000.0,201585328.0,True,True,159585328.0,3.7996506666666665,109.0,US,US,1,Columbia Pictures|Relativity Media|Original Film|Metro-Goldwyn-Mayer|Stephen J. Cannell Productions|SJC Studios,83,51708.3940614082,314339099,0.05983020426768468,0.5957446808510638,0.27271621457243644,0.0637521503854605,0.0689485603853388,0.40816326530612246
955,Mission: Impossible II,Mission: Impossible II,en,English,2000-05-24,2000,5,2000,Adventure|Action|Thriller,Adventure,3,12.0191,6.138,7806,Mixed,High,125000000.0,546388108.0,True,True,421388108.0,3.371104864,123.0,US,US|DE,1,Paramount Pictures|Cruise/Wagner Productions|Munich Film Partners & Company (MFP) MI 2 Productions,58,36329.9702595751,282162411,0.05983020426768468,0.4336170212765957,0.18868750760248146,0.1897388097856012,0.1868820248852797,0.46530612244897956
310307,The Founder,The Founder,en,English,2016-11-24,2016,11,2010,Drama|History,Drama,2,12.013,7.153,5528,Good,High,15000000.0,24121245.0,True,True,9121245.0,0.608083,115.0,GR,GR|US,1,Speedie Distribution|FilmNation Entertainment|Faliro House Productions|The Combine|The Weinstein Company,63,17919.2426377048,10775971,0.05974331215634882,0.6495744680851062,0.13326845882496047,0.02276853829143884,0.008250226884387722,0.4326530612244898
710,GoldenEye,GoldenEye,en,English,1995-11-16,1995,11,1990,Adventure|Action|Thriller,Adventure,3,12.01,6.9,4473,Good,High,60000000.0,352194034.0,True,True,292194034.0,4.869900566666667,130.0,GB,GB,3,EON Productions,21,23252.6157127423,58019030,0.05970057833110167,0.5957446808510638,0.10760248144994526,0.09107455844814162,0.12046150492259872,0.49387755102040815
5175,Rush Hour 2,Rush Hour 2,en,English,2001-08-03,2001,8,2000,Action|Comedy|Crime,Action,3,12.0086,6.777,4769,Good,High,90000000.0,347325802.0,True,True,257325802.0,2.8591755777777776,90.0,US,US|HK,3,New Line Cinema|Arthur Sarkissian Productions|Roger Birnbaum Productions|Salon Films,98,37133.6203973517,284968955,0.05968063587931967,0.5695744680851064,0.11480355187933342,0.13661190521927682,0.11879641548872154,0.3306122448979592
50546,Just Go with It,Just Go with It,en,English,2011-02-10,2011,2,2010,Comedy|Romance,Comedy,2,12.0057,6.705,6236,Good,High,80000000.0,214945591.0,True,True,134945591.0,1.6868198875,117.0,US,US,1,Columbia Pictures|Happy Madison Productions,56,50024.8812320773,311839461,0.05963932651491409,0.5542553191489361,0.15049264079795646,0.12143278962889842,0.07351819321202417,0.44081632653061226
881,A Few Good Men,A Few Good Men,en,English,1992-12-11,1992,12,1990,Drama,Drama,1,12.0034,7.561,4318,Good,High,40000000.0,243240178.0,True,True,203240178.0,5.08100445,138.0,US,US,2,David Brown Productions|Castle Rock Entertainment,36,25418.9907763319,256514000,0.05960656391555795,0.7363829787234042,0.1038316506507724,0.06071632726738483,0.083195837549767,0.5265306122448979
138832,We're the Millers,We're the Millers,en,English,2013-08-07,2013,8,2010,Comedy|Crime,Comedy,2,11.9937,6.839,9656,Good,High,37000000.0,270000000.0,True,True,233000000.0,6.297297297297297,110.0,GB,GB|US,1,New Line Cinema|Newman/Tooley Films|Bad Version|Slap Happy Productions|Heyday Films|BenderSpink,25,43607.6636827371,64138000,0.05946839121392553,0.5827659574468086,0.2336941977861574,0.056162592590271315,0.09234854367893956,0.4122448979591837
11430,The Lion King 1½,The Lion King 1½,en,English,2004-10-28,2004,10,2000,Adventure|Animation|Comedy|Family,Adventure,4,11.9875,6.586,3206,Good,High,,1465.0,False,True,,,77.0,US,US,1,DisneyToon Studios,63,41724.6411982614,292805298,0.059380074641748104,0.528936170212766,0.07677898065928719,,4.9868214879507e-07,0.27755102040816326
49529,John Carter,John Carter,en,English,2012-03-07,2012,3,2010,Action|Adventure|Science Fiction,Action,3,11.9749,6.385,6283,Mixed,High,263700000.0,284100000.0,True,True,20400000.0,0.07736063708759955,132.0,US,US,1,Walt Disney Pictures,55,51708.3940614082,314339099,0.059200592575710094,0.48617021276595734,0.1516360540080282,0.40027314302414957,0.09717118997387131,0.5020408163265306
530915,1917,1917,en,English,2019-12-25,2019,12,2010,War|Drama|History,War,3,11.9569,7.984,13884,Good,High,100000000.0,446064352.0,True,True,346064352.0,3.46064352,119.0,US,US|GB|ES|IN,3,DreamWorks Pictures|Reliance Entertainment|New Republic Pictures|Neal Street Productions|Mogambo Films,30,65227.9565911038,330226227,0.05894418962422722,0.8263829787234042,0.3365527308113368,0.1517910208096552,0.1525681248734331,0.4489795918367347
398978,The Irishman,The Irishman,en,English,2019-11-01,2019,11,2010,Crime|Drama|History,Crime,3,11.9543,7.569,7707,Good,High,159000000.0,968853.0,True,True,-158031147.0,-0.9939065849056604,209.0,US,US,4,Tribeca Productions|Sikelia Productions|Winkler Films,59,65227.9565911038,330226227,0.05890715364234637,0.7380851063829786,0.1862790414791388,0.24134780279288776,0.0003313759980325847,0.8163265306122449
338970,Tomb Raider,Tomb Raider,en,English,2018-03-05,2018,3,2010,Action|Adventure|Fantasy,Action,3,11.9454,6.362,8509,Mixed,High,94000000.0,274650803.0,True,True,180650803.0,1.9218170531914893,118.0,JP,JP|US,1,Square Enix|GK Films|Metro-Goldwyn-Mayer|Warner Bros. Pictures,27,40645.478086519,126811000,0.0587803766274465,0.48127659574468085,0.2057900498722783,0.14268355145542816,0.09393926551272733,0.4448979591836735
520763,A Quiet Place Part II,A Quiet Place Part II,en,English,2021-05-21,2021,5,2020,Science Fiction|Thriller|Horror,Science Fiction,3,11.9347,7.428,7627,Good,High,55000000.0,297372261.0,True,True,242372261.0,4.406768381818182,97.0,US,US,1,Paramount Pictures|Platinum Dunes|Sunday Night Productions,42,71441.2319805947,332100166,0.05862795931739836,0.7080851063829786,0.1843328062279528,0.08348500065295243,0.10171072333110656,0.35918367346938773
27581,The Other Guys,The Other Guys,en,English,2010-08-06,2010,8,2010,Comedy|Action|Crime,Comedy,3,11.9254,6.3,4689,Mixed,High,100000000.0,170432927.0,True,True,70432927.0,0.70432927,107.0,US,US,1,Columbia Pictures|Gary Sanchez Productions|Mosaic Media Group,52,48642.6312088213,309378227,0.05849548445913221,0.4680851063829787,0.11285731662814742,0.1517910208096552,0.05829345320371624,0.4
64635,Total Recall,Total Recall,en,English,2012-08-02,2012,8,2010,Action|Science Fiction|Thriller,Action,3,11.9238,6.035,6006,Mixed,High,125000000.0,198800000.0,True,True,73800000.0,0.5904,118.0,CA,CA|IN|US,1,Total Recall|Original Film|Rekall Productions|Columbia Pictures,47,52670.1429540952,34713395,0.05847269308566707,0.4117021276595745,0.14489721445079673,0.1897388097856012,0.06799589004779485,0.4448979591836735
110415,Snowpiercer,설국열차,ko,Korean,2013-08-01,2013,8,2010,Action|Science Fiction|Drama,Action,3,11.914,6.9,10670,Good,High,39200000.0,86758912.0,True,True,47558912.0,1.213237551020408,127.0,KR,KR,4,Opus Pictures|Moho Film|CJ Entertainment|Union Investment Partners,33,28449.3591104972,50428893,0.058333095923193065,0.5957446808510638,0.2583627295949398,0.05950199802015456,0.0296742916135167,0.4816326530612245
180,Minority Report,Minority Report,en,English,2002-06-20,2002,6,2000,Science Fiction|Action|Thriller,Science Fiction,3,11.9129,7.4,9928,Good,High,102000000.0,358372926.0,True,True,256372926.0,2.5134600588235294,145.0,US,US,2,Digital Image Associates|Cruise/Wagner Productions|Blue Tulip Productions|Ronald Shusett/Gary Goldman Productions|Amblin Entertainment|20th Century Fox|DreamWorks Pictures,33,37997.7424300242,287625193,0.05831742685393579,0.7021276595744681,0.24031139764018974,0.15482684392773088,0.12257488156164718,0.5551020408163265
663712,Terrifier 2,Terrifier 2,en,English,2022-10-06,2022,10,2020,Horror,Horror,1,11.9112,6.654,2581,Good,High,250000.0,15815602.0,True,True,15565602.0,62.262408,138.0,US,US,1,Dark Age Cinema|Fuzz on the Lens Productions|Bloody Disgusting|The Coven|Gelt Films,55,78008.6895811877,333996304,0.05829321101962906,0.5434042553191488,0.061574017759396665,0.00037934279563070554,0.005409434087155395,0.5265306122448979
1114513,Speak No Evil,Speak No Evil,en,English,2024-09-11,2024,9,2020,Horror|Thriller,Horror,2,11.9108,7.1,2324,Good,High,15000000.0,77239314.0,True,True,62239314.0,4.1492876,110.0,US,US,1,Blumhouse Productions,37,86169.6641581917,340003797,0.05828751317626278,0.6382978723404253,0.05532173701496168,0.02276853829143884,0.02641828778203162,0.4122448979591837
12106,The Quick and the Dead,The Quick and the Dead,en,English,1995-02-09,1995,2,1990,Western|Action|Drama|Thriller,Western,4,11.904,6.554,2035,Good,High,35000000.0,47000000.0,True,True,12000000.0,0.34285714285714286,107.0,US,US|JP,2,TriStar Pictures|Japan Satellite Broadcasting|IndieProd Company Productions,20,28690.8757013347,266278000,0.05819064983903592,0.522127659574468,0.048290962170052305,0.053126769472195634,0.016075485255550928,0.4
423204,Angel Has Fallen,Angel Has Fallen,en,English,2019-08-21,2019,8,2010,Action|Thriller,Action,2,11.8942,6.611,3972,Good,High,40000000.0,146661977.0,True,True,106661977.0,2.666549425,122.0,US,US,1,Campbell Grobman Films|Eclectic Pictures|G-BASE|Millennium Media,36,65227.9565911038,330226227,0.058051052676561916,0.5342553191489361,0.09541418318939301,0.06071632726738483,0.050163035902687315,0.46122448979591835
944,Lethal Weapon 4,Lethal Weapon 4,en,English,1998-07-10,1998,7,1990,Action|Crime|Thriller,Action,3,11.8869,6.607,3066,Good,High,140000000.0,285444603.0,True,True,145444603.0,1.0388900214285715,127.0,US,US,3,Silver Pictures|Donner/Shuler-Donner Productions|Warner Bros. Pictures,30,32853.6725949234,275854000,0.05794706703512721,0.5334042553191489,0.07337306896971171,0.2125074831711688,0.09763108675941061,0.4816326530612245
82675,Taken 2,Taken 2,en,English,2012-09-27,2012,9,2010,Action|Crime|Thriller,Action,3,11.886,6.371,7264,Mixed,High,45000000.0,376100000.0,True,True,331100000.0,7.357777777777778,91.0,FR,FR|TR|US,3,EuropaCorp|Grive Productions|M6 Films|20th Century Fox|Karma Film Prod|Taken 2|Dune Entertainment,25,40863.5814412333,65657659,0.05793424688755305,0.4831914893617022,0.1755017637756964,0.06830588506257403,0.12863810196917067,0.3346938775510204
159824,Hotel Transylvania 2,Hotel Transylvania 2,en,English,2015-09-21,2015,9,2010,Animation|Comedy|Family|Fantasy,Animation,4,11.8781,6.8,6252,Good,High,80000000.0,473200000.0,True,True,393200000.0,4.915,89.0,US,US,1,Columbia Pictures|Sony Pictures Animation|MRC,28,56849.4697923159,321815121,0.05782171448106891,0.5744680851063829,0.15088188784819365,0.12143278962889842,0.16184937539029637,0.32653061224489793
274857,King Arthur: Legend of the Sword,King Arthur: Legend of the Sword,en,English,2017-05-09,2017,5,2010,Action|Drama|Fantasy,Action,3,11.8761,6.56,6183,Good,High,175000000.0,149175066.0,True,True,-25824934.0,-0.14757105142857144,126.0,US,US|GB,1,Village Roadshow Pictures|Weed Road Pictures|Wigram Productions|Safehouse Pictures|Warner Bros. Pictures,69,60047.7190728307,326608609,0.057793225264237476,0.5234042553191488,0.14920325994404574,0.2656343877374932,0.051022591885289,0.4775510204081633
2502,The Bourne Supremacy,The Bourne Supremacy,en,English,2004-07-23,2004,7,2000,Action|Drama|Thriller,Action,3,11.8637,7.334,8405,Good,High,75000000.0,288500217.0,True,True,213500217.0,2.84666956,108.0,US,US,4,Universal Pictures|The Kennedy/Marshall Company|Ludlum Entertainment,64,41724.6411982614,292805298,0.05761659211988262,0.6880851063829786,0.20325994404573652,0.11384323183370922,0.09867620346408022,0.40408163265306124
400535,Sicario: Day of the Soldado,Sicario: Day of the Soldado,en,English,2018-06-27,2018,6,2010,Action|Crime|Thriller,Action,3,11.8629,6.944,4186,Good,High,35000000.0,75836683.0,True,True,40836683.0,1.1667623714285715,122.0,MX,MX|US,2,Thunder Road|Black Label Media|Columbia Pictures|Lionsgate|Redrum,22,10084.7937570364,124573711,0.05760519643315005,0.6051063829787233,0.10062036248631553,0.053126769472195634,0.025938543583782937,0.46122448979591835
217,Indiana Jones and the Kingdom of the Crystal Skull,Indiana Jones and the Kingdom of the Crystal Skull,en,English,2008-05-21,2008,5,2000,Adventure|Action,Adventure,2,11.8432,6.024,9240,Mixed,High,185000000.0,786636033.0,True,True,601636033.0,3.2520866648648648,122.0,US,US,3,Paramount Pictures|Lucasfilm Ltd.,58,48570.0594269601,304093966,0.057324577647360465,0.40936170212765954,0.22357377447999027,0.2808135033278716,0.2690544195921088,0.46122448979591835
22794,Cloudy with a Chance of Meatballs,Cloudy with a Chance of Meatballs,en,English,2009-09-17,2009,9,2000,Animation|Comedy|Family,Animation,3,11.8347,6.7,6623,Good,High,100000000.0,242988466.0,True,True,142988466.0,1.42988466,90.0,US,US,1,Sony Pictures Animation|Columbia Pictures,54,47194.9500893872,306771529,0.0572034984758269,0.5531914893617021,0.15990755382556868,0.1517910208096552,0.08310974407854786,0.3306122448979592
26850,Under Suspicion,Under Suspicion,en,English,1991-09-27,1991,9,1990,Crime|Thriller,Crime,2,11.8346,5.941,127,Mixed,High,6000000.0,221295.0,True,True,-5778705.0,-0.9631175,99.0,GB,GB,1,Carnival Films|LWT|The Rank Organisation Film Productions|Columbia Pictures,74,19900.7266505069,57424897,0.057202074014985324,0.3917021276595744,0.0018732514292665126,0.009107334260098283,7.568750023495437e-05,0.3673469387755102
307081,Southpaw,Southpaw,en,English,2015-07-22,2015,7,2010,Action|Drama,Action,2,11.8342,7.362,5929,Good,High,30000000.0,91709827.0,True,True,61709827.0,2.0569942333333335,123.0,US,US|CN,1,Fuqua Films|Escape Artists|Wanda Pictures|The Weinstein Company|Riche Productions,76,56849.4697923159,321815121,0.05719637617161903,0.6940425531914893,0.14302396302153023,0.04553721167700644,0.031367661250486345,0.46530612244897956
427641,Rampage,Rampage,en,English,2018-04-11,2018,4,2010,Action|Adventure|Science Fiction,Action,3,11.8318,6.467,7721,Mixed,High,120000000.0,428028233.0,True,True,308028233.0,2.5669019416666665,107.0,US,US,2,Wrigley Pictures|New Line Cinema|ASAP Entertainment|Flynn Picture Company|Twisted Media|Seven Bucks Productions|Access Entertainment,104,62875.6661382728,328529577,0.05716218911142132,0.5036170212765956,0.18661963264809633,0.18214925199041201,0.14639920129397935,0.4
8909,Wanted,Wanted,en,English,2008-06-19,2008,6,2000,Action|Thriller|Crime,Action,3,11.8195,6.531,7779,Good,High,75000000.0,342463063.0,True,True,267463063.0,3.566174173333333,110.0,US,US,1,Kickstart Entertainment|Universal Pictures|Spyglass Entertainment|Marc Platt Productions|Top Cow Productions,91,48570.0594269601,304093966,0.05698698042790803,0.5172340425531914,0.18803065320520618,0.11384323183370922,0.11713320483470947,0.4122448979591837
360920,The Grinch,The Grinch,en,English,2018-11-08,2018,11,2010,Animation|Comedy|Family|Fantasy,Animation,4,11.8173,6.862,4520,Good,High,75000000.0,552976825.0,True,True,477976825.0,6.373024333333333,85.0,US,US,1,Illumination|Universal Pictures,26,62875.6661382728,328529577,0.056955642289393454,0.587659574468085,0.10874589466001702,0.11384323183370922,0.18913557464615938,0.31020408163265306
37958,Immortals,Immortals,en,English,2011-11-10,2011,11,2010,Fantasy|Action|Drama,Fantasy,3,11.8078,6.051,2897,Mixed,High,75000000.0,226904017.0,True,True,151904017.0,2.025386893333333,110.0,US,US,2,Relativity Media|Virgin Produced|Hollywood Gang Productions|Atmosphere Entertainment MM|Rogue Pictures,32,50024.8812320773,311839461,0.056820318509444176,0.41510638297872343,0.06926164700158131,0.11384323183370922,0.07760835341359264,0.4122448979591837
198184,Chappie,Chappie,en,English,2015-03-04,2015,3,2010,Crime|Action|Science Fiction,Crime,3,11.8041,6.791,8658,Good,High,49000000.0,104399548.0,True,True,55399548.0,1.1306030204081632,120.0,US,US,1,Columbia Pictures|MRC|LStar Capital|Genre Films,72,56849.4697923159,321815121,0.056767613458306034,0.5725531914893617,0.20941491302761223,0.07437753129872539,0.03570794748909398,0.4530612244897959
974635,Hit Man,Hit Man,en,English,2024-05-16,2024,5,2020,Comedy|Romance|Crime,Comedy,3,11.7933,6.782,1752,Good,High,8800000.0,5101673.0,True,True,-3698327.0,-0.4202644318181818,116.0,US,US,1,Aggregate Films|BarnStorm Productions|Detour Filmproduction|AGC Studios|Cinetic Media|Monarch Media|Shivhans Pictures,25,86169.6641581917,340003797,0.05661377168741632,0.5706382978723403,0.041406154968981874,0.013357486625404234,0.0017449312505588134,0.43673469387755104
974262,Descendants: The Rise of Red,Descendants: The Rise of Red,en,English,2024-07-11,2024,7,2020,Fantasy|Adventure|Family|Comedy,Fantasy,4,11.7931,6.739,529,Good,High,,,False,False,,,92.0,US,US,1,Suzanne Todd Productions|Potato Monkey Productions|GWave Productions|Disney Channel,41,86169.6641581917,340003797,0.05661092276573318,0.5614893617021276,0.011653083566476099,,,0.33877551020408164
10483,Death Race,Death Race,en,English,2008-08-22,2008,8,2000,Action|Thriller|Science Fiction,Action,3,11.7665,6.321,4260,Mixed,High,45000000.0,76000000.0,True,True,31000000.0,0.6888888888888889,105.0,GB,GB|US|DE,1,Impact Pictures|Universal Pictures|Relativity Media|Cruise/Wagner Productions|H2S2 Filmproduktionsgesellschaft|Scion Films,63,47652.4030691881,61806995,0.05623201618187517,0.4725531914893616,0.10242063009366258,0.06830588506257403,0.025994403167112677,0.39183673469387753
79,Hero,英雄,zh,Mandarin,2002-12-19,2002,12,2000,Drama|Adventure|Action|History,Drama,4,11.7584,7.501,2589,Good,High,31000000.0,177394432.0,True,True,146394432.0,4.722401032258064,99.0,HK,HK|CN,1,Beijing New Picture Film Co. Ltd.|China Film Co-Production|Elite Group Enterprises|Edko Films|Sil-Metropole Organisation|Zhang Yimou Studio,35,24665.8362318216,6744100,0.05611663485370787,0.7236170212765958,0.061768641284515265,0.04705512323604427,0.060674508260127505,0.3673469387755102
138103,The Expendables 3,The Expendables 3,en,English,2014-08-07,2014,8,2010,Action|Adventure|Thriller,Action,3,11.7531,6.201,5452,Mixed,High,95000000.0,214657577.0,True,True,119657577.0,1.2595534421052632,126.0,US,US|FR|DE,1,Davis Films|Ex3 Productions|Fipex Holding|Lionsgate|Millennium Media|Nu Image Entertainment,113,55153.3940182967,319257560,0.05604113842910458,0.4470212765957446,0.13141953533633377,0.144201463014466,0.07341968330776967,0.4775510204081633
254470,Pitch Perfect 2,Pitch Perfect 2,en,English,2015-05-07,2015,5,2010,Comedy|Music,Comedy,2,11.7403,6.84,5583,Good,High,29000000.0,287144079.0,True,True,258144079.0,8.901519965517242,115.0,US,US,1,Brownstone Productions|Gold Circle Films|Universal Pictures,108,56849.4697923159,321815121,0.055858807441383426,0.5829787234042553,0.13460649556015084,0.0440193001179686,0.09821236134343368,0.4326530612244898
9702,Bound by Honor,Bound by Honor,en,English,1993-02-05,1993,2,1990,Crime|Drama|Thriller,Crime,3,11.7299,8.22,1629,Excellent,High,35000000.0,4500000.0,True,True,-30500000.0,-0.8714285714285714,190.0,US,US,2,Hollywood Pictures,110,26387.2937338171,259919000,0.05571066351386001,0.8765957446808511,0.03841381827028342,0.053126769472195634,0.0015391400403311206,0.7387755102040816
415,Batman & Robin,Batman & Robin,en,English,1997-06-20,1997,6,1990,Action|Science Fiction|Adventure,Action,3,11.7256,4.395,5546,Poor,High,125000000.0,238207122.0,True,True,113207122.0,0.905656976,125.0,US,US,1,Warner Bros. Pictures|Polygram Pictures,64,31459.1299691554,272657000,0.05564941169767243,0.06276595744680848,0.13370636175647732,0.1897388097856012,0.08147437309086034,0.47346938775510206
107846,Escape Plan,Escape Plan,en,English,2013-10-09,2013,10,2010,Action|Thriller,Action,2,11.7246,6.718,5734,Good,High,50000000.0,137328301.0,True,True,87328301.0,1.74656602,115.0,GB,GB|US,4,Knightsbridge Entertainment|Summit Entertainment|Atmosphere Entertainment MM|Envision Entertainment|Boies/Schiller Film Group|Lionsgate|Emmett/Furla Films,61,43607.6636827371,64138000,0.055635167089256726,0.5570212765957446,0.1382800145967644,0.07589544285776323,0.04697062328002821,0.4326530612244898
11674,101 Dalmatians,101 Dalmatians,en,English,1996-11-27,1996,11,1990,Family|Comedy,Family,2,11.7159,5.948,3724,Mixed,High,54000000.0,320689294.0,True,True,266689294.0,4.93869062962963,103.0,GB,GB|US,1,Great Oaks Entertainment|Walt Disney Pictures|Wizzer Productions,23,24503.3829602903,58166950,0.05551123899603999,0.3931914893617022,0.08938085391071646,0.08196708909391459,0.10968588665069885,0.3836734693877551
8741,The Thin Red Line,The Thin Red Line,en,English,1998-12-23,1998,12,1990,Drama|History|War,Drama,3,11.7152,7.438,3424,Good,High,52000000.0,98126565.0,True,True,46126565.0,0.8870493269230769,171.0,US,US,3,Fox 2000 Pictures|Phoenix Pictures|George Stevens Jr. Productions|Geisler-Roberdeau Productions,59,32853.6725949234,275854000,0.055501267770148986,0.7102127659574466,0.082082471718769,0.07893126597583891,0.03356238874986562,0.6612244897959184
391713,Lady Bird,Lady Bird,en,English,2017-09-01,2017,9,2010,Drama|Comedy,Drama,2,11.7052,7.248,9168,Good,High,10000000.0,79000000.0,True,True,69000000.0,6.9,94.0,US,US,1,IAC Films|Scott Rudin Productions|Entertainment 360,37,60047.7190728307,326608609,0.05535882168599184,0.6697872340425531,0.22182216275392289,0.015178980496249642,0.027020498123481135,0.3469387755102041
560057,The Sea Beast,The Sea Beast,en,English,2022-06-24,2022,6,2020,Animation|Adventure|Action|Family|Fantasy,Animation,5,11.7041,7.332,1773,Good,High,,,False,False,,,115.0,US,US,1,Netflix,29,78008.6895811877,333996304,0.05534315261673457,0.687659574468085,0.0419170417224182,,,0.4326530612244898
1252309,Tell Me What You Want,Pídeme lo que quieras,es,Spanish,2024-11-29,2024,11,2020,Romance|Drama,Romance,2,11.6995,6.099,317,Mixed,High,,2265661.0,False,True,,,114.0,ES,ES,1,Versus Entertainment|LyO Media|Warner Bros. Entertainment España|4 Cats Pictures,39,35326.7683069278,48848840,0.055277627418022286,0.42531914893617023,0.006495560150833232,,0.0007749253807586734,0.42857142857142855
9880,The Princess Diaries,The Princess Diaries,en,English,2001-08-03,2001,8,2000,Comedy|Family|Romance,Comedy,3,11.6979,6.962,5365,Good,High,37000000.0,165335153.0,True,True,128335153.0,3.468517648648649,115.0,US,US,1,Bottom of the Ninth Productions|Walt Disney Pictures|BrownHouse Productions,64,37133.6203973517,284968955,0.055254836044557144,0.6089361702127658,0.129303004500669,0.056162592590271315,0.05654985314034749,0.4326530612244898
169,Predator 2,Predator 2,en,English,1990-11-21,1990,11,1990,Science Fiction|Action|Thriller,Science Fiction,3,11.6925,6.313,3988,Mixed,High,35000000.0,57120318.0,True,True,22120318.0,0.6320090857142857,108.0,US,US,1,Davis Entertainment|Lawrence Gordon Productions|Silver Pictures|20th Century Fox,27,23888.6000088133,249623000,0.05517791515911229,0.47085106382978714,0.09580343023963021,0.053126769472195634,0.01953695434109923,0.40408163265306124
763215,Damsel,Damsel,en,English,2024-03-07,2024,3,2020,Fantasy|Action|Adventure,Fantasy,3,11.6898,6.98,2922,Good,High,60000000.0,5000.0,True,True,-59995000.0,-0.9999166666666667,107.0,ES,ES|US,1,PCMA Productions|Roth-Kirschenbaum Films|Palma Pictures,26,35326.7683069278,48848840,0.05513945471638985,0.6127659574468085,0.06986984551757694,0.09107455844814162,1.7077640390492351e-06,0.4
450465,Glass,Glass,en,English,2019-01-16,2019,1,2010,Thriller|Drama|Science Fiction,Thriller,3,11.6881,6.665,9256,Good,High,20000000.0,246999039.0,True,True,226999039.0,11.34995195,129.0,US,US,2,Blinding Edge Pictures|Blumhouse Productions|Perfect World Pictures,45,65227.9565911038,330226227,0.05511523888208313,0.5457446808510638,0.22396302153022746,0.03035809608662804,0.08448148698769703,0.4897959183673469
35688,Why Did I Get Married Too?,Why Did I Get Married Too?,en,English,2010-04-02,2010,4,2010,Comedy|Romance,Comedy,2,11.6864,6.593,177,Good,High,20000000.0,60673972.0,True,True,40673972.0,2.0336986,121.0,US,US,1,Lions Gate Films|Tyler Perry Studios,40,48642.6312088213,309378227,0.055091023047776425,0.5304255319148936,0.0030896484612577546,0.03035809608662804,0.020752416489792095,0.45714285714285713
576845,Last Night in Soho,Last Night in Soho,en,English,2021-10-21,2021,10,2020,Horror|Mystery|Thriller,Horror,3,11.681,7.3,4015,Good,High,43000000.0,22957625.0,True,True,-20042375.0,-0.4661017441860465,117.0,GB,GB|US,1,Focus Features|Film4 Productions|Working Title|Complete Fiction|Perfect World Pictures,41,47695.6491523474,66978000,0.055014102162331546,0.6808510638297871,0.09646028463690548,0.06527006194449834,0.007852232013344567,0.44081632653061226
1813,The Devil's Advocate,The Devil's Advocate,en,English,1997-10-17,1997,10,1990,Horror|Drama|Mystery,Horror,3,11.6796,7.481,7032,Good,High,57000000.0,153000000.0,True,True,96000000.0,1.6842105263157894,144.0,DE,DE|US,6,Monarchy Enterprises B.V.|Regency Enterprises|Kopelson Entertainment|New Regency Pictures|Taurus Film|Warner Bros. Pictures,34,27046.9565464237,82034771,0.054994159710549564,0.7193617021276595,0.16985768154725703,0.0865208237710281,0.05233084038056974,0.5510204081632653
8656,Deep Impact,Deep Impact,en,English,1998-05-08,1998,5,1990,Action|Drama|Science Fiction,Action,3,11.6734,6.256,3459,Mixed,High,75000000.0,349464664.0,True,True,274464664.0,3.659528853333333,122.0,US,US,1,Paramount Pictures|DreamWorks Pictures|Amblin Entertainment|The Zanuck/Brown Company,61,32853.6725949234,275854000,0.054905843138372136,0.45872340425531916,0.08293394964116288,0.11384323183370922,0.11952797399224425,0.46122448979591835
762975,Purple Hearts,Purple Hearts,en,English,2022-07-29,2022,7,2020,Romance|Drama,Romance,2,11.6685,8.042,2940,Excellent,High,,,False,False,,,122.0,GB,GB|US,1,Alloy Entertainment|Embankment Films|Gidden Media,24,47034.7795621476,67636000,0.05483604455713512,0.838723404255319,0.07030774844909378,,,0.46122448979591835
565,The Ring,The Ring,en,English,2002-10-18,2002,10,2000,Horror|Mystery,Horror,2,11.6567,6.708,6866,Good,High,48000000.0,249348933.0,True,True,201348933.0,4.1947694375,115.0,US,US,1,DreamWorks Pictures|BenderSpink|Parkes+MacDonald Production,63,37997.7424300242,287625193,0.0546679581778297,0.5548936170212766,0.1658192434010461,0.07285961973968755,0.08528522511483054,0.4326530612244898
8247,Jumper,Jumper,en,English,2008-02-13,2008,2,2000,Action|Adventure|Science Fiction,Action,3,11.6401,6.173,6421,Mixed,High,85000000.0,222231186.0,True,True,137231186.0,1.6144845411764706,88.0,US,US,2,Dune Entertainment|Hypnotic|New Regency Pictures,67,48570.0594269601,304093966,0.05443149767812883,0.441063829787234,0.15499330981632406,0.1290223474240876,0.07601009730657192,0.3224489795918367
1029955,Kinds of Kindness,Kinds of Kindness,en,English,2024-05-30,2024,5,2020,Comedy|Drama,Comedy,2,11.6342,6.5,1357,Mixed,High,15000000.0,16398509.0,True,True,1398509.0,0.09323393333333334,164.0,IE,IE|GB|US,1,Searchlight Pictures|Film4 Productions|TSG Entertainment|Element Pictures|Limp,57,112894.953240805,5395790,0.05434745448847611,0.5106382978723404,0.03179661841625107,0.02276853829143884,0.005608806731399352,0.6326530612244898
529203,The Croods: A New Age,The Croods: A New Age,en,English,2020-11-25,2020,11,2020,Animation|Family|Adventure|Fantasy|Comedy,Animation,5,11.6325,7.438,4237,Good,High,65000000.0,215905815.0,True,True,150905815.0,2.3216279230769232,95.0,US,US,1,DreamWorks Animation,80,64465.2971415748,331578104,0.0543232386541694,0.7102127659574466,0.1018610874589466,0.09866411624333082,0.07384662021315215,0.3510204081632653
109091,The Counselor,The Counselor,en,English,2013-10-25,2013,10,2010,Thriller|Crime|Drama,Thriller,3,11.6239,5.291,2035,Mixed,High,25000000.0,71009334.0,True,True,46009334.0,1.84037336,117.0,US,US|GB,2,Fox 2000 Pictures|Nick Wechsler Productions|Chockstone Pictures|TSG Entertainment|Scott Free Productions,18,53297.3862901595,316726282,0.05420073502179426,0.253404255319149,0.048290962170052305,0.037947653881817235,0.0242874374299395,0.44081632653061226
33,Unforgiven,Unforgiven,en,English,1992-08-07,1992,8,1990,Western,Western,1,11.6226,7.914,5101,Good,High,14400000.0,159157447.0,True,True,144757447.0,10.05260048611111,130.0,US,US,1,Warner Bros. Pictures|Malpaso Productions,49,25418.9907763319,256514000,0.054182217030853824,0.8114893617021275,0.12288042817175526,0.021857791356016138,0.05443688215083844,0.49387755102040815
346910,The Predator,The Predator,en,English,2018-09-05,2018,9,2010,Science Fiction|Action|Thriller,Science Fiction,3,11.6218,5.618,5267,Mixed,High,88000000.0,160542134.0,True,True,72542134.0,0.8243424318181818,107.0,US,US,1,Davis Entertainment|TSG Entertainment|20th Century Fox,32,62875.6661382728,328529577,0.05417082134412125,0.3229787234042554,0.12691886631796617,0.13357608210120114,0.05491048893312143,0.4
9902,Wrong Turn,Wrong Turn,en,English,2003-05-30,2003,5,2000,Horror|Thriller,Horror,2,11.6188,6.401,3112,Mixed,High,12600000.0,28650575.0,True,True,16050575.0,1.2738551587301588,84.0,DE,DE|US,1,Summit Entertainment|Constantin Film|Newmarket Capital Group|Stan Winston Productions|Media Cooperation One,40,30711.1022511331,82534176,0.05412808751887411,0.4895744680851063,0.07449215423914365,0.019125550549748026,0.00979940110729717,0.30612244897959184
322,Mystic River,Mystic River,en,English,2003-10-08,2003,10,2000,Thriller|Drama|Mystery|Crime,Thriller,4,11.5906,7.743,7677,Good,High,25000000.0,156800000.0,True,True,131800000.0,5.272,138.0,US,US,1,Warner Bros. Pictures|Village Roadshow Pictures|NPV Entertainment|Malpaso Productions,19,39490.3023903176,290107933,0.05372638956155096,0.7751063829787234,0.18554920325994403,0.037947653881817235,0.05363056065863645,0.5265306122448979
50620,The Twilight Saga: Breaking Dawn - Part 2,The Twilight Saga: Breaking Dawn - Part 2,en,English,2012-11-13,2012,11,2010,Fantasy|Drama|Romance,Fantasy,3,11.5883,6.451,9496,Mixed,High,120000000.0,829747654.0,True,True,709747654.0,5.9145637833333335,115.0,US,US,1,Summit Entertainment|Temple Hill Entertainment|Sunswept Entertainment,30,51708.3940614082,314339099,0.05369362696219481,0.5002127659574467,0.22980172728378542,0.18214925199041201,0.2837999585484316,0.4326530612244898
739405,Operation Fortune: Ruse de Guerre,Operation Fortune: Ruse de Guerre,en,English,2023-01-04,2023,1,2020,Action|Comedy|Thriller|Adventure,Action,4,11.5829,6.469,2059,Mixed,High,50000000.0,48983306.0,True,True,-1016694.0,-0.02033388,114.0,GB,GB|US,1,Miramax|STXfilms|Toff Guy Films,38,49919.6896621586,68526000,0.053616706076749954,0.5040425531914894,0.0488748327454081,0.07589544285776323,0.016753838683396027,0.42857142857142855
189,Sin City: A Dame to Kill For,Sin City: A Dame to Kill For,en,English,2014-08-20,2014,8,2010,Action|Crime|Thriller,Action,3,11.5829,6.401,4267,Mixed,High,65000000.0,39407616.0,True,True,-25592384.0,-0.39372898461538464,102.0,US,US,1,Residaco|Miramax|Troublemaker Studios|Aldamisa Entertainment|Demarest Films|Solipsist Film|AR Films,17,55153.3940182967,319257560,0.053616706076749954,0.4895744680851063,0.10259092567814135,0.09866411624333082,0.01347864961248007,0.3795918367346939
4476,Legends of the Fall,Legends of the Fall,en,English,1994-12-23,1994,12,1990,Drama|Western|Romance|War,Drama,4,11.5824,7.4,2939,Good,High,30000000.0,160638883.0,True,True,130638883.0,4.354629433333334,133.0,US,US,2,Bedford Falls Productions|TriStar Pictures|Pangaea,51,27694.853416234,263126000,0.05360958377254209,0.7021276595744681,0.07028342050845396,0.04553721167700644,0.054943580153432654,0.5061224489795918
12244,9,9,en,English,2009-08-19,2009,8,2000,Action|Adventure|Animation|Science Fiction|Thriller,Action,5,11.5704,6.964,4014,Good,High,30000000.0,48428063.0,True,True,18428063.0,0.6142687666666666,79.0,CA,CA|US,1,Tim Burton Productions|Relativity Media|Arc Productions|Starz Animation|Focus Features,64,40874.9612318547,33630069,0.05343864847155351,0.6093617021276596,0.09643595669626566,0.04553721167700644,0.016563928002776396,0.2857142857142857
1040148,"Ruby Gillman, Teenage Kraken","Ruby Gillman, Teenage Kraken",en,English,2023-06-28,2023,6,2020,Animation|Family|Fantasy|Comedy,Animation,4,11.5656,7.134,1140,Good,High,70000000.0,46247409.0,True,True,-23752591.0,-0.3393227285714286,92.0,US,US,1,DreamWorks Animation,56,82586.7847707894,336755052,0.053370274351158084,0.645531914893617,0.026517455297409075,0.10625367403852003,0.015818075312448162,0.33877551020408164
206647,Spectre,Spectre,en,English,2015-10-26,2015,10,2010,Action|Adventure|Thriller,Action,3,11.5639,6.571,11478,Good,High,245000000.0,880707597.0,True,True,635707597.0,2.5947248857142857,148.0,GB,GB|US,5,Metro-Goldwyn-Mayer|Columbia Pictures|EON Productions,41,45256.040227057,65087000,0.053346058516851376,0.5257446808510637,0.27801970563191825,0.37188819687014196,0.3012298720448063,0.5673469387755102
1538,Collateral,Collateral,en,English,2004-08-04,2004,8,2000,Drama|Crime|Thriller,Drama,3,11.5492,7.248,6484,Good,High,65000000.0,220239925.0,True,True,155239925.0,2.3883065384615385,120.0,US,US,2,Paramount Pictures|Edge City|DreamWorks Pictures|Parkes+MacDonald Production,30,41724.6411982614,292805298,0.05313666277314038,0.6697872340425531,0.15652597007663302,0.09866411624333082,0.07532902301693419,0.4530612244897959
21835,A Chinese Odyssey Part Two: Cinderella,西遊記大結局之仙履奇緣,cn,Cantonese,1995-02-04,1995,2,1990,Action|Adventure|Fantasy|Comedy|Romance|Drama,Action,6,11.547,7.7,271,Good,High,,2692748.0,False,True,,,99.0,HK,HK|CN,1,Xi'an Film Studio|Color Star Films,44,23497.3920767477,6156100,0.0531053246346258,0.7659574468085105,0.00537647488140129,,0.0009210026529688517,0.3673469387755102
8457,Drillbit Taylor,Drillbit Taylor,en,English,2008-02-04,2008,2,2000,Comedy,Comedy,1,11.5454,5.85,1137,Mixed,High,40000000.0,32900000.0,True,True,-7100000.0,-0.1775,110.0,US,US,1,Paramount Pictures|Apatow Productions,33,48570.0594269601,304093966,0.053082533261160664,0.3723404255319148,0.0264444714754896,0.06071632726738483,0.011252838960619179,0.4122448979591837
13387,Transporter 3,Transporter 3,en,English,2008-11-26,2008,11,2000,Action|Thriller|Crime,Action,3,11.5374,6.172,3778,Mixed,High,30000000.0,109000000.0,True,True,79000000.0,2.6333333333333333,104.0,FR,FR|US,5,Grive Productions|EuropaCorp|TF1 Films Production|Current Entertainment|Apipoulaï Prod,55,45464.8181385158,64375116,0.05296857639383493,0.44085106382978717,0.090694562705267,0.04553721167700644,0.0372814476871657,0.3877551020408163
2649,The Game,The Game,en,English,1997-09-12,1997,9,1990,Drama|Thriller|Mystery,Drama,3,11.5304,7.576,7569,Good,High,50000000.0,109423648.0,True,True,59423648.0,1.18847296,129.0,US,US,3,PolyGram Filmed Entertainment|Propaganda Films,62,31459.1299691554,272657000,0.052868864134924934,0.7395744680851062,0.18292178567084297,0.07589544285776323,0.03742634871252423,0.4897959183673469
2118,L.A. Confidential,L.A. Confidential,en,English,1997-09-19,1997,9,1990,Crime|Mystery|Thriller,Crime,3,11.5286,7.807,5726,Good,High,35000000.0,126216940.0,True,True,91216940.0,2.6061982857142856,138.0,US,US,1,Regency Enterprises|Wolper Organization,31,31459.1299691554,272657000,0.05284322383977665,0.7887234042553192,0.13808539107164577,0.053126769472195634,0.04317018611986515,0.5265306122448979
13475,Star Trek,Star Trek,en,English,2009-05-06,2009,5,2000,Science Fiction|Action|Adventure,Science Fiction,3,11.5205,7.437,10718,Good,High,150000000.0,386839614.0,True,True,236839614.0,1.57893076,127.0,US,US,1,Paramount Pictures|Spyglass Entertainment|Bad Robot,75,47194.9500893872,306771529,0.052727842511609356,0.71,0.2595304707456514,0.2276865987615472,0.13231138988875202,0.4816326530612245
762504,Nope,Nope,en,English,2022-07-20,2022,7,2020,Horror|Science Fiction|Thriller,Horror,3,11.5164,6.828,5169,Good,High,68000000.0,171932082.0,True,True,103932082.0,1.5284129705882352,130.0,US,US,1,Universal Pictures|Monkeypaw Productions,15,78008.6895811877,333996304,0.052669439617104935,0.5804255319148937,0.12453472813526335,0.10321785092044435,0.05880621166515442,0.49387755102040815
19908,Zombieland,Zombieland,en,English,2009-10-02,2009,10,2000,Comedy|Horror,Comedy,2,11.5091,7.26,13469,Good,High,23600000.0,102391540.0,True,True,78791540.0,3.3386245762711866,88.0,US,US,1,Columbia Pictures|Relativity Media|Pariah,50,47194.9500893872,306771529,0.05256545397567021,0.6723404255319148,0.3264566354458095,0.03582257769916426,0.03502114519537814,0.3224489795918367
1954,The Butterfly Effect,The Butterfly Effect,en,English,2004-01-17,2004,1,2000,Science Fiction|Thriller,Science Fiction,2,11.4992,7.578,8510,Good,High,13000000.0,96800000.0,True,True,83800000.0,6.446153846153846,113.0,CA,CA|US,1,FilmEngine|Katalyst Films|BenderSpink|New Line Cinema,42,32145.5653280273,31938807,0.05242443235235463,0.74,0.20581437781291814,0.019732715173363162,0.03310866153126731,0.42448979591836733
429351,12 Strong,12 Strong,en,English,2018-01-18,2018,1,2010,War|Action|History,War,3,11.4984,6.375,3257,Mixed,High,35000000.0,67450815.0,True,True,32450815.0,0.9271661428571428,130.0,US,US,1,Torridon Films|Alcon Entertainment|Black Label Media|Jerry Bruckheimer Films|16:14 Entertainment,23,62875.6661382728,328529577,0.05241303666562206,0.4840425531914893,0.07801970563191826,0.053126769472195634,0.023070311297259057,0.49387755102040815
37094,Falling Down,Falling Down,en,English,1993-02-26,1993,2,1990,Crime|Drama|Thriller,Crime,3,11.4969,7.399,4244,Good,High,25000000.0,40903593.0,True,True,15903593.0,0.63614372,113.0,US,US|FR,3,Arnold Kopelson Productions|Le Studio Canal+|Regency Enterprises|Alcor Films|Warner Bros. Pictures,21,26387.2937338171,259919000,0.05239166975299849,0.7019148936170212,0.10203138304342538,0.037947653881817235,0.013990321097327809,0.42448979591836733
24021,The Twilight Saga: Eclipse,The Twilight Saga: Eclipse,en,English,2010-06-23,2010,6,2010,Adventure|Fantasy|Drama|Romance,Adventure,4,11.4939,6.187,9386,Mixed,High,68000000.0,698491347.0,True,True,630491347.0,9.271931573529411,124.0,US,US,1,Summit Entertainment|Temple Hill Entertainment|Imprint Entertainment|Maverick Films|Sunswept Entertainment,80,48642.6312088213,309378227,0.05234893592775135,0.4440425531914894,0.2271256538134047,0.10321785092044435,0.23890614701368168,0.46938775510204084
1032823,Trap,Trap,en,English,2024-07-31,2024,7,2020,Crime|Horror|Thriller,Crime,3,11.4924,6.221,3017,Mixed,High,30000000.0,83677281.0,True,True,53677281.0,1.7892427,105.0,US,US,1,Blinding Edge Pictures,22,86169.6641581917,340003797,0.05232756901512777,0.4512765957446808,0.0721809998783603,0.04553721167700644,0.028620276271353808,0.39183673469387753
929,Godzilla,Godzilla,en,English,1998-05-20,1998,5,1990,Science Fiction|Action|Thriller,Science Fiction,3,11.4826,5.657,4352,Mixed,High,130000000.0,379014294.0,True,True,249014294.0,1.9154945692307692,138.0,US,US|JP,5,TriStar Pictures|Independent Pictures|Fried Films|Centropolis Entertainment|TOHO,62,32853.6725949234,275854000,0.05218797185265377,0.3312765957446809,0.10465880063252646,0.1973283675807904,0.12963488276076227,0.5265306122448979
114150,Pitch Perfect,Pitch Perfect,en,English,2012-09-28,2012,9,2010,Comedy|Music|Romance,Comedy,3,11.4771,7.265,6991,Good,High,17000000.0,115647737.0,True,True,98647737.0,5.80280805882353,112.0,US,US,1,Brownstone Productions|Gold Circle Films|Universal Pictures,88,51708.3940614082,314339099,0.05210962650636734,0.6734042553191488,0.1688602359810242,0.02580436140951452,0.039555184156153694,0.4204081632653061
300669,Don't Breathe,Don't Breathe,en,English,2016-06-08,2016,6,2010,Horror|Thriller|Crime,Horror,3,11.4765,7.019,8144,Good,High,9900000.0,158906350.0,True,True,149006350.0,15.051146464646465,89.0,US,US,1,Screen Gems|Stage 6 Films|Ghost House Pictures,20,57976.628204291,324353340,0.052101079741317904,0.621063829787234,0.19691035153874226,0.015027189340345857,0.05435099902908535,0.32653061224489793
2832,Identity,Identity,en,English,2003-04-25,2003,4,2000,Mystery|Thriller,Mystery,2,11.4712,7.2,4531,Good,High,28000000.0,90259536.0,True,True,62259536.0,2.223554857142857,90.0,US,US,1,Konrad Pictures|Columbia Pictures,44,39490.3023903176,290107933,0.05202558331671462,0.6595744680851063,0.1090135020070551,0.04250138855893076,0.03087161582369749,0.3306122448979592
153,Lost in Translation,Lost in Translation,en,English,2003-09-18,2003,9,2000,Drama|Comedy|Romance,Drama,3,11.4676,7.379,8311,Good,High,4000000.0,119723856.0,True,True,115723856.0,28.930964,102.0,GB,GB|US,2,American Zoetrope|Elemental Films,43,34556.7726095905,59647577,0.05197430272641804,0.6976595744680849,0.200973117625593,0.0060715111420226045,0.04094934587197291,0.3795918367346939
2059,National Treasure,National Treasure,en,English,2004-11-19,2004,11,2000,Adventure|Action|Mystery,Adventure,3,11.4566,6.653,7055,Good,High,100000000.0,347500000.0,True,True,247500000.0,2.475,131.0,US,US,3,Walt Disney Pictures|Jerry Bruckheimer Films|Saturn Films|Junction Entertainment,63,41724.6411982614,292805298,0.05181761203384519,0.543191489361702,0.170417224181973,0.1517910208096552,0.11885599671845803,0.49795918367346936
1735,The Mummy: Tomb of the Dragon Emperor,The Mummy: Tomb of the Dragon Emperor,en,English,2008-07-01,2008,7,2000,Adventure|Action|Fantasy,Adventure,3,11.4504,5.52,4929,Mixed,High,145000000.0,403449830.0,True,True,258449830.0,1.7824126206896551,112.0,US,US|CN|DE,3,Universal Pictures|Relativity Media|The Sommers Company|Alphaville Films|Beijing Happy Pictures|Shanghai Film Group|Internationale Filmproduktion Blackbird Erste,51,48570.0594269601,304093966,0.05172929546166776,0.302127659574468,0.11869602238170539,0.220097040966358,0.13799260950934888,0.4204081632653061
298,Ocean's Thirteen,Ocean's Thirteen,en,English,2007-06-05,2007,6,2000,Crime|Thriller,Crime,2,11.4455,6.731,7077,Good,High,85000000.0,311312624.0,True,True,226312624.0,2.6625014588235296,122.0,US,US,3,Warner Bros. Pictures|Village Roadshow Pictures|Jerry Weintraub Productions|Section Eight,59,48050.227412195,301231207,0.05165949688043074,0.5597872340425532,0.17095243887604913,0.1290223474240876,0.10647876871918839,0.46122448979591835
22538,Scott Pilgrim vs. the World,Scott Pilgrim vs. the World,en,English,2010-08-12,2010,8,2010,Action|Comedy|Romance,Action,3,11.439,7.484,8869,Good,High,73000000.0,51825248.0,True,True,-21174752.0,-0.29006509589041096,113.0,JP,JP|GB|US,1,Marc Platt Productions|Big Talk Studios|Closed on Mondays Entertainment|dentsu,59,45378.1378109399,128070000,0.051566906925728614,0.7199999999999999,0.21454810850261524,0.11080740871563353,0.017725872800893255,0.42448979591836733
634492,Madame Web,Madame Web,en,English,2024-02-14,2024,2,2020,Action|Fantasy,Action,2,11.4383,5.277,2704,Mixed,High,80000000.0,100498764.0,True,True,20498764.0,0.25623455,117.0,US,US,1,Columbia Pictures|di Bonaventura Pictures,28,86169.6641581917,340003797,0.05155693569983761,0.25042553191489364,0.06456635445809512,0.12143278962889842,0.03437375589299972,0.44081632653061226
10764,Quantum of Solace,Quantum of Solace,en,English,2008-10-29,2008,10,2000,Adventure|Action|Thriller,Adventure,3,11.4364,6.344,8755,Mixed,High,200000000.0,589593688.0,True,True,389593688.0,1.94796844,106.0,GB,GB|US,5,EON Productions|Metro-Goldwyn-Mayer|Columbia Pictures|B22,48,47652.4030691881,61806995,0.05152987094384776,0.4774468085106383,0.21177472326967522,0.3035821767134392,0.20165970079360432,0.39591836734693875
4824,The Jackal,The Jackal,en,English,1997-11-14,1997,11,1990,Action|Crime|Thriller,Action,3,11.4252,6.408,2208,Mixed,High,60000000.0,159300000.0,True,True,99300000.0,1.655,124.0,US,US,2,Universal Pictures|Mutual Film Company|Alphaville Films,59,31459.1299691554,272657000,0.051370331329591755,0.49106382978723406,0.052499695900742,0.09107455844814162,0.0544856397889435,0.46938775510204084
359940,"Three Billboards Outside Ebbing, Missouri","Three Billboards Outside Ebbing, Missouri",en,English,2017-12-01,2017,12,2010,Crime|Drama,Crime,2,11.4245,8.052,11175,Excellent,High,15000000.0,162729321.0,True,True,147729321.0,9.8486214,115.0,GB,GB|US,1,Blueprint Pictures|Fox Searchlight Pictures|Film4 Productions|TSG Entertainment,68,40918.0520870944,65964000,0.05136036010370075,0.840851063829787,0.27064833961805135,0.02276853829143884,0.055658576116232976,0.4326530612244898
61930,Bagnomaria,Bagnomaria,it,Italian,1999-02-12,1999,2,1990,Comedy,Comedy,1,11.4154,5.868,117,Mixed,High,,,False,False,,,86.0,IT,IT,1,Cecchi Gori Group Fin.Ma.Vi,37,22049.9990620261,56916317,0.05123073416711774,0.3761702127659575,0.0016299720228682643,,,0.3142857142857143
414,Batman Forever,Batman Forever,en,English,1995-06-16,1995,6,1990,Action|Crime|Fantasy,Action,3,11.4103,5.462,5737,Mixed,High,100000000.0,336529144.0,True,True,236529144.0,2.36529144,121.0,US,US|GB,1,Warner Bros. Pictures|Tim Burton Productions|Polygram Pictures,62,28690.8757013347,266278000,0.05115808666419759,0.28978723404255313,0.13835299841868387,0.1517910208096552,0.11510361671557649,0.45714285714285713
882598,Smile,Smile,en,English,2022-09-23,2022,9,2020,Horror|Mystery,Horror,2,11.4096,6.7,4245,Good,High,17000000.0,217408513.0,True,True,200408513.0,11.78873605882353,115.0,US,US,1,Paramount Players|Paramount Pictures|Temple Hill Entertainment,20,78008.6895811877,333996304,0.051148115438306586,0.5531914893617021,0.1020557109840652,0.02580436140951452,0.0743605904927338,0.4326530612244898
36586,Blade II,Blade II,en,English,2002-03-22,2002,3,2000,Fantasy|Horror|Action|Thriller,Fantasy,4,11.4064,6.573,5397,Good,High,54000000.0,155010032.0,True,True,101010032.0,1.870556148148148,117.0,US,US,3,New Line Cinema|Amen Ra Films|Imaginary Forces,20,37997.7424300242,287625193,0.05110253269137631,0.5261702127659574,0.1300814986011434,0.08196708909391459,0.05301833494634947,0.44081632653061226
1895,Star Wars: Episode III - Revenge of the Sith,Star Wars: Episode III - Revenge of the Sith,en,English,2005-05-17,2005,5,2000,Adventure|Action|Science Fiction,Adventure,3,11.3995,7.474,15294,Good,High,113000000.0,850000000.0,True,True,737000000.0,6.522123893805309,140.0,US,US,1,Lucasfilm Ltd.,32,44123.3996470026,295516599,0.051004244893307876,0.7178723404255318,0.37085512711348984,0.17152387107714712,0.2907269019101746,0.5346938775510204
499701,Dora and the Lost City of Gold,Dora and the Lost City of Gold,en,English,2019-08-08,2019,8,2010,Family|Comedy|Adventure,Family,3,11.3984,6.618,1866,Good,High,49000000.0,120600000.0,True,True,71600000.0,1.4612244897959183,102.0,US,US,2,Nickelodeon Movies|Paramount Players|Walden Media|Paramount Pictures|MRC,65,65227.9565911038,330226227,0.0509885758240506,0.5357446808510639,0.044179540201921906,0.07437753129872539,0.0412490148517904,0.3795918367346939
819,Sleepers,Sleepers,en,English,1996-10-18,1996,10,1990,Crime|Drama|Thriller,Crime,3,11.3906,7.596,4032,Good,High,44000000.0,165600000.0,True,True,121600000.0,2.7636363636363637,147.0,US,US,1,Propaganda Films|Baltimore Pictures,32,29967.7127181749,269394000,0.05087746787840801,0.7438297872340425,0.09687385962778251,0.06678797350353619,0.05664043919731726,0.563265306122449
4523,Enchanted,Enchanted,en,English,2007-11-20,2007,11,2000,Comedy|Family|Fantasy|Romance,Comedy,4,11.3897,6.8,5817,Good,High,85000000.0,340487652.0,True,True,255487652.0,3.0057370823529412,107.0,US,US,1,Walt Disney Pictures|Josephson Entertainment|Andalasia Productions|Right Coast,108,48050.227412195,301231207,0.05086464773083387,0.5744680851063829,0.14029923366986985,0.1290223474240876,0.11645755174675788,0.4
2567,The Aviator,The Aviator,en,English,2004-12-17,2004,12,2000,Drama,Drama,1,11.3873,7.216,5996,Good,High,110000000.0,213719942.0,True,True,103719942.0,0.9429085636363637,170.0,DE,DE|US|GB,1,Warner Bros. Pictures|Miramax|Initial Entertainment Group|Forward Pass|Appian Way|IMF|Intermedia|Intermedia Films,39,34566.7359143735,82516260,0.05083046067063616,0.6629787234042552,0.1446539350443985,0.1669701364000336,0.07309898245963149,0.6571428571428571
787723,13 Minutes,13 Minutes,en,English,2021-10-29,2021,10,2020,Action|Drama|Thriller,Action,3,11.3868,5.827,304,Mixed,High,,67413.0,False,True,,,109.0,US,US|CA,1,Elevated Films|Involving Pictures,82,71441.2319805947,332100166,0.05082333836642829,0.36744680851063827,0.006179296922515509,,2.3054985542990736e-05,0.40816326530612246
696806,The Adam Project,The Adam Project,en,English,2022-03-11,2022,3,2020,Adventure|Science Fiction|Comedy,Adventure,3,11.3843,6.985,5148,Good,High,116000000.0,,True,False,,,106.0,US,US,1,Skydance Media|Maximum Effort|21 Laps Entertainment,23,78008.6895811877,333996304,0.050787726845389014,0.6138297872340426,0.12402384138182702,0.17607760575426065,,0.39591836734693875
22803,Law Abiding Citizen,Law Abiding Citizen,en,English,2009-10-15,2009,10,2000,Drama|Crime|Thriller,Drama,3,11.3751,7.396,5846,Good,High,53000000.0,127900000.0,True,True,74900000.0,1.4132075471698113,109.0,GB,GB|US,1,The Film Department|Evil Twins|Warp Films|Overture Films|G-BASE,39,39009.3715547821,62276270,0.05065667644796444,0.7012765957446807,0.14100474394842477,0.08044917753487675,0.04374584591228698,0.40816326530612246
4233,Scream 2,Scream 2,en,English,1997-12-12,1997,12,1990,Horror|Mystery,Horror,2,11.3743,6.5,4889,Mixed,High,24000000.0,172363301.0,True,True,148363301.0,6.181804208333333,120.0,US,US,1,Dimension Films|Konrad Pictures|Craven-Maddalena Films,24,31459.1299691554,272657000,0.05064528076123187,0.5106382978723404,0.1177229047561124,0.036429742322779395,0.058953702212151175,0.4530612244897959
26466,Triangle,Triangle,en,English,2009-10-16,2009,10,2000,Horror,Horror,1,11.3544,6.91,3123,Good,High,12000000.0,1594955.0,True,True,-10405045.0,-0.8670870833333333,99.0,AU,AU|GB,1,Dan Films|Pictures in Paradise|Icon Productions|Creative Europe Media|UK Film Council|First Look Pictures,22,42954.8494884573,21691653,0.05036181305375915,0.5978723404255318,0.07475976158618174,0.01821480361432532,0.0005455226994899859,0.3673469387755102
5915,Into the Wild,Into the Wild,en,English,2007-09-21,2007,9,2000,Adventure|Drama,Adventure,2,11.3529,7.795,10336,Good,High,15000000.0,56255142.0,True,True,41255142.0,2.7503428,148.0,US,US,2,River Road Entertainment|Paramount Vantage|Linson Entertainment|Square One C.I.H.|Into the Wild,33,48050.227412195,301231207,0.05034044614113558,0.7861702127659573,0.2502371974212383,0.02276853829143884,0.019241036764442217,0.5673469387755102
5174,Rush Hour 3,Rush Hour 3,en,English,2007-08-08,2007,8,2000,Action|Comedy|Crime,Action,3,11.341,6.5,3849,Mixed,High,140000000.0,258097122.0,True,True,118097122.0,0.8435508714285714,90.0,US,US|DE|HK|FR,5,New Line Cinema|Roger Birnbaum Productions|Arthur Sarkissian Productions|Unlike Film Productions|JCST,66,48050.227412195,301231207,0.05017093530098857,0.5106382978723404,0.09242184649069456,0.2125074831711688,0.0882773826515832,0.3306122448979592
12531,The Apartment,L'Appartement,fr,French,1996-07-27,1996,7,1990,Mystery|Drama|Romance,Mystery,3,11.3381,6.819,254,Good,High,,,False,False,,,116.0,FR,FR|ES|IT,3,IMA Productions|Cecchi Gori Group Tiger Cinematografica|La Sept Cinéma|Mate Producciones S.A.,38,26757.6351494145,59754504,0.05012962593658301,0.5785106382978723,0.004962899890524267,,,0.43673469387755104
9072,Little Man,Little Man,en,English,2006-08-31,2006,8,2000,Comedy|Crime,Comedy,2,11.3352,5.942,1956,Mixed,High,64000000.0,104003322.0,True,True,40003322.0,0.62505190625,98.0,US,US,1,Wayans Bros. Entertainment|Revolution Studios,101,46301.9876485519,298379912,0.05008831657217744,0.3919148936170213,0.04636905485950614,0.09714620468429298,0.035572425655699964,0.363265306122449
13156,Secondhand Lions,Secondhand Lions,en,English,2003-09-19,2003,9,2000,Family|Comedy|Drama,Family,3,11.3291,7.237,860,Good,High,,48260279.0,False,True,,,111.0,US,US,1,New Line Cinema|David Kirschner Productions,30,39490.3023903176,290107933,0.050001424460841576,0.6674468085106382,0.01970563191825812,,0.01650654056405662,0.4163265306122449
951491,Saw X,Saw X,en,English,2023-09-27,2023,9,2020,Horror|Mystery,Horror,2,11.3277,7.151,2469,Good,High,13000000.0,125319714.0,True,True,112319714.0,8.639978,118.0,US,US,2,Twisted Pictures|Serendipity Productions|Galaxy 8 Entertainment,78,82586.7847707894,336755052,0.04998148200905957,0.6491489361702126,0.05884928840773628,0.019732715173363162,0.0428633064287576,0.4448979591836735
363676,Sully,Sully,en,English,2016-09-07,2016,9,2010,Drama|History,Drama,2,11.3265,7.205,7877,Good,High,60000000.0,240800000.0,True,True,180800000.0,3.013333333333333,96.0,US,US,1,Warner Bros. Pictures|Malpaso Productions|RatPac Entertainment|Flashlight Films|The Kennedy/Marshall Company|Village Roadshow Pictures,64,57976.628204291,324353340,0.0499643884789607,0.6606382978723404,0.190414791387909,0.09107455844814162,0.08236121943695325,0.3551020408163265
9804,Waterworld,Waterworld,en,English,1995-07-28,1995,7,1990,Adventure|Action|Science Fiction,Adventure,3,11.3224,6.238,4223,Mixed,High,175000000.0,264218220.0,True,True,89218220.0,0.5098184,135.0,US,US,1,Gordon Company|Davis Entertainment|Universal Pictures|Licht/Mueller Film Corporation,65,28690.8757013347,266278000,0.04990598558445628,0.4548936170212767,0.10152049628998905,0.2656343877374932,0.09037099191332888,0.5142857142857142
204082,Homefront,Homefront,en,English,2013-11-12,2013,11,2010,Action|Thriller,Action,2,11.3223,6.951,3956,Good,High,22000000.0,51695362.0,True,True,29695362.0,1.3497891818181817,100.0,US,US,1,Open Road Films|Millennium Media|Universal Pictures,32,53297.3862901595,316726282,0.049904561123614716,0.6065957446808509,0.09502493613915582,0.03339391920470372,0.017681447677725632,0.37142857142857144
348350,Solo: A Star Wars Story,Solo: A Star Wars Story,en,English,2018-05-15,2018,5,2010,Science Fiction|Adventure|Action,Science Fiction,3,11.3145,6.552,9500,Good,High,250000000.0,392952373.0,True,True,142952373.0,0.571809492,135.0,US,US,1,Lucasfilm Ltd.,29,62875.6661382728,328529577,0.049793453177972145,0.5217021276595744,0.22989903904634473,0.3794777546653312,0.13440214694855065,0.5142857142857142
46738,Incendies,Incendies,fr,French,2010-09-17,2010,9,2010,Drama|War|Mystery,Drama,3,11.2953,8.1,3460,Excellent,High,6800000.0,6788659.0,True,True,-11341.0,-0.0016677941176470588,131.0,CA,CA|FR,3,TS Productions|Phi Group|micro_scope,50,47560.8378831258,34005902,0.0495199566963904,0.8510638297872338,0.0829582775818027,0.010321663507328556,0.0023219338592468794,0.49795918367346936
395991,Only the Brave,Only the Brave,en,English,2017-09-22,2017,9,2010,Drama|History,Drama,2,11.2943,7.484,1947,Good,High,38000000.0,25754775.0,True,True,-12245225.0,-0.32224276315789474,133.0,US,US,1,di Bonaventura Pictures|Black Label Media|Condé Nast Entertainment,14,60047.7190728307,326608609,0.0495057120879747,0.7199999999999999,0.04615010339374772,0.05768050414930915,0.00880894584907991,0.5061224489795918
804150,Cocaine Bear,Cocaine Bear,en,English,2023-02-22,2023,2,2020,Thriller|Comedy|Crime,Thriller,3,11.2938,5.986,2528,Mixed,High,32500000.0,88314672.0,True,True,55814672.0,1.717374523076923,95.0,US,US,2,Universal Pictures|Brownstone Productions|Lord Miller|Jurassic Party,33,82586.7847707894,336755052,0.04949858978376683,0.4012765957446808,0.06028463690548595,0.04933199057460103,0.030206410776623296,0.3510204081632653
700391,65,65,en,English,2023-03-02,2023,3,2020,Action|Adventure|Science Fiction,Action,3,11.2926,5.955,2965,Mixed,High,45000000.0,60730568.0,True,True,15730568.0,0.34956817777777777,92.0,CA,CA|US,1,Raimi Productions|Beck/Woods|Bron Studios|Columbia Pictures|TSG Entertainment,38,54847.5370112652,40049088,0.04948149625366799,0.3946808510638298,0.0709159469650894,0.06830588506257403,0.02077177411317564,0.33877551020408164
519465,Queen of Hearts,Dronningen,da,Danish,2019-03-27,2019,3,2010,Drama,Drama,1,11.2894,6.911,393,Good,High,19000000.0,,True,False,,,127.0,DK,DK|SE,2,DR|SVT|Nordisk Film Denmark,65,59404.2663247723,5814422,0.049435913506737705,0.5980851063829786,0.00834448363945992,0.0288401845275902,,0.4816326530612245
1089,Point Break,Point Break,en,English,1991-07-12,1991,7,1990,Action|Thriller|Crime,Action,3,11.2801,7.2,4130,Good,High,24000000.0,83531958.0,True,True,59531958.0,2.48049825,122.0,US,US,1,Largo Entertainment|Levy/Abrams/Guerin Productions,54,24342.2589048189,252981000,0.04930343864847154,0.6595744680851063,0.09925799781048535,0.036429742322779395,0.02857057120557236,0.46122448979591835
967847,Ghostbusters: Frozen Empire,Ghostbusters: Frozen Empire,en,English,2024-03-20,2024,3,2020,Fantasy|Adventure|Comedy,Fantasy,3,11.2781,6.4,2289,Mixed,High,100000000.0,201967521.0,True,True,101967521.0,1.01967521,115.0,US,US,1,Ghost Corps|Columbia Pictures|TSG Entertainment,70,86169.6641581917,340003797,0.049274949431640125,0.4893617021276596,0.054470259092567815,0.1517910208096552,0.06907928248855857,0.4326530612244898
1581,The Holiday,The Holiday,en,English,2006-12-05,2006,12,2000,Comedy|Romance,Comedy,2,11.2739,7.099,5748,Good,High,85000000.0,205233866.0,True,True,120233866.0,1.4145160705882354,136.0,US,US,2,Relativity Media|Waverly Films|Universal Pictures|Columbia Pictures,33,46301.9876485519,298379912,0.04921512207629411,0.6380851063829787,0.13862060576572194,0.1290223474240876,0.07019647586531168,0.5183673469387755
7980,The Lovely Bones,The Lovely Bones,en,English,2009-12-26,2009,12,2000,Fantasy|Drama,Fantasy,2,11.2673,7.056,5068,Good,High,65000000.0,93600000.0,True,True,28600000.0,0.44,136.0,GB,GB|NZ|US,1,WingNut Films|DreamWorks Pictures|Film4 Productions,39,39009.3715547821,62276270,0.04912110766075041,0.6289361702127659,0.12207760613064104,0.09866411624333082,0.032014160244474295,0.5183673469387755
319,True Romance,True Romance,en,English,1993-09-09,1993,9,1990,Action|Crime|Romance,Action,3,11.2596,7.538,3171,Good,High,12500000.0,12600000.0,True,True,100000.0,0.008,119.0,US,US|FR,2,Morgan Creek Entertainment|Davis Films|August Entertainment|Miramax,26,26387.2937338171,259919000,0.04901142417594941,0.7314893617021276,0.07592750273689332,0.01897375939384424,0.004309596422525954,0.4489795918367347
4258,Scary Movie 5,Scary Movie 5,en,English,2013-04-11,2013,4,2010,Comedy,Comedy,1,11.2593,4.78,3164,Poor,High,20000000.0,78613981.0,True,True,58613981.0,2.93069905,86.0,US,US,1,Dimension Films|Brad Grey Pictures,38,53297.3862901595,316726282,0.04900715079342468,0.14468085106382989,0.07575720715241455,0.03035809608662804,0.026888467407160336,0.3142857142857143
1097549,Babygirl,Babygirl,en,English,2024-12-25,2024,12,2020,Romance|Thriller,Romance,2,11.2467,5.72,1290,Mixed,High,20000000.0,60934894.0,True,True,40934894.0,2.0467447,115.0,US,US|NL,1,A24|2AM|Man Up Film,22,86169.6641581917,340003797,0.04882766872738669,0.34468085106382973,0.0301666463933828,0.03035809608662804,0.020841660072527284,0.4326530612244898
2503,The Bourne Ultimatum,The Bourne Ultimatum,en,English,2007-08-03,2007,8,2000,Action|Drama|Mystery|Thriller,Action,4,11.2376,7.443,8595,Good,High,70000000.0,442824138.0,True,True,372824138.0,5.326059114285714,115.0,US,US|GB,5,Universal Pictures|The Kennedy/Marshall Company|Ludlum Entertainment|Bourne Again,57,48050.227412195,301231207,0.04869804279080368,0.7112765957446807,0.20788225276730324,0.10625367403852003,0.15145986912578163,0.4326530612244898
587807,Tom & Jerry,Tom & Jerry,en,English,2021-02-10,2021,2,2020,Comedy|Family|Animation,Comedy,3,11.2253,6.7,2621,Good,High,50000000.0,136536687.0,True,True,86536687.0,1.73073374,101.0,US,US,1,Warner Animation Group|Turner Entertainment Co.|The Story Company|Warner Bros. Pictures,54,71441.2319805947,332100166,0.0485228341072904,0.5531914893617021,0.06254713538498965,0.07589544285776323,0.04669986623576466,0.37551020408163266
1894,Star Wars: Episode II - Attack of the Clones,Star Wars: Episode II - Attack of the Clones,en,English,2002-05-15,2002,5,2000,Adventure|Action|Science Fiction,Adventure,3,11.2181,6.597,14684,Good,High,120000000.0,649398328.0,True,True,529398328.0,4.411652733333334,142.0,US,US,1,Lucasfilm Ltd.,33,37997.7424300242,287625193,0.04842027292669724,0.5312765957446809,0.3560150833231967,0.18214925199041201,0.22211478061741474,0.5428571428571428
588,Silent Hill,Silent Hill,en,English,2006-04-21,2006,4,2000,Horror|Mystery,Horror,2,11.2059,6.647,5083,Good,High,50000000.0,100605135.0,True,True,50605135.0,1.0121027,125.0,CA,CA|FR|JP,1,Silent Hill DCP|Davis Films|Konami,59,40504.8490329826,32571193,0.04824648870402552,0.5419148936170213,0.12244252524023841,0.07589544285776323,0.03441013814186768,0.47346938775510206
332567,The Shallows,The Shallows,en,English,2016-06-24,2016,6,2010,Horror|Drama|Thriller,Horror,3,11.203,6.354,5430,Mixed,High,17000000.0,119100758.0,True,True,102100758.0,6.005926941176471,86.0,AU,AU|ES|US,2,Columbia Pictures|Ombra Films|Weimaraner Republic Pictures,42,50084.4440606385,24190907,0.048205179339619944,0.47957446808510634,0.13088432064225763,0.02580436140951452,0.04073622663359849,0.3142857142857143
205584,Gods of Egypt,Gods of Egypt,en,English,2016-02-25,2016,2,2010,Action|Adventure|Fantasy,Action,3,11.2029,5.695,4444,Mixed,High,140000000.0,150680864.0,True,True,10680864.0,0.07629188571428572,127.0,AU,AU|HK|US,1,Thunder Road|Pyramania|Summit Entertainment|Mystery Clock Cinema|TIK Films|Lionsgate|Fin Design & Effects,12,50084.4440606385,24190907,0.04820375487877838,0.33936170212765965,0.10689697117139034,0.2125074831711688,0.05153762246299223,0.4816326530612245
2454,The Chronicles of Narnia: Prince Caspian,The Chronicles of Narnia: Prince Caspian,en,English,2008-05-15,2008,5,2000,Adventure|Family|Fantasy,Adventure,3,11.1883,6.637,6919,Good,High,225000000.0,419665568.0,True,True,194665568.0,0.8651803022222222,150.0,US,US,1,Walt Disney Pictures|Walden Media|Silverbell Films|Mark Johnson Productions|C.S. Lewis Company,75,48570.0594269601,304093966,0.04799578359590895,0.539787234042553,0.16710862425495682,0.34152996568938515,0.14353890516787968,0.5755102040816327
205587,The Judge,The Judge,en,English,2014-10-08,2014,10,2010,Drama,Drama,1,11.1781,7.329,4528,Good,High,40000000.0,84419388.0,True,True,44419388.0,1.1104847,141.0,US,US,1,Village Roadshow Pictures|Big Kid Pictures|Team Downey|Warner Bros. Pictures,25,55153.3940182967,319257560,0.047850488590068664,0.6870212765957445,0.10894051818513563,0.06071632726738483,0.028874100354615715,0.5387755102040817
424139,Halloween,Halloween,en,English,2018-10-18,2018,10,2010,Horror|Thriller,Horror,2,11.1726,6.56,5153,Good,High,10000000.0,259939869.0,True,True,249939869.0,24.9939869,106.0,US,US,1,Universal Pictures|Blumhouse Productions|Trancas International Films|Rough House Pictures|Miramax,30,62875.6661382728,328529577,0.04777214324378221,0.5234042553191488,0.12414548108502615,0.015178980496249642,0.08890766045243757,0.39591836734693875
9342,The Mask of Zorro,The Mask of Zorro,en,English,1998-07-16,1998,7,1990,Action|Adventure,Action,2,11.1529,6.581,4446,Good,High,95000000.0,250288523.0,True,True,155288523.0,1.6346160315789473,138.0,US,US|DE,2,TriStar Pictures|Amblin Entertainment|Zorro Productions|Global Entertainment Productions,59,32853.6725949234,275854000,0.04749152445799266,0.527872340425532,0.10694562705267,0.144201463014466,0.08560659463484861,0.5265306122448979
287947,Shazam!,Shazam!,en,English,2019-03-29,2019,3,2010,Action|Comedy|Fantasy,Action,3,11.1425,6.969,10429,Good,High,80000000.0,367799011.0,True,True,287799011.0,3.5974876375,132.0,US,US,1,New Line Cinema|The Safran Company|Seven Bucks Productions|DC Films,20,65227.9565911038,330226227,0.047343380530469215,0.6104255319148936,0.252499695900742,0.12143278962889842,0.1257989009872473,0.5020408163265306
158852,Tomorrowland,Tomorrowland,en,English,2015-05-19,2015,5,2010,Adventure|Family|Mystery|Science Fiction,Adventure,4,11.1421,6.31,7499,Mixed,High,190000000.0,209200000.0,True,True,19200000.0,0.10105263157894737,130.0,US,US,1,Walt Disney Pictures|A113,47,56849.4697923159,321815121,0.04733768268710292,0.4702127659574467,0.18121882982605522,0.2884030611230608,0.07155301922987217,0.49387755102040815
2005,Sister Act,Sister Act,en,English,1992-05-28,1992,5,1990,Music|Comedy,Music,2,11.1359,6.837,3532,Good,High,31000000.0,231605150.0,True,True,200605150.0,6.4711338709677415,100.0,US,US,1,Touchstone Pictures|Touchwood Pacific Partners 1|Scott Rudin Productions,40,25418.9907763319,256514000,0.047249366114925494,0.5823404255319148,0.08470988930787009,0.04705512323604427,0.07921628970043175,0.37142857142857144
153518,The Angry Birds Movie,The Angry Birds Movie,en,English,2016-05-11,2016,5,2010,Animation|Adventure|Comedy|Family,Animation,4,11.1293,6.294,4129,Mixed,High,73000000.0,349779543.0,True,True,276779543.0,3.791500589041096,97.0,FI,FI|US,1,Rovio Animation|Columbia Pictures,56,43451.2562442158,5495303,0.047155351699381794,0.46680851063829776,0.09923366986984551,0.11080740871563353,0.11963567257683304,0.35918367346938773
11321,Seven Pounds,Seven Pounds,en,English,2008-12-18,2008,12,2000,Drama,Drama,1,11.1263,7.6,7384,Good,High,55000000.0,168167691.0,True,True,113167691.0,2.057594381818182,123.0,US,US,2,Escape Artists|Columbia Pictures|Relativity Media|Overbrook Entertainment,22,48570.0594269601,304093966,0.04711261787413465,0.7446808510638296,0.17842111665247537,0.08348500065295243,0.05751867079218815,0.46530612244897956
928358,Grand Jete,Grand Jeté,de,German,2022-09-20,2022,9,2020,Drama,Drama,1,11.1262,4.86,50,Poor,High,,,False,False,,,105.0,DE,DE,1,brave new work GmbH|WDR,39,50506.5179638543,83177813,0.047111193413293076,0.16170212765957456,0.0,,,0.39183673469387753
95,Armageddon,Armageddon,en,English,1998-07-01,1998,7,1990,Action|Science Fiction|Adventure,Action,3,11.1249,6.833,8827,Good,High,140000000.0,553799566.0,True,True,413799566.0,2.9557111857142857,151.0,US,US,2,Touchstone Pictures|Jerry Bruckheimer Films|Valhalla Motion Pictures,75,32853.6725949234,275854000,0.04709267542235264,0.5814893617021276,0.2135263349957426,0.2125074831711688,0.18941697810965857,0.5795918367346938
241259,Alice Through the Looking Glass,Alice Through the Looking Glass,en,English,2016-05-25,2016,5,2010,Adventure|Family|Fantasy,Adventure,3,11.1241,6.568,6883,Good,High,170000000.0,299457024.0,True,True,129457024.0,0.761511905882353,113.0,US,US,1,Walt Disney Pictures|Roth Films|Team Todd|Tim Burton Productions,15,57976.628204291,324353340,0.04708127973562007,0.5251063829787233,0.16623281839192314,0.258044829942304,0.10242377826428109,0.42448979591836733
957452,The Crow,The Crow,en,English,2024-08-21,2024,8,2020,Action|Fantasy|Horror,Action,3,11.0918,5.8,1338,Mixed,High,50000000.0,24109036.0,True,True,-25890964.0,-0.51781928,111.0,FR,FR|DE|GB|US,1,Davis Films|Pressman Film|Hassell Free Productions|Electric Shadow Company|30WEST|Ashland Hill Media Finance|FilmNation Entertainment|Maze Pictures|Occupant Entertainment,54,46103.0840855884,68551653,0.04662117888379247,0.36170212765957444,0.03133438754409439,0.07589544285776323,0.008246051019946955,0.4163265306122449
420808,Peter Pan & Wendy,Peter Pan & Wendy,en,English,2023-04-20,2023,4,2020,Family|Fantasy|Action|Adventure,Family,4,11.0829,5.4,783,Mixed,High,,,False,False,,,106.0,US,US,1,Walt Disney Pictures|Whitaker Entertainment,62,82586.7847707894,336755052,0.04649440186889263,0.27659574468085113,0.017832380488991606,,,0.39591836734693875
82695,Les Misérables,Les Misérables,en,English,2012-12-18,2012,12,2010,History|Drama,History,2,11.0806,7.294,5686,Good,High,61000000.0,442636309.0,True,True,381636309.0,6.256332934426229,158.0,GB,GB|US,1,Universal Pictures|Working Title|Cameron Mackintosh Ltd.|Relativity Media|Working Title Films,52,42688.3263728372,63711000,0.04646163926953648,0.6795744680851062,0.13711227344605278,0.09259247000717946,0.15139562566259504,0.6081632653061224
602269,The Little Things,The Little Things,en,English,2021-01-28,2021,1,2020,Drama|Crime|Thriller,Drama,3,11.0755,6.358,2936,Mixed,High,30000000.0,29942746.0,True,True,-57254.0,-0.0019084666666666667,128.0,US,US,1,Warner Bros. Pictures|Gran Via Productions,49,71441.2319805947,332100166,0.04638899176661633,0.4804255319148935,0.07021043668653448,0.04553721167700644,0.010241364489252365,0.4857142857142857
449443,Den of Thieves,Den of Thieves,en,English,2018-01-18,2018,1,2010,Crime|Thriller|Action,Crime,3,11.0685,6.875,3505,Good,High,30000000.0,80509622.0,True,True,50509622.0,1.6836540666666666,140.0,US,US,1,Atmosphere Entertainment MM|Diamond Film Productions|G-BASE|Tucker Tooley Entertainment|STXfilms|Mark Canton Productions,39,62875.6661382728,328529577,0.04628927950770634,0.5904255319148936,0.08405303491059482,0.04553721167700644,0.02753683663022209,0.5346938775510204
877269,Strange World,Strange World,en,English,2022-11-23,2022,11,2020,Animation|Family|Adventure|Fantasy|Science Fiction,Animation,5,11.0672,6.218,1463,Mixed,High,180000000.0,73621640.0,True,True,-106378360.0,-0.5909908888888888,102.0,US,US,1,Walt Disney Animation Studios,32,78008.6895811877,333996304,0.0462707615167659,0.4506382978723404,0.0343753801240725,0.27322394553268237,0.02518092876696985,0.3795918367346939
268896,Pacific Rim: Uprising,Pacific Rim: Uprising,en,English,2018-03-21,2018,3,2010,Action|Fantasy|Science Fiction|Adventure,Action,4,11.0528,6.119,5485,Mixed,High,150000000.0,290061297.0,True,True,140061297.0,0.93374198,111.0,US,US,1,Legendary Pictures|Double Dare You,64,62875.6661382728,328529577,0.0460656391555796,0.4295744680851063,0.132222357377448,0.2276865987615472,0.09921014223557612,0.4163265306122449
28178,Hachi: A Dog's Tale,Hachi: A Dog's Tale,en,English,2009-06-08,2009,6,2000,Drama|Family,Drama,2,11.0498,8.002,7321,Excellent,High,16000000.0,46800000.0,True,True,30800000.0,1.925,93.0,GB,GB|US,2,Scion Films|Stage 6 Films|Inferno Distribution|Hachiko|Grand Army Entertainment|Opperman Viner Chrystyn Entertainment,38,39009.3715547821,62276270,0.04602290533033246,0.8302127659574469,0.1768884563921664,0.02428644985047668,0.016007078925126365,0.34285714285714286
877817,Wolfs,Wolfs,en,English,2024-09-20,2024,9,2020,Crime|Comedy,Crime,2,11.0342,6.5,1564,Mixed,Medium,80000000.0,,True,False,,,108.0,US,US,2,Smokehouse Pictures|Plan B Entertainment|Apple Studios|Freshman Year,26,86169.6641581917,340003797,0.045800689439047325,0.5106382978723404,0.03683250212869481,0.12143278962889842,,0.40408163265306124
458723,Us,Us,en,English,2019-03-14,2019,3,2010,Horror|Mystery,Horror,2,11.0341,6.938,8286,Good,Medium,20000000.0,256071218.0,True,True,236071218.0,11.8035609,116.0,US,US,1,Monkeypaw Productions|Universal Pictures|Perfect World Pictures|Blumhouse Productions|QC Entertainment,38,65227.9565911038,330226227,0.04579926497820575,0.6038297872340425,0.20036491910959736,0.03035809608662804,0.08758445935942098,0.43673469387755104
9567,Tears of the Sun,Tears of the Sun,en,English,2003-03-07,2003,3,2000,War|Action|Drama,War,3,11.0214,6.898,2703,Good,Medium,75000000.0,86500000.0,True,True,11500000.0,0.15333333333333332,121.0,US,US,1,Revolution Studios|Cheyenne Enterprises|Michael Lobell Productions,85,39490.3023903176,290107933,0.04561835845132617,0.5953191489361701,0.0645420265174553,0.11384323183370922,0.029585735514402276,0.45714285714285713
34544,The A-Team,The A-Team,en,English,2010-06-09,2010,6,2010,Action|Comedy|Crime,Action,3,11.021,6.421,5124,Mixed,Medium,110000000.0,177238796.0,True,True,67238796.0,0.6112617818181818,117.0,GB,GB|US,5,Phoenix Film Partners|Dune Entertainment|Stephen J. Cannell Productions|Top Cow Productions|Scott Free Productions|Big Screen Productions|20th Century Fox|Ingenious Media,95,39778.3220528565,62766365,0.0456126606079599,0.4938297872340426,0.12343997080647123,0.1669701364000336,0.06062127582191772,0.44081632653061226
13183,Watchmen,Watchmen,en,English,2009-03-04,2009,3,2000,Mystery|Action|Science Fiction,Mystery,3,11.0199,7.354,10254,Good,Medium,130000000.0,185258983.0,True,True,55258983.0,0.4250691,163.0,US,US,1,Warner Bros. Pictures|Paramount Pictures|Legendary Pictures|DC|Lawrence Gordon Productions|Lloyd Levin Productions,66,47194.9500893872,306771529,0.0455969915387026,0.6923404255319149,0.24824230628877267,0.1973283675807904,0.06336443363186167,0.6285714285714286
9392,The Descent,The Descent,en,English,2005-07-08,2005,7,2000,Adventure|Horror,Adventure,2,11.0183,7.0,4576,Good,Medium,3500000.0,57130027.0,True,True,53630027.0,15.322864857142857,100.0,GB,GB,1,Celador Films|Northmen Productions|Pathe,70,42240.2462987547,60401206,0.04557420016523746,0.6170212765957446,0.11010825933584723,0.005312555362503684,0.01954027512640969,0.37142857142857144
77877,The Lucky One,The Lucky One,en,English,2012-04-19,2012,4,2010,Drama|Romance,Drama,2,11.0125,7.181,3877,Good,Medium,25000000.0,99400000.0,True,True,74400000.0,2.976,101.0,US,US,1,Di Novi Pictures|Langley Park Production|Village Roadshow Pictures|Warner Bros. Pictures,27,51708.3940614082,314339099,0.0454915814364263,0.655531914893617,0.09310302882860966,0.037947653881817235,0.03399794382678664,0.37551020408163266
238636,The Purge: Anarchy,The Purge: Anarchy,en,English,2014-07-17,2014,7,2010,Horror|Thriller,Horror,2,11.0106,6.618,6811,Good,Medium,9000000.0,111928365.0,True,True,102928365.0,11.436485,103.0,FR,FR|US,1,Why Not Productions|Platinum Dunes|Blumhouse Productions|5150 Action,72,43148.0459288416,66312067,0.045464516680436454,0.5357446808510639,0.16448120666585572,0.013661068937211803,0.03828304120613434,0.3836734693877551
585511,Luck,Luck,en,English,2022-08-05,2022,8,2020,Animation|Adventure|Comedy|Fantasy|Family,Animation,5,11.0052,7.8,2109,Good,Medium,,,False,False,,,105.0,ES,ES|US,1,Skydance Animation|Skydance Animation East|Skydance Animation,27,30319.4987196616,47786102,0.045387595794991596,0.7872340425531913,0.05009122977739934,,,0.39183673469387753
75612,Oblivion,Oblivion,en,English,2013-04-10,2013,4,2010,Action|Science Fiction|Adventure|Mystery,Action,4,10.9972,6.691,11819,Good,Medium,120000000.0,286168572.0,True,True,166168572.0,1.3847381,124.0,US,US|GB|JP|IS,1,Universal Pictures|Relativity Media|Monolith Pictures|Chernin Entertainment|Radical Studios|Anonymous Content,79,53297.3862901595,316726282,0.045273638927665866,0.5512765957446808,0.2863155333900985,0.18214925199041201,0.09787870707256631,0.46938775510204084
10096,13 Going on 30,13 Going on 30,en,English,2004-04-13,2004,4,2000,Comedy|Fantasy|Romance,Comedy,3,10.996,6.777,5662,Good,Medium,37000000.0,96458118.0,True,True,59458118.0,1.606976162162162,98.0,US,US,1,Revolution Studios|Roth/Arnold Productions|Gina Matthews Productions,64,41724.6411982614,292805298,0.04525654539756702,0.5695744680851064,0.136528402870697,0.056162592590271315,0.03299172706597626,0.363265306122449
7974,The Match Factory Girl,Tulitikkutehtaan tyttö,fi,Finnish,1990-01-12,1990,1,1990,Drama,Drama,1,10.9894,7.412,306,Good,Medium,83038.0,,True,False,,,69.0,FI,FI|SE,1,Villealfa Filmproductions|Svenska Filminstitutet|Finnkino,55,28366.204276071,4986431,0.0451625309820233,0.7046808510638297,0.006227952803795159,0.00012590924591062975,,0.24489795918367346
287424,Maggie,Maggie,en,English,2015-05-08,2015,5,2010,Horror|Drama|Science Fiction,Horror,3,10.9869,5.408,1711,Mixed,Medium,4000000.0,187112.0,True,True,-3812888.0,-0.953222,95.0,CH,CH|GB|US,1,Sly Predator|Lionsgate|Grindstone Entertainment Group|Lotus Entertainment|Silver Reel|Gold Star Films|Matt Baer Films|Vertigo Films,59,85265.06205193,8282396,0.04512691946098402,0.27829787234042563,0.04040870940274906,0.0060715111420226045,6.399583227044005e-05,0.3510204081632653
57214,Project X,Project X,en,English,2012-03-01,2012,3,2010,Comedy,Comedy,1,10.9726,6.927,7036,Good,Medium,12000000.0,102731865.0,True,True,90731865.0,7.56098875,88.0,US,US,1,Silver Pictures|Green Hat Films,28,51708.3940614082,314339099,0.0449232215606393,0.6014893617021275,0.16995499330981634,0.01821480361432532,0.03513754711738684,0.3224489795918367
37834,Knight and Day,Knight and Day,en,English,2010-06-15,2010,6,2010,Action|Comedy,Action,2,10.9725,6.2,5031,Mixed,Medium,117000000.0,261989769.0,True,True,144989769.0,1.2392287948717948,109.0,US,US,3,Pink Machine|Tree Line Films|Dune Entertainment|Regency Enterprises|20th Century Fox|Broken Road Productions,47,48642.6312088213,309378227,0.044921797099797725,0.4468085106382979,0.12117747232696752,0.17759551731329848,0.08960879113612415,0.40816326530612246
5255,The Polar Express,The Polar Express,en,English,2004-11-10,2004,11,2000,Adventure|Animation|Family|Fantasy,Adventure,4,10.9722,6.725,7026,Good,Medium,165000000.0,318432432.0,True,True,153432432.0,0.9298935272727272,100.0,US,US,1,Golden Mean|Playtone|ImageMovers|Castle Rock Entertainment|Shangri-La Entertainment,35,41724.6411982614,292805298,0.04491752371727302,0.5585106382978722,0.16971171390341808,0.25045527214711477,0.10891396841222564,0.37142857142857144
36648,Blade: Trinity,Blade: Trinity,en,English,2004-12-08,2004,12,2000,Action|Horror|Science Fiction,Action,3,10.9687,5.862,4457,Mixed,Medium,65000000.0,128905366.0,True,True,63905366.0,0.9831594769230769,113.0,US,US,2,Marvel Enterprises|New Line Cinema|Amen Ra Films|Imaginary Forces|Peter Frankfurt Productions,77,41724.6411982614,292805298,0.04486766758781801,0.3748936170212766,0.10721323439970806,0.09866411624333082,0.044089712906255095,0.42448979591836733
324668,Jason Bourne,Jason Bourne,en,English,2016-07-27,2016,7,2010,Action|Adventure|Thriller,Action,3,10.968,6.385,6361,Mixed,Medium,120000000.0,415484914.0,True,True,295484914.0,2.4623742833333333,123.0,CN,CN|US,1,The Kennedy/Marshall Company|Captivate Entertainment|Pearl Street Films|Perfect World Pictures,20,8254.86859320357,1387790000,0.04485769636192701,0.48617021276595734,0.15353363337793455,0.18214925199041201,0.1421089891733058,0.46530612244897956
53182,300: Rise of an Empire,300: Rise of an Empire,en,English,2014-03-05,2014,3,2010,Action|Drama|War,Action,3,10.9608,6.12,7116,Mixed,Medium,110000000.0,337580051.0,True,True,227580051.0,2.0689095545454546,102.0,BG,BG|US,1,Legendary Pictures|Hollywood Gang Productions|Atmosphere Entertainment MM|Nimar Studios|Warner Bros. Pictures|Cruel & Unusual Films,41,8070.01289303544,7073572,0.04475513518133387,0.4297872340425532,0.17190122856100232,0.1669701364000336,0.11546306017301393,0.3795918367346939
437342,The First Omen,The First Omen,en,English,2024-04-03,2024,4,2020,Horror,Horror,1,10.9574,6.8,1390,Good,Medium,30000000.0,53992802.0,True,True,23992802.0,0.7997600666666667,119.0,US,US,2,Phantom Four|20th Century Studios,45,86169.6641581917,340003797,0.04470670351272043,0.5744680851063829,0.032599440457365285,0.04553721167700644,0.018467244876578682,0.4489795918367347
901362,Trolls Band Together,Trolls Band Together,en,English,2023-10-12,2023,10,2020,Animation|Family|Music|Fantasy|Comedy|Adventure,Animation,6,10.9504,7.247,1031,Good,Medium,95000000.0,210231405.0,True,True,115231405.0,1.212962157894737,91.0,US,US,1,DreamWorks Animation,43,82586.7847707894,336755052,0.04460699125381044,0.6695744680851062,0.023865709767668167,0.144201463014466,0.0719057923860299,0.3346938775510204
576004,Porno,Porno,en,English,2019-06-28,2019,6,2010,Comedy|Horror,Comedy,2,10.9356,5.986,433,Mixed,Medium,,,False,False,,,98.0,US,US,1,Evoke|Cranked Up Films|Fangoria Films|Cinestate,37,65227.9565911038,330226227,0.04439617104925787,0.4012765957446808,0.009317601265052914,,,0.363265306122449
10315,Fantastic Mr. Fox,Fantastic Mr. Fox,en,English,2009-10-14,2009,10,2000,Adventure|Animation|Comedy|Family,Adventure,4,10.9212,7.8,6313,Good,Medium,40000000.0,46471023.0,True,True,6471023.0,0.161775575,87.0,US,US,3,Regency Enterprises|Indian Paintbrush|American Empirical Pictures,35,47194.9500893872,306771529,0.044191048688071576,0.7872340425531913,0.15236589222722297,0.06071632726738483,0.015894558378305956,0.3183673469387755
527774,Raya and the Last Dragon,Raya and the Last Dragon,en,English,2021-03-03,2021,3,2020,Animation|Action|Adventure|Fantasy|Family,Animation,5,10.9137,7.792,7435,Good,Medium,100000000.0,130423032.0,True,True,30423032.0,0.30423032,107.0,US,US,1,Walt Disney Animation Studios,63,71441.2319805947,332100166,0.04408421412495371,0.7855319148936168,0.17966184162510643,0.1517910208096552,0.04460880271560572,0.4
9335,Transporter 2,Transporter 2,en,English,2005-08-03,2005,8,2000,Action|Thriller|Crime,Action,3,10.9106,6.334,4078,Mixed,Medium,32000000.0,89100000.0,True,True,57100000.0,1.784375,88.0,FR,FR|US,3,EuropaCorp|TF1 Films Production|Current Entertainment,58,34696.3718316971,63180854,0.04404005583886499,0.4753191489361701,0.09799294489721445,0.04857303479508211,0.030475017809921606,0.3224489795918367
315837,Ghost in the Shell,Ghost in the Shell,en,English,2017-03-29,2017,3,2010,Science Fiction|Drama|Action,Science Fiction,3,10.8796,6.113,8738,Mixed,Medium,110000000.0,169801921.0,True,True,59801921.0,0.5436538272727273,107.0,CN,CN|HK|IN|US,2,Weying Galaxy Entertainment|Paramount Pictures|Shanghai Film Group|Reliance Entertainment|Grosvenor Park Productions|Steven Paul Production|Huahua Media|Seaside Entertainment|DreamWorks Pictures|Arad Productions,33,8979.67652709856,1396215000,0.04359847297797783,0.4282978723404256,0.2113611482787982,0.1669701364000336,0.058077629179036826,0.4
4257,Scary Movie 4,Scary Movie 4,en,English,2006-04-12,2006,4,2000,Comedy,Comedy,1,10.8793,5.498,3740,Mixed,Medium,40000000.0,178710620.0,True,True,138710620.0,3.4677655,83.0,US,US,1,Dimension Films|Brad Grey Pictures|Miramax,46,46301.9876485519,298379912,0.04359419959545313,0.29744680851063837,0.08977010096095366,0.06071632726738483,0.061124686216271734,0.3020408163265306
766,Army of Darkness,Army of Darkness,en,English,1992-10-31,1992,10,1990,Fantasy|Horror|Comedy,Fantasy,3,10.8752,7.3,3670,Good,Medium,11000000.0,21502976.0,True,True,10502976.0,0.954816,81.0,US,US,1,Renaissance Pictures|Introvision International|Dino de Laurentiis Communications,27,25418.9907763319,256514000,0.04353579670094868,0.6808510638297871,0.08806714511616591,0.01669689205528748,0.007354696012615761,0.2938775510204082
501624,Girl in the Bunker,Girl in the Bunker,en,English,2018-01-12,2018,1,2010,TV Movie|Drama,TV Movie,2,10.8689,7.07,50,Good,Medium,,,False,False,,,88.0,CA,CA,1,Rare Fish Films|Cineflix Productions|Lifetime,28,46539.2177903178,37072620,0.04344605566792969,0.6319148936170212,0.0,,,0.3224489795918367
484247,A Simple Favor,A Simple Favor,en,English,2018-09-13,2018,9,2010,Thriller|Comedy|Mystery,Thriller,3,10.8629,6.637,4691,Good,Medium,20000000.0,97644617.0,True,True,77644617.0,3.88223085,117.0,CA,CA|US,1,Feigco Entertainment|Bron Studios,49,46539.2177903178,37072620,0.0433605880174354,0.539787234042553,0.11290597250942708,0.03035809608662804,0.03339754727918833,0.44081632653061226
509,Notting Hill,Notting Hill,en,English,1999-05-21,1999,5,1990,Romance|Comedy,Romance,2,10.8604,7.263,6885,Good,Medium,42000000.0,363889678.0,True,True,321889678.0,7.664039952380953,124.0,GB,GB|US,1,Working Title|Notting Hill Pictures|Duncan Kenworthy Productions|PolyGram Filmed Entertainment,29,28858.0065333126,58682466,0.04332497649639612,0.6729787234042552,0.16628147427320278,0.0637521503854605,0.12446178536255906,0.46938775510204084
12429,Ponyo,崖の上のポニョ,ja,Japanese,2008-07-19,2008,7,2000,Animation|Fantasy|Family,Animation,3,10.8556,7.8,4972,Good,Medium,34000000.0,202404009.0,True,True,168404009.0,4.953059088235294,100.0,JP,JP,1,Studio Ghibli|TOHO|Nippon Television Network Corporation|dentsu|Hakuhodo DY Media Partners|Mitsubishi|Walt Disney Japan,59,40294.2081309702,128063000,0.043256602376000694,0.7872340425531913,0.11974212382921785,0.051608857913157793,0.06922857520033036,0.37142857142857144
51739,Arrietty,借りぐらしのアリエッティ,ja,Japanese,2010-07-16,2010,7,2010,Fantasy|Animation|Family,Fantasy,3,10.8553,7.68,3277,Good,Medium,23000000.0,149660003.0,True,True,126660003.0,5.506956652173913,95.0,FR,FR|JP,1,Studio Ghibli|Hakuhodo DY Media Partners|dentsu|TOHO|Nippon Television Network Corporation|Wild Bunch|Walt Disney Japan|d-rights|Mitsubishi,39,40694.8211697025,65026211,0.04325232899347596,0.7617021276595743,0.07850626444471476,0.034911830763741554,0.05118845568857448,0.3510204081632653
445571,Game Night,Game Night,en,English,2018-02-15,2018,2,2010,Mystery|Comedy|Crime,Mystery,3,10.8541,6.849,6474,Good,Medium,37000000.0,117501013.0,True,True,80501013.0,2.175703054054054,100.0,US,US,1,New Line Cinema|Aggregate Films|Davis Entertainment|Access Entertainment|Dune Entertainment,91,62875.6661382728,328529577,0.04323523546337712,0.5848936170212766,0.15628269067023476,0.056162592590271315,0.040189063208273264,0.37142857142857144
559969,El Camino: A Breaking Bad Movie,El Camino: A Breaking Bad Movie,en,English,2019-10-11,2019,10,2010,Crime|Drama|Thriller,Crime,3,10.8396,7.053,5852,Good,Medium,,,False,False,,,123.0,US,US,1,Sony Pictures Television|Gran Via Productions|High Bridge Productions,26,65227.9565911038,330226227,0.04302868864134926,0.6282978723404254,0.14115071159226372,,,0.46530612244897956
406997,Wonder,Wonder,en,English,2017-11-13,2017,11,2010,Family|Drama,Family,2,10.8396,8.098,8395,Excellent,Medium,20000000.0,315025930.0,True,True,295025930.0,14.7512965,113.0,US,US,1,Lionsgate|Participant|Walden Media|Mandeville Films|TIK Films,25,60047.7190728307,326608609,0.04302868864134926,0.8506382978723405,0.2030166646393383,0.03035809608662804,0.10774883690520597,0.42448979591836733
196,Back to the Future Part III,Back to the Future Part III,en,English,1990-05-25,1990,5,1990,Adventure|Comedy|Science Fiction,Adventure,3,10.8374,7.496,11811,Good,Medium,40000000.0,244527583.0,True,True,204527583.0,5.113189575,119.0,US,US,1,Universal Pictures|Amblin Entertainment,56,23888.6000088133,249623000,0.04299735050283469,0.7225531914893617,0.28612090986497996,0.06071632726738483,0.08363617080886818,0.4489795918367347
400155,Hotel Transylvania 3: Summer Vacation,Hotel Transylvania 3: Summer Vacation,en,English,2018-06-28,2018,6,2010,Animation|Comedy|Family|Fantasy,Animation,4,10.8344,6.8,4798,Good,Medium,80000000.0,528600000.0,True,True,448600000.0,5.6075,97.0,US,US,1,Columbia Pictures|Sony Pictures Animation|MRC,41,62875.6661382728,328529577,0.042954616677587536,0.5744680851063829,0.11550906215788834,0.12143278962889842,0.18079792891790056,0.35918367346938773
853,Enemy at the Gates,Enemy at the Gates,en,English,2001-02-28,2001,2,2000,War|History,War,2,10.8209,7.426,4175,Good,Medium,68000000.0,96976270.0,True,True,28976270.0,0.4261216176470588,131.0,US,US|FR|DE|IE|GB,3,Paramount Pictures|Mandalay Pictures|KC Medien|Reperage|DOS|MP Film Management|Little Bird|Lions Gate Films|Swanford Films,18,37133.6203973517,284968955,0.04276231446397538,0.707659574468085,0.10035275513927747,0.10321785092044435,0.033168951450587,0.49795918367346936
796185,The Three Musketeers: D'Artagnan,Les Trois Mousquetaires : D'Artagnan,fr,French,2023-04-05,2023,4,2020,Adventure|Action|Drama|History,Adventure,4,10.8205,6.904,1460,Good,Medium,27500000.0,31843086.0,True,True,4343086.0,0.1579304,121.0,BE,BE|FR|DE|ES,6,Pathé|Chapter 2|M6 Films|Constantin Film|ZDF|uMedia|DeAPlaneta,81,55244.68145811,11779946,0.04275661662060908,0.596595744680851,0.034302396302153024,0.04174243277941184,0.010891340919047443,0.45714285714285713
193893,Let's Be Cops,Let's Be Cops,en,English,2014-08-13,2014,8,2010,Comedy,Comedy,1,10.8199,6.5,3036,Mixed,Medium,17000000.0,136600000.0,True,True,119600000.0,7.035294117647059,104.0,US,US,1,Wide Awake Pictures|Genre Films|20th Century Fox|TSG Entertainment,100,55153.3940182967,319257560,0.04274806985555968,0.5106382978723404,0.07264323075051697,0.02580436140951452,0.04672152128575551,0.3877551020408163
316029,The Greatest Showman,The Greatest Showman,en,English,2017-12-20,2017,12,2010,Drama,Drama,1,10.8176,7.853,10233,Good,Medium,84000000.0,459066134.0,True,True,375066134.0,4.4650730238095235,105.0,US,US,1,Chernin Entertainment|20th Century Fox|TSG Entertainment|Laurence Mark Productions,23,60047.7190728307,326608609,0.04271530725620353,0.7985106382978722,0.24773141953533634,0.12750443586504978,0.15701514585143383,0.39183673469387753
1084736,The Count of Monte Cristo,Le Comte de Monte-Cristo,fr,French,2024-06-28,2024,6,2020,Adventure|Action|Drama,Adventure,3,10.8173,7.897,2133,Good,Medium,46000000.0,75360860.0,True,True,29360860.0,0.6382795652173913,178.0,FR,FR|BE,5,Chapter 2|Pathé|M6 Films|Fargo Films|Logical Content Ventures|uMedia|uFund,63,46103.0840855884,68551653,0.042711033873678805,0.8078723404255319,0.05067510035275514,0.06982379662161187,0.0257757970569749,0.689795918367347
19173,Diary of a Nymphomaniac,Diario de una ninfómana,es,Spanish,2008-10-17,2008,10,2000,Drama|Romance,Drama,2,10.807,5.647,371,Mixed,Medium,,,False,False,,,102.0,ES,ES,1,Filmax|Canonigo Films,21,35603.248328071,45954106,0.042564314406996956,0.3291489361702128,0.007809268945383773,,,0.3795918367346939
334543,Lion,Lion,en,English,2016-11-24,2016,11,2010,Drama,Drama,1,10.8063,8.037,7060,Excellent,Medium,12000000.0,140312928.0,True,True,128312928.0,10.692744,118.0,AU,AU|GB|US,3,The Weinstein Company|See-Saw Films|Screen Australia|Aquarius Films|Sunstar Entertainment,39,50084.4440606385,24190907,0.04255434318110595,0.8376595744680851,0.17053886388517212,0.01821480361432532,0.047991460183808586,0.4448979591836735
428078,Mortal Engines,Mortal Engines,en,English,2018-11-27,2018,11,2010,Adventure|Science Fiction,Adventure,2,10.7999,6.251,5326,Mixed,Medium,100000000.0,83869818.0,True,True,-16130182.0,-0.16130182,128.0,NZ,NZ|US,1,Scholastic Productions|Silvertongue Films|Universal Pictures|WingNut Films|MRC,58,43204.1305124872,4900600,0.04246317768724536,0.45765957446808514,0.12835421481571585,0.1517910208096552,0.028686130019558578,0.4857142857142857
504056,Big Brother,大師兄,zh,Mandarin,2018-08-16,2018,8,2010,Action|Drama|Comedy,Action,3,10.7993,7.58,301,Good,Medium,,,False,False,,,111.0,CN,CN|HK,2,Bullet Films|Mega-Vision Pictures (MVP),31,10085.6638148819,1402760000,0.04245463092219596,0.7404255319148936,0.0061063131005960345,,,0.4163265306122449
804095,The Fabelmans,The Fabelmans,en,English,2022-11-11,2022,11,2020,Drama,Drama,1,10.7968,7.558,2874,Good,Medium,40000000.0,45629909.0,True,True,5629909.0,0.140747725,151.0,US,US|IN,3,Amblin Entertainment|Reliance Entertainment,40,78008.6895811877,333996304,0.04241901940115665,0.7357446808510637,0.06870210436686534,0.06071632726738483,0.015606870767262322,0.5795918367346938
388,Inside Man,Inside Man,en,English,2006-03-17,2006,3,2000,Crime|Drama|Thriller,Crime,3,10.7937,7.409,6555,Good,Medium,45000000.0,186003591.0,True,True,141003591.0,3.1334131333333333,129.0,US,US,2,40 Acres and a Mule Filmworks|Imagine Entertainment|Universal Pictures,31,46301.9876485519,298379912,0.042374861115067934,0.7040425531914892,0.15825325386206057,0.06830588506257403,0.06361911313628554,0.4897959183673469
12405,Slumdog Millionaire,Slumdog Millionaire,en,English,2008-11-12,2008,11,2000,Drama|Romance,Drama,2,10.7935,7.726,11581,Good,Medium,15000000.0,378400000.0,True,True,363400000.0,24.226666666666667,121.0,GB,GB,3,Celador Films|Film4 Productions,22,47652.4030691881,61806995,0.0423720121933848,0.7714893617021276,0.2805254835178202,0.02276853829143884,0.12942477476905315,0.45714285714285713
945729,A Haunting in Venice,A Haunting in Venice,en,English,2023-09-13,2023,9,2020,Mystery|Thriller|Crime,Mystery,3,10.7842,6.6,2950,Good,Medium,60000000.0,121400000.0,True,True,61400000.0,1.0233333333333334,104.0,GB,GB|US,5,20th Century Studios|Scott Free Productions|Genre Films|Agatha Christie|Mark Gordon Pictures,42,49919.6896621586,68526000,0.04223953733511866,0.5319148936170212,0.07055102785549203,0.09107455844814162,0.04152264017348866,0.3877551020408163
9390,Jerry Maguire,Jerry Maguire,en,English,1996-12-13,1996,12,1990,Comedy|Drama|Romance,Comedy,3,10.7821,7.0,3875,Good,Medium,50000000.0,273600000.0,True,True,223600000.0,4.472,139.0,US,US,1,TriStar Pictures|Gracie Films,68,29967.7127181749,269394000,0.042209623657445655,0.6170212765957446,0.09305437294733,0.07589544285776323,0.0935798576265817,0.5306122448979592
840326,Sisu,Sisu,fi,Finnish,2022-09-09,2022,9,2020,Action|War|Thriller,Action,3,10.7815,7.388,2972,Good,Medium,6600000.0,14281199.0,True,True,7681199.0,1.1638180303030303,91.0,FI,FI|GB|US,2,Subzero Film Entertainment|Good Chaos|Stage 6 Films,28,50440.560224974,5556106,0.042201076892396217,0.6995744680851063,0.07108624254956818,0.010018081195520986,0.0048846196940431855,0.3346938775510204
639720,IF,IF,en,English,2024-05-08,2024,5,2020,Comedy|Fantasy|Family,Comedy,3,10.7815,6.943,1692,Good,Medium,110000000.0,190309707.0,True,True,80309707.0,0.7300882454545454,104.0,US,US,1,Paramount Pictures|Sunday Night Productions|Maximum Effort,23,86169.6641581917,340003797,0.042201076892396217,0.6048936170212764,0.03994647853059238,0.1669701364000336,0.06509194110599804,0.3877551020408163
21712,Mind Game,マインド・ゲーム,ja,Japanese,2004-08-07,2004,8,2000,Animation|Romance|Comedy|Drama|Fantasy|Adventure,Animation,6,10.7808,7.514,346,Good,Medium,,36613.0,False,True,,,103.0,JP,JP,1,STUDIO4℃|Asmik Ace Entertainment|Rentrak Japan|Beyond C.,35,38677.5708064787,127761000,0.04219110566650522,0.7263829787234042,0.007201070429388152,,1.2520410657607912e-05,0.3836734693877551
10555,Shark Tale,Shark Tale,en,English,2004-09-20,2004,9,2000,Animation|Action|Comedy|Family,Animation,4,10.7736,6.046,6832,Mixed,Medium,75000000.0,367300000.0,True,True,292300000.0,3.8973333333333335,90.0,US,US,1,DreamWorks Animation,53,41724.6411982614,292805298,0.04208854448591208,0.4140425531914894,0.16499209341929205,0.11384323183370922,0.12562822343048985,0.3306122448979592
631843,Old,Old,en,English,2021-07-21,2021,7,2020,Thriller|Mystery|Horror,Thriller,3,10.7715,6.316,5031,Mixed,Medium,18000000.0,90146510.0,True,True,72146510.0,4.008139444444445,108.0,CN,CN|US,1,Universal Pictures|Perfect World Pictures|Blinding Edge Pictures,33,12887.4357242941,1412360000,0.04205863080823907,0.4714893617021276,0.12117747232696752,0.027322272968552358,0.03083295735418466,0.40408163265306124
848538,Argylle,Argylle,en,English,2024-01-31,2024,1,2020,Action|Adventure|Comedy,Action,3,10.7698,5.986,1832,Mixed,Medium,200000000.0,96221061.0,True,True,-103778939.0,-0.518894695,139.0,GB,GB|US,1,Marv|Apple Studios|Cloudy Productions,69,53341.3131094262,69281000,0.042034414973932364,0.4012765957446808,0.04335239022016786,0.3035821767134392,0.03291064606861898,0.5306122448979592
254320,The Lobster,The Lobster,en,English,2015-10-15,2015,10,2010,Comedy|Drama|Romance,Comedy,3,10.7682,7.021,7078,Good,Medium,4000000.0,15700000.0,True,True,11700000.0,2.925,119.0,FR,FR|GR|IE|NL|GB,3,Scarlet Films|Haut et Court|Eurimages|Lemming Film|Element Pictures|Nederlands Fonds voor de Film|Greek Film Centre|Faliro House Productions|Limp|Film4 Productions|Protagonist Pictures,42,36702.4323733379,66548272,0.04201162360046722,0.6214893617021275,0.17097676681668897,0.0060715111420226045,0.005369894544106693,0.4489795918367347
68735,Warcraft,Warcraft,en,English,2016-05-25,2016,5,2010,Action|Adventure|Fantasy,Action,3,10.7569,6.411,7447,Mixed,Medium,160000000.0,433677183.0,True,True,273677183.0,1.71048239375,123.0,US,US,1,Legendary Pictures|Atlas Entertainment|Blizzard Entertainment,71,57976.628204291,324353340,0.04185065952536964,0.49170212765957433,0.17995377691278433,0.24286571435192558,0.14833132099523855,0.46530612244897956
280217,The Lego Movie 2: The Second Part,The Lego Movie 2: The Second Part,en,English,2019-02-06,2019,2,2010,Action|Adventure|Animation|Comedy|Family,Action,5,10.7553,6.646,2513,Good,Medium,99000000.0,199603202.0,True,True,100603202.0,1.0161939595959597,107.0,CA,CA|US,1,Vertigo Entertainment|Warner Animation Group|Lord Miller|Rideback|Animal Logic|The LEGO Group,30,46352.9695208927,37618495,0.04182786815190451,0.5417021276595744,0.059919717795888575,0.15027310925061738,0.06827061055484321,0.4
45269,The King's Speech,The King's Speech,en,English,2010-11-26,2010,11,2010,Drama|History,Drama,2,10.7533,7.732,9511,Good,Medium,15000000.0,414211549.0,True,True,399211549.0,26.614103266666667,118.0,GB,GB|US,1,The Weinstein Company|UK Film Council|Momentum Pictures|Aegis Film Fund|FilmNation Entertainment|See-Saw Films|Bedlam Productions,81,39778.3220528565,62766365,0.041799378935073066,0.7727659574468084,0.2301666463933828,0.02276853829143884,0.14167345803860043,0.4448979591836735
218043,Left Behind,Left Behind,en,English,2014-10-03,2014,10,2010,Thriller|Action|Science Fiction,Thriller,3,10.7521,4.303,1431,Poor,Medium,16000000.0,19682924.0,True,True,3682924.0,0.23018275,110.0,CA,CA|US,1,Stoney Lake Entertainment,26,50960.8942086685,35434066,0.04178228540497422,0.04319148936170218,0.0335968860235981,0.02428644985047668,0.0067321806201063195,0.4122448979591837
68724,Elysium,Elysium,en,English,2013-08-07,2013,8,2010,Science Fiction|Action|Drama|Thriller,Science Fiction,4,10.7488,6.526,9811,Good,Medium,115000000.0,286140700.0,True,True,171140700.0,1.48818,109.0,US,US,1,TriStar Pictures|MRC|QED International|Alphacore|Genre Films,107,53297.3862901595,316726282,0.041735278197202345,0.5161702127659573,0.23746502858533025,0.1745596941952228,0.09786917396635834,0.40816326530612246
200727,"Love, Rosie","Love, Rosie",en,English,2014-10-16,2014,10,2010,Romance|Drama|Comedy,Romance,3,10.7447,7.812,6567,Good,Medium,,4439431.0,False,True,,,102.0,GB,GB|DE,1,Constantin Film|Canyon Creek Films,75,47746.9810645521,64619000,0.041676875302697924,0.7897872340425531,0.15854518914973847,,0.0015184235251936935,0.3795918367346939
9476,A Knight's Tale,A Knight's Tale,en,English,2001-05-11,2001,5,2000,Adventure|Drama|Romance|Action,Adventure,4,10.7425,6.9,3501,Good,Medium,65000000.0,117487473.0,True,True,52487473.0,0.8074995846153846,133.0,US,US,1,Columbia Pictures|Escape Artists|Finestkind|Black and Blu Entertainment,39,37133.6203973517,284968955,0.04164553716418335,0.5957446808510638,0.08395572314803552,0.09866411624333082,0.04018443209970352,0.5061224489795918
43947,I Spit on Your Grave,I Spit on Your Grave,en,English,2010-06-17,2010,6,2010,Thriller|Crime|Horror,Thriller,3,10.7382,6.511,2665,Good,Medium,2000000.0,572809.0,True,True,-1427191.0,-0.7135955,108.0,US,US,1,Anchor Bay Films|CineTel Films,36,48642.6312088213,309378227,0.0415842853479958,0.5129787234042553,0.06361756477314195,0.003035688023946925,0.00019591641439925495,0.40408163265306124
7863,Shine,Shine,en,English,1996-08-15,1996,8,1990,Drama,Drama,1,10.7366,7.37,725,Good,Medium,5500000.0,35892330.0,True,True,30392330.0,5.5258781818181815,105.0,AU,AU|GB,2,Film Victoria|Australian Film Finance Corporation|BBC Film|South Australian Film Corporation|Momentum Films,25,22055.838490507,18224767,0.04156149397453063,0.6957446808510638,0.016421359931881766,0.008348378480579363,0.012276310534215854,0.39183673469387753
44115,127 Hours,127 Hours,en,English,2010-11-12,2010,11,2010,Adventure|Drama|Thriller,Adventure,3,10.7362,7.1,8278,Good,Medium,18000000.0,35700000.0,True,True,17700000.0,0.9833333333333333,94.0,FR,FR|GB|US,1,Fox Searchlight Pictures|Pathé|Everest Entertainment|Cloud Eight Films|Decibel Films|DSP|Film4 Productions|Dune Entertainment|Big Screen Productions|Down Productions,30,40694.8211697025,65026211,0.041555796131164356,0.6382978723404253,0.20017029558447877,0.027322272968552358,0.012210527586563073,0.3469387755102041
187,Sin City,Sin City,en,English,2005-04-01,2005,4,2000,Crime|Thriller,Crime,2,10.7283,7.464,9058,Good,Medium,40000000.0,158733820.0,True,True,118733820.0,2.9683455,124.0,US,US,1,Dimension Films|Troublemaker Studios|Miramax,74,44123.3996470026,295516599,0.04144326372468022,0.7157446808510638,0.21914608928354215,0.06071632726738483,0.0542919883081446,0.46938775510204084
10196,The Last Airbender,The Last Airbender,en,English,2010-06-30,2010,6,2010,Action|Adventure|Fantasy,Action,3,10.7199,4.639,4359,Poor,Medium,150000000.0,319713881.0,True,True,169713881.0,1.1314258733333333,103.0,US,US,1,Paramount Pictures|Nickelodeon Movies|Blinding Edge Pictures|The Kennedy/Marshall Company,60,48642.6312088213,309378227,0.04132360901398822,0.11468085106382989,0.10482909621700523,0.2276865987615472,0.10935226453080678,0.3836734693877551
147441,Exodus: Gods and Kings,Exodus: Gods and Kings,en,English,2014-12-03,2014,12,2010,Adventure|Drama|Action,Adventure,3,10.7158,5.884,4942,Mixed,Medium,140000000.0,268031828.0,True,True,128031828.0,0.9145130571428571,150.0,ES,ES|US|GB,1,20th Century Fox|TSG Entertainment|Chernin Entertainment|Babieka Films|Volcano Films|Scott Free Productions,29,29707.765509467,46460733,0.04126520611948377,0.3795744680851064,0.11901228561002311,0.2125074831711688,0.09167536655811769,0.5755102040816327
206487,Predestination,Predestination,en,English,2014-08-28,2014,8,2010,Science Fiction|Thriller,Science Fiction,2,10.715,7.413,7317,Good,Medium,5500000.0,5386852.0,True,True,-113148.0,-0.020572363636363635,98.0,AU,AU,1,Screen Queensland|Screen Australia|Blacklab Entertainment|Wolfhound Pictures,56,62817.2061751737,23475686,0.0412538104327512,0.7048936170212766,0.1767911446296071,0.008348378480579363,0.0018424714950795468,0.363265306122449
335777,The Nut Job 2: Nutty by Nature,The Nut Job 2: Nutty by Nature,en,English,2017-08-11,2017,8,2010,Animation|Family|Adventure|Comedy,Animation,4,10.6992,6.2,484,Mixed,Medium,40000000.0,68743485.0,True,True,28743485.0,0.718587125,91.0,CA,CA|KR|US,1,GulfStream Pictures|Redrover|ToonBox Entertainment|Open Road Films,45,45129.7335281051,36545075,0.041028745619782904,0.4468085106382979,0.01055832623768398,0.06071632726738483,0.02351244535300866,0.3346938775510204
116711,Epic,Epic,en,English,2013-05-15,2013,5,2010,Animation|Adventure|Family|Fantasy,Animation,4,10.6954,6.564,3009,Good,Medium,100000000.0,268426634.0,True,True,168426634.0,1.68426634,102.0,US,US,1,Blue Sky Studios|20th Century Fox Animation,41,53297.3862901595,316726282,0.04097461610780319,0.5242553191489362,0.0719863763532417,0.1517910208096552,0.0918104027065657,0.3795918367346939
676,Pearl Harbor,Pearl Harbor,en,English,2001-05-21,2001,5,2000,War|History|Drama|Action|Romance,War,5,10.6925,6.931,7171,Good,Medium,140000000.0,449220945.0,True,True,309220945.0,2.208721035714286,183.0,US,US,3,Touchstone Pictures|Jerry Bruckheimer Films,62,37133.6203973517,284968955,0.04093330674339763,0.6023404255319148,0.17323926529619268,0.2125074831711688,0.15364777959230244,0.710204081632653
153104,Wicked Minds,Wicked Minds,en,English,2003-03-01,2003,3,2000,Mystery|Drama|Romance|Thriller|TV Movie,Mystery,5,10.6736,6.407,54,Mixed,Medium,,,False,False,,,93.0,CA,CA|US,1,Hearst Entertainment Productions|JB Media|Incendo Productions,41,28301.9097055898,31642461,0.04066408364434062,0.4908510638297872,9.731176255929936e-05,,,0.34285714285714286
34851,Predators,Predators,en,English,2010-07-07,2010,7,2010,Science Fiction|Action|Thriller,Science Fiction,3,10.6714,6.309,4783,Mixed,Medium,40000000.0,127233108.0,True,True,87233108.0,2.1808277,107.0,US,US,3,Davis Entertainment|20th Century Fox|Dune Entertainment|Troublemaker Studios,18,48642.6312088213,309378227,0.040632745505826046,0.47000000000000003,0.11514414304829096,0.06071632726738483,0.043517747739739494,0.4
54138,Star Trek Into Darkness,Star Trek Into Darkness,en,English,2013-05-05,2013,5,2010,Action|Adventure|Science Fiction,Action,3,10.6698,7.3,9866,Good,Medium,190000000.0,467381584.0,True,True,277381584.0,1.4599030736842105,132.0,US,US,1,Bad Robot|Paramount Pictures|Skydance Media,100,53297.3862901595,316726282,0.040609954132360904,0.6808510638297871,0.23880306532052062,0.2884030611230608,0.15985929295307855,0.5020408163265306
10200,The Day the Earth Stood Still,The Day the Earth Stood Still,en,English,2008-12-10,2008,12,2000,Drama|Science Fiction|Thriller,Drama,3,10.6681,5.668,3876,Mixed,Medium,80000000.0,233093859.0,True,True,153093859.0,1.9136732375,104.0,CA,CA|US,2,Dune Entertainment III|Earth Canada Productions|Hammerhead Productions|3 Arts Entertainment|20th Century Fox,56,46710.3654423328,33247298,0.040585738298054196,0.33361702127659576,0.09307870088796984,0.12143278962889842,0.07972547529923185,0.3877551020408163
249397,Nymphomaniac: Vol. II,Nymphomaniac: Vol. II,en,English,2013-12-25,2013,12,2010,Drama|Mystery,Drama,2,10.6629,6.7,3265,Good,Medium,2350000.0,4934725.0,True,True,2584725.0,1.0998829787234043,124.0,DK,DK|DE|BE|FR|SE,1,Zentropa Entertainments|Zentropa International Köln|Zentropa International France|Zentropa International Sweden|Slot Machine|Caviar|Zenbelgie BVBA|ARTE France Cinéma|Film i Väst|Groupe Grand Accord,25,61377.5940590412,5614932,0.04051166633429248,0.5531914893617021,0.07821432915703685,0.0035669570696101687,0.001687829750300213,0.46938775510204084
810693,Jujutsu Kaisen 0,劇場版 呪術廻戦 0,ja,Japanese,2021-12-24,2021,12,2020,Animation|Action|Fantasy,Animation,3,10.6561,8.103,1843,Excellent,Medium,,195870885.0,False,True,,,105.0,JP,JP,1,MAPPA|Shueisha|Sumzap|MBS|TOHO,75,41580.739040705,125681593,0.04041480299706562,0.8517021276595743,0.043619997567205936,,0.06699404000508712,0.39183673469387753
61979,Three Steps Above Heaven,Tres metros sobre el cielo,es,Spanish,2010-12-03,2010,12,2010,Romance|Drama,Romance,2,10.6548,7.735,3273,Good,Medium,,,False,False,,,122.0,ES,ES,1,Zeta Studios|Cangrejo Films|Globomedia|Atresmedia Cine,28,30658.7422282912,46576897,0.04039628500612518,0.7734042553191489,0.07840895268215546,,,0.46122448979591835
400928,Gifted,Gifted,en,English,2017-04-07,2017,4,2010,Drama|Comedy,Drama,2,10.6472,7.989,6066,Good,Medium,7000000.0,40300000.0,True,True,33300000.0,4.757142857142857,101.0,GB,GB|US,1,Grade A Entertainment|FilmNation Entertainment|Dayday Films,19,40918.0520870944,65964000,0.04028802598216574,0.8274468085106381,0.14635689088918624,0.010625245819136124,0.01378387318632804,0.37551020408163266
1635,The Island,The Island,en,English,2005-07-21,2005,7,2000,Action|Thriller|Science Fiction,Action,3,10.6431,6.695,6060,Good,Medium,126000000.0,162949164.0,True,True,36949164.0,0.29324733333333336,136.0,US,US,1,DreamWorks Pictures|Warner Bros. Pictures|Parkes+MacDonald Production,54,44123.3996470026,295516599,0.04022962308766132,0.5521276595744681,0.1462109232453473,0.19125672134463903,0.055733769380730616,0.5183673469387755
20453,3 Idiots,3 Idiots,hi,Hindi,2009-12-23,2009,12,2000,Drama|Comedy,Drama,2,10.6367,8.01,2829,Excellent,Medium,9000000.0,60262836.0,True,True,51262836.0,5.695870666666667,171.0,IN,IN,2,Vidhu Vinod Chopra Productions|Vinod Chopra Films,77,1094.94974598436,1225524753,0.04013845759380073,0.8319148936170211,0.06760734703807322,0.013661068937211803,0.020611794964464927,0.6612244897959184
2322,Sneakers,Sneakers,en,English,1992-09-09,1992,9,1990,Comedy|Crime|Drama,Comedy,3,10.6323,6.9,1098,Good,Medium,23000000.0,105232691.0,True,True,82232691.0,3.575334391304348,125.0,US,US,5,Universal Pictures,51,25418.9907763319,256514000,0.040075781316771614,0.5957446808510638,0.02549568179053643,0.034911830763741554,0.03599290876583854,0.47346938775510206
514847,The Hunt,The Hunt,en,English,2020-03-11,2020,3,2020,Action|Thriller|Horror,Action,3,10.626,6.653,3807,Good,Medium,14000000.0,12400979.0,True,True,-1599021.0,-0.11421578571428571,90.0,US,US,3,Blumhouse Productions|Universal Pictures,58,64465.2971415748,331578104,0.03998604028375259,0.543191489361702,0.09140007298382193,0.021250626732401,0.004241524941088819,0.3306122448979592
480530,Creed II,Creed II,en,English,2018-11-21,2018,11,2010,Drama|Action,Drama,2,10.6063,7.034,5918,Good,Medium,50000000.0,214200000.0,True,True,164200000.0,3.284,130.0,US,US,2,Metro-Goldwyn-Mayer|New Line Cinema|Winkler Films,29,62875.6661382728,328529577,0.03970542149796301,0.6242553191489361,0.14275635567449216,0.07589544285776323,0.07326317749048626,0.49387755102040815
9982,Chicken Little,Chicken Little,en,English,2005-11-04,2005,11,2000,Animation|Family|Comedy,Animation,3,10.6038,5.922,4258,Mixed,Medium,150000000.0,314400000.0,True,True,164400000.0,1.096,81.0,US,US,1,Walt Disney Pictures|Walt Disney Feature Animation,51,44123.3996470026,295516599,0.03966980997692373,0.387659574468085,0.10237197421238292,0.2276865987615472,0.10753474903319273,0.2938775510204082
3981,What Women Want,What Women Want,en,English,2000-12-15,2000,12,2000,Comedy|Romance,Comedy,2,10.603,6.453,4532,Mixed,Medium,70000000.0,374100000.0,True,True,304100000.0,4.344285714285714,127.0,US,US,2,Paramount Pictures|Icon Productions|Wind Dancer Films,62,36329.9702595751,282162411,0.03965841429019116,0.5006382978723405,0.10903782994769493,0.10625367403852003,0.12795403866492502,0.4816326530612245
512195,Red Notice,Red Notice,en,English,2021-11-04,2021,11,2020,Action|Comedy|Crime,Action,3,10.5992,6.7,6622,Good,Medium,160000000.0,178143.0,True,True,-159821857.0,-0.99888660625,118.0,US,US,5,Flynn Picture Company|Seven Bucks Productions|Bad Version,37,71441.2319805947,332100166,0.03960428477821144,0.5531914893617021,0.15988322588492884,0.24286571435192558,6.0928150382550484e-05,0.4448979591836735
1669,The Hunt for Red October,The Hunt for Red October,en,English,1990-03-02,1990,3,1990,Action|Thriller,Action,2,10.5954,7.388,3757,Good,Medium,30000000.0,200512643.0,True,True,170512643.0,5.683754766666667,135.0,US,US,2,Paramount Pictures|Mace Neufeld/Jerry Sherlock Productions,79,23888.6000088133,249623000,0.03955015526623173,0.6995744680851063,0.09018367595183067,0.04553721167700644,0.06858166816258143,0.5142857142857142
274870,Passengers,Passengers,en,English,2016-12-21,2016,12,2010,Drama|Romance|Science Fiction,Drama,3,10.5895,7.0,14488,Good,Medium,110000000.0,303144152.0,True,True,193144152.0,1.7558559272727272,116.0,US,US,1,Columbia Pictures|Village Roadshow Pictures|Original Film|Company Films|Start Motion Pictures|LStar Capital|Wanda Pictures,30,57976.628204291,324353340,0.039466112076579005,0.6170212765957446,0.35124680695779104,0.1669701364000336,0.1036848927457094,0.43673469387755104
263472,Knock Knock,Knock Knock,en,English,2015-06-26,2015,6,2010,Horror|Thriller|Crime,Horror,3,10.5815,5.4,3578,Mixed,Medium,2500000.0,6341684.0,True,True,3841684.0,1.5366736,99.0,CL,CL|DE|US,2,Sobras International Pictures|UFA|Black Bear Pictures|Camp Grey|Elevated Films|Movie Trailer House|Dragonfly Entertainment|Voltage Pictures,44,13433.9202987032,18047625,0.039352155209253295,0.27659574468085113,0.08582897457730203,0.0037946438034658445,0.0021690542615392825,0.3673469387755102
157433,Pet Sematary,Pet Sematary,en,English,2019-04-04,2019,4,2010,Horror,Horror,1,10.5613,5.738,3502,Mixed,Medium,21000000.0,113118226.0,True,True,92118226.0,4.38658219047619,101.0,US,US,1,di Bonaventura Pictures|Paramount Pictures|Room 101,45,65227.9565911038,330226227,0.03906441411925585,0.34851063829787243,0.08398005108867534,0.03187600764566588,0.038690011329760854,0.37551020408163266
1050035,Monster,怪物,ja,Japanese,2023-06-02,2023,6,2020,Mystery|Thriller|Drama,Mystery,3,10.5596,7.934,957,Good,Medium,,,False,False,,,125.0,JP,JP,1,TOHO|Fuji Television Network|AOI Pro.|BUN-BUKU|GAGA Corporation,22,35215.003535366,124516650,0.03904019828494914,0.8157446808510638,0.02206544216032113,,,0.47346938775510206
228161,Home,Home,en,English,2015-03-18,2015,3,2010,Fantasy|Comedy|Animation|Science Fiction|Family,Fantasy,5,10.5547,6.8,4317,Good,Medium,135000000.0,368871007.0,True,True,233871007.0,1.7323778296296297,94.0,US,US,1,DreamWorks Animation,79,56849.4697923159,321815121,0.03897039970371215,0.5744680851063829,0.10380732271013259,0.2049179253759796,0.12616555755019637,0.3469387755102041
8922,Jeepers Creepers,Jeepers Creepers,en,English,2001-07-01,2001,7,2000,Horror|Mystery,Horror,2,10.5538,6.487,3413,Mixed,Medium,10000000.0,59217789.0,True,True,49217789.0,4.9217789,90.0,US,US|DE,1,American Zoetrope|Cinerenta|Cinebeta|United Artists,36,37133.6203973517,284968955,0.03895757955613801,0.5078723404255319,0.08181486437173094,0.015178980496249642,0.020254355812508933,0.3306122448979592
622,The Ninth Gate,The Ninth Gate,en,English,1999-08-25,1999,8,1990,Mystery|Thriller|Horror,Mystery,3,10.5538,6.496,3460,Mixed,Medium,38000000.0,58401898.0,True,True,20401898.0,0.5368920526315789,133.0,ES,ES|FR,5,R.P. Productions|Orly Films|Bac Films|Kino Visión|Origen Producciones Cinematograficas|Vía Digital|Canal+|TF1 Films Production,41,15707.9473068138,40386875,0.03895757955613801,0.5097872340425532,0.0829582775818027,0.05768050414930915,0.01997529526582679,0.5061224489795918
9352,EuroTrip,EuroTrip,en,English,2004-02-20,2004,2,2000,Comedy,Comedy,1,10.5471,6.626,3085,Good,Medium,25000000.0,22605153.0,True,True,-2394847.0,-0.09579388,92.0,US,US|CZ,5,The Montecito Picture Company|DreamWorks Pictures|Stillking Films,24,41724.6411982614,292805298,0.038862140679752716,0.5374468085106383,0.07383529984186839,0.037947653881817235,0.007731675432857533,0.33877551020408164
88751,Journey to the Center of the Earth,Journey to the Center of the Earth,en,English,2008-07-10,2008,7,2000,Action|Science Fiction|Adventure|Comedy|Family,Action,5,10.5459,6.099,5291,Mixed,Medium,45000000.0,101702060.0,True,True,56702060.0,1.2600457777777778,93.0,US,US,3,New Line Cinema|Walden Media|Journey Films,33,48570.0594269601,304093966,0.038845047149653845,0.42531914893617023,0.12750273689332198,0.06830588506257403,0.0347853212118725,0.34285714285714286
1576,Resident Evil,Resident Evil,en,English,2002-03-15,2002,3,2000,Horror|Action|Science Fiction,Horror,3,10.5435,6.672,7149,Good,Medium,33000000.0,102984862.0,True,True,69984862.0,2.120753393939394,100.0,CA,CA|FR|DE|GB,1,Impact Pictures|Davis Films|New Legacy Film|Constantin Film,37,24256.0598742201,31359199,0.03881086008945614,0.5472340425531914,0.17270405060211652,0.05009094635411995,0.03522408009927896,0.37142857142857144
81342,Delicacy,La Délicatesse,fr,French,2011-12-20,2011,12,2010,Drama|Comedy|Romance,Drama,3,10.5417,6.357,484,Mixed,Medium,,9696204.0,False,True,,,108.0,FR,FR,2,StudioCanal|France 2 Cinéma|2.4.7. Films,19,43929.7840873812,65340830,0.03878521979430786,0.48021276595744683,0.01055832623768398,,0.0033164062792183212,0.40408163265306124
22970,The Cabin in the Woods,The Cabin in the Woods,en,English,2012-04-12,2012,4,2010,Horror|Mystery|Comedy,Horror,3,10.5382,6.656,8801,Good,Medium,30000000.0,71038838.0,True,True,41038838.0,1.3679612666666667,95.0,US,US,2,Mutant Enemy Productions,44,51708.3940614082,314339099,0.03873536366485285,0.5438297872340424,0.21289380853910717,0.04553721167700644,0.02429752873180373,0.3510204081632653
337339,The Fate of the Furious,The Fate of the Furious,en,English,2017-04-12,2017,4,2010,Action|Crime|Thriller,Action,3,10.536,6.8,10979,Good,Medium,250000000.0,1236000000.0,True,True,986000000.0,3.944,136.0,US,US,2,Original Film|One Race|Universal Pictures,30,60047.7190728307,326608609,0.038704025526338275,0.5744680851063829,0.2658800632526457,0.3794777546653312,0.42275111962958273,0.5183673469387755
7512,Idiocracy,Idiocracy,en,English,2006-09-01,2006,9,2000,Comedy|Science Fiction|Adventure|Thriller,Comedy,4,10.535,6.384,3790,Mixed,Medium,30000000.0,495303.0,True,True,-29504697.0,-0.9834899,85.0,US,US,1,20th Century Fox|Ternion Pictures,54,46301.9876485519,298379912,0.038689780917922564,0.48595744680851066,0.09098649799294489,0.04553721167700644,0.00016940690916982375,0.31020408163265306
340666,Nocturnal Animals,Nocturnal Animals,en,English,2016-11-04,2016,11,2010,Drama|Thriller,Drama,2,10.5307,7.403,8439,Good,Medium,22500000.0,29300000.0,True,True,6800000.0,0.3022222222222222,116.0,US,US|CN|GB,1,Fade To Black|Artina Films|Focus Features|Perfect World Pictures|Tom Ford,46,57976.628204291,324353340,0.03862852910173498,0.7027659574468084,0.20408709402749056,0.03415287498422264,0.01002152501297703,0.43673469387755104
395990,Death Wish,Death Wish,en,English,2018-03-01,2018,3,2010,Action|Crime|Thriller|Drama,Action,4,10.5247,6.2,2882,Mixed,Medium,30000000.0,34017028.0,True,True,4017028.0,0.13390093333333333,107.0,US,US,1,Metro-Goldwyn-Mayer|Cave 76 Productions,19,62875.6661382728,328529577,0.038543061451240694,0.4468085106382979,0.06889672789198395,0.04553721167700644,0.011634897892926628,0.4
463272,Johnny English Strikes Again,Johnny English Strikes Again,en,English,2018-08-30,2018,8,2010,Action|Adventure|Comedy,Action,3,10.5202,6.286,2843,Mixed,Medium,25000000.0,158972570.0,True,True,133972570.0,5.3589028,88.0,GB,GB|US,1,Working Title|Working Title Films,76,43704.3162296687,66287000,0.03847896071337,0.4651063829787233,0.06794793820703078,0.037947653881817235,0.05437364836508893,0.3224489795918367
309809,The Little Prince,The Little Prince,en,English,2015-07-29,2015,7,2010,Adventure|Animation|Fantasy|Family,Adventure,4,10.5136,7.621,3030,Good,Medium,64000000.0,101281211.0,True,True,37281211.0,0.582518921875,106.0,FR,FR|IT|CA,1,Orange Studio|M6 Films|Lucky Red|LPPTV|On Entertainment,56,36702.4323733379,66548272,0.038384946297826274,0.7491489361702127,0.07249726310667802,0.09714620468429298,0.03464137753310826,0.39591836734693875
136797,Need for Speed,Need for Speed,en,English,2014-03-12,2014,3,2010,Action|Crime|Drama|Thriller,Action,4,10.5132,6.451,4818,Mixed,Medium,66000000.0,203277636.0,True,True,137277636.0,2.0799641818181818,132.0,IN,IN|US,1,DreamWorks Pictures|Reliance Entertainment|Bandito Brothers|Mark Sourian Productions|John Gatins Productions|Electronic Arts,75,1553.88396075118,1312277191,0.038379248454459974,0.5002127659574467,0.11599562097068483,0.10018202780236866,0.06952738328647946,0.5020408163265306
620249,The Legend of Hei,罗小黑战记,zh,Mandarin,2019-08-27,2019,8,2010,Animation|Fantasy|Action,Animation,3,10.5077,8.401,555,Excellent,Medium,,48045728.0,False,True,,,102.0,CN,CN,1,MTJJ|Beijing Guangying Gongchang Wenhua Chuanbo|Dream Castle|Heyi Capital|HMCH|Beijing Jiyin Yinghua,95,10342.9009524335,1407745000,0.03830090310817355,0.9151063829787233,0.012285610023111543,,0.01643315733106202,0.3795918367346939
602223,The Forever Purge,The Forever Purge,en,English,2021-06-30,2021,6,2020,Action|Horror|Thriller,Action,3,10.5073,6.9,2734,Good,Medium,18000000.0,76994245.0,True,True,58994245.0,3.2774580555555555,103.0,US,US,2,Blumhouse Productions|Platinum Dunes|Universal Pictures|Man in a Tree Productions|Perfect World Pictures,44,71441.2319805947,332100166,0.03829520526480728,0.5957446808510638,0.06529619267728987,0.027322272968552358,0.02633446642707753,0.3836734693877551
536554,M3GAN,M3GAN,en,English,2022-12-28,2022,12,2020,Science Fiction|Horror,Science Fiction,2,10.5052,7.0,5005,Good,Medium,12000000.0,180089109.0,True,True,168089109.0,14.00742575,102.0,US,US,1,Atomic Monster|Blumhouse Productions|Divide / Conquer,41,78008.6895811877,333996304,0.03826529158713427,0.6170212765957446,0.12054494587033207,0.01821480361432532,0.06159617308637486,0.3795918367346939
9836,Happy Feet,Happy Feet,en,English,2006-11-16,2006,11,2000,Animation|Comedy|Family,Animation,3,10.5022,6.232,5587,Mixed,Medium,100000000.0,384335608.0,True,True,284335608.0,2.84335608,108.0,AU,AU|US,2,Kennedy Miller Productions|Animal Logic|Village Roadshow Pictures|Warner Bros. Pictures,28,36658.8243476122,20450966,0.03822255776188713,0.45361702127659576,0.13470380732271015,0.1517910208096552,0.13145494057964657,0.40408163265306124
395992,Life,Life,en,English,2017-03-22,2017,3,2010,Horror|Science Fiction|Mystery,Horror,3,10.4946,6.464,8107,Mixed,Medium,58000000.0,100541806.0,True,True,42541806.0,0.7334794137931034,104.0,US,US,3,Columbia Pictures|Skydance Media,32,60047.7190728307,326608609,0.038114298737927696,0.5029787234042554,0.19601021773506871,0.08803873533006594,0.03438847761937039,0.3877551020408163
753342,Napoleon,Napoleon,en,English,2023-11-22,2023,11,2020,History|War|Drama,History,3,10.4881,6.3,3261,Mixed,Medium,165000000.0,222435664.0,True,True,57435664.0,0.34809493333333336,158.0,US,US,5,Apple Studios|Scott Free Productions,32,82586.7847707894,336755052,0.038021708783225534,0.4680851063829787,0.07811701739447756,0.25045527214711477,0.07608003525473468,0.6081632653061224
424783,Bumblebee,Bumblebee,en,English,2018-11-22,2018,11,2010,Action|Adventure|Science Fiction,Action,3,10.4815,6.732,6828,Good,Medium,135000000.0,467989645.0,True,True,332989645.0,2.466589962962963,114.0,CN,CN|US,1,Paramount Pictures|Allspark Pictures|Bay Films|di Bonaventura Pictures|DeSanto/Murphy Productions|Tencent Pictures,54,10085.6638148819,1402760000,0.037927694367681834,0.5599999999999999,0.16489478165673277,0.2049179253759796,0.16006726906149998,0.42857142857142855
516486,Greyhound,Greyhound,en,English,2020-07-09,2020,7,2020,War|Action|Drama,War,3,10.4814,7.4,3453,Good,Medium,50300000.0,,True,False,,,92.0,CA,CA|CN|US,1,Playtone|Bron Studios|FilmNation Entertainment|Sycamore Pictures|Zhengfu Pictures|Sony Pictures|Stage 6 Films,59,43537.8981198851,38028638,0.03792626990684027,0.7021276595744681,0.08278798199732393,0.07635081632547458,,0.33877551020408164
396371,Molly's Game,Molly's Game,en,English,2017-12-07,2017,12,2010,Drama|Crime,Drama,2,10.4812,7.155,4114,Good,Medium,30000000.0,59284015.0,True,True,29284015.0,0.9761338333333334,141.0,US,US,1,The Mark Gordon Company|Pascal Pictures,28,60047.7190728307,326608609,0.03792342098515711,0.65,0.09886875076024815,0.04553721167700644,0.020277007200702416,0.5387755102040817
16996,17 Again,17 Again,en,English,2009-03-11,2009,3,2000,Comedy|Fantasy,Comedy,2,10.4796,6.32,5524,Mixed,Medium,20000000.0,136300000.0,True,True,116300000.0,5.815,102.0,US,US,1,New Line Cinema|Offspring Entertainment,68,47194.9500893872,306771529,0.037900629611691966,0.4723404255319149,0.13317114706240116,0.03035809608662804,0.046618911790118664,0.3795918367346939
1022796,Wish,Wish,en,English,2023-11-13,2023,11,2020,Animation|Family|Fantasy|Adventure,Animation,4,10.4794,6.22,1833,Mixed,Medium,175000000.0,254997360.0,True,True,79997360.0,0.4571277714285714,95.0,US,US,1,Walt Disney Animation Studios,68,82586.7847707894,336755052,0.037897780690008834,0.45106382978723397,0.04337671816080769,0.2656343877374932,0.08721716593353568,0.3510204081632653
341174,Fifty Shades Darker,Fifty Shades Darker,en,English,2017-02-08,2017,2,2010,Drama|Romance,Drama,2,10.4793,6.469,8008,Mixed,Medium,55000000.0,381545846.0,True,True,326545846.0,5.9371972,118.0,US,US,1,Universal Pictures|Michael De Luca Productions|Perfect World Pictures,57,60047.7190728307,326608609,0.03789635622916726,0.5040425531914894,0.19360175161172608,0.08348500065295243,0.1305007536737571,0.4448979591836735
501170,Doctor Sleep,Doctor Sleep,en,English,2019-10-30,2019,10,2010,Horror|Fantasy,Horror,2,10.4695,7.148,5045,Good,Medium,45000000.0,72385286.0,True,True,27385286.0,0.6085619111111111,152.0,US,US,1,Vertigo Entertainment|Intrepid Pictures|Warner Bros. Pictures,45,65227.9565911038,330226227,0.037756759066693256,0.6485106382978723,0.12151806349592507,0.06830588506257403,0.024758056565741194,0.5836734693877551
2666,Dark City,Dark City,en,English,1998-02-27,1998,2,1990,Mystery|Science Fiction,Mystery,2,10.4673,7.331,3334,Good,Medium,27000000.0,27200000.0,True,True,200000.0,0.007407407407407408,101.0,AU,AU|US,1,New Line Cinema|Mystery Clock Cinema,34,21516.0403147759,18607584,0.03772542092817868,0.6874468085106383,0.07989295706118477,0.040983476999892916,0.009303258543519112,0.37551020408163266
72545,Journey 2: The Mysterious Island,Journey 2: The Mysterious Island,en,English,2012-01-19,2012,1,2010,Adventure|Action|Science Fiction,Adventure,3,10.4667,6.154,4618,Mixed,Medium,79000000.0,355692760.0,True,True,276692760.0,3.50244,94.0,US,US,1,Walden Media|New Line Cinema|Contrafilm,24,51708.3940614082,314339099,0.037716874163129244,0.43702127659574463,0.11113003284271987,0.11991487806986058,0.12165817995670378,0.3469387755102041
800158,The Killer,The Killer,en,English,2023-10-25,2023,10,2020,Crime|Thriller,Crime,2,10.4553,6.581,2989,Good,Medium,175000000.0,362113.0,True,True,-174637887.0,-0.9979307828571429,118.0,US,US,3,Netflix,19,82586.7847707894,336755052,0.0375544856271901,0.527872340425532,0.0714998175404452,0.2656343877374932,0.0001238517134235855,0.4448979591836735
570670,The Invisible Man,The Invisible Man,en,English,2020-02-26,2020,2,2020,Thriller|Science Fiction|Horror,Thriller,3,10.4552,7.083,6453,Good,Medium,7000000.0,144492724.0,True,True,137492724.0,19.641817714285715,124.0,AU,AU|US,1,Blumhouse Productions|Goalpost Pictures|Nervous Tick Productions,41,51983.4523666382,25649248,0.03755306116634853,0.6346808510638298,0.15577180391679843,0.010625245819136124,0.04942108271522493,0.46938775510204084
1966,Alexander,Alexander,en,English,2004-11-21,2004,11,2000,War|History|Action|Adventure|Drama|Romance,War,6,10.4445,5.961,3605,Mixed,Medium,155000000.0,167298192.0,True,True,12298192.0,0.07934317419354839,176.0,FR,FR|DE|NL|GB|US|IT,1,Intermedia Films|IMF Internationale Medien und Film 3 & Produktions|Gordian Productions|The Great Filmproductie|Cecchi Gori Group|Renn Productions|Pathé|Warner Bros. Pictures,39,33644.9282220364,62707588,0.03740064385630038,0.3959574468085107,0.08648582897457731,0.2352761565567364,0.05722127461269901,0.6816326530612244
850165,The Iron Claw,The Iron Claw,en,English,2023-12-21,2023,12,2020,Drama|History,Drama,2,10.443,7.517,1343,Good,Medium,15900000.0,40130232.0,True,True,24230232.0,1.5239139622641509,133.0,GB,GB|US,1,House Productions|BBC Film|A24|Access Entertainment,48,49919.6896621586,68526000,0.03737927694367681,0.7270212765957447,0.031456027247293517,0.024134658694572896,0.013725807156810453,0.5061224489795918
8831,Timecop,Timecop,en,English,1994-09-15,1994,9,1990,Thriller|Science Fiction|Action,Thriller,3,10.4429,6.04,1383,Mixed,Medium,28000000.0,128953581.0,True,True,100953581.0,3.6054850357142856,98.0,US,US|JP,1,Renaissance Pictures|Dark Horse Entertainment|Largo Entertainment|Signature Pictures|JVC Entertainment,28,27694.853416234,263126000,0.03737785248283524,0.4127659574468085,0.03242914487288651,0.04250138855893076,0.044106203962362193,0.363265306122449
1246,Rocky Balboa,Rocky Balboa,en,English,2006-12-20,2006,12,2000,Drama|Action,Drama,2,10.4416,6.885,3909,Good,Medium,24000000.0,155929020.0,True,True,131929020.0,5.4970425,102.0,US,US,1,Metro-Goldwyn-Mayer|Revolution Studios|Chartoff Productions|Winkler Films|Columbia Pictures,70,46301.9876485519,298379912,0.037359334491894804,0.5925531914893616,0.09388152292908405,0.036429742322779395,0.05333265793027052,0.3795918367346939
2770,American Pie 2,American Pie 2,en,English,2001-08-10,2001,8,2000,Comedy|Romance,Comedy,2,10.4379,6.267,5452,Mixed,Medium,30000000.0,287553595.0,True,True,257553595.0,8.585119833333334,111.0,US,US,1,Universal Pictures|Zide-Perry Productions|LivePlanet,75,37133.6203973517,284968955,0.03730662944075668,0.4610638297872341,0.13141953533633377,0.04553721167700644,0.09835242877748442,0.4163265306122449
1729,The Forbidden Kingdom,The Forbidden Kingdom,en,English,2008-04-17,2008,4,2000,Action|Adventure|Fantasy,Action,3,10.4377,6.654,1983,Good,Medium,55000000.0,127906624.0,True,True,72906624.0,1.325574981818182,104.0,CN,CN|HK|US,3,Casey Silver Productions|China Film Co-Production|Relativity Media|Lionsgate|The Weinstein Company|Arclight Films|Huayi Brothers Pictures|J&J Project|Salon Films,70,3523.44302065213,1324655000,0.03730378051907352,0.5434042553191488,0.04702590925678141,0.08348500065295243,0.043748111529950645,0.3877551020408163
77950,Turbo,Turbo,en,English,2013-07-11,2013,7,2010,Animation|Family,Animation,2,10.4184,6.3,3784,Mixed,Medium,135000000.0,282570682.0,True,True,147570682.0,1.0931161629629629,96.0,US,US,1,DreamWorks Animation,14,53297.3862901595,316726282,0.03702885957665024,0.4680851063829787,0.09084053034910594,0.2049179253759796,0.09664811481171015,0.3551020408163265
714,Tomorrow Never Dies,Tomorrow Never Dies,en,English,1997-12-11,1997,12,1990,Adventure|Action|Thriller,Adventure,3,10.4119,6.4,3546,Mixed,Medium,110000000.0,333011068.0,True,True,223011068.0,2.0273733454545453,119.0,GB,GB,5,EON Productions,39,26910.1381529902,58316954,0.03693626962194808,0.4893617021276596,0.08505048047682763,0.1669701364000336,0.11390032336900285,0.4489795918367347
725201,The Gray Man,The Gray Man,en,English,2022-07-13,2022,7,2020,Action|Thriller,Action,2,10.4025,6.903,4448,Good,Medium,200000000.0,454023.0,True,True,-199545977.0,-0.997729885,128.0,US,US,5,AGBO|Roth-Kirschenbaum Films,26,78008.6895811877,333996304,0.03680237030284037,0.5963829787234041,0.10699428293394964,0.3035821767134392,0.00015528784257019378,0.4857142857142857
9339,Click,Click,en,English,2006-06-23,2006,6,2000,Comedy|Drama|Fantasy,Comedy,3,10.3929,6.314,7761,Mixed,Medium,82500000.0,240685326.0,True,True,158185326.0,1.917397890909091,107.0,US,US,3,Original Film|Revolution Studios|Columbia Pictures|Happy Madison Productions,57,46301.9876485519,298379912,0.0366656220620495,0.47106382978723405,0.18759275027368932,0.12522756852649303,0.08232199729927772,0.4
298312,The Visit,The Visit,en,English,2015-09-10,2015,9,2010,Horror|Thriller,Horror,2,10.3856,6.319,5290,Mixed,Medium,5000000.0,98450062.0,True,True,93450062.0,18.6900124,94.0,US,US,1,Blumhouse Productions|Blinding Edge Pictures,28,56849.4697923159,321815121,0.036561636420614795,0.47212765957446806,0.12747840895268214,0.007589422701060444,0.033673034963232394,0.3469387755102041
11013,Secretary,Secretary,en,English,2002-09-20,2002,9,2000,Romance|Drama|Comedy,Romance,3,10.3855,6.802,2006,Good,Medium,4000000.0,9300000.0,True,True,5300000.0,1.325,111.0,US,US,1,Slough Pond|double A Films|TwoPoundBag Productions,29,37997.7424300242,287625193,0.03656021195977323,0.5748936170212765,0.047585451891497384,0.0060715111420226045,0.0031808919705206516,0.4163265306122449
353491,The Dark Tower,The Dark Tower,en,English,2017-08-03,2017,8,2010,Fantasy|Action|Science Fiction,Fantasy,3,10.3839,5.808,5666,Mixed,Medium,60000000.0,113231078.0,True,True,53231078.0,0.8871846333333333,95.0,US,US,1,Columbia Pictures|MRC|Imagine Entertainment|Weed Road Pictures,27,60047.7190728307,326608609,0.036537420586308086,0.3634042553191489,0.1366257146332563,0.09107455844814162,0.03872861028576622,0.3510204081632653
62213,Dark Shadows,Dark Shadows,en,English,2012-05-09,2012,5,2010,Comedy|Fantasy,Comedy,2,10.3792,6.106,7730,Mixed,Medium,150000000.0,245527149.0,True,True,95527149.0,0.63684766,113.0,US,US,1,Village Roadshow Pictures|Infinitum Nihil|GK Films|The Zanuck Company|Warner Bros. Pictures,35,51708.3940614082,314339099,0.036470470926754234,0.42680851063829783,0.18683858411385476,0.2276865987615472,0.08397805401925398,0.42448979591836733
10661,You Don't Mess with the Zohan,You Don't Mess with the Zohan,en,English,2008-06-05,2008,6,2000,Comedy|Action,Comedy,2,10.3721,5.722,4172,Mixed,Medium,90000000.0,204313400.0,True,True,114313400.0,1.270148888888889,113.0,US,US,2,Relativity Media|Happy Madison Productions|Columbia Pictures,44,48570.0594269601,304093966,0.03636933420700264,0.3451063829787235,0.10027977131735799,0.13661190521927682,0.0698816473586088,0.42448979591836733
166424,Fantastic Four,Fantastic Four,en,English,2015-08-05,2015,8,2010,Action|Adventure|Science Fiction,Action,3,10.3684,4.434,6537,Poor,Medium,120000000.0,167977596.0,True,True,47977596.0,0.3998133,100.0,GB,GB|DE|US,1,20th Century Fox|Constantin Film|Marvel Entertainment|Marv|Genre Films|Robert Kulzer Productions|TSG Entertainment,42,45256.040227057,65087000,0.0363166291558645,0.07106382978723413,0.15781535093054372,0.18214925199041201,0.057453652285277865,0.37142857142857144
581392,Peninsula,반도,ko,Korean,2020-07-15,2020,7,2020,Horror|Action|Thriller|Adventure,Horror,4,10.3635,6.7,2661,Good,Medium,17000000.0,42698327.0,True,True,25698327.0,1.511666294117647,116.0,KR,KR,2,Next Entertainment World|RedPeter Films|Contents Panda|Union Investment Partners|Michigan Venture Capital,17,33645.7719545073,51836239,0.036246830574627506,0.5531914893617021,0.06352025301058266,0.02580436140951452,0.014604176932468805,0.43673469387755104
228165,The SpongeBob Movie: Sponge Out of Water,The SpongeBob Movie: Sponge Out of Water,en,English,2015-01-28,2015,1,2010,Adventure|Animation|Comedy|Family|Fantasy,Adventure,5,10.3627,6.1,2600,Mixed,Medium,74000000.0,325186032.0,True,True,251186032.0,3.3944058378378377,93.0,US,US,1,Paramount Animation|Paramount Pictures|Nickelodeon Movies|United Plankton Pictures|Disruption Entertainment,78,56849.4697923159,321815121,0.036235434887894935,0.4255319148936169,0.06203624863155334,0.11232532027467138,0.11122391337800232,0.34285714285714286
479455,Men in Black: International,Men in Black: International,en,English,2019-06-12,2019,6,2010,Comedy|Science Fiction|Action|Adventure,Comedy,4,10.3614,5.89,5497,Mixed,Medium,110000000.0,253890701.0,True,True,143890701.0,1.3080972818181817,115.0,CN,CN|US,2,Amblin Entertainment|Parkes+MacDonald Image Nation|Columbia Pictures|Tencent Pictures,36,10342.9009524335,1407745000,0.0362169168969545,0.3808510638297872,0.1325142926651259,0.1669701364000336,0.08683865352742909,0.4326530612244898
531219,Roald Dahl's The Witches,Roald Dahl's The Witches,en,English,2020-10-26,2020,10,2020,Comedy|Fantasy|Family|Horror,Comedy,4,10.3596,6.337,3044,Mixed,Medium,,29303571.0,False,True,,,104.0,MX,MX|GB|US,1,ImageMovers|Warner Bros. Pictures|Necropia Entertainment|Esperanto Filmoj|The Roald Dahl Story Company,60,8841.27074929751,126799054,0.03619127660180622,0.47595744680851054,0.07283785427563556,,0.010022746408006763,0.3877551020408163
1452,Superman Returns,Superman Returns,en,English,2006-06-28,2006,6,2000,Science Fiction|Action|Adventure,Science Fiction,3,10.3553,5.824,4699,Mixed,Medium,223000000.0,391081192.0,True,True,168081192.0,0.7537273183856502,154.0,US,US,1,Warner Bros. Pictures|Legendary Pictures|Peters Entertainment|Bad Hat Harry Productions|DC,55,46301.9876485519,298379912,0.036130024785618636,0.36680851063829784,0.11310059603454567,0.3384941425713095,0.1337621438196998,0.5918367346938775
375588,Robin Hood,Robin Hood,en,English,2018-11-03,2018,11,2010,Adventure|Action|Thriller|Fantasy,Adventure,4,10.3509,5.909,3213,Mixed,Medium,100000000.0,86493046.0,True,True,-13506954.0,-0.13506954,116.0,US,US,1,Appian Way|Safehouse Pictures|Summit Entertainment|Thunder Road|TIK Films|EMG Management|Lionsgate,16,62875.6661382728,328529577,0.03606734850858949,0.38489361702127656,0.07694927624376596,0.1517910208096552,0.029583357026293416,0.43673469387755104
495764,Birds of Prey (and the Fantabulous Emancipation of One Harley Quinn),Birds of Prey (and the Fantabulous Emancipation of One Harley Quinn),en,English,2020-02-05,2020,2,2020,Action|Crime,Action,2,10.3508,6.866,10992,Good,Medium,75000000.0,205537933.0,True,True,130537933.0,1.7405057733333333,109.0,US,US,1,Warner Bros. Pictures|DC Films|LuckyChap Entertainment|Clubhouse Pictures|Kroll & Co Entertainment,35,64465.2971415748,331578104,0.03606592404774792,0.5885106382978722,0.26619632648096336,0.11384323183370922,0.07030047640367772,0.40816326530612246
2675,Signs,Signs,en,English,2002-08-02,2002,8,2000,Thriller|Science Fiction|Horror,Thriller,3,10.3447,6.732,6542,Good,Medium,72000000.0,408200000.0,True,True,336200000.0,4.669444444444444,106.0,US,US,2,Touchstone Pictures|Blinding Edge Pictures|The Kennedy/Marshall Company,20,37997.7424300242,287625193,0.03597903193641206,0.5599999999999999,0.15793699063374286,0.1092894971565957,0.13961731800231314,0.39591836734693875
2300,Space Jam,Space Jam,en,English,1996-11-15,1996,11,1990,Family|Animation|Science Fiction|Fantasy|Comedy,Family,5,10.3446,6.809,6555,Good,Medium,80000000.0,250200000.0,True,True,170200000.0,2.1275,87.0,US,US,1,Warner Bros. Family Entertainment|Ivan Reitman Productions,28,29967.7127181749,269394000,0.035977607475570494,0.5763829787234043,0.15825325386206057,0.12143278962889842,0.08557631696690775,0.3183673469387755
265208,Wild Card,Wild Card,en,English,2015-01-14,2015,1,2010,Thriller|Crime|Action,Thriller,3,10.3442,5.713,1991,Mixed,Medium,30000000.0,6738764.0,True,True,-23261236.0,-0.7753745333333333,92.0,US,US|FR,1,SJ Pictures|SJ Heat Productions|Current Entertainment|Lionsgate|Sierra/Affinity|Silver State Production Services|Cinema Seven Productions,28,56849.4697923159,321815121,0.03597190963220422,0.34319148936170213,0.04722053278190001,0.04553721167700644,0.0023048681899642113,0.33877551020408164
10771,The Tuxedo,The Tuxedo,en,English,2002-09-27,2002,9,2000,Thriller|Action|Comedy|Science Fiction,Thriller,4,10.3405,5.736,2238,Mixed,Medium,60000000.0,104400000.0,True,True,44400000.0,0.74,99.0,US,US,2,DreamWorks Pictures|Vanguard Films|Paramount Pictures|Parkes+MacDonald Production,72,37997.7424300242,287625193,0.03591920458106607,0.3480851063829787,0.05322953411993675,0.09107455844814162,0.03570810208740074,0.3673469387755102
77931,The Smurfs 2,The Smurfs 2,en,English,2013-07-30,2013,7,2010,Fantasy|Family|Comedy|Animation,Fantasy,4,10.3355,5.746,2413,Mixed,Medium,105000000.0,347434178.0,True,True,242434178.0,2.308896933333333,105.0,US,US|CA|BE,1,NeoReel|Columbia Pictures|Sony Pictures Animation|Hemisphere Media Capital|The Kerner Entertainment Company,137,53297.3862901595,316726282,0.03584798153898749,0.3502127659574469,0.057486923731906094,0.15938057860484442,0.11883348351105201,0.39183673469387753
201085,Crimson Peak,Crimson Peak,en,English,2015-10-13,2015,10,2010,Horror|Mystery|Romance|Drama|Thriller,Horror,5,10.3332,6.7,5349,Good,Medium,55000000.0,74700000.0,True,True,19700000.0,0.35818181818181816,119.0,US,US,1,Double Dare You|Legendary Pictures,45,56849.4697923159,321815121,0.03581521893963134,0.5531914893617021,0.12891375745043182,0.08348500065295243,0.025549762019353012,0.4489795918367347
594767,Shazam! Fury of the Gods,Shazam! Fury of the Gods,en,English,2023-03-15,2023,3,2020,Comedy|Action|Fantasy,Comedy,3,10.3237,6.391,3782,Mixed,Medium,110000000.0,134221819.0,True,True,24221819.0,0.22019835454545456,130.0,US,US,2,The Safran Company|New Line Cinema|DC Films,39,82586.7847707894,336755052,0.03567989515968207,0.48744680851063826,0.0907918744678263,0.1669701364000336,0.04590810810927841,0.49387755102040815
9522,Wedding Crashers,Wedding Crashers,en,English,2005-07-13,2005,7,2000,Comedy|Romance,Comedy,2,10.3124,6.502,4826,Good,Medium,40000000.0,288500000.0,True,True,248500000.0,6.2125,119.0,US,US,1,Avery Pix|New Line Cinema|Tapestry Films,59,44123.3996470026,295516599,0.03551893108458449,0.511063829787234,0.11619024449580342,0.06071632726738483,0.09867612924321172,0.4489795918367347
41513,The Smurfs,The Smurfs,en,English,2011-07-29,2011,7,2010,Animation|Family|Adventure|Comedy|Fantasy,Animation,5,10.3116,5.755,4083,Mixed,Medium,110000000.0,563749323.0,True,True,453749323.0,4.124993845454545,103.0,US,US|BE,1,Columbia Pictures|Sony Pictures Animation|The Kerner Entertainment Company,61,50024.8812320773,311839461,0.03550753539785192,0.35212765957446807,0.09811458460041357,0.1669701364000336,0.19282010993458915,0.3836734693877551
17903,A Frozen Flower,쌍화점,ko,Korean,2008-12-30,2008,12,2000,Drama,Drama,1,10.3088,6.885,165,Good,Medium,10000000.0,18980744.0,True,True,8980744.0,0.8980744,133.0,KR,KR,1,Opus Pictures|Showbox|United Pictures|Sponge,27,22252.3125108061,49054708,0.035467650494287906,0.5925531914893616,0.0027977131735798565,0.015178980496249642,0.006492012834618719,0.5061224489795918
560016,Monkey Man,Monkey Man,en,English,2024-04-03,2024,4,2020,Thriller|Crime|Action,Thriller,3,10.3075,6.856,1509,Good,Medium,10000000.0,35271631.0,True,True,25271631.0,2.5271631,122.0,CA,CA|SG|US,2,Thunder Road|Bron Studios|Monkeypaw Productions|Minor Realm|Creative Wealth Media Finance|S'YA Concept|WME Independent,81,55015.7066917734,41262329,0.03544913250334747,0.5863829787234042,0.03549446539350444,0.015178980496249642,0.012064011829774873,0.46122448979591835
600354,The Father,The Father,en,English,2020-12-23,2020,12,2020,Drama,Drama,1,10.3059,8.093,3761,Excellent,Medium,6000000.0,21029340.0,True,True,15029340.0,2.50489,97.0,FR,FR|GB,1,Les Films du Cru|Film4 Productions|F Comme Film|Trademark Films|Ciné-@,39,39169.8606000707,67601110,0.03542634112988233,0.8495744680851063,0.09028098771438997,0.009107334260098283,0.007192697509030918,0.35918367346938773
9543,Prince of Persia: The Sands of Time,Prince of Persia: The Sands of Time,en,English,2010-05-19,2010,5,2010,Adventure|Fantasy|Action,Adventure,3,10.3008,6.311,7324,Mixed,Medium,200000000.0,336365676.0,True,True,136365676.0,0.68182838,116.0,US,US,1,Walt Disney Pictures|Jerry Bruckheimer Films,46,48642.6312088213,309378227,0.0353536936269622,0.47042553191489356,0.17696144021408589,0.3035821767134392,0.11504770548546728,0.43673469387755104
17979,A Christmas Carol,A Christmas Carol,en,English,2009-11-04,2009,11,2000,Animation|Drama|Family|Fantasy,Animation,4,10.2837,6.9,4985,Good,Medium,200000000.0,325286646.0,True,True,125286646.0,0.62643323,96.0,US,US,1,Walt Disney Pictures|ImageMovers Digital,66,47194.9500893872,306771529,0.035110110823053466,0.5957446808510638,0.12005838705753558,0.3035821767134392,0.111258326550649,0.3551020408163265
4478,Indecent Proposal,Indecent Proposal,en,English,1993-04-07,1993,4,1990,Romance|Drama,Romance,2,10.2826,6.407,1669,Mixed,Medium,38000000.0,266614059.0,True,True,228614059.0,6.0161594473684215,117.0,US,US,1,Paramount Pictures,20,26387.2937338171,259919000,0.03509444175379619,0.4908510638297872,0.03938693589587641,0.05768050414930915,0.09119044468471917,0.44081632653061226
41446,Scream 4,Scream 4,en,English,2011-04-13,2011,4,2010,Horror|Mystery,Horror,2,10.2806,6.5,4297,Mixed,Medium,40000000.0,97231420.0,True,True,57231420.0,1.4307855,111.0,US,US,1,Dimension Films|Outerbanks Entertainment|Corvus Corax Productions,33,50024.8812320773,311839461,0.035065952536964755,0.5106382978723404,0.10332076389733609,0.06071632726738483,0.03325622082662614,0.4163265306122449
370663,Below Her Mouth,Below Her Mouth,en,English,2017-02-10,2017,2,2010,Drama|Romance,Drama,2,10.2635,6.813,1321,Good,Medium,,33673.0,False,True,,,91.0,CA,CA,1,Serendipity Point Films,19,45129.7335281051,36545075,0.034822369733056045,0.5772340425531913,0.03092081255321737,,1.1514837600366824e-05,0.3346938775510204
9603,Clueless,Clueless,en,English,1995-07-19,1995,7,1990,Comedy|Romance,Comedy,2,10.259,7.247,4922,Good,Medium,12000000.0,56631572.0,True,True,44631572.0,3.719297666666667,97.0,US,US,2,Paramount Pictures|Robert Lawrence Productions|Scott Rudin Productions,73,28690.8757013347,266278000,0.034758268995185325,0.6695744680851062,0.11852572679722662,0.01821480361432532,0.019369787739250813,0.35918367346938773
688,The Bridges of Madison County,The Bridges of Madison County,en,English,1995-06-02,1995,6,1990,Drama|Romance,Drama,2,10.251,7.716,2436,Good,Medium,24000000.0,182000000.0,True,True,158000000.0,6.583333333333333,135.0,US,US,1,Malpaso Productions|Warner Bros. Pictures|Amblin Entertainment,17,28690.8757013347,266278000,0.034644312127859594,0.7693617021276595,0.058046466366622064,0.036429742322779395,0.06224975829213149,0.5142857142857142
103663,The Hunt,Jagten,da,Danish,2012-10-25,2012,10,2010,Drama,Drama,1,10.2498,8.097,4978,Excellent,Medium,3800000.0,18300000.0,True,True,14500000.0,3.8157894736842106,116.0,DK,DK|SE,3,Zentropa International Sweden|Zentropa Entertainments|Film i Väst,45,58443.7747103968,5591572,0.03462721859776075,0.8504255319148935,0.1198880914730568,0.005767928830215036,0.006259176839626022,0.43673469387755104
1493,Miss Congeniality,Miss Congeniality,en,English,2000-12-22,2000,12,2000,Comedy|Crime|Action,Comedy,3,10.2475,6.5,4338,Mixed,Medium,45000000.0,212000000.0,True,True,167000000.0,3.7111111111111112,110.0,US,US,4,Village Roadshow Pictures|Castle Rock Entertainment|NPV Entertainment|Fortis Films,54,36329.9702595751,282162411,0.03459445599840461,0.5106382978723404,0.10431820946356891,0.06830588506257403,0.07251070785581606,0.4122448979591837
49520,The Change-Up,The Change-Up,en,English,2011-08-05,2011,8,2010,Comedy,Comedy,1,10.2433,6.16,3051,Mixed,Medium,52000000.0,75500000.0,True,True,23500000.0,0.4519230769230769,112.0,US,US,1,Universal Pictures|Relativity Media|Original Film|Big Kid Pictures,111,50024.8812320773,311839461,0.0345346286430586,0.43829787234042555,0.07300814986011434,0.07893126597583891,0.02582338734105127,0.4204081632653061
10054,Spy Kids,Spy Kids,en,English,2001-03-18,2001,3,2000,Family|Action|Comedy|Adventure|Science Fiction,Family,5,10.243,5.819,3798,Mixed,Medium,35000000.0,147934180.0,True,True,112934180.0,3.226690857142857,88.0,US,US,2,Troublemaker Studios|Dimension Films|Miramax,66,37133.6203973517,284968955,0.03453035526053389,0.3657446808510638,0.0911811215180635,0.053126769472195634,0.050598169596612924,0.3224489795918367
547016,The Old Guard,The Old Guard,en,English,2020-07-09,2020,7,2020,Action|Fantasy,Action,2,10.2411,7.087,4957,Good,Medium,70000000.0,,True,False,,,125.0,US,US,5,Skydance Media|Denver & Delilah Productions|Marc Evans Productions,22,64465.2971415748,331578104,0.034503290504544024,0.6355319148936169,0.11937720471962049,0.10625367403852003,,0.47346938775510206
3176,Battle Royale,バトル・ロワイアル,ja,Japanese,2000-12-16,2000,12,2000,Drama|Thriller|Action,Drama,3,10.2373,7.264,3944,Good,Medium,4500000.0,30600000.0,True,True,26100000.0,5.8,113.0,JP,JP,2,Toei Company|WOWOW|AM Associates|Kobi|Nippan Group Holdings|MF Pictures|GAGA Communications,25,39752.937397755,126843000,0.0344491609925643,0.6731914893617021,0.09473300085147793,0.006830466921541524,0.010466166160736695,0.42448979591836733
406759,Moonfall,Moonfall,en,English,2022-02-02,2022,2,2020,Science Fiction|Adventure|Action,Science Fiction,3,10.2323,6.284,3791,Mixed,Medium,146000000.0,67319703.0,True,True,-78680297.0,-0.5389061438356164,131.0,HK,HK|GB|US,3,Centropolis Entertainment|Street Entertainment|Lionsgate|AGC Studios|Huayi Tencent Entertainment|Huayi Brothers International,25,48825.0272275805,7346100,0.03437793795048574,0.4646808510638297,0.09101082593358473,0.22161495252539584,0.02302546684328593,0.49795918367346936
1645,A Time to Kill,A Time to Kill,en,English,1996-07-24,1996,7,1990,Crime|Drama|Thriller,Crime,3,10.2247,7.392,3087,Good,Medium,40000000.0,152266007.0,True,True,112266007.0,2.806650175,149.0,US,US,1,Regency Enterprises|Warner Bros. Pictures,24,29967.7127181749,269394000,0.03426967892652631,0.7004255319148937,0.07388395572314803,0.06071632726738483,0.05207979154213316,0.5714285714285714
1125510,The Platform 2,El hoyo 2,es,Spanish,2024-09-27,2024,9,2020,Science Fiction|Horror|Thriller,Science Fiction,3,10.2244,5.56,1487,Mixed,Medium,,,False,False,,,101.0,ES,ES,1,Basque Films,24,35326.7683069278,48848840,0.034265405544001586,0.3106382978723404,0.03495925069942829,,,0.37551020408163266
974576,Conclave,Conclave,en,English,2024-10-25,2024,10,2020,Drama|Thriller,Drama,2,10.2221,7.189,3611,Good,Medium,20000000.0,115657988.0,True,True,95657988.0,4.7828994,120.0,GB,GB|US,4,FilmNation Entertainment|House Productions|Indian Paintbrush,54,53341.3131094262,69281000,0.03423264294464544,0.6572340425531914,0.08663179661841625,0.03035809608662804,0.039558690322619605,0.4530612244897959
9741,Unbreakable,Unbreakable,en,English,2000-11-22,2000,11,2000,Thriller|Drama|Mystery,Thriller,3,10.2216,7.146,10140,Good,Medium,75000000.0,248118121.0,True,True,173118121.0,2.308241613333333,106.0,US,US,1,Barry Mendel Productions|Blinding Edge Pictures|Touchstone Pictures,47,36329.9702595751,282162411,0.0342255206404376,0.6480851063829787,0.24546892105583262,0.11384323183370922,0.08486424845301795,0.39591836734693875
435,The Day After Tomorrow,The Day After Tomorrow,en,English,2004-05-26,2004,5,2000,Science Fiction|Thriller|Adventure,Science Fiction,3,10.2211,6.564,9125,Good,Medium,125000000.0,552639571.0,True,True,427639571.0,3.421116568,124.0,US,US,5,20th Century Fox|Centropolis Entertainment|Lionsgate|The Mark Gordon Company,73,41724.6411982614,292805298,0.034218398336229736,0.5242553191489362,0.22077606130641042,0.1897388097856012,0.18902022310335437,0.46938775510204084
9286,Final Destination 3,Final Destination 3,en,English,2006-02-09,2006,2,2000,Horror|Mystery,Horror,2,10.2155,6.159,4734,Mixed,Medium,25000000.0,118890272.0,True,True,93890272.0,3.75561088,92.0,US,US,2,New Line Cinema|Hard Eight Pictures|Matinee Pictures|Practical Pictures|Kumar Mobiliengesellschaft mbH & Co. Projekt Nr. 1,31,46301.9876485519,298379912,0.03413862852910174,0.43808510638297865,0.11395207395693954,0.037947653881817235,0.04066423375926976,0.33877551020408164
399035,The Commuter,The Commuter,en,English,2018-01-11,2018,1,2010,Action|Thriller|Mystery,Action,3,10.2085,6.367,4740,Mixed,Medium,30000000.0,119942387.0,True,True,89942387.0,2.9980795666666666,104.0,US,US|FR|ES,1,StudioCanal|The Picture Company|Ombra Films,28,62875.6661382728,328529577,0.03403891627019174,0.48234042553191486,0.1140980416007785,0.04553721167700644,0.041024090390942965,0.3877551020408163
581528,"The Gangster, the Cop, the Devil",악인전,ko,Korean,2019-05-15,2019,5,2010,Action|Crime|Thriller,Action,3,10.2084,7.874,1571,Good,Medium,6500000.0,25775371.0,True,True,19275371.0,2.9654416923076923,110.0,KR,KR,1,Acemaker Movieworks|BA Entertainment|Kiwi Media Group|B&C Content,82,33826.9443301597,51764822,0.034037491809350146,0.8029787234042551,0.03700279771317358,0.009866290039617203,0.008815990332987031,0.4122448979591837
1991,Death Proof,Death Proof,en,English,2007-05-22,2007,5,2000,Action|Thriller,Action,2,10.2084,6.8,5794,Good,Medium,25000000.0,31126421.0,True,True,6126421.0,0.24505684,113.0,US,US,1,Dimension Films|Troublemaker Studios|Rodriguez International Pictures,42,48050.227412195,301231207,0.034037491809350146,0.5744680851063829,0.13973969103515388,0.037947653881817235,0.010646218805078843,0.42448979591836733
675445,PAW Patrol: The Movie,PAW Patrol: The Movie,en,English,2021-08-09,2021,8,2020,Action|Adventure|Animation|Comedy|Family,Action,5,10.1753,7.306,1289,Good,Medium,26000000.0,144327371.0,True,True,118327371.0,4.55105273076923,86.0,CA,CA|FR|US,1,Spin Master|Nickelodeon Movies|Paramount Pictures|Mikros Image|Mikros Animation,23,52886.6407813788,38239864,0.03356599527079,0.682127659574468,0.030142318452742976,0.039465565440855076,0.04936452675545147,0.3142857142857143
158015,The Purge,The Purge,en,English,2013-05-31,2013,5,2010,Science Fiction|Horror|Thriller,Science Fiction,3,10.1743,6.246,9005,Mixed,Medium,3000000.0,91266581.0,True,True,88266581.0,29.422193666666665,85.0,FR,FR|US,1,Universal Pictures|Why Not Productions|Platinum Dunes|Blumhouse Productions,36,42669.1795111893,65997932,0.0335517506623743,0.4565957446808511,0.21785670842963142,0.004553599582984765,0.031216057088809517,0.31020408163265306
500664,Upgrade,Upgrade,en,English,2018-05-31,2018,5,2010,Action|Thriller|Science Fiction,Action,3,10.1667,7.5,5240,Good,Medium,3000000.0,16976561.0,True,True,13976561.0,4.6588536666666664,100.0,AU,AU|US,1,Goalpost Pictures|Automatik Entertainment|Blumhouse Productions|Nervous Tick Productions|Film Victoria|BH Tilt|Fulcrum Media Finance,63,57410.1737346009,24963258,0.03344349163841487,0.7234042553191489,0.12626201192069092,0.004553599582984765,0.005806518811972251,0.37142857142857144
57165,Wrath of the Titans,Wrath of the Titans,en,English,2012-03-28,2012,3,2010,Fantasy|Adventure|Action,Fantasy,3,10.1666,5.773,4603,Mixed,Medium,150000000.0,301970083.0,True,True,151970083.0,1.0131338866666666,99.0,US,US|ES,1,"Thunder Road|Legendary Pictures|Cott Productions|Furia de Titanes II, A.I.E.|Warner Bros. Pictures",35,51708.3940614082,314339099,0.033442067177573295,0.35595744680851055,0.11076511373312249,0.2276865987615472,0.1032833239859332,0.3673469387755102
484641,Anna,Anna,en,English,2019-06-19,2019,6,2010,Action|Adventure|Thriller,Action,3,10.1665,6.719,3091,Good,Medium,34000000.0,31626978.0,True,True,-2373022.0,-0.06979476470588235,119.0,FR,FR|GP|RU|RS|US,4,EuropaCorp|TF1 Films Production|Summit Entertainment|Work in Progress|Fetish Film|Skyprod|Ondamax Films,26,40408.2848574751,67382061,0.0334406427167317,0.5572340425531915,0.07398126748570734,0.051608857913157793,0.010817425142770485,0.4489795918367347
579974,RRR,రౌద్రం రణం రుధిరం,te,Telugu,2022-03-24,2022,3,2020,Action|History|Drama,Action,3,10.1634,7.714,1694,Good,Medium,69000000.0,160000000.0,True,True,91000000.0,1.318840579710145,187.0,IN,IN,3,DVV Entertainment,21,2279.98145719369,1425423212,0.03339648443064299,0.768936170212766,0.03999513441187204,0.10473576247948219,0.054725061945429476,0.726530612244898
614930,Teenage Mutant Ninja Turtles: Mutant Mayhem,Teenage Mutant Ninja Turtles: Mutant Mayhem,en,English,2023-07-31,2023,7,2020,Animation|Comedy|Action|Science Fiction,Animation,4,10.1626,7.221,1667,Good,Medium,75000000.0,180513586.0,True,True,105513586.0,1.4068478133333333,100.0,CA,CA|FR|US,2,Paramount Pictures|Nickelodeon Movies|Point Grey Pictures|Cinesite Animation|Mikros Animation,60,54847.5370112652,40049088,0.03338508874391042,0.6640425531914893,0.039338280014596765,0.11384323183370922,0.061741357655973,0.37142857142857144
969492,Land of Bad,Land of Bad,en,English,2024-02-09,2024,2,2020,Action|War|Thriller,Action,3,10.1572,7.285,1592,Good,Medium,18000000.0,7021101.0,True,True,-10978899.0,-0.6099388333333333,113.0,US,US|AU|CZ,2,Broken Open Pictures|Volition Media Partners|Highland Film Group|Hoodlum Entertainment|R.U. Robot Studios|Moonbow|Gosdom Entertainment|Short Porch Pictures|The Avenue Entertainment,55,86169.6641581917,340003797,0.03330816785846556,0.6776595744680851,0.0375136844666099,0.027322272968552358,0.0024014363805296116,0.42448979591836733
1584,The School of Rock,The School of Rock,en,English,2003-10-03,2003,10,2000,Comedy|Family|Music,Comedy,3,10.1529,7.09,6371,Good,Medium,35000000.0,131098967.0,True,True,96098967.0,2.7456847714285715,110.0,US,US,1,Paramount Pictures|Scott Rudin Productions|Munich Film Partners New Century & Company (MFP) SOR Productions,81,39490.3023903176,290107933,0.03324691604227801,0.6361702127659573,0.1537769127843328,0.053126769472195634,0.04483999388038336,0.4122448979591837
1267,Meet the Robinsons,Meet the Robinsons,en,English,2007-03-23,2007,3,2000,Animation|Comedy|Family|Science Fiction|Adventure,Animation,5,10.1528,6.947,3230,Good,Medium,150000000.0,169332978.0,True,True,19332978.0,0.12888652,95.0,US,US,1,Walt Disney Animation Studios,34,48050.227412195,301231207,0.033245491581436415,0.6057446808510638,0.07736285123464298,0.2276865987615472,0.057917235829995396,0.3510204081632653
242828,When Marnie Was There,思い出のマーニー,ja,Japanese,2014-07-19,2014,7,2010,Animation|Drama|Family,Animation,3,10.1523,7.919,2019,Good,Medium,,34949567.0,False,True,,,103.0,JP,JP,1,Studio Ghibli|Hakuhodo DY Media Partners|KDDI|Nippon Television Network Corporation|TOHO|dentsu|Mitsubishi|Walt Disney Japan,43,39172.8471161948,127276000,0.03323836927722857,0.8125531914893616,0.04790171511981511,,0.01195385574776559,0.3836734693877551
900667,One Piece Film Red,ONE PIECE FILM RED,ja,Japanese,2022-08-06,2022,8,2020,Animation|Adventure|Action|Fantasy|Music,Animation,5,10.1484,7.208,1154,Good,Medium,,171315305.0,False,True,,,115.0,JP,JP,1,Toei Animation|Shueisha|Toei Company|Fuji Television Network|Bandai|Bandai Namco Entertainment|ADK Emotions|dentsu,26,35548.2645222433,125124989,0.03318281530440729,0.6612765957446808,0.026858046466366622,,0.05859525440885307,0.4326530612244898
14411,Sinbad: Legend of the Seven Seas,Sinbad: Legend of the Seven Seas,en,English,2003-07-02,2003,7,2000,Action|Adventure|Animation|Family|Fantasy,Action,5,10.1351,7.064,2292,Good,Medium,60000000.0,80767884.0,True,True,20767884.0,0.3461314,86.0,US,US,1,DreamWorks Animation|DreamWorks Pictures,43,39490.3023903176,290107933,0.03299336201247827,0.6306382978723404,0.05454324291448729,0.09107455844814162,0.027625170408762632,0.3142857142857143
97630,Zero Dark Thirty,Zero Dark Thirty,en,English,2012-12-19,2012,12,2010,Thriller|Drama,Thriller,2,10.1334,6.991,5013,Good,Medium,40000000.0,132800000.0,True,True,92800000.0,2.32,157.0,US,US,2,Annapurna Pictures|First Light|Mark Boal Productions,33,51708.3940614082,314339099,0.03296914617817156,0.6151063829787232,0.12073956939545068,0.06071632726738483,0.0454218010076888,0.6040816326530613
545609,Extraction,Extraction,en,English,2020-04-23,2020,4,2020,Action|Thriller,Action,2,10.1216,7.283,6788,Good,Medium,65000000.0,,True,False,,,116.0,US,US,3,AGBO|Thematic Entertainment|TGIM Films,23,64465.2971415748,331578104,0.03280105979886614,0.6772340425531915,0.16392166403113975,0.09866411624333082,,0.43673469387755104
258489,The Legend of Tarzan,The Legend of Tarzan,en,English,2016-06-29,2016,6,2010,Fantasy|Action|Adventure,Fantasy,3,10.1216,5.924,6622,Mixed,Medium,180000000.0,356743061.0,True,True,176743061.0,0.9819058944444444,109.0,CA,CA|GB|US,1,Village Roadshow Pictures|Dark Horse Entertainment|Beagle Pug Films|Jerry Weintraub Productions|RatPac Entertainment|Riche Productions|Warner Bros. Pictures,25,42314.1033623905,36110803,0.03280105979886614,0.3880851063829788,0.15988322588492884,0.27322394553268237,0.12201741614296002,0.40816326530612246
169917,A Walk Among the Tombstones,A Walk Among the Tombstones,en,English,2014-09-18,2014,9,2010,Crime|Drama|Mystery|Thriller,Crime,4,10.1153,6.343,3095,Mixed,Medium,28000000.0,58834384.0,True,True,30834384.0,1.101228,114.0,US,US,1,Traveling Picture Show Company|Jersey Films|Free State Pictures|Exclusive Media|Cross Creek Pictures|1984 Private Defense Contractors|Da Vinci Media Ventures|Double Feature Films,19,55153.3940182967,319257560,0.03271131876584712,0.47723404255319146,0.07407857924826663,0.04250138855893076,0.020123219166926783,0.42857142857142855
454,Romeo + Juliet,Romeo + Juliet,en,English,1996-11-01,1996,11,1990,Drama|Romance,Drama,2,10.1125,6.78,5450,Good,Medium,14500000.0,147298761.0,True,True,132798761.0,9.15853524137931,120.0,AU,AU|US,1,20th Century Fox|Bazmark,45,22055.838490507,18224767,0.032671433862283134,0.5702127659574469,0.13137087945505413,0.02200958251191992,0.05038083618625269,0.4530612244897959
71676,Ghost Rider: Spirit of Vengeance,Ghost Rider: Spirit of Vengeance,en,English,2011-12-10,2011,12,2010,Action|Fantasy|Thriller,Action,3,10.1116,5.02,4187,Mixed,Medium,57000000.0,132563930.0,True,True,75563930.0,1.3256829824561402,96.0,AE,AE|US,1,Columbia Pictures|Crystal Sky Pictures|Michael De Luca Productions|Hyde Park Entertainment|Arad Productions|Image Nation Studios|Marvel Entertainment,40,51921.8890746408,7104538,0.03265861371470897,0.19574468085106378,0.10064469042695535,0.0865208237710281,0.045341057595572165,0.3551020408163265
241554,Run All Night,Run All Night,en,English,2015-03-11,2015,3,2010,Action|Crime|Thriller,Action,3,10.0933,6.438,3044,Mixed,Medium,50000000.0,71561644.0,True,True,21561644.0,0.43123288,114.0,US,US|ES,1,RatPac Entertainment|Vertigo Entertainment|Energy Entertainment|Ombra Films|Warner Bros. Pictures,99,56849.4697923159,321815121,0.032397937380701396,0.4974468085106382,0.07283785427563556,0.07589544285776323,0.024476344931723452,0.42857142857142855
10501,The Road to El Dorado,The Road to El Dorado,en,English,2000-03-31,2000,3,2000,Family|Adventure|Animation|Comedy|Fantasy,Family,5,10.0926,7.303,4222,Good,Medium,95000000.0,76400000.0,True,True,-18600000.0,-0.1957894736842105,90.0,US,US,1,DreamWorks Pictures|DreamWorks Animation,37,36329.9702595751,282162411,0.03238796615481039,0.6814893617021276,0.10149616834934923,0.144201463014466,0.026131215827961806,0.3306122448979592
58574,Sherlock Holmes: A Game of Shadows,Sherlock Holmes: A Game of Shadows,en,English,2011-11-22,2011,11,2010,Action|Adventure|Mystery,Action,3,10.0902,7.146,11146,Good,Medium,125000000.0,334615000.0,True,True,209615000.0,1.67692,129.0,US,US,1,Village Roadshow Pictures|Silver Pictures|Wigram Productions|Lin Pictures,35,50024.8812320773,311839461,0.03235377909461268,0.6480851063829787,0.2699428293394964,0.1897388097856012,0.11444891888085551,0.4897959183673469
587792,Palm Springs,Palm Springs,en,English,2020-07-10,2020,7,2020,Comedy|Romance|Science Fiction,Comedy,3,10.0677,7.338,3883,Good,Medium,5000000.0,1818417.0,True,True,-3181583.0,-0.6363166,90.0,US,US,2,Limelight|The Lonely Island|Sun Entertainment Culture Los Angeles,34,64465.2971415748,331578104,0.03203327540525911,0.6889361702127659,0.09324899647244861,0.007589422701060444,0.0006219537765366552,0.3306122448979592
136799,Trolls,Trolls,en,English,2016-10-13,2016,10,2010,Adventure|Animation|Comedy|Family|Fantasy,Adventure,5,10.0677,6.622,3898,Good,Medium,125000000.0,347337803.0,True,True,222337803.0,1.778702424,92.0,US,US,1,DreamWorks Animation,52,57976.628204291,324353340,0.03203327540525911,0.536595744680851,0.09361391558204599,0.1897388097856012,0.11880052021057867,0.33877551020408164
8055,The Reader,The Reader,en,English,2008-12-10,2008,12,2000,Drama|Romance,Drama,2,10.0658,7.461,3472,Good,Medium,32000000.0,108902486.0,True,True,76902486.0,2.4032026875,124.0,DE,DE|US,4,The Weinstein Company|Mirage Enterprises|Studio Babelsberg,74,46379.1647953479,82110097,0.03200621064926924,0.7151063829787234,0.0832502128694806,0.04857303479508211,0.0372480948126406,0.46938775510204084
11459,Sky High,Sky High,en,English,2005-07-29,2005,7,2000,Adventure|Comedy|Family,Adventure,3,10.0644,6.268,2534,Mixed,Medium,35000000.0,86369815.0,True,True,51369815.0,1.467709,100.0,US,US,1,Max Stronghold Productions Inc.|Walt Disney Pictures|Gunn Films,35,44123.3996470026,295516599,0.03198626819748724,0.4612765957446808,0.0604306045493249,0.053126769472195634,0.029541208123770667,0.37142857142857144
839369,May December,May December,en,English,2023-11-16,2023,11,2020,Drama,Drama,1,10.0629,6.565,1082,Good,Medium,20000000.0,4232370.0,True,True,-15767630.0,-0.7883815,117.0,US,US,1,Gloria Sanchez Productions|Killer Films|MountainA|Taylor & Dodge|Project Infinity,30,82586.7847707894,336755052,0.03196490128486369,0.524468085106383,0.025106434740299232,0.03035809608662804,0.0014476021092734905,0.44081632653061226
1226578,Longlegs,Longlegs,en,English,2024-07-10,2024,7,2020,Crime|Horror|Mystery,Crime,3,10.0617,6.518,2858,Good,Medium,10000000.0,127961936.0,True,True,117961936.0,11.7961936,101.0,CA,CA|US,1,C2 Motion Picture Group|Saturn Films|Oddfellows Entertainment|Traffic.|Range Media Partners,56,55015.7066917734,41262329,0.03194780775476482,0.5144680851063829,0.06831285731662814,0.015178980496249642,0.04376702998469286,0.37551020408163266
448119,Dolittle,Dolittle,en,English,2020-01-02,2020,1,2020,Family|Comedy|Fantasy|Adventure,Family,4,10.0617,6.571,3949,Good,Medium,175000000.0,251410631.0,True,True,76410631.0,0.4366321771428571,101.0,CN,CN|US,2,Universal Pictures|Team Downey|Perfect World Pictures|Roth-Kirschenbaum Films,82,10627.4637989619,1411100000,0.03194780775476482,0.5257446808510637,0.09485464055467704,0.2656343877374932,0.08599039108794884,0.37551020408163266
431693,Spies in Disguise,Spies in Disguise,en,English,2019-12-04,2019,12,2010,Animation|Action|Adventure|Comedy|Family,Animation,5,10.0576,7.543,3047,Good,Medium,100000000.0,171616764.0,True,True,71616764.0,0.71616764,102.0,US,US,1,Chernin Entertainment|Blue Sky Studios|20th Century Fox Animation,68,65227.9565911038,330226227,0.0318894048602604,0.7325531914893616,0.07291083809755504,0.1517910208096552,0.05869836292867036,0.3795918367346939
6557,27 Dresses,27 Dresses,en,English,2008-01-10,2008,1,2000,Comedy|Romance,Comedy,2,10.0533,6.451,3505,Mixed,Medium,30000000.0,160300000.0,True,True,130300000.0,4.343333333333334,111.0,US,US,1,Fox 2000 Pictures|Spyglass Entertainment|Dune Entertainment III,21,48570.0594269601,304093966,0.03182815304407282,0.5002127659574467,0.08405303491059482,0.04553721167700644,0.05482767144106632,0.4163265306122449
232672,Blended,Blended,en,English,2014-05-21,2014,5,2010,Comedy|Romance,Comedy,2,10.0532,6.898,3894,Good,Medium,40000000.0,128000000.0,True,True,88000000.0,2.2,117.0,US,US,1,GulfStream Pictures|Happy Madison Productions|RatPac Entertainment,80,55153.3940182967,319257560,0.031826728583231254,0.5953191489361701,0.09351660381948668,0.06071632726738483,0.043780049077499265,0.44081632653061226
14873,The Jungle Book 2,The Jungle Book 2,en,English,2003-02-07,2003,2,2000,Family|Animation|Adventure,Family,3,10.0437,5.901,1221,Mixed,Medium,20000000.0,135700000.0,True,True,115700000.0,5.785,72.0,US,US,1,DisneyToon Studios,65,39490.3023903176,290107933,0.03169140480328195,0.38319148936170205,0.028488018489234886,0.03035809608662804,0.04641369279884497,0.2571428571428571
782,Gattaca,Gattaca,en,English,1997-07-09,1997,7,1990,Science Fiction|Drama,Science Fiction,2,10.0423,7.568,7140,Good,Medium,36000000.0,12532777.0,True,True,-23467223.0,-0.6518673055555556,107.0,US,US,2,Jersey Films|Columbia Pictures,43,31459.1299691554,272657000,0.031671462351499945,0.7378723404255317,0.1724850991363581,0.054644681031233475,0.004286604028775302,0.4
838209,Exhuma,파묘,ko,Korean,2024-02-22,2024,2,2020,Mystery|Horror|Thriller,Mystery,3,10.0368,7.669,811,Good,Medium,,97974828.0,False,True,,,134.0,KR,KR,3,Showbox|MCMC|Pinetown Production,37,36238.639908315,51751065,0.03159311700521352,0.7593617021276594,0.018513562826906704,,0.03351048989306746,0.5102040816326531
438799,Overlord,Overlord,en,English,2018-11-01,2018,11,2010,Horror|War|Science Fiction,Horror,3,10.0356,6.7,3232,Good,Medium,38000000.0,41657844.0,True,True,3657844.0,0.09625905263157895,110.0,US,US,4,Bad Robot|Paramount Pictures,28,62875.6661382728,328529577,0.03157602347511467,0.5531914893617021,0.07741150711592264,0.05768050414930915,0.014248298812973098,0.4122448979591837
109414,This Is the End,This Is the End,en,English,2013-06-12,2013,6,2010,Action|Comedy,Action,2,10.0326,6.233,7018,Mixed,Medium,32000000.0,126041322.0,True,True,94041322.0,2.9387913125,106.0,US,US,1,Columbia Pictures|Mandate Pictures|Point Grey Pictures,21,53297.3862901595,316726282,0.03153328964986753,0.45382978723404244,0.16951709037829948,0.04857303479508211,0.043110119205182644,0.39591836734693875
11852,The Hot Chick,The Hot Chick,en,English,2002-12-13,2002,12,2000,Comedy|Fantasy,Comedy,2,10.031,6.358,2250,Mixed,Medium,34000000.0,54639553.0,True,True,20639553.0,0.6070456764705883,104.0,US,US,1,Touchstone Pictures|Happy Madison Productions,80,37997.7424300242,287625193,0.031510498276402385,0.4804255319148935,0.053521469407614645,0.051608857913157793,0.018688454189620767,0.3877551020408163
615173,The Witch: Part 2. The Other One,마녀 2,ko,Korean,2022-06-15,2022,6,2020,Action|Mystery|Thriller|Science Fiction,Action,4,10.029,7.436,479,Good,Medium,,23068596.0,False,True,,,137.0,KR,KR,5,Peppermint & Company|Next Entertainment World|Studio & New|Goldmoon Film|Contents Panda|Warner Bros. Korea,42,34822.4048404971,51672569,0.03148200905957095,0.7097872340425531,0.010436686534484856,,0.007890187607812288,0.5224489795918368
869,Planet of the Apes,Planet of the Apes,en,English,2001-07-26,2001,7,2000,Thriller|Science Fiction|Action|Adventure,Thriller,4,10.0266,5.779,4546,Mixed,Medium,100000000.0,362211740.0,True,True,262211740.0,2.6221174,120.0,US,US,1,20th Century Fox|The Zanuck Company,44,37133.6203973517,284968955,0.03144782199937324,0.35723404255319147,0.10937842111665247,0.1517910208096552,0.1238878774562594,0.4530612244897959
682507,Where the Crawdads Sing,Where the Crawdads Sing,en,English,2022-07-14,2022,7,2020,Drama|Mystery|Romance,Drama,3,10.0187,7.51,2386,Good,Medium,24000000.0,144353965.0,True,True,120353965.0,5.014748541666667,126.0,US,US,1,3000 Pictures|Hello Sunshine|HarperCollins Publishers,42,78008.6895811877,333996304,0.0313352895928891,0.7255319148936169,0.05683006933463083,0.036429742322779395,0.049373622745208026,0.4775510204081633
136795,The Heat,The Heat,en,English,2013-06-27,2013,6,2010,Action|Comedy|Crime,Action,3,10.0181,6.589,4270,Good,Medium,43000000.0,229930771.0,True,True,186930771.0,4.347227232558139,117.0,GB,GB|US,3,Chernin Entertainment|TSG Entertainment|Ingenious Media|Big Screen Productions|20th Century Fox,83,43607.6636827371,64138000,0.03132674282783967,0.5295744680851064,0.10266390950006082,0.06527006194449834,0.078643599084782,0.44081632653061226
1571,Live Free or Die Hard,Live Free or Die Hard,en,English,2007-06-20,2007,6,2000,Action|Thriller,Action,2,10.0177,6.642,6511,Good,Medium,110000000.0,383531464.0,True,True,273531464.0,2.486649672727273,128.0,GB,GB|US,3,Dune Entertainment|Cheyenne Enterprises|Wintergreen Productions|20th Century Fox|Ingenious Film Partners,38,50629.0799172887,61322463,0.03132104498447337,0.5408510638297873,0.15718282447390827,0.1669701364000336,0.1311798978787819,0.4857142857142857
51540,Horrible Bosses,Horrible Bosses,en,English,2011-07-08,2011,7,2010,Comedy|Crime,Comedy,2,10.0174,6.574,6963,Good,Medium,35000000.0,209838559.0,True,True,174838559.0,4.9953874,98.0,US,US,1,New Line Cinema|RAT Entertainment,64,50024.8812320773,311839461,0.031316771601948665,0.5263829787234042,0.16817905364310912,0.053126769472195634,0.07177142661962006,0.363265306122449
49049,Dredd,Dredd,en,English,2012-09-07,2012,9,2010,Action|Science Fiction,Action,2,10.0168,6.9,5712,Good,Medium,50000000.0,41037742.0,True,True,-8962258.0,-0.17924516,96.0,ZA,ZA|GB|US|IN,1,Rena Film|DNA Films|Reliance Big Entertainment|IM Global|Peach Trees,87,8076.97678479741,53782567,0.03130822483689923,0.5957446808510638,0.13774479990268823,0.07589544285776323,0.014036204301428433,0.3551020408163265
274862,The Lego Ninjago Movie,The Lego Ninjago Movie,en,English,2017-09-21,2017,9,2010,Animation|Comedy|Adventure|Action|Family,Animation,5,10.0166,6.502,1208,Good,Medium,70000000.0,123081555.0,True,True,53081555.0,0.7583079285714286,101.0,AU,AU|US,1,Lin Pictures|Lord Miller|Vertigo Entertainment|Warner Animation Group|Animal Logic|The LEGO Group,41,54117.547718609,24592588,0.031305375915216094,0.511063829787234,0.028171755260917163,0.10625367403852003,0.04209778520827405,0.37551020408163266
399174,Isle of Dogs,Isle of Dogs,en,English,2018-03-23,2018,3,2010,Adventure|Comedy|Animation,Adventure,3,10.0128,7.847,5553,Good,Medium,35000000.0,72991435.0,True,True,37991435.0,1.0854695714285714,101.0,US,US|DE,2,Studio Babelsberg|American Empirical Pictures|Indian Paintbrush|Scott Rudin Productions,49,62875.6661382728,328529577,0.03125124640323638,0.7972340425531915,0.13387665734095608,0.053126769472195634,0.024965378709643788,0.37551020408163266
64686,47 Ronin,47 Ronin,en,English,2013-12-06,2013,12,2010,Drama|Action|Fantasy,Drama,3,10.0109,6.213,4253,Mixed,Medium,175000000.0,151783839.0,True,True,-23216161.0,-0.13266377714285715,119.0,JP,JP|US|GB,2,Mid Atlantic Films|Stuber Pictures|Moving Picture Company|H2F Entertainment|Universal Pictures|Relativity Media,50,41369.1948479498,127445000,0.031224181647246507,0.44957446808510637,0.1022503345091838,0.2656343877374932,0.0519148748244924,0.4489795918367347
550205,Wish Dragon,Wish Dragon,en,English,2021-01-15,2021,1,2020,Animation|Family|Comedy|Fantasy|Romance|Adventure,Animation,6,10.0103,7.849,1561,Good,Medium,,25860000.0,False,True,,,99.0,US,US|CN|CZ,2,Sony Pictures Animation|Tencent Pictures|Base Media|Alkay Animation Prague,25,71441.2319805947,332100166,0.0312156348821971,0.797659574468085,0.03675951830677533,,0.008844936129674534,0.3673469387755102
10995,The Lover,L'Amant,fr,French,1992-01-22,1992,1,1990,Drama|Romance,Drama,2,10.009,7.012,779,Good,Medium,,5013090.0,False,True,,,115.0,FR,FR|GB|VN,2,Timothy Burrill Productions|Renn Productions|Grai Phang Film Studio|Films A2,47,23615.0168565483,58846584,0.031197116891256663,0.6195744680851062,0.017735068726432306,,0.0017146330607188177,0.4326530612244898
6947,The Village,The Village,en,English,2004-07-30,2004,7,2000,Drama|Mystery|Thriller,Drama,3,10.006,6.495,4720,Mixed,Medium,60000000.0,256700000.0,True,True,196700000.0,3.2783333333333333,108.0,US,US,1,Touchstone Pictures|Blinding Edge Pictures|Scott Rudin Productions,28,41724.6411982614,292805298,0.031154383066009518,0.5095744680851063,0.113611482787982,0.09107455844814162,0.08779952270570607,0.40408163265306124
521029,Annabelle Comes Home,Annabelle Comes Home,en,English,2019-06-26,2019,6,2010,Horror,Horror,1,9.979,6.404,3925,Mixed,Medium,27000000.0,231252591.0,True,True,204252591.0,7.5649107777777775,106.0,US,US,1,Atomic Monster|The Safran Company|New Line Cinema,69,65227.9565911038,330226227,0.030769778638785206,0.49021276595744673,0.09427076997932125,0.040983476999892916,0.07909570336319098,0.39591836734693875
443791,Underwater,Underwater,en,English,2020-01-08,2020,1,2020,Horror|Science Fiction|Action|Adventure,Horror,4,9.9781,6.3,3609,Mixed,Medium,50000000.0,40882928.0,True,True,-9117072.0,-0.18234144,95.0,US,US,1,Chernin Entertainment|20th Century Fox|TSG Entertainment,32,64465.2971415748,331578104,0.03075695849121107,0.4680851063829787,0.0865831407371366,0.07589544285776323,0.01398325301323669,0.3510204081632653
522212,Just Mercy,Just Mercy,en,English,2019-12-25,2019,12,2010,Drama|Crime|History,Drama,3,9.9724,7.843,2548,Good,Medium,25000000.0,50401502.0,True,True,25401502.0,1.01606008,137.0,US,US,1,Netter Productions|Outlier Society|Endeavor Content|MACRO|One Community|Participant|Warner Bros. Pictures,45,65227.9565911038,330226227,0.030675764223241506,0.7963829787234041,0.06077119571828245,0.037947653881817235,0.01723890660431,0.5224489795918368
9360,Anaconda,Anaconda,en,English,1997-04-11,1997,4,1990,Adventure|Horror|Thriller,Adventure,3,9.9535,5.283,2896,Mixed,Medium,45000000.0,136885767.0,True,True,91885767.0,2.041905933333333,90.0,BR,BR|PE|US,1,St. Tropez Films|Cinema Line Film Corporation|Middle Fork Productions|Skylight Cinema Foto Art|Columbia Pictures|Skylight Cinema Foto Art (US),29,5299.39630404412,166661659,0.030406541124184495,0.25170212765957456,0.0692373190609415,0.06830588506257403,0.04681926264488769,0.3306122448979592
473033,Uncut Gems,Uncut Gems,en,English,2019-08-30,2019,8,2010,Drama|Thriller|Crime,Drama,3,9.9523,7.172,5569,Good,Medium,19000000.0,50023780.0,True,True,31023780.0,1.6328305263157894,136.0,US,US,2,A24|Elara Pictures,54,65227.9565911038,330226227,0.030389447594085628,0.6536170212765956,0.1342659043911933,0.0288401845275902,0.017109713724606866,0.5183673469387755
10201,Yes Man,Yes Man,en,English,2008-12-09,2008,12,2000,Comedy|Romance,Comedy,2,9.952,6.693,7569,Good,Medium,70000000.0,223200000.0,True,True,153200000.0,2.1885714285714286,104.0,GB,GB|US,3,Warner Bros. Pictures|Village Roadshow Pictures|Heyday Films|The Zanuck Company,25,47652.4030691881,61806995,0.030385174211560922,0.5517021276595744,0.18292178567084297,0.10625367403852003,0.07634146235959163,0.3877551020408163
664,Twister,Twister,en,English,1996-05-10,1996,5,1990,Action|Adventure|Drama,Action,3,9.9437,6.6,3992,Good,Medium,92000000.0,494471524.0,True,True,402471524.0,4.374690478260869,113.0,US,US,1,Warner Bros. Pictures|Universal Pictures|Amblin Entertainment,56,29967.7127181749,269394000,0.030266943961710487,0.5319148936170212,0.09590074200218951,0.1396477283373525,0.16912490988718656,0.42448979591836733
338766,Hell or High Water,Hell or High Water,en,English,2016-08-11,2016,8,2010,Western|Crime|Drama,Western,3,9.9413,7.304,4997,Good,Medium,12000000.0,37600000.0,True,True,25600000.0,2.1333333333333333,102.0,US,US,1,Sidney Kimmel Entertainment|Film 44|OddLot Entertainment|Estrella Media|Lionsgate|CBS Films|Sierra/Affinity|MWM Studios,22,57976.628204291,324353340,0.030232756901512777,0.6817021276595745,0.12035032234521348,0.01821480361432532,0.01286038772559643,0.3795918367346939
278924,Mechanic: Resurrection,Mechanic: Resurrection,en,English,2016-08-25,2016,8,2010,Action|Crime|Thriller|Adventure,Action,4,9.9377,6.1,3755,Mixed,Medium,40000000.0,125729635.0,True,True,85729635.0,2.143240875,99.0,US,US|DE|FR,2,Davis Films|ME2 Productions|Millennium Media|Summit Entertainment|Nu Image Entertainment|Winkler Films,46,57976.628204291,324353340,0.030181476311216197,0.4255319148936169,0.09013502007055103,0.06071632726738483,0.04300351238562744,0.3673469387755102
4977,Paprika,パプリカ,ja,Japanese,2006-10-01,2006,10,2000,Animation|Science Fiction|Thriller,Animation,3,9.9366,7.813,2982,Good,Medium,2600000.0,946590.0,True,True,-1653410.0,-0.6359269230769231,90.0,JP,JP,2,Madhouse|Sony Pictures,43,36354.4271646349,127854000,0.03016580724195892,0.7899999999999998,0.07132952195596642,0.003946434959369628,0.00032376134736137436,0.3306122448979592
796,Cruel Intentions,Cruel Intentions,en,English,1999-03-05,1999,3,1990,Drama|Romance,Drama,2,9.9362,6.824,3686,Good,Medium,10500000.0,76347426.0,True,True,65847426.0,6.271183428571429,97.0,US,US,1,Newmarket Capital Group|Original Film|Neal H. Moritz Productions,42,34515.3813073394,279040000,0.030160109398592625,0.5795744680851063,0.08845639216640311,0.01593793627576856,0.0261132338558831,0.35918367346938773
417384,Scary Stories to Tell in the Dark,Scary Stories to Tell in the Dark,en,English,2019-08-08,2019,8,2010,Horror|Mystery,Horror,2,9.9342,6.489,2926,Mixed,Medium,25000000.0,104545505.0,True,True,79545505.0,3.1818202,108.0,CA,CA|HK|US,1,1212 Entertainment|Double Dare You|Entertainment One|CBS Films|Rolling Hills|Hivemind|Starlight Culture Entertainment Group,44,46352.9695208927,37618495,0.03013162018176121,0.5082978723404254,0.06996715728013624,0.037947653881817235,0.03575786940294287,0.40408163265306124
527641,Five Feet Apart,Five Feet Apart,en,English,2019-03-14,2019,3,2010,Romance|Drama,Romance,2,9.9284,8.213,5982,Excellent,Medium,7000000.0,92600000.0,True,True,85600000.0,12.228571428571428,116.0,US,US,3,Wayfarer Entertainment|CBS Films,81,65227.9565911038,330226227,0.030049001452950055,0.8751063829787231,0.14431334387544095,0.010625245819136124,0.031672128592351474,0.43673469387755104
8619,Master and Commander: The Far Side of the World,Master and Commander: The Far Side of the World,en,English,2003-11-14,2003,11,2000,Adventure|Drama|War,Adventure,3,9.9284,7.202,3661,Good,Medium,150000000.0,211623421.0,True,True,61623421.0,0.41082280666666665,138.0,US,US,3,20th Century Fox|Miramax|Universal Pictures|Samuel Goldwyn Films,63,39490.3023903176,290107933,0.030049001452950055,0.6599999999999999,0.0878481936504075,0.2276865987615472,0.0723819059182913,0.5265306122448979
11631,Mamma Mia!,Mamma Mia!,en,English,2008-07-03,2008,7,2000,Comedy|Romance,Comedy,2,9.9201,6.961,7168,Good,Medium,52000000.0,609841637.0,True,True,557841637.0,10.727723788461539,108.0,DE,DE|GB|US,2,Littlestar|Playtone|Internationale Filmproduktion Richter,34,46379.1647953479,82110097,0.029930771203099622,0.6087234042553191,0.1731662814742732,0.07893126597583891,0.2085851402421729,0.40408163265306124
396422,Annabelle: Creation,Annabelle: Creation,en,English,2017-08-03,2017,8,2010,Horror,Horror,1,9.9173,6.608,6091,Good,Medium,15000000.0,306592201.0,True,True,291592201.0,19.43948006666667,110.0,US,US,2,Atomic Monster|New Line Cinema|The Safran Company|RatPac Entertainment,39,60047.7190728307,326608609,0.02989088629953561,0.5336170212765956,0.14696508940518185,0.02276853829143884,0.10486423464177982,0.4122448979591837
1094138,Jackpot!,Jackpot!,en,English,2024-08-13,2024,8,2020,Comedy|Action,Comedy,2,9.913,6.348,840,Mixed,Medium,,,False,False,,,107.0,US,US,1,Roth-Kirschenbaum Films|Feigco Entertainment|Amazon MGM Studios|Big Indie Pictures,60,86169.6641581917,340003797,0.029829634483348053,0.4782978723404255,0.019219073105461622,,,0.4
1211957,The Painter,The Painter,en,English,2024-01-05,2024,1,2020,Action|Thriller,Action,2,9.9088,6.01,152,Mixed,Medium,,,False,False,,,100.0,US,US,1,SP Media Group,48,86169.6641581917,340003797,0.029769807128002042,0.4063829787234042,0.0024814499452621335,,,0.37142857142857144
11220,Fallen Angels,墮落天使,cn,Cantonese,1995-09-06,1995,9,1990,Action|Romance|Crime,Action,3,9.9087,7.7,1369,Good,Medium,,,False,False,,,98.0,HK,HK,4,Jet Tone Production,23,23497.3920767477,6156100,0.029768382667160472,0.7659574468085105,0.03208855370392896,,,0.363265306122449
62835,Colombiana,Colombiana,en,English,2011-07-27,2011,7,2010,Action|Thriller|Crime|Drama,Action,4,9.9002,6.647,2953,Good,Medium,40000000.0,71508440.0,True,True,31508440.0,0.787711,108.0,FR,FR,2,A.J.O.Z. Films|EuropaCorp|Grive Productions|CinéCinéma|Canal+|TF1 Films Production,56,43929.7840873812,65340830,0.0296473034956269,0.5419148936170213,0.0706240116774115,0.06071632726738483,0.024458147479703908,0.40408163265306124
7214,Coach Carter,Coach Carter,en,English,2005-01-14,2005,1,2000,Drama|History,Drama,2,9.8994,7.586,3397,Good,Medium,30000000.0,76669554.0,True,True,46669554.0,1.5556518,136.0,DE,DE|US,1,Paramount Pictures|MTV Films|Tollin/Robbins Productions|Munich Movie Development & Production & Company (MMDP) Projekt 1,29,35084.4363546269,82469422,0.029635907808894333,0.7417021276595744,0.08142561732149374,0.04553721167700644,0.02622341182791812,0.5183673469387755
39538,Contagion,Contagion,en,English,2011-09-08,2011,9,2010,Drama|Thriller|Science Fiction,Drama,3,9.8966,6.654,6713,Good,Medium,60000000.0,137551594.0,True,True,77551594.0,1.2925265666666668,106.0,US,US|AE,3,Participant|Image Nation Studios|Double Feature Films|Regency Enterprises|Warner Bros. Pictures,36,50024.8812320773,311839461,0.02959602290533032,0.5434042553191488,0.1620970684831529,0.09107455844814162,0.04704699655372567,0.39591836734693875
949423,Pearl,Pearl,en,English,2022-09-16,2022,9,2020,Horror,Horror,1,9.8915,7.235,2735,Good,Medium,1000000.0,9847490.0,True,True,8847490.0,8.84749,102.0,US,US,2,A24|Little Lamb Productions,40,78008.6895811877,333996304,0.029523375402410196,0.6670212765957447,0.06532052061792969,0.0015177764649090852,0.003368150879741374,0.3795918367346939
9374,Death Becomes Her,Death Becomes Her,en,English,1992-07-30,1992,7,1990,Comedy|Fantasy|Horror,Comedy,3,9.8702,6.8,3077,Good,Medium,55000000.0,149000000.0,True,True,94000000.0,1.709090909090909,104.0,US,US,1,Universal Pictures|South Side Amusement Company,50,25418.9907763319,256514000,0.029219965243155472,0.5744680851063829,0.07364067631674978,0.08348500065295243,0.05096271377207846,0.3877551020408163
9023,Spirit: Stallion of the Cimarron,Spirit: Stallion of the Cimarron,en,English,2002-05-24,2002,5,2000,Animation|Adventure|Family|Drama|Western,Animation,5,9.8662,7.708,5018,Good,Medium,80000000.0,122563539.0,True,True,42563539.0,0.5320442375,83.0,US,US,1,DreamWorks Animation|DreamWorks Pictures,13,37997.7424300242,287625193,0.029162986809492593,0.7676595744680851,0.1208612090986498,0.12143278962889842,0.04192060733996799,0.3020408163265306
837335,La Chimera,La chimera,it,Italian,2023-10-12,2023,10,2020,Drama|Fantasy|Comedy,Drama,3,9.8655,7.307,626,Good,Medium,,4933288.0,False,True,,,131.0,IT,IT|FR|CH|TR,4,Tempesta|RAI Cinema|Ad Vitam Production|Amka Films|ARTE France Cinéma|RSI|TRT 12 PUNTO,57,39279.699782164,58984216,0.029153015583601616,0.6823404255319149,0.014012893808539107,,0.0016873382508161125,0.49795918367346936
879,Hook,Hook,en,English,1991-04-10,1991,4,1990,Adventure|Fantasy|Comedy|Family,Adventure,4,9.8582,6.845,5869,Good,Medium,70000000.0,300854823.0,True,True,230854823.0,3.2979260428571426,142.0,US,US,1,Amblin Entertainment|TriStar Pictures|Allied Stars,48,24342.2589048189,252981000,0.02904902994216689,0.5840425531914892,0.14156428658314074,0.10625367403852003,0.10290186976558671,0.5428571428571428
1878,Fear and Loathing in Las Vegas,Fear and Loathing in Las Vegas,en,English,1998-05-22,1998,5,1990,Adventure|Drama|Comedy,Adventure,3,9.855,7.2,5175,Good,Medium,18500000.0,10700000.0,True,True,-7800000.0,-0.42162162162162165,118.0,US,US,1,Summit Entertainment|Universal Pictures|Fear and Loathing LLC|Rhino Films|Shark Productions,76,32853.6725949234,275854000,0.029003447195236606,0.6595744680851063,0.1246806957791023,0.02808122874807128,0.003659736283492598,0.4448979591836735
1272,Sunshine,Sunshine,en,English,2007-04-05,2007,4,2000,Science Fiction|Thriller,Science Fiction,2,9.8454,6.973,4423,Good,Medium,50000000.0,34800000.0,True,True,-15200000.0,-0.304,108.0,GB,GB,1,Ingenious Media|Moving Picture Company|UK Film Council|DNA Films,47,50629.0799172887,61322463,0.028866698954445737,0.6112765957446807,0.10638608441795402,0.07589544285776323,0.011902699099652535,0.40408163265306124
397243,The Autopsy of Jane Doe,The Autopsy of Jane Doe,en,English,2016-12-21,2016,12,2010,Horror|Mystery,Horror,2,9.8301,6.843,4881,Good,Medium,4000000.0,6170043.0,True,True,2170043.0,0.54251075,86.0,GB,GB|US,1,IM Global|Impostor Pictures|42,36,41258.5374285695,65606000,0.028648756445685306,0.5836170212765956,0.11752828123099379,0.0060715111420226045,0.0021103476067372696,0.3142857142857143
10715,Looney Tunes: Back in Action,Looney Tunes: Back in Action,en,English,2003-11-14,2003,11,2000,Animation|Comedy|Family,Animation,3,9.8298,6.38,1659,Mixed,Medium,80000000.0,68500000.0,True,True,-11500000.0,-0.14375,92.0,US,US|DE,1,Goldmann Pictures|Lonely Film Productions|Warner Bros. Pictures|Warner Bros. Feature Animation|Spring Creek Pictures|Baltimore Pictures,64,39490.3023903176,290107933,0.0286444830631606,0.4851063829787233,0.039143656489478165,0.12143278962889842,0.023429165776191536,0.33877551020408164
8584,Shanghai Noon,Shanghai Noon,en,English,2000-05-26,2000,5,2000,Adventure|Comedy|Western,Adventure,3,9.8279,6.4,2856,Mixed,Medium,55000000.0,99274467.0,True,True,44274467.0,0.8049903090909091,110.0,US,US|HK,3,Touchstone Pictures|Spyglass Entertainment|Birnbaum/Barber Productions|Golden Way Films,48,36329.9702595751,282162411,0.02861741830717073,0.4893617021276596,0.0682642014353485,0.08348500065295243,0.03395500756740071,0.4122448979591837
718789,Lightyear,Lightyear,en,English,2022-06-15,2022,6,2020,Animation|Science Fiction|Family|Adventure,Animation,4,9.8208,6.862,3939,Good,Medium,200000000.0,226425420.0,True,True,26425420.0,0.1321271,105.0,US,US,1,Pixar,21,78008.6895811877,333996304,0.028516281587419163,0.587659574468085,0.0946113611482788,0.3035821767134392,0.07744465809098161,0.39183673469387753
763285,Ambulance,Ambulance,en,English,2022-03-16,2022,3,2020,Thriller|Action|Drama|Crime,Thriller,4,9.8128,6.625,2546,Good,Medium,40000000.0,52303589.0,True,True,12303589.0,0.307589725,136.0,US,US|JP,3,Bay Films|Endeavor Content|New Republic Pictures|Project X Entertainment|Universal Pictures,41,78008.6895811877,333996304,0.028402324720093432,0.5372340425531914,0.0607225398370028,0.06071632726738483,0.017889480563401335,0.5183673469387755
21966,Blood and Bones,血と骨,ja,Japanese,2004-11-06,2004,11,2000,Drama,Drama,1,9.8128,6.6,57,Good,Medium,,,False,False,,,144.0,JP,JP,2,Lighthouse Pictures|Artist Film|Be-Wild|Chi to Hone Seisaku Iinkai|Toshiba Entertainment|Xanadu|Asahi Broadcasting Corporation,44,38677.5708064787,127761000,0.028402324720093432,0.5319148936170212,0.00017029558447877386,,,0.5510204081632653
15789,A Goofy Movie,A Goofy Movie,en,English,1995-04-05,1995,4,1990,Adventure|Comedy|Romance|Animation|Family,Adventure,5,9.8127,7.039,1966,Good,Medium,18000000.0,35348597.0,True,True,17348597.0,0.9638109444444445,78.0,AU,AU|CA|FR|US,1,Walt Disney Pictures|Walt Disney Animation|Phoenix Animation Studios|Pixibox|Walt Disney Animation|Walt Disney Feature Animation,65,20479.1748274233,18004882,0.028400900259251866,0.6253191489361701,0.046612334265904394,0.027322272968552358,0.012090336637912157,0.2816326530612245
11212,Baby's Day Out,Baby's Day Out,en,English,1994-07-01,1994,7,1990,Comedy|Adventure|Family|Crime,Comedy,4,9.8034,6.419,1509,Mixed,Medium,50000000.0,16671505.0,True,True,-33328495.0,-0.6665699,99.0,US,US,2,20th Century Fox|Hughes Entertainment,94,27694.853416234,263126000,0.028268425400985724,0.49340425531914883,0.03549446539350444,0.07589544285776323,0.005702180004302272,0.3673469387755102
568160,Weathering with You,天気の子,ja,Japanese,2019-07-19,2019,7,2010,Animation|Drama|Fantasy|Romance,Animation,4,9.8001,7.972,2711,Good,Medium,11100000.0,192729404.0,True,True,181629404.0,16.36300936936937,112.0,JP,JP,1,"CoMix Wave Films|Story|TOHO|KADOKAWA|jeki|Lawson Entertainment|""Weathering With You"" Film Partners",96,41424.8655601543,126633000,0.028221418193213874,0.8238297872340425,0.0647366500425739,0.016848683211191266,0.06591955406854468,0.4204081632653061
13027,Eagle Eye,Eagle Eye,en,English,2008-09-25,2008,9,2000,Mystery|Thriller|Action,Mystery,3,9.7991,6.507,3226,Good,Medium,80000000.0,178800000.0,True,True,98800000.0,1.235,118.0,DE,DE|GB|US,1,KMP Film Invest|K/O Paper Products|DreamWorks Pictures|Goldcrest Pictures,64,46379.1647953479,82110097,0.028207173584798143,0.5121276595744679,0.07726553947208369,0.12143278962889842,0.06115525700533847,0.4448979591836735
2164,Stargate,Stargate,en,English,1994-10-28,1994,10,1990,Action|Adventure|Science Fiction,Action,3,9.7988,7.035,3969,Good,Medium,55000000.0,196567262.0,True,True,141567262.0,2.5739502181818184,121.0,US,US|FR,3,Le Studio Canal+|Centropolis Entertainment|Carolco Pictures|Metro-Goldwyn-Mayer,21,27694.853416234,263126000,0.028202900202273437,0.624468085106383,0.09534119936747354,0.08348500065295243,0.06723222298089745,0.45714285714285713
9208,Broken Arrow,Broken Arrow,en,English,1996-02-09,1996,2,1990,Action|Thriller,Action,2,9.7986,6.067,1737,Mixed,Medium,50000000.0,150300000.0,True,True,100300000.0,2.006,108.0,US,US,1,The Mark Gordon Company|WCG Entertainment Productions,59,29967.7127181749,269394000,0.0282000512805903,0.4185106382978724,0.0410412358593845,0.07589544285776323,0.05140735491983813,0.40408163265306124
8078,Alien Resurrection,Alien Resurrection,en,English,1997-11-12,1997,11,1990,Science Fiction|Horror|Action,Science Fiction,3,9.7978,6.171,5752,Mixed,Medium,70000000.0,162000000.0,True,True,92000000.0,1.3142857142857143,109.0,US,US,1,20th Century Fox|Brandywine Productions,48,31459.1299691554,272657000,0.02818865559385773,0.44063829787234043,0.13871791752828122,0.10625367403852003,0.05540912524967511,0.40816326530612246
1656,The Legend of Zorro,The Legend of Zorro,en,English,2005-10-24,2005,10,2000,Action|Adventure|Western,Action,3,9.7855,6.119,3171,Mixed,Medium,75000000.0,142400065.0,True,True,67400065.0,0.8986675333333334,130.0,US,US,2,Columbia Pictures|Spyglass Entertainment|Amblin Entertainment,30,44123.3996470026,295516599,0.028013446910344443,0.4295744680851063,0.07592750273689332,0.11384323183370922,0.04870532710012525,0.49387755102040815
365177,Borderlands,Borderlands,en,English,2024-08-07,2024,8,2020,Action|Science Fiction|Comedy,Action,3,9.7804,5.538,1573,Mixed,Medium,115000000.0,33017367.0,True,True,-81982633.0,-0.7128924608695653,101.0,US,US|LU,1,Lionsgate|Arad Productions|Picturestart|Gearbox Studios|2K|Hercules Film Fund,38,86169.6641581917,340003797,0.02794079940742429,0.3059574468085107,0.03705145359445323,0.1745596941952228,0.011292982189533878,0.37551020408163266
9714,Home Alone 3,Home Alone 3,en,English,1997-12-12,1997,12,1990,Comedy|Family,Comedy,2,9.7747,5.281,3364,Mixed,Medium,32000000.0,79082515.0,True,True,47082515.0,1.47132859375,102.0,US,US,2,20th Century Fox|Hughes Entertainment,48,31459.1299691554,272657000,0.027859605139454704,0.2512765957446808,0.08062279528037952,0.04857303479508211,0.02704872086525605,0.3795918367346939
1005331,Carry-On,Carry-On,en,English,2024-12-05,2024,12,2020,Thriller|Action,Thriller,2,9.7706,6.874,2917,Good,Medium,47000000.0,,True,False,,,120.0,US,US,1,Dylan Clark Productions|DreamWorks Pictures,23,86169.6641581917,340003797,0.027801202244950283,0.5902127659574467,0.06974820581437781,0.07134170818064971,,0.4530612244897959
13186,Wrong Turn 2: Dead End,Wrong Turn 2: Dead End,en,English,2007-08-25,2007,8,2000,Horror|Thriller,Horror,2,9.7612,6.178,1612,Mixed,Medium,4000000.0,,True,False,,,97.0,DE,DE|US,1,20th Century Fox|Summit Entertainment|Constantin Film,50,42350.9217211489,82266372,0.027667302925842574,0.44212765957446803,0.0380002432794064,0.0060715111420226045,,0.35918367346938773
747188,Asteroid City,Asteroid City,en,English,2023-06-08,2023,6,2020,Comedy|Drama,Comedy,2,9.7576,6.461,2615,Mixed,Medium,25000000.0,53857743.0,True,True,28857743.0,1.15430972,105.0,US,US|DE,1,Indian Paintbrush|American Empirical Pictures|Studio Babelsberg,21,82586.7847707894,336755052,0.027616022335545994,0.5023404255319149,0.06240116774115071,0.037947653881817235,0.018421050423674624,0.39183673469387753
2057,Original Sin,Original Sin,en,English,2001-05-08,2001,5,2000,Thriller|Drama|Mystery|Romance|History,Thriller,5,9.7528,6.135,924,Mixed,Medium,42000000.0,35402320.0,True,True,-6597680.0,-0.15708761904761906,116.0,FR,FR|CH|US|GB,6,Epsilon Motion Pictures|Via Rosa Productions|Di Novi Pictures|Intermedia Films|Metro-Goldwyn-Mayer|Hyde Park Entertainment|UGC Films,28,22331.7948343036,61364377,0.027547648215150572,0.43297872340425525,0.021262620119206908,0.0637521503854605,0.012108711604359152,0.43673469387755104
10040,Miss Congeniality 2: Armed and Fabulous,Miss Congeniality 2: Armed and Fabulous,en,English,2005-03-11,2005,3,2000,Action|Comedy,Action,2,9.7482,5.739,2014,Mixed,Medium,,101393569.0,False,True,,,115.0,US,US,1,Village Roadshow Pictures|Castle Rock Entertainment|Fortis Films,43,44123.3996470026,295516599,0.027482123016438285,0.3487234042553191,0.04778007541661598,,0.03467980752547748,0.4326530612244898
616820,Halloween Ends,Halloween Ends,en,English,2022-10-12,2022,10,2020,Horror|Thriller,Horror,2,9.7464,6.021,2086,Mixed,Medium,33000000.0,105400796.0,True,True,72400796.0,2.1939635151515153,111.0,US,US,1,Universal Pictures|Blumhouse Productions|Miramax|Rough House Pictures|Trancas International Films,60,78008.6895811877,333996304,0.027456482721289983,0.4087234042553191,0.04953168714268337,0.05009094635411995,0.036050405996718646,0.4163265306122449
11247,A Cinderella Story,A Cinderella Story,en,English,2004-07-16,2004,7,2000,Comedy|Family|Romance,Comedy,3,9.7438,6.594,3438,Good,Medium,19000000.0,70067909.0,True,True,51067909.0,2.687784684210526,95.0,US,US,3,Dylan Sellers Productions|Gaylord Films|Clifford Werber Productions|Warner Bros. Pictures,25,41724.6411982614,292805298,0.027419446739409135,0.5306382978723404,0.08242306288772655,0.0288401845275902,0.02396544028183977,0.3510204081632653
11969,Tombstone,Tombstone,en,English,1993-12-25,1993,12,1990,Western|Action,Western,2,9.7428,7.582,2546,Good,Medium,25000000.0,73205065.0,True,True,48205065.0,1.9282026,130.0,US,US,1,Cinergi Pictures|Alphaville Films,56,26387.2937338171,259919000,0.027405202130993428,0.7408510638297872,0.0607225398370028,0.037947653881817235,0.025038446931486786,0.49387755102040815
11551,Small Soldiers,Small Soldiers,en,English,1998-07-10,1998,7,1990,Comedy|Adventure|Fantasy|Science Fiction|Action,Comedy,5,9.7408,6.568,2405,Good,Medium,40000000.0,54682547.0,True,True,14682547.0,0.367063675,110.0,US,US,1,DreamWorks Pictures|Universal Pictures|Amblin Entertainment,21,32853.6725949234,275854000,0.02737671291416199,0.5251063829787233,0.057292300206787494,0.06071632726738483,0.018703159498472136,0.4122448979591837
10140,The Chronicles of Narnia: The Voyage of the Dawn Treader,The Chronicles of Narnia: The Voyage of the Dawn Treader,en,English,2010-12-02,2010,12,2010,Adventure|Family|Fantasy,Adventure,3,9.7287,6.444,6010,Mixed,Medium,155000000.0,415686217.0,True,True,260686217.0,1.6818465612903226,113.0,GB,GB|US,1,Fox 2000 Pictures|Walden Media|C.S. Lewis Company,35,39778.3220528565,62766365,0.02720435315233184,0.4987234042553191,0.14499452621335604,0.2352761565567364,0.14217784117097307,0.42448979591836733
299710,Being 14,À 14 ans,fr,French,2015-02-25,2015,2,2010,Drama,Drama,1,9.7201,4.1,65,Poor,Medium,,,False,False,,,90.0,FR,FR,1,Les Films du Lendemain,33,36702.4323733379,66548272,0.0270818495199567,0.0,0.0003649191095973726,,,0.3306122448979592
293863,The Age of Adaline,The Age of Adaline,en,English,2015-04-16,2015,4,2010,Romance|Fantasy|Drama,Romance,3,9.7151,7.467,7193,Good,Medium,25000000.0,65663276.0,True,True,40663276.0,1.62653104,112.0,US,US,1,Lakeshore Entertainment|Sidney Kimmel Entertainment|Lionsgate,36,56849.4697923159,321815121,0.027010626477878115,0.7163829787234041,0.17377447999026882,0.037947653881817235,0.022458916379855084,0.4204081632653061
1624,Liar Liar,Liar Liar,en,English,1997-03-21,1997,3,1990,Comedy|Fantasy,Comedy,2,9.7023,6.719,6403,Good,Medium,45000000.0,302710615.0,True,True,257710615.0,5.726902555555555,86.0,US,US,1,Universal Pictures|Imagine Entertainment,22,31459.1299691554,272657000,0.026828295490156962,0.5572340425531915,0.1545554068848072,0.06830588506257403,0.10353660936934303,0.3142857142857143
678512,Sound of Freedom,Sound of Freedom,en,English,2023-07-03,2023,7,2020,Action|Drama,Action,2,9.6932,7.952,2836,Good,Medium,14500000.0,250600000.0,True,True,236100000.0,16.282758620689656,131.0,US,US,2,Santa Fe Films,27,82586.7847707894,336755052,0.02669866955357396,0.8195744680851063,0.067777642622552,0.02200958251191992,0.08571312962775687,0.49795918367346936
320,Insomnia,Insomnia,en,English,2002-05-24,2002,5,2000,Thriller|Crime|Drama,Thriller,3,9.6899,6.953,5528,Good,Medium,46000000.0,113714830.0,True,True,67714830.0,1.4720615217391304,118.0,US,US,1,Alcon Entertainment|Witt/Thomas Productions|Section Eight,25,37997.7424300242,287625193,0.02665166234580211,0.6070212765957447,0.13326845882496047,0.06982379662161187,0.03889406878154394,0.4448979591836735
497582,Enola Holmes,Enola Holmes,en,English,2020-09-22,2020,9,2020,Adventure|Mystery|Crime,Adventure,3,9.6811,7.216,6820,Good,Medium,21000000.0,,True,False,,,124.0,US,US,1,PCMA Productions|Legendary Pictures,24,64465.2971415748,331578104,0.02652630979174383,0.6629787234042552,0.16470015813161415,0.03187600764566588,,0.46938775510204084
23398,Alvin and the Chipmunks: The Squeakquel,Alvin and the Chipmunks: The Squeakquel,en,English,2009-12-21,2009,12,2000,Comedy|Family|Animation|Fantasy|Music,Comedy,5,9.6747,5.7,3190,Mixed,Medium,75000000.0,443140005.0,True,True,368140005.0,4.9085334,89.0,US,US,2,Fox 2000 Pictures|Bagdasarian Productions|Regency Enterprises|20th Century Fox|Dune Entertainment,82,47194.9500893872,306771529,0.026435144297883243,0.34042553191489366,0.07638973360904999,0.11384323183370922,0.1515679056376427,0.32653061224489793
458897,Charlie's Angels,Charlie's Angels,en,English,2019-11-14,2019,11,2010,Action|Adventure|Comedy,Action,3,9.6744,6.359,3209,Mixed,Medium,48000000.0,73279888.0,True,True,25279888.0,0.5266643333333333,118.0,US,US,5,Columbia Pictures|Brownstone Productions|2.0 Entertainment|The Cantillon Company,99,65227.9565911038,330226227,0.02643087091535854,0.4806382978723404,0.07685196448120667,0.07285961973968755,0.02506403876579357,0.4448979591836735
18823,Clash of the Titans,Clash of the Titans,en,English,2010-03-26,2010,3,2010,Adventure|Fantasy|Action,Adventure,3,9.6679,5.923,6842,Mixed,Medium,125000000.0,493214993.0,True,True,368214993.0,2.945719944,106.0,US,US|GB,1,The Zanuck Company|Legendary Pictures|Thunder Road|Moving Picture Company|Warner Bros. Pictures,77,48642.6312088213,309378227,0.026338280960656383,0.3878723404255319,0.1652353728256903,0.1897388097856012,0.16869513651331303,0.39591836734693875
9655,She's the Man,She's the Man,en,English,2006-03-17,2006,3,2000,Comedy|Romance,Comedy,2,9.6635,6.804,3367,Good,Medium,20000000.0,57194667.0,True,True,37194667.0,1.85973335,105.0,US,US,1,Lakeshore Entertainment|DreamWorks Pictures|The Donners' Company,72,46301.9876485519,298379912,0.026275604683627257,0.5753191489361702,0.08069577910229898,0.03035809608662804,0.01956238405240291,0.39183673469387753
555604,Guillermo del Toro's Pinocchio,Guillermo del Toro's Pinocchio,en,English,2022-11-09,2022,11,2020,Animation|Fantasy|Adventure|Drama,Animation,4,9.6623,7.996,3457,Good,Medium,35000000.0,,True,False,,,117.0,US,US,1,The Jim Henson Company|ShadowMachine|Double Dare You,23,78008.6895811877,333996304,0.02625851115352839,0.8289361702127659,0.08288529375988322,0.053126769472195634,,0.44081632653061226
899082,Harry Potter 20th Anniversary: Return to Hogwarts,Harry Potter 20th Anniversary: Return to Hogwarts,en,English,2022-01-01,2022,1,2020,Documentary,Documentary,1,9.6609,7.308,3572,Good,Medium,,,False,False,,,103.0,GB,GB|US,1,Pulse Films|Warner Horizon Unscripted Television|Casey Patterson Entertainment,30,47034.7795621476,67636000,0.026238568701746384,0.6825531914893616,0.08568300693346308,,,0.3836734693877551
516729,Paddington in Peru,Paddington in Peru,en,English,2024-11-08,2024,11,2020,Adventure|Comedy|Family,Adventure,3,9.6592,6.8,748,Good,Medium,90000000.0,211000000.0,True,True,121000000.0,1.3444444444444446,106.0,GB,GB|FR,2,Marmalade Pictures|StudioCanal,50,53341.3131094262,69281000,0.026214352867439675,0.5744680851063829,0.016980902566597737,0.13661190521927682,0.07216867620369324,0.39591836734693875
273477,Scouts Guide to the Zombie Apocalypse,Scouts Guide to the Zombie Apocalypse,en,English,2015-10-23,2015,10,2010,Comedy|Horror,Comedy,2,9.6529,6.602,2198,Good,Medium,15000000.0,14900000.0,True,True,-100000.0,-0.006666666666666667,93.0,US,US,1,Broken Road Productions|Brucks Entertainment|Oops Doughnuts Productions|Paramount Pictures,53,56849.4697923159,321815121,0.02612461183442068,0.532340425531915,0.05225641649434375,0.02276853829143884,0.005096269222408438,0.34285714285714286
348893,Boyka: Undisputed IV,Boyka: Undisputed IV,en,English,2016-08-01,2016,8,2010,Action|Drama|Thriller|Crime,Action,4,9.6503,7.225,1498,Good,Medium,,63500000.0,False,True,,,87.0,BG,BG|US,1,Nu Boyana Viburno,62,7822.89886431732,6894139,0.026087575852539808,0.6648936170212765,0.035226858046466365,,0.02171900751557744,0.3183673469387755
4584,Sense and Sensibility,Sense and Sensibility,en,English,1995-12-13,1995,12,1990,Drama|Romance,Drama,2,9.6479,7.412,1887,Good,Medium,16000000.0,134582776.0,True,True,118582776.0,7.4114235,136.0,US,US,1,Columbia Pictures|Mirage Enterprises,91,28690.8757013347,266278000,0.026053388792342095,0.7046808510638297,0.04469042695535823,0.02428644985047668,0.04603156682833371,0.5183673469387755
20662,Robin Hood,Robin Hood,en,English,2010-05-12,2010,5,2010,Action|Adventure|History|Drama,Action,4,9.6465,6.398,5142,Mixed,Medium,200000000.0,321669741.0,True,True,121669741.0,0.608348705,140.0,US,US,3,Imagine Entertainment|Relativity Media|Scott Free Productions,44,48642.6312088213,309378227,0.026033446340560092,0.48893617021276586,0.12387787373798807,0.3035821767134392,0.11002123055792772,0.5346938775510204
1159311,My Hero Academia: You're Next,僕のヒーローアカデミア THE MOVIE ユアネクスト,ja,Japanese,2024-08-02,2024,8,2020,Animation|Action|Adventure|Science Fiction,Animation,4,9.6461,7.259,241,Good,Medium,,32224616.0,False,True,,,110.0,JP,JP,1,BONES|TOHO|Yomiuri Telecasting Corporation|Shueisha|Nippon Television Network Corporation|dentsu|Sony Music Entertainment (Japan)|movic,47,33797.1014287876,123975371,0.026027748497193817,0.6721276595744681,0.004646636662206544,,0.011021836255281862,0.4122448979591837
8914,Deep Blue Sea,Deep Blue Sea,en,English,1999-07-28,1999,7,1990,Action|Horror|Science Fiction,Action,3,9.6427,5.997,2736,Mixed,Medium,60000000.0,164648231.0,True,True,104648231.0,1.7441371833333332,105.0,AU,AU|US,1,Riche-Ludwig Productions|Village Roadshow Pictures|Groucho III Film Partnership|Warner Bros. Pictures,50,20749.6443779096,18812264,0.025979316828580373,0.4036170212765957,0.06534484855856952,0.09107455844814162,0.05631490407380798,0.39183673469387753
581726,Infinite,Infinite,en,English,2021-09-09,2021,9,2020,Science Fiction|Action|Adventure,Science Fiction,3,9.6421,6.554,2213,Good,Medium,,,False,False,,,106.0,US,US,8,di Bonaventura Pictures|Closest to the Hole Productions|Paramount Pictures|New Republic Pictures|Leverage Entertainment,41,71441.2319805947,332100166,0.02597077006353094,0.522127659574468,0.052621335603941125,,,0.39591836734693875
9778,Serendipity,Serendipity,en,English,2001-10-05,2001,10,2000,Comedy|Romance,Comedy,2,9.6414,6.98,2209,Good,Medium,28000000.0,77516304.0,True,True,49516304.0,1.7684394285714287,90.0,US,US,1,Tapestry Films|Miramax|Simon Fields Productions,48,37133.6203973517,284968955,0.025960798837639965,0.6127659574468085,0.05252402384138183,0.04250138855893076,0.026513027129353117,0.3306122448979592
1572,Die Hard: With a Vengeance,Die Hard: With a Vengeance,en,English,1995-05-19,1995,5,1990,Action|Thriller,Action,2,9.6406,7.284,6838,Good,Medium,90000000.0,366101666.0,True,True,276101666.0,3.067796288888889,128.0,US,US,3,20th Century Fox|Cinergi Pictures|Andrew G. Vajna Productions,64,28690.8757013347,266278000,0.02594940315090737,0.6774468085106382,0.165138061063131,0.13661190521927682,0.1252183552726749,0.4857142857142857
489999,Searching,Searching,en,English,2018-08-24,2018,8,2010,Drama|Mystery|Thriller,Drama,3,9.6403,7.566,4364,Good,Medium,880000.0,75636047.0,True,True,74756047.0,84.95005340909091,102.0,US,US,1,Bazelevs|Timur Bekmambetov Productions,50,62875.6661382728,328529577,0.025945129768382664,0.7374468085106382,0.10495073592020436,0.0013356270778245446,0.02586991972122762,0.3795918367346939
188161,A Million Ways to Die in the West,A Million Ways to Die in the West,en,English,2014-05-22,2014,5,2010,Comedy|Western,Comedy,2,9.6372,6.052,4518,Mixed,Medium,40000000.0,86400000.0,True,True,46400000.0,1.16,116.0,US,US,1,RGB Media|Fuzzy Door Productions|MRC|Bluegrass Films,32,55153.3940182967,319257560,0.02590097148229395,0.4153191489361701,0.10869723877873738,0.06071632726738483,0.029551532349189995,0.43673469387755104
187017,22 Jump Street,22 Jump Street,en,English,2014-06-05,2014,6,2010,Crime|Comedy|Action,Crime,3,9.6334,6.825,8715,Good,Medium,50000000.0,331333876.0,True,True,281333876.0,5.62667752,112.0,US,US,1,Columbia Pictures|Original Film|MRC|Metro-Goldwyn-Mayer|Cannell Studios|JHF Productions|33andOut Productions,97,55153.3940182967,319257560,0.025846841970314234,0.5797872340425532,0.21080160564408224,0.07589544285776323,0.11332667061831568,0.4204081632653061
378236,The Emoji Movie,The Emoji Movie,en,English,2017-07-23,2017,7,2010,Animation|Family|Comedy,Animation,3,9.6264,5.4,3383,Mixed,Medium,50000000.0,217776646.0,True,True,167776646.0,3.35553292,86.0,US,US,1,Columbia Pictures|Sony Pictures Animation|LStar Capital,14,60047.7190728307,326608609,0.025747129711404235,0.27659574468085113,0.08108502615253618,0.07589544285776323,0.07448650363092474,0.3142857142857143
149870,The Wind Rises,風立ちぬ,ja,Japanese,2013-07-20,2013,7,2010,Animation|Drama|History|Romance,Animation,4,9.6249,7.785,3479,Good,Medium,30000000.0,117932401.0,True,True,87932401.0,2.931080033333333,126.0,JP,JP,4,Studio Ghibli|Nippon Television Network Corporation|dentsu|Hakuhodo DY Media Partners|d-rights|TOHO|Walt Disney Japan|KDDI,25,41369.1948479498,127445000,0.025725762798780662,0.7840425531914893,0.08342050845395937,0.04553721167700644,0.04033661155861923,0.4775510204081633
1101448,Unstoppable,Unstoppable,en,English,2024-12-06,2024,12,2020,Drama|History,Drama,2,9.6248,5.285,177,Mixed,Medium,,,False,False,,,123.0,US,US,1,Artists Equity|Amazon MGM Studios|A Really Good Home Pictures|Wild Frontier Films|101 Studios,52,86169.6641581917,340003797,0.025724338337939096,0.25212765957446814,0.0030896484612577546,,,0.46530612244897956
216919,Deseo,Deseo,es,Spanish,2013-09-13,2013,9,2010,Drama,Drama,1,9.6105,6.536,274,Good,Medium,,,False,False,,,97.0,MX,MX,1,JADE FILMS|Grupo AZTECA|Eficine 226|Instituto Mexicano de Cinematografía,31,11216.800851866,118343573,0.025520640437594368,0.5182978723404253,0.0054494587033207635,,,0.35918367346938773
1209217,Detective Conan: The Million-Dollar Pentagram,名探偵コナン 100万ドルの五稜星（みちしるべ）,ja,Japanese,2024-04-12,2024,4,2020,Animation|Crime|Mystery|Action,Animation,4,9.6095,6.89,82,Good,Medium,,108136957.0,False,True,,,110.0,JP,JP,1,TMS Entertainment|Yomiuri Telecasting Corporation|Shogakukan|TOHO|Nippon Television Network Corporation|Shogakukan-Shueisha Productions|Meitantei Conan Production Committee,88,33797.1014287876,123975371,0.02550639582917866,0.5936170212765957,0.0007784941004743949,,0.03698625966402267,0.4122448979591837
8848,The Bank Job,The Bank Job,en,English,2008-02-28,2008,2,2000,Thriller|Crime|Drama,Thriller,3,9.6057,6.856,2708,Good,Medium,20000000.0,64828421.0,True,True,44828421.0,2.24142105,112.0,AU,AU|GB|US,1,Omnilab Media|Mosaic Media Group|Relativity Media|Skyline (Baker St)|Arclight Films|Lionsgate,57,49811.2067218988,21249199,0.025452266317198945,0.5863829787234042,0.06466366622065442,0.03035809608662804,0.02217336954492209,0.4204081632653061
4513,30 Days of Night,30 Days of Night,en,English,2007-10-17,2007,10,2000,Horror|Thriller,Horror,2,9.6046,6.44,3170,Mixed,Medium,30000000.0,80276156.0,True,True,50276156.0,1.6758718666666668,113.0,NZ,NZ|US,1,HorrorFlix|Columbia Pictures|Ghost House Pictures|Dark Horse Entertainment|Mandate International,64,32479.9817381467,4223800,0.025436597247941645,0.49787234042553197,0.0759031747962535,0.04553721167700644,0.027456983868527584,0.42448979591836733
12437,Underworld: Rise of the Lycans,Underworld: Rise of the Lycans,en,English,2009-01-22,2009,1,2000,Fantasy|Action|Thriller,Fantasy,3,9.6002,6.539,4051,Good,Medium,35000000.0,92158961.0,True,True,57158961.0,1.6331131714285714,92.0,US,US,1,Screen Gems|Lakeshore Entertainment|Sketch Films|UW3 Film Productions,63,47194.9500893872,306771529,0.025373920970912497,0.5189361702127658,0.09733609049993917,0.053126769472195634,0.03152127929453088,0.33877551020408164
16995,State of Play,State of Play,en,English,2009-04-17,2009,4,2000,Thriller|Crime|Mystery,Thriller,3,9.5974,6.809,2214,Good,Medium,60000000.0,87800000.0,True,True,27800000.0,0.4633333333333333,127.0,FR,FR|GB|US,3,Andell Entertainment|Working Title|StudioCanal|Relativity Media,21,41728.0884164132,64706436,0.025334036067348513,0.5763829787234043,0.05264566354458095,0.09107455844814162,0.03003037666216194,0.4816326530612245
9595,Hot Shots!,Hot Shots!,en,English,1991-07-31,1991,7,1990,Action|Comedy|War,Action,3,9.5947,6.585,2540,Good,Medium,26000000.0,181096164.0,True,True,155096164.0,5.965237076923077,85.0,US,US,1,20th Century Fox,88,24342.2589048189,252981000,0.02529557562462607,0.528723404255319,0.06057657219316385,0.039465565440855076,0.06194061777180341,0.31020408163265306
6957,The 40 Year-Old Virgin,The 40 Year-Old Virgin,en,English,2005-08-11,2005,8,2000,Comedy|Romance,Comedy,2,9.5804,6.428,7422,Mixed,Medium,26000000.0,177400000.0,True,True,151400000.0,5.823076923076923,116.0,US,US,2,Universal Pictures|Apatow Productions,72,44123.3996470026,295516599,0.025091877724281345,0.4953191489361702,0.17934557839678872,0.039465565440855076,0.060676412692366524,0.43673469387755104
839033,The Lord of the Rings: The War of the Rohirrim,The Lord of the Rings: The War of the Rohirrim,en,English,2024-12-05,2024,12,2020,Animation|Fantasy|Adventure|Action,Animation,4,9.5767,6.518,934,Good,Medium,30000000.0,20658572.0,True,True,-9341428.0,-0.31138093333333333,134.0,JP,JP|NZ|US,1,New Line Cinema|Warner Bros. Animation|Sola Entertainment|Middle-earth Enterprises|WingNut Films|Domain Entertainment,43,33797.1014287876,123975371,0.025039172673143224,0.5144680851063829,0.02150589952560516,0.04553721167700644,0.007065883117436644,0.5102040816326531
619,The Bodyguard,The Bodyguard,en,English,1992-11-25,1992,11,1990,Action|Drama|Romance,Action,3,9.5713,6.705,3348,Good,Medium,25000000.0,411006740.0,True,True,386006740.0,15.4402696,129.0,US,US,2,Kasdan Pictures|Tig Productions|Warner Bros. Pictures,53,25418.9907763319,256514000,0.024962251787698366,0.5542553191489361,0.08023354823014232,0.037947653881817235,0.14057731192159234,0.4897959183673469
117263,Olympus Has Fallen,Olympus Has Fallen,en,English,2013-03-20,2013,3,2010,Action|Thriller,Action,2,9.5635,6.4,7203,Mixed,Medium,70000000.0,170270201.0,True,True,100270201.0,1.432431442857143,120.0,US,US,2,Millennium Media|G-BASE|Nu Image,63,53297.3862901595,316726282,0.02485114384205577,0.4893617021276596,0.17401775939666708,0.10625367403852003,0.0582377957610929,0.4530612244897959
13179,Tinker Bell,Tinker Bell,en,English,2008-09-11,2008,9,2000,Animation|Family|Adventure|Fantasy,Animation,4,9.5607,6.956,1625,Good,Medium,48000000.0,9208064.0,True,True,-38791936.0,-0.8081653333333333,78.0,IN,IN|US,1,DisneyToon Studios|Prana Animation Studios,37,992.519584923828,1207930964,0.024811258938491787,0.6076595744680852,0.03831650650772412,0.07285961973968755,0.003149446948551088,0.2816326530612245
87516,Oldboy,Oldboy,en,English,2013-11-14,2013,11,2010,Thriller|Mystery,Thriller,2,9.5591,5.9,2187,Mixed,Medium,30000000.0,5200000.0,True,True,-24800000.0,-0.8266666666666667,104.0,US,US,1,40 Acres and a Mule Filmworks|Vertigo Entertainment|Good Universe|FilmDistrict,28,53297.3862901595,316726282,0.02478846756502665,0.3829787234042554,0.05198880914730568,0.04553721167700644,0.001778562196817094,0.3877551020408163
379686,Space Jam: A New Legacy,Space Jam: A New Legacy,en,English,2021-07-08,2021,7,2020,Family|Comedy|Adventure|Animation|Science Fiction,Family,5,9.5499,6.621,4287,Good,Medium,150000000.0,163692228.0,True,True,13692228.0,0.09128152,115.0,US,US,1,Warner Animation Group|Proximity Media|Warner Bros. Pictures|The SpringHill Company,58,71441.2319805947,332100166,0.024657417167602048,0.5363829787234043,0.10307748449093784,0.2276865987615472,0.0559879207882836,0.4326530612244898
76640,The Last Stand,The Last Stand,en,English,2013-01-12,2013,1,2010,Action|Crime|Thriller,Action,3,9.5485,6.098,3067,Mixed,Medium,30000000.0,,True,False,,,107.0,US,US,1,di Bonaventura Pictures|CJ Entertainment|Lionsgate,74,53297.3862901595,316726282,0.02463747471582007,0.42510638297872333,0.07339739691035153,0.04553721167700644,,0.4
38700,Bad Boys for Life,Bad Boys for Life,en,English,2020-01-15,2020,1,2020,Thriller|Action|Crime,Thriller,3,9.5407,7.105,8877,Good,Medium,90000000.0,426505244.0,True,True,336505244.0,3.7389471555555556,124.0,US,US,2,Columbia Pictures|2.0 Entertainment|Don Simpson/Jerry Bruckheimer Films|Overbrook Entertainment,43,64465.2971415748,331578104,0.024526366770177475,0.6393617021276596,0.21474273202773386,0.13661190521927682,0.14587829085014448,0.46938775510204084
338803,The Treacherous,간신,ko,Korean,2015-05-21,2015,5,2010,Drama|History|Crime,Drama,3,9.5379,6.092,92,Mixed,Medium,,6906250.0,False,True,,,133.0,KR,KR,1,Lotte Entertainment|Soo Film,33,30171.7906545222,51014947,0.02448648186661349,0.42382978723404247,0.0010217735068726432,,0.0023621537032516536,0.5061224489795918
11362,The Count of Monte Cristo,The Count of Monte Cristo,en,English,2002-01-23,2002,1,2000,Adventure|Drama|History|Action,Adventure,4,9.5333,7.685,2110,Good,Medium,35000000.0,75395048.0,True,True,40395048.0,1.1541442285714285,131.0,IE,IE|US|CH|GB,3,Touchstone Pictures|Spyglass Entertainment|World 2000 Entertainment|Count of Monte Cristo Ltd.|Epsilon Motion Pictures,28,32705.4345565698,3931947,0.024420956667901204,0.7627659574468083,0.05011555771803917,0.053126769472195634,0.025787490435097673,0.49795918367346936
412656,Chaos Walking,Chaos Walking,en,English,2021-02-24,2021,2,2020,Fantasy|Science Fiction|Adventure,Fantasy,3,9.5238,6.5,2686,Mixed,Medium,125000000.0,26508132.0,True,True,-98491868.0,-0.787934944,109.0,US,US|CA|HK|LU,1,Quadrant Pictures|Lionsgate|Bron Studios|3 Arts Entertainment|TIK Films|Hercules Film Fund|Allison Shearmur Productions|Creative Wealth Media Finance,35,71441.2319805947,332100166,0.0242856328879519,0.5106382978723404,0.06412845152657827,0.1897388097856012,0.0090666177884282,0.40816326530612246
9495,The Crow,The Crow,en,English,1994-05-11,1994,5,1990,Fantasy|Action|Thriller,Fantasy,3,9.5218,7.532,4667,Good,Medium,23000000.0,93722164.0,True,True,70722164.0,3.074876695652174,102.0,US,US,1,Entertainment Media Investment|Jeff Most Productions|Pressman Film|Dimension Films,35,27694.853416234,263126000,0.024257143671120487,0.7302127659574468,0.11232210193407129,0.034911830763741554,0.03205594419922422,0.3795918367346939
68737,Seventh Son,Seventh Son,en,English,2014-12-12,2014,12,2010,Adventure|Fantasy,Adventure,2,9.5158,5.5,2706,Mixed,Medium,95000000.0,114178613.0,True,True,19178613.0,0.20188013684210526,102.0,CN,CN|CA|US|GB,1,Legendary Pictures|Thunder Road|Moving Picture Company|Pendle Mountain Productions|Wigram Productions|Outlaw Sinema|China Film Group Corporation,68,7781.06597484974,1371860000,0.024171676020626198,0.2978723404255319,0.06461501033937478,0.144201463014466,0.03905269724726041,0.3795918367346939
943,Lethal Weapon 3,Lethal Weapon 3,en,English,1992-05-15,1992,5,1990,Action|Thriller|Crime,Action,3,9.5139,6.727,3362,Good,Medium,35000000.0,321731527.0,True,True,286731527.0,8.192329342857143,118.0,US,US,1,Silver Pictures|Warner Bros. Pictures|St. Petersburg Clearwater Film Commision,28,25418.9907763319,256514000,0.024144611264636327,0.558936170212766,0.08057413939909987,0.053126769472195634,0.11004236332558578,0.4448979591836735
8367,Robin Hood: Prince of Thieves,Robin Hood: Prince of Thieves,en,English,1991-06-14,1991,6,1990,Action|Adventure|Drama,Action,3,9.5136,6.852,3693,Good,Medium,48000000.0,390493908.0,True,True,342493908.0,7.13528975,143.0,US,US,2,Morgan Creek Entertainment,67,24342.2589048189,252981000,0.02414033788211162,0.585531914893617,0.0886266877508819,0.07285961973968755,0.13356127410291452,0.5469387755102041
505192,Shoplifters,万引き家族,ja,Japanese,2018-06-02,2018,6,2010,Drama|Crime|Thriller,Drama,3,9.5083,7.829,2369,Good,Medium,,,False,False,,,120.0,JP,JP,1,Fuji Television Network|AOI Pro.|BUN-BUKU|GAGA Corporation,65,40645.478086519,126811000,0.024064841457508333,0.7934042553191488,0.0564164943437538,,,0.4530612244897959
9437,Kiss the Girls,Kiss the Girls,en,English,1997-09-29,1997,9,1990,Thriller|Crime|Mystery,Thriller,3,9.5083,6.5,1954,Mixed,Medium,27000000.0,60527873.0,True,True,33527873.0,1.241773074074074,115.0,US,US,1,Paramount Pictures|Rysher Entertainment|David Brown Productions,55,31459.1299691554,272657000,0.024064841457508333,0.5106382978723404,0.04632039897822649,0.040983476999892916,0.020702446007448604,0.4326530612244898
522162,Midway,Midway,en,English,2019-11-06,2019,11,2010,War|History|Drama,War,3,9.5024,7.099,2805,Good,Medium,100000000.0,127400000.0,True,True,27400000.0,0.274,138.0,CA,CA|HK|US,3,AGC Studios|Centropolis Entertainment|Street Entertainment|Entertainment One|Starlight Culture Entertainment Group|Shanghai RuYi Entertainment,23,46352.9695208927,37618495,0.02398079826785561,0.6380851063829787,0.06702347646271743,0.1517910208096552,0.04357483008622558,0.5265306122448979
9362,Tremors,Tremors,en,English,1990-01-19,1990,1,1990,Comedy|Horror|Science Fiction,Comedy,3,9.5016,6.949,3695,Good,Medium,11000000.0,48572000.0,True,True,37572000.0,3.415636363636364,96.0,US,US,1,No Frills Film|Wilson-Maddock Production,31,23888.6000088133,249623000,0.02396940258112304,0.6061702127659574,0.08867534363216154,0.01669689205528748,0.016613159012688,0.3551020408163265
11621,Porco Rosso,紅の豚,ja,Japanese,1992-07-18,1992,7,1990,Animation|Adventure|Fantasy,Animation,3,9.5007,7.793,3814,Good,Medium,9200000.0,44600000.0,True,True,35400000.0,3.847826086956522,93.0,JP,JP,1,Studio Ghibli|Tokuma Shoten|Nippon Television Network Corporation|Japan Airlines|Japan Airlines Cultural Business Center,77,32666.5024513195,124425000,0.023956582433548902,0.7857446808510637,0.0915703685683007,0.013964651249019371,0.015254609290456161,0.34285714285714286
37233,The Firm,The Firm,en,English,1993-06-30,1993,6,1990,Drama|Mystery|Thriller,Drama,3,9.4987,6.747,2402,Good,Medium,42000000.0,270248367.0,True,True,228248367.0,5.434484928571429,154.0,US,US,1,Mirage Enterprises|Paramount Pictures|Davis Entertainment|Scott Rudin Productions,108,26387.2937338171,259919000,0.023928093216717464,0.563191489361702,0.05721931638486802,0.0637521503854605,0.09243349305428235,0.5918367346938775
241,Natural Born Killers,Natural Born Killers,en,English,1994-08-26,1994,8,1990,Crime|Thriller|Drama,Crime,3,9.4922,7.049,3909,Good,Medium,34000000.0,110000000.0,True,True,76000000.0,2.235294117647059,119.0,US,US,3,Warner Bros. Pictures|Regency Enterprises|Alcor Films|Ixtlan Productions|New Regency Pictures|JD Productions,16,27694.853416234,263126000,0.02383550326201533,0.6274468085106383,0.09388152292908405,0.051608857913157793,0.03762347933928852,0.4489795918367347
137094,Jack Ryan: Shadow Recruit,Jack Ryan: Shadow Recruit,en,English,2014-01-15,2014,1,2010,Action|Drama|Thriller,Action,3,9.4904,6.1,3180,Mixed,Medium,60000000.0,135500000.0,True,True,75500000.0,1.2583333333333333,105.0,RU,RU|US,2,di Bonaventura Pictures|Paramount Pictures|Mace Neufeld Productions|Buckaroo Entertainment|Skydance Media,21,14055.47265625,144237223,0.02380986296686703,0.4255319148936169,0.07614645420265174,0.09107455844814162,0.046345286468420406,0.39183673469387753
80274,Ender's Game,Ender's Game,en,English,2013-10-24,2013,10,2010,Science Fiction|Action|Adventure,Science Fiction,3,9.4888,6.594,6413,Good,Medium,110000000.0,125537191.0,True,True,15537191.0,0.1412471909090909,114.0,US,US,1,Digital Domain|Chartoff Productions|Taleswapper|K/O Paper Products|OddLot Entertainment,32,53297.3862901595,316726282,0.023787071593401887,0.5306382978723404,0.15479868629120544,0.1669701364000336,0.04293769044636632,0.42857142857142855
49797,I Saw the Devil,악마를 보았다,ko,Korean,2010-08-12,2010,8,2010,Thriller|Horror,Thriller,2,9.4868,7.806,3153,Good,Medium,6000000.0,12966357.0,True,True,6966357.0,1.1610595,144.0,KR,KR,1,Softbank Ventures|Peppermint & Company|Siz Entertainment|Finecut|Michigan Venture Capital|Showbox|CJ Investment,48,24071.2620526362,49554112,0.023758582376570473,0.7885106382978723,0.07548959980537648,0.009107334260098283,0.004434902112502714,0.5510204081632653
462,Erin Brockovich,Erin Brockovich,en,English,2000-03-17,2000,3,2000,Drama,Drama,1,9.484,7.429,3757,Good,Medium,52000000.0,256271286.0,True,True,204271286.0,3.9282939615384613,131.0,US,US,1,Jersey Films,53,36329.9702595751,282162411,0.023718697473006464,0.7082978723404255,0.09018367595183067,0.07893126597583891,0.08765288894799789,0.49795918367346936
2019,Hard Target,Hard Target,en,English,1993-04-27,1993,4,1990,Action|Thriller|Crime,Action,3,9.4832,6.5,1387,Mixed,Medium,18000000.0,74189677.0,True,True,56189677.0,3.121648722222222,99.0,US,US,1,Alphaville Films|Universal Pictures|Renaissance Pictures,40,26387.2937338171,259919000,0.023707301786273893,0.5106382978723404,0.03252645663544581,0.027322272968552358,0.02537521540054674,0.3673469387755102
13811,Knowing,Knowing,en,English,2009-03-19,2009,3,2000,Science Fiction|Thriller,Science Fiction,2,9.482,6.265,5981,Mixed,Medium,50000000.0,155446362.0,True,True,105446362.0,2.10892724,121.0,GB,GB|US|AU,1,Summit Entertainment|Escape Artists|Mystery Clock Cinema|Kaplan/Perrone Entertainment|Wintergreen Productions|Goldcrest Films International,53,39009.3715547821,62276270,0.023690208256175026,0.46063829787234034,0.14428901593480112,0.07589544285776323,0.053167573617120226,0.45714285714285713
856289,Creation of the Gods I: Kingdom of Storms,封神第一部：朝歌风云,zh,Mandarin,2023-07-15,2023,7,2020,Action|Fantasy|War,Action,3,9.4818,7.1,500,Good,Medium,85000000.0,369081777.0,True,True,284081777.0,3.3421385529411767,148.0,CN,CN,1,Beijing Culture 北京京西文化|Century Changshengtian Film|Tencent Penguin Pictures|Maoyan Entertainment|Huaxia Film Distribution,39,12951.1782397043,1410710000,0.02368735933449189,0.6382978723404253,0.010947573287921177,0.1290223474240876,0.1262376475615143,0.5673469387755102
442062,Goosebumps 2: Haunted Halloween,Goosebumps 2: Haunted Halloween,en,English,2018-10-11,2018,10,2010,Comedy|Fantasy|Horror|Family,Comedy,4,9.4775,6.102,1669,Mixed,Medium,35000000.0,93320380.0,True,True,58320380.0,1.6662965714285713,90.0,US,US,1,Columbia Pictures|Original Film|Scholastic Entertainment|Silvertongue Films|Sony Pictures Animation,81,62875.6661382728,328529577,0.023626107518304306,0.42595744680851066,0.03938693589587641,0.053126769472195634,0.03191852135390771,0.3306122448979592
884,Crash,Crash,en,English,1996-07-17,1996,7,1990,Thriller|Drama,Thriller,2,9.475,6.49,1428,Mixed,Medium,9000000.0,2671855.0,True,True,-6328145.0,-0.7031272222222222,100.0,CA,CA|GB,1,Alliance Films|Recorded Picture Company,21,21296.9723536904,29610218,0.023590495997265027,0.5085106382978724,0.033523902201678626,0.013661068937211803,0.0009138565856610497,0.37142857142857144
277,Underworld,Underworld,en,English,2003-09-19,2003,9,2000,Fantasy|Action|Thriller,Fantasy,3,9.4743,6.86,6782,Good,Medium,22000000.0,95708457.0,True,True,73708457.0,3.350384409090909,122.0,US,US|GB|DE,1,Screen Gems|Lakeshore Entertainment|Subterranean Productions UK Ltd.|Underworld Produktions GmbH|Laurinfilm,47,39490.3023903176,290107933,0.023580524771374026,0.5872340425531914,0.16377569638730083,0.03339391920470372,0.03273531927561422,0.46122448979591835
522931,Hitman's Wife's Bodyguard,Hitman's Wife's Bodyguard,en,English,2021-06-14,2021,6,2020,Action|Comedy|Crime|Thriller,Action,4,9.4734,6.624,2692,Good,Medium,70000000.0,70060492.0,True,True,60492.0,0.0008641714285714286,117.0,BG,BG|FR|SE|US|GB,4,Nu Boyana Film Studios|Lionsgate|Millennium Media|Davis Films|Campbell Grobman Films|Film i Väst|Filmgate Films,85,12966.8085197381,6507301,0.02356770462379989,0.5370212765957446,0.06427441917041722,0.10625367403852003,0.02396290343307598,0.44081632653061226
93685,Swingers,Swingers,nl,Dutch,2002-10-01,2002,10,2000,Romance|Drama,Romance,2,9.4718,5.938,81,Mixed,Medium,,,False,False,,,93.0,NL,NL,1,BrennFilm|Rebel Film BV,142,29446.5330872868,16148929,0.023544913250334747,0.391063829787234,0.00075416615983457,,,0.34285714285714286
296099,Vacation,Vacation,en,English,2015-07-28,2015,7,2010,Comedy|Adventure,Comedy,2,9.4706,6.302,4075,Mixed,Medium,31000000.0,104400000.0,True,True,73400000.0,2.367741935483871,99.0,US,US,1,BenderSpink|David Dobkin Productions,52,56849.4697923159,321815121,0.023527819720235876,0.4685106382978722,0.09791996107529498,0.04705512323604427,0.03570810208740074,0.3673469387755102
267860,London Has Fallen,London Has Fallen,en,English,2016-03-02,2016,3,2010,Action|Adventure|Thriller,Action,3,9.463,6.227,5210,Mixed,Medium,60000000.0,205754447.0,True,True,145754447.0,2.4292407833333334,99.0,US,US|GB|BG,1,Millennium Media|Gramercy Pictures|G-BASE|LHF Film|Nu Boyana Film Studios,19,57976.628204291,324353340,0.023419560696276445,0.45255319148936174,0.12553217370149616,0.09107455844814162,0.07037453104480543,0.3673469387755102
602734,Spiral: From the Book of Saw,Spiral: From the Book of Saw,en,English,2021-05-12,2021,5,2020,Horror|Mystery,Horror,2,9.4604,5.883,2364,Mixed,Medium,20000000.0,40618920.0,True,True,20618920.0,1.030946,93.0,US,US,1,Twisted Pictures|Lionsgate|Serendipity Productions|Dahlstar LLC,52,71441.2319805947,332100166,0.023382524714395597,0.3793617021276596,0.05629485464055468,0.03035809608662804,0.01389295392082305,0.34285714285714286
10428,Hackers,Hackers,en,English,1995-09-14,1995,9,1990,Action|Crime|Thriller|Drama,Action,4,9.4594,6.383,1547,Mixed,Medium,20000000.0,7563728.0,True,True,-12436272.0,-0.6218136,105.0,US,US,4,Suftley|United Artists|Metro-Goldwyn-Mayer,59,28690.8757013347,266278000,0.02336828010597989,0.4857446808510638,0.03641892713781778,0.03035809608662804,0.0025870319898260606,0.39183673469387753
154400,The Drop,The Drop,en,English,2014-09-12,2014,9,2010,Drama|Crime,Drama,2,9.4567,6.824,2494,Good,Medium,12600000.0,19054534.0,True,True,6454534.0,0.5122646031746032,106.0,US,US|GB,1,Fox Searchlight Pictures|Chernin Entertainment|TSG Entertainment|Ingenious Media,41,55153.3940182967,319257560,0.02332981966325745,0.5795744680851063,0.05945748692373191,0.019125550549748026,0.0065172513502288615,0.39591836734693875
15092,Crank: High Voltage,Crank: High Voltage,en,English,2009-04-16,2009,4,2000,Action|Thriller|Crime,Action,3,9.4563,6.092,3257,Mixed,Medium,20000000.0,34600000.0,True,True,14600000.0,0.73,96.0,US,US,1,Lionsgate|Lakeshore Entertainment|RadicalMedia,28,47194.9500893872,306771529,0.02332412181989118,0.42382978723404247,0.07801970563191826,0.03035809608662804,0.011834292769227973,0.3551020408163265
786,Almost Famous,Almost Famous,en,English,2000-09-15,2000,9,2000,Drama|Music,Drama,2,9.4536,7.5,3224,Good,Medium,60000000.0,47386287.0,True,True,-12613713.0,-0.21022855,124.0,US,US,1,DreamWorks Pictures|Columbia Pictures|Vinyl Films,38,36329.9702595751,282162411,0.023285661377168736,0.7234042553191489,0.07721688359080404,0.09107455844814162,0.016207607636354496,0.46938775510204084
698508,Redeeming Love,Redeeming Love,en,English,2022-01-21,2022,1,2020,Romance|Drama|Western,Romance,3,9.4489,7.864,775,Good,Medium,30000000.0,9464198.0,True,True,-20535802.0,-0.6845267333333334,134.0,ZA,ZA|US,1,Mission Pictures International|Advantage Entertainment|Pinnacle Peak Pictures|Nthibah Pictures|Universal Pictures,58,6534.24867783397,62378410,0.02321871171761488,0.8008510638297871,0.017637756963873007,0.04553721167700644,0.0032370528837359146,0.5102040816326531
438650,Cold Pursuit,Cold Pursuit,en,English,2019-02-07,2019,2,2010,Crime|Action|Drama,Crime,3,9.4474,5.876,2846,Mixed,Medium,60000000.0,76419755.0,True,True,16419755.0,0.2736625833333333,119.0,FR,FR|NO|US,1,StudioCanal|Paradox Produksjon|MAS Productions|Summit Entertainment,63,40408.2848574751,67382061,0.023197344804991308,0.37787234042553197,0.06802092202895024,0.09107455844814162,0.026137972663249492,0.4489795918367347
1118031,Apocalypse Z: The Beginning of the End,Apocalipsis Z: el principio del fin,es,Spanish,2024-10-04,2024,10,2020,Drama|Action|Horror,Drama,3,9.4472,6.76,1288,Good,Medium,,500000.0,False,True,,,119.0,ES,ES,8,Nostromo Pictures,47,35326.7683069278,48848840,0.023194495883308172,0.5659574468085106,0.03011799051210315,,0.00017101343183984464,0.4489795918367347
16871,Drag Me to Hell,Drag Me to Hell,en,English,2009-05-27,2009,5,2000,Horror|Thriller,Horror,2,9.4461,6.489,4214,Mixed,Medium,30000000.0,91388487.0,True,True,61388487.0,2.0462829,99.0,US,US,4,Universal Pictures|Ghost House Pictures|Buckaroo Entertainment|Curse Productions|Mandate Pictures,69,47194.9500893872,306771529,0.02317882681405087,0.5082978723404254,0.10130154482423064,0.04553721167700644,0.0312577527993932,0.3673469387755102
72784,The Loft,The Loft,en,English,2014-10-14,2014,10,2010,Thriller,Thriller,1,9.4418,6.409,1606,Mixed,Medium,14000000.0,10100000.0,True,True,-3900000.0,-0.2785714285714286,103.0,US,US|BE,1,Open Road Films|Anonymous Content,57,55153.3940182967,319257560,0.023117574997863315,0.4912765957446808,0.03785427563556745,0.021250626732401,0.003454517292218907,0.3836734693877551
812225,Black Clover: Sword of the Wizard King,映画 ブラッククローバー 魔法帝の剣,ja,Japanese,2023-06-16,2023,6,2020,Animation|Fantasy|Action|Adventure,Animation,4,9.4372,8.061,416,Excellent,Medium,,,False,False,,,113.0,JP,JP,1,Pierrot|Bandai Namco Entertainment|MBS|TV Tokyo|avex pictures|Shueisha,27,35215.003535366,124516650,0.023052049799151028,0.8427659574468084,0.008904026274175891,,,0.42448979591836733
381283,mother!,mother!,en,English,2017-09-13,2017,9,2010,Horror|Drama,Horror,2,9.4365,6.949,7255,Good,Medium,30000000.0,44516999.0,True,True,14516999.0,0.4838999666666667,121.0,US,US,1,Paramount Pictures|Protozoa Pictures,16,60047.7190728307,326608609,0.023042078573260027,0.6061702127659574,0.17528281230993797,0.04553721167700644,0.015226220321298316,0.45714285714285713
13207,Friday the 13th,Friday the 13th,en,English,2009-02-11,2009,2,2000,Horror|Thriller,Horror,2,9.4356,5.8,2931,Mixed,Medium,19000000.0,91509154.0,True,True,72509154.0,3.8162712631578946,97.0,US,US,1,New Line Cinema|Paramount Pictures|Platinum Dunes|Crystal Lake Entertainment,25,47194.9500893872,306771529,0.02302925842568589,0.36170212765957444,0.07008879698333537,0.0288401845275902,0.0312990247327599,0.35918367346938773
369972,First Man,First Man,en,English,2018-10-10,2018,10,2010,History|Drama,History,2,9.432,7.04,5799,Good,Medium,70000000.0,105713218.0,True,True,35713218.0,0.5101888285714286,141.0,US,US,1,Universal Pictures|DreamWorks Pictures|Temple Hill Entertainment|Perfect World Pictures,32,62875.6661382728,328529577,0.02297797783538931,0.6255319148936169,0.139861330738353,0.10625367403852003,0.03615726420953816,0.5387755102040817
884605,No Hard Feelings,No Hard Feelings,en,English,2023-06-15,2023,6,2020,Comedy|Romance,Comedy,2,9.431,6.671,4034,Good,Medium,45000000.0,83000000.0,True,True,38000000.0,0.8444444444444444,103.0,US,US,3,Excellent Cadaver|OPE Partners|Columbia Pictures|Saks Picture Company,45,82586.7847707894,336755052,0.022963733226973575,0.5470212765957447,0.09692251550906215,0.06830588506257403,0.02838862473197241,0.3836734693877551
9100,The Craft,The Craft,en,English,1996-05-03,1996,5,1990,Horror|Drama|Fantasy,Horror,3,9.4294,6.8,2123,Good,Medium,15000000.0,24800000.0,True,True,9800000.0,0.6533333333333333,101.0,US,US,2,Columbia Pictures|Red Wagon Entertainment,31,29967.7127181749,269394000,0.022940941853508437,0.5744680851063829,0.05043182094635689,0.02276853829143884,0.008482382578424347,0.37551020408163266
1000837,I'm Still Here,Ainda Estou Aqui,pt,Portuguese,2024-09-19,2024,9,2020,Drama|History,Drama,2,9.4285,7.905,1155,Good,Medium,8000000.0,36361572.0,True,True,28361572.0,3.5451965,138.0,BR,BR|FR,1,VideoFilmes|MACT Productions|RT Features|ARTE France Cinéma|Conspiração Filmes|Globoplay,33,10310.5486973693,211998573,0.022928121705934296,0.8095744680851064,0.026882374407006446,0.012143157378173963,0.01243680615072127,0.5265306122448979
72331,Abraham Lincoln: Vampire Hunter,Abraham Lincoln: Vampire Hunter,en,English,2012-06-20,2012,6,2010,Action|Fantasy|Horror,Action,3,9.4259,5.773,3637,Mixed,Medium,69000000.0,116500000.0,True,True,47500000.0,0.6884057971014492,105.0,RU,RU|US,1,Bazelevs|Tim Burton Productions|Abraham Productions|Location Gourmet|20th Century Fox|Dune Entertainment,20,15401.8515625,143378447,0.022891085724053448,0.35595744680851055,0.08726432307505169,0.10473576247948219,0.03984668507808685,0.39183673469387753
420634,Terrifier,Terrifier,en,English,2018-01-25,2018,1,2010,Horror,Horror,1,9.4236,6.3,3063,Mixed,Medium,35000.0,421798.0,True,True,386798.0,11.051371428571429,84.0,US,US,1,Dark Age Cinema,20,62875.6661382728,328529577,0.022858323124697304,0.4680851063829787,0.07330008514779224,5.299181043757002e-05,0.00014426587258053593,0.30612244897959184
83389,From Up on Poppy Hill,コクリコ坂から,ja,Japanese,2011-07-16,2011,7,2010,Animation|Drama,Animation,2,9.4212,7.514,1994,Good,Medium,22000000.0,61037844.0,True,True,39037844.0,1.7744474545454545,91.0,JP,JP,1,Studio Ghibli|Mitsubishi|Hakuhodo DY Media Partners|Nippon Television Network Corporation|dentsu|TOHO|The Walt Disney Company (Japan),81,49122.077634247,127833000,0.022824136064499595,0.7263829787234042,0.04729351660381949,0.03339391920470372,0.02087687223111333,0.3346938775510204
38167,Eat Pray Love,Eat Pray Love,en,English,2010-08-12,2010,8,2010,Drama|Romance,Drama,2,9.4184,6.244,2686,Mixed,Medium,60000000.0,204594016.0,True,True,144594016.0,2.4099002666666665,133.0,US,US,3,Columbia Pictures|Plan B Entertainment,35,48642.6312088213,309378227,0.022784251160935586,0.4561702127659574,0.06412845152657827,0.09107455844814162,0.0699776269127009,0.5061224489795918
76163,The Expendables 2,The Expendables 2,en,English,2012-08-15,2012,8,2010,Action|Adventure|Thriller,Action,3,9.4177,6.355,7319,Mixed,Medium,100000000.0,314975955.0,True,True,214975955.0,2.14975955,103.0,US,US|BG|DE,1,Millennium Media|Lionsgate|Nu Boyana Film Studios|Nu Image Entertainment,39,51708.3940614082,314339099,0.02277427993504458,0.47978723404255325,0.17683980051088674,0.1517910208096552,0.10773174387339113,0.3836734693877551
503736,Army of the Dead,Army of the Dead,en,English,2021-05-14,2021,5,2020,Crime|Action|Horror,Crime,3,9.4164,6.187,4534,Mixed,Medium,90000000.0,190700000.0,True,True,100700000.0,1.1188888888888888,148.0,US,US,3,The Stone Quarry,28,71441.2319805947,332100166,0.022755761944104145,0.4440425531914894,0.10908648582897458,0.13661190521927682,0.06522543366560002,0.5673469387755102
132232,Mama,Mama,en,English,2013-01-17,2013,1,2010,Horror,Horror,1,9.412,6.3,4506,Mixed,Medium,15000000.0,146428180.0,True,True,131428180.0,8.761878666666666,100.0,CA,CA|ES,1,Toma 78|Demilo Films,55,52637.7313222622,35080992,0.022693085667075022,0.4680851063829787,0.10840530349105948,0.02276853829143884,0.05008306992851595,0.37142857142857144
8916,Antz,Antz,en,English,1998-10-02,1998,10,1990,Animation|Comedy|Family,Animation,3,9.4117,6.2,4852,Mixed,Medium,60000000.0,171757863.0,True,True,111757863.0,1.86263105,83.0,US,US,2,Pacific Data Images|DreamWorks Animation|DreamWorks Pictures,49,32853.6725949234,275854000,0.022688812284550292,0.4468085106382979,0.11682277095243887,0.09107455844814162,0.05874662325275324,0.3020408163265306
9276,The Faculty,The Faculty,en,English,1998-12-25,1998,12,1990,Horror|Science Fiction,Horror,2,9.4116,6.6,2359,Good,Medium,15000000.0,40283321.0,True,True,25283321.0,1.6855547333333334,104.0,US,US,1,Los Hooligans Productions,22,32853.6725949234,275854000,0.022687387823708723,0.5319148936170212,0.05617321493735555,0.02276853829143884,0.013778168440402284,0.3877551020408163
1700,Misery,Misery,en,English,1990-11-30,1990,11,1990,Drama|Thriller,Drama,2,9.4104,7.754,5407,Good,Medium,20000000.0,61300000.0,True,True,41300000.0,2.065,107.0,US,US,1,Castle Rock Entertainment|Nelson Entertainment,50,23888.6000088133,249623000,0.022670294293609856,0.7774468085106381,0.13032477800754166,0.03035809608662804,0.02096653788090724,0.4
766319,Mariah Carey's Magical Christmas Special,Mariah Carey's Magical Christmas Special,en,English,2020-12-03,2020,12,2020,Family|Music,Family,2,9.4096,6.219,73,Mixed,Medium,,,False,False,,,43.0,US,US,1,Done+Dusted,40,64465.2971415748,331578104,0.022658898606877285,0.4508510638297873,0.0005595426347159713,,,0.13877551020408163
507241,The Killer's Game,The Killer's Game,en,English,2024-09-12,2024,9,2020,Action|Comedy|Thriller,Action,3,9.4092,6.434,595,Mixed,Medium,30000000.0,5928351.0,True,True,-24071649.0,-0.8023883,106.0,US,US|GB|ES|HU,1,Dogbone Entertainment|Mad Chance|Endurance Media|K. JAM Media|TKG Productions|The Feature Film One|Lionsgate|Lipsync Productions,60,86169.6641581917,340003797,0.022653200763511013,0.49659574468085105,0.013258727648704538,0.04553721167700644,0.002027681292672401,0.39591836734693875
76203,12 Years a Slave,12 Years a Slave,en,English,2013-10-18,2013,10,2010,Drama|History,Drama,2,9.4035,7.927,12208,Good,Medium,20000000.0,187000000.0,True,True,167000000.0,8.35,134.0,GB,GB|US,1,New Regency Pictures|Plan B Entertainment|River Road Entertainment|Regency Enterprises|Film4 Productions,61,43607.6636827371,64138000,0.022572006495541426,0.814255319148936,0.2957791022989904,0.03035809608662804,0.06395991655274559,0.5102040816326531
8963,Crimson Tide,Crimson Tide,en,English,1995-05-12,1995,5,1990,Thriller|Action|Drama|War,Thriller,4,9.3838,7.186,2067,Good,Medium,53000000.0,157387195.0,True,True,104387195.0,1.9695697169811321,116.0,US,US|FR,1,Hollywood Pictures|Don Simpson/Jerry Bruckheimer Films,75,28690.8757013347,266278000,0.022291387709751868,0.656595744680851,0.0490694562705267,0.08044917753487675,0.05383139993460471,0.43673469387755104
9772,Air Force One,Air Force One,en,English,1997-07-25,1997,7,1990,Action|Thriller,Action,2,9.3813,6.466,3426,Mixed,Medium,85000000.0,315200000.0,True,True,230200000.0,2.708235294117647,124.0,US,US,2,Radiant Productions,44,31459.1299691554,272657000,0.022255776188712564,0.5034042553191489,0.08213112760004866,0.1290223474240876,0.10780837435489098,0.46938775510204084
842675,The Wandering Earth II,流浪地球2,zh,Mandarin,2023-01-22,2023,1,2020,Science Fiction|Action|Adventure,Science Fiction,3,9.3731,7.314,757,Good,Medium,73800000.0,665000000.0,True,True,591200000.0,8.010840108401084,174.0,CN,CN,7,Guo Fan Culture and Media|G!Film Studio|DF Pictures|China Film Group Corporation,46,12951.1782397043,1410710000,0.022138970399703722,0.6838297872340425,0.01719985403235616,0.11202173796286381,0.22745104626745305,0.673469387755102
1266,Street Kings,Street Kings,en,English,2008-04-10,2008,4,2000,Action|Crime|Drama|Thriller,Action,4,9.3731,6.669,1804,Good,Medium,20000000.0,66476363.0,True,True,46476363.0,2.32381815,109.0,US,US,2,Fox Searchlight Pictures|Regency Enterprises|Dune Entertainment III|Emmett/Furla Films|Yari Film Group,61,48570.0594269601,304093966,0.022138970399703722,0.5465957446808509,0.04267120788225277,0.03035809608662804,0.02273701786978467,0.40816326530612246
9331,Clear and Present Danger,Clear and Present Danger,en,English,1994-08-03,1994,8,1990,Action|Drama|Thriller,Action,3,9.3694,6.649,1747,Good,Medium,62000000.0,215887717.0,True,True,153887717.0,2.482059951612903,141.0,US,US,1,Paramount Pictures|Mace Neufeld Productions|Robert Rehme Productions,74,27694.853416234,263126000,0.022086265348565573,0.5423404255319149,0.04128451526578275,0.0941103815662173,0.07384043012431203,0.5387755102040817
63311,The Skin I Live In,La piel que habito,es,Spanish,2011-08-17,2011,8,2010,Drama|Horror|Mystery|Thriller,Drama,4,9.365,7.477,4738,Good,Medium,13000000.0,33750478.0,True,True,20750478.0,1.5961906153846155,120.0,ES,ES,2,El Deseo,29,31824.6219134777,46742697,0.022023589071536426,0.7185106382978723,0.11404938571949884,0.019732715173363162,0.01154372935605329,0.4530612244897959
228326,The Book of Life,The Book of Life,en,English,2014-10-01,2014,10,2010,Animation|Family|Fantasy,Animation,3,9.3623,7.535,3010,Good,Medium,50000000.0,97437106.0,True,True,47437106.0,0.94874212,95.0,US,US,1,Reel FX Creative Studios|20th Century Fox Animation|Chatrone,44,55153.3940182967,319257560,0.021985128628813983,0.7308510638297872,0.07201070429388153,0.07589544285776323,0.03332657194902467,0.3510204081632653
481084,The Addams Family,The Addams Family,en,English,2019-10-10,2019,10,2010,Family|Animation|Comedy|Fantasy,Family,4,9.3603,6.6,2536,Good,Medium,40000000.0,204394183.0,True,True,164394183.0,4.109854575,87.0,CA,CA|US,1,Cinesite Animation|Nitrogen Studios Canada|Bron Studios|Metro-Goldwyn-Mayer|Creative Wealth Media Finance|The Jackal Group,30,46352.9695208927,37618495,0.02195663941198257,0.5319148936170212,0.06047926043060455,0.06071632726738483,0.06990927770156223,0.3183673469387755
405774,Bird Box,Bird Box,en,English,2018-12-13,2018,12,2010,Horror|Thriller|Drama,Horror,3,9.3573,6.8,10810,Good,Medium,19800000.0,,True,False,,,124.0,US,US,1,Bluegrass Films|Chris Morgan Productions,26,62875.6661382728,328529577,0.021913905586735425,0.5744680851063829,0.26176864128451527,0.03005451377482047,,0.46938775510204084
305470,Power Rangers,Power Rangers,en,English,2017-03-23,2017,3,2010,Action|Adventure|Science Fiction,Action,3,9.3512,6.246,4724,Mixed,Medium,105000000.0,142300000.0,True,True,37300000.0,0.35523809523809524,124.0,US,US|HK,1,Lionsgate|Saban Brands|Saban Films|Temple Hill Entertainment|TIK Films,73,60047.7190728307,326608609,0.021827013475399566,0.4565957446808511,0.1137087945505413,0.15938057860484442,0.048671101702855574,0.46938775510204084
677179,Creed III,Creed III,en,English,2023-03-01,2023,3,2020,Drama|Action,Drama,2,9.3508,7.086,2973,Good,Medium,75000000.0,275300000.0,True,True,200300000.0,2.6706666666666665,116.0,US,US,2,Metro-Goldwyn-Mayer|Proximity Media|Outlier Society|Winkler Films,79,82586.7847707894,336755052,0.021821315632033267,0.6353191489361703,0.071110570490208,0.11384323183370922,0.0941613114351905,0.43673469387755104
10897,The Little Rascals,The Little Rascals,en,English,1994-08-05,1994,8,1990,Romance|Comedy|Family,Romance,3,9.347,6.8,1366,Good,Medium,,67308282.0,False,True,,,82.0,US,US,1,Universal Pictures|King World Entertainment|Amblin Entertainment,14,27694.853416234,263126000,0.02176718612005355,0.5744680851063829,0.03201556988200949,,0.023021560499787035,0.2979591836734694
1076364,Carl's Date,Carl's Date,en,English,2023-06-15,2023,6,2020,Animation|Family|Comedy|Romance,Animation,4,9.3454,7.433,462,Good,Medium,,,False,False,,,9.0,US,US,1,Pixar,45,82586.7847707894,336755052,0.02174439474658841,0.7091489361702127,0.010023111543607834,,,0.0
582,The Lives of Others,Das Leben der Anderen,de,German,2006-03-23,2006,3,2000,Drama|Thriller,Drama,2,9.3422,8.037,4260,Excellent,Medium,2000000.0,77672685.0,True,True,75672685.0,37.8363425,137.0,DE,DE|FR,1,Creado Film|Wiedemann & Berg Film|ARTE|BR,38,36980.3349948954,82376451,0.02169881199965813,0.8376595744680851,0.10242063009366258,0.003035688023946925,0.026566514381143734,0.5224489795918368
646207,The Ice Road,The Ice Road,en,English,2021-06-24,2021,6,2020,Action|Thriller,Action,2,9.3374,6.744,1966,Good,Medium,40000000.0,7502846.0,True,True,-32497154.0,-0.81242885,108.0,CA,CA|US,1,Shivhans Pictures|Code Entertainment|Envision Media Arts|The Solution,29,52886.6407813788,38239864,0.021630437879262707,0.5625531914893616,0.046612334265904394,0.06071632726738483,0.002566208418781519,0.40408163265306124
974950,Emilia Pérez,Emilia Pérez,fr,French,2024-08-21,2024,8,2020,Drama|Thriller,Drama,2,9.3366,6.413,2038,Mixed,Medium,26000000.0,16317120.0,True,True,-9682880.0,-0.37241846153846153,132.0,BE,BE|FR|US|MX,3,Why Not Productions|Pathé|France 2 Cinéma|Page 114|Saint Laurent Productions|Saint Laurent|Library Pictures International|Logical Content Ventures|Les Films du Fleuve|The Veterans|Vixens|Casa Kafka Pictures|Pimienta Films,32,56581.9375642531,11858610,0.021619042192530136,0.4921276595744681,0.04836394599197178,0.039465565440855076,0.005580969117264727,0.5020408163265306
4347,Atonement,Atonement,en,English,2007-02-27,2007,2,2000,Drama|Romance,Drama,2,9.3352,7.631,4836,Good,Medium,30000000.0,131016624.0,True,True,101016624.0,3.3672208,123.0,FR,FR|GB|US,2,Universal Pictures|StudioCanal|Relativity Media|Working Title,24,41486.1907828787,64016890,0.02159909974074813,0.7512765957446808,0.11643352390220169,0.04553721167700644,0.044811829968052615,0.46530612244897956
12133,Step Brothers,Step Brothers,en,English,2008-07-25,2008,7,2000,Comedy,Comedy,1,9.3344,6.558,3509,Good,Medium,65000000.0,128100000.0,True,True,63100000.0,0.9707692307692307,98.0,US,US,2,Columbia Pictures|Mosaic Media Group|Gary Sanchez Productions|Relativity Media|Apatow Productions,52,48570.0594269601,304093966,0.02158770405401556,0.5229787234042552,0.08415034667315412,0.09866411624333082,0.04381425224271155,0.363265306122449
1182047,The Apprentice,The Apprentice,en,English,2024-10-09,2024,10,2020,History|Drama|Comedy,History,3,9.3325,6.839,1035,Good,Medium,16000000.0,17271613.0,True,True,1271613.0,0.0794758125,122.0,US,US|GB|DK|IE|CA|SE,1,Gidden Media|Head Gear Films|Metrol Technology|Scythia Films|Profile Pictures|Tailored Films|Film Institute|Film i Väst|Fís Éireann/Screen Ireland|RocketScience|LB Entertainment|AC Films|Rich Spirit|Wild 7 Films|Red Apple Productions|ScreenReleases,65,86169.6641581917,340003797,0.02156063929802569,0.5827659574468086,0.023963021530227467,0.02428644985047668,0.0059074359349943935,0.46122448979591835
1948,Crank,Crank,en,English,2006-08-31,2006,8,2000,Action|Thriller|Crime,Action,3,9.3306,6.671,4366,Good,Medium,12000000.0,42900000.0,True,True,30900000.0,2.575,88.0,US,US,3,Lakeshore Entertainment|RadicalMedia|GreeneStreet Films|Lionsgate,53,46301.9876485519,298379912,0.021533574542035843,0.5470212765957447,0.104999391801484,0.01821480361432532,0.01467315548184737,0.3224489795918367
399170,Logan Lucky,Logan Lucky,en,English,2017-08-17,2017,8,2010,Comedy|Crime|Action|Drama,Comedy,4,9.3304,6.735,3945,Good,Medium,29000000.0,48453605.0,True,True,19453605.0,0.6708139655172414,119.0,US,US,1,Fingerprint Releasing,29,60047.7190728307,326608609,0.021530725620352683,0.5606382978723404,0.09475732879211775,0.0440193001179686,0.016572664175234918,0.4489795918367347
4638,Hot Fuzz,Hot Fuzz,en,English,2007-02-14,2007,2,2000,Crime|Action|Comedy,Crime,3,9.3283,7.57,8599,Good,Medium,12000000.0,80600000.0,True,True,68600000.0,5.716666666666667,121.0,FR,FR|GB,1,Big Talk Studios|StudioCanal|Working Title|Ingenious Media,59,41486.1907828787,64016890,0.0215008119426797,0.7382978723404255,0.20797956452986255,0.01821480361432532,0.027567748766877644,0.45714285714285713
46529,I Am Number Four,I Am Number Four,en,English,2011-02-18,2011,2,2010,Action|Thriller|Science Fiction|Adventure,Action,4,9.3259,6.207,5125,Mixed,Medium,50000000.0,149900000.0,True,True,99900000.0,1.998,109.0,IN,IN|US,2,Bay Films|DreamWorks Pictures|Reliance Entertainment,91,1445.46127486037,1261224954,0.02146662488248199,0.44829787234042545,0.12346429874711105,0.07589544285776323,0.051270542258989,0.40816326530612246
8292,Four Brothers,Four Brothers,en,English,2005-08-11,2005,8,2000,Action|Crime,Action,2,9.3253,6.807,2482,Good,Medium,45000000.0,92374674.0,True,True,47374674.0,1.0527705333333333,109.0,US,US,2,Paramount Pictures|di Bonaventura Pictures,21,44123.3996470026,295516599,0.021458078117432555,0.5759574468085107,0.059165551636054005,0.06830588506257403,0.03159505996830525,0.40816326530612246
227159,Horrible Bosses 2,Horrible Bosses 2,en,English,2014-11-12,2014,11,2010,Comedy,Comedy,1,9.3188,6.175,4485,Mixed,Medium,42000000.0,107645357.0,True,True,65645357.0,1.5629846904761904,108.0,US,US,1,New Line Cinema|BenderSpink|RatPac Entertainment,33,55153.3940182967,319257560,0.021365488162730397,0.4414893617021276,0.10789441673762316,0.0637521503854605,0.03681811690383909,0.40408163265306124
13223,Gran Torino,Gran Torino,en,English,2008-12-12,2008,12,2000,Drama,Drama,1,9.3181,7.987,11809,Good,Medium,33000000.0,270000000.0,True,True,237000000.0,7.181818181818182,116.0,US,US|DE,1,Matten Productions|Double Nickel Entertainment|Gerber Pictures|Malpaso Productions|Village Roadshow Pictures|WV Films IV|Warner Bros. Pictures,28,48570.0594269601,304093966,0.021355516936839396,0.8270212765957445,0.2860722539837003,0.05009094635411995,0.09234854367893956,0.43673469387755104
617653,The Last Duel,The Last Duel,en,English,2021-10-13,2021,10,2020,Drama|History|Thriller,Drama,3,9.315,7.398,4003,Good,Medium,100000000.0,30552111.0,True,True,-69447889.0,-0.69447889,153.0,US,US,2,20th Century Studios|Pearl Street Films|Scott Free Productions,24,71441.2319805947,332100166,0.02131135865075068,0.7017021276595743,0.09616834934922759,0.1517910208096552,0.010449786606948187,0.5877551020408164
2698,Evan Almighty,Evan Almighty,en,English,2007-06-09,2007,6,2000,Fantasy|Comedy|Family,Fantasy,3,9.315,5.59,4656,Mixed,Medium,175000000.0,174440724.0,True,True,-559276.0,-0.003195862857142857,96.0,US,US,1,Universal Pictures|Spyglass Entertainment|Relativity Media|Shady Acres Entertainment|Original Film,19,48050.227412195,301231207,0.02131135865075068,0.31702127659574464,0.1120544945870332,0.2656343877374932,0.059664246632999116,0.3551020408163265
491418,Instant Family,Instant Family,en,English,2018-11-13,2018,11,2010,Comedy|Drama,Comedy,2,9.3101,7.49,3301,Good,Medium,48000000.0,121000000.0,True,True,73000000.0,1.5208333333333333,118.0,US,US,1,Closest to the Hole Productions|Paramount Pictures|Leverage Entertainment,49,62875.6661382728,328529577,0.02124156006951369,0.7212765957446808,0.07909013502007055,0.07285961973968755,0.041385827512639535,0.4448979591836735
116149,Paddington,Paddington,en,English,2014-11-24,2014,11,2010,Comedy|Adventure|Family,Comedy,3,9.3064,7.126,4348,Good,Medium,55000000.0,333960862.0,True,True,278960862.0,5.0720156727272725,95.0,FR,FR|GB,1,StudioCanal|Anton Capital Entertainment|Heyday Films|TF1 Films Production,32,43148.0459288416,66312067,0.021188855018375544,0.6438297872340426,0.10456148886996716,0.08348500065295243,0.11422518297999919,0.3510204081632653
37735,Easy A,Easy A,en,English,2010-09-16,2010,9,2010,Comedy,Comedy,1,9.3064,6.801,7541,Good,Medium,8000000.0,75026327.0,True,True,67026327.0,8.378290875,93.0,US,US,1,Screen Gems|Olive Bridge Entertainment,84,48642.6312088213,309378227,0.021188855018375544,0.5746808510638297,0.18224060333292788,0.012143157378173963,0.025661376182295297,0.34285714285714286
638,Lost Highway,Lost Highway,en,English,1997-01-15,1997,1,1990,Drama|Thriller|Mystery,Drama,3,9.3047,7.5,3047,Good,Medium,15000000.0,3897982.0,True,True,-11102018.0,-0.7401345333333333,134.0,FR,FR|US,1,CiBy 2000|Asymmetrical Productions,24,24169.4008102822,59968066,0.021164639184068832,0.7234042553191489,0.07291083809755504,0.02276853829143884,0.0013332308291834453,0.5102040816326531
133805,Carrie,Carrie,en,English,2013-10-16,2013,10,2010,Drama|Horror,Drama,2,9.3019,6.066,4822,Mixed,Medium,30000000.0,84790678.0,True,True,54790678.0,1.8263559333333332,101.0,US,US,1,Misher Films|Screen Gems|Metro-Goldwyn-Mayer,20,53297.3862901595,316726282,0.021124754280504823,0.4182978723404255,0.11609293273324413,0.04553721167700644,0.029001093286732397,0.37551020408163266
1391,Y Tu Mamá También,Y tu mamá también,es,Spanish,2001-06-08,2001,6,2000,Drama|Romance,Drama,2,9.3012,7.436,1825,Good,Medium,5000000.0,33600000.0,True,True,28600000.0,5.72,106.0,MX,MX,1,Bésame Mucho Pictures|Anhelo Productions,28,7952.76479510706,100099099,0.021114783054613822,0.7097872340425531,0.04318209463568909,0.007589422701060444,0.011492261117105154,0.39591836734693875
12207,The Legend of Drunken Master,醉拳二,cn,Cantonese,1994-02-03,1994,2,1990,Action|Comedy,Action,2,9.2975,7.463,1129,Good,Medium,10000000.0,34300528.0,True,True,24300528.0,2.4300528,102.0,HK,HK,1,Orange Sky Golden Harvest|Hong Kong Stuntman Association|Paragon Films,56,22502.5302426236,6035400,0.021062078003475673,0.715531914893617,0.026249847950371,0.015178980496249642,0.011731863866303448,0.3795918367346939
8645,The Happening,The Happening,en,English,2008-06-11,2008,6,2000,Thriller|Science Fiction,Thriller,2,9.2963,5.411,4089,Mixed,Medium,60000000.0,163403799.0,True,True,103403799.0,1.72339665,90.0,US,US|IN,2,20th Century Fox|UTV Motion Pictures|Spyglass Entertainment|Blinding Edge Pictures|Dune Entertainment III,52,48570.0594269601,304093966,0.02104498447337683,0.2789361702127659,0.09826055224425252,0.09107455844814162,0.05588926894089347,0.3306122448979592
466282,To All the Boys I've Loved Before,To All the Boys I've Loved Before,en,English,2018-08-17,2018,8,2010,Comedy|Romance,Comedy,2,9.2899,7.589,8771,Good,Medium,,,False,False,,,100.0,US,US,1,Awesomeness Films|Overbrook Entertainment,26,62875.6661382728,328529577,0.02095381897951624,0.7423404255319149,0.2121639703199124,,,0.37142857142857144
552178,Dark Waters,Dark Waters,en,English,2019-11-22,2019,11,2010,Drama|Thriller,Drama,2,9.2879,7.525,2612,Good,Medium,20000000.0,13601384.0,True,True,-6398616.0,-0.3199308,127.0,US,US,1,Participant|Willi Hill|Killer Films,42,65227.9565911038,330226227,0.020925329762684828,0.7287234042553191,0.062328183919231235,0.03035809608662804,0.004652101446455312,0.4816326530612245
55779,Final Destination 5,Final Destination 5,en,English,2011-08-12,2011,8,2010,Horror|Mystery,Horror,2,9.2878,6.158,4227,Mixed,Medium,40000000.0,157887643.0,True,True,117887643.0,2.947191075,91.0,US,US,2,Parallel Zide|New Line Cinema|Practical Pictures,57,50024.8812320773,311839461,0.020923905301843262,0.43787234042553197,0.10161780805254836,0.06071632726738483,0.054002568990846274,0.3346938775510204
516632,The Empty Man,The Empty Man,en,English,2020-10-22,2020,10,2020,Horror|Mystery,Horror,2,9.282,6.168,1098,Mixed,Medium,16000000.0,4796993.0,True,True,-11203007.0,-0.7001879375,137.0,ZA,ZA|US,1,BOOM! Studios|Out of Africa Entertainment|20th Century Fox,21,5580.60383075189,60562381,0.020841286573032105,0.44,0.02549568179053643,0.02428644985047668,0.001640721046790033,0.5224489795918368
73454,X,X,en,English,2011-11-23,2011,11,2010,Action|Thriller|Romance,Action,3,9.2817,6.388,327,Mixed,Medium,,,False,False,,,90.0,AU,AU,1,Rough Beast|Circe Films,26,62799.3895017032,22340024,0.020837013190507403,0.48680851063829783,0.0067388395572314805,,,0.3306122448979592
8845,Under Siege,Under Siege,en,English,1992-10-08,1992,10,1990,Action|Thriller,Action,2,9.2774,6.307,1798,Mixed,Medium,35000000.0,156563139.0,True,True,121563139.0,3.4732325428571427,102.0,FR,FR|US,1,Regency Enterprises|Warner Bros. Pictures|Alcor Films|Arnon Milchan Productions|Le Studio Canal+,40,23615.0168565483,58846584,0.02077576137431982,0.46957446808510644,0.042525240238413815,0.053126769472195634,0.05354954669948299,0.3795918367346939
3134,Baise-moi,Baise-moi,fr,French,2000-06-28,2000,6,2000,Crime|Drama|Thriller,Crime,3,9.277,4.832,501,Poor,Medium,,940944.0,False,True,,,77.0,FR,FR,1,Toute Premiere Fois,47,22340.5939516217,60918661,0.020770063530953523,0.15574468085106383,0.010971901228561003,,0.0003218302366534889,0.27755102040816326
9383,Hollow Man,Hollow Man,en,English,2000-08-04,2000,8,2000,Action|Science Fiction|Thriller,Action,3,9.276,5.98,2921,Mixed,Medium,95000000.0,190213455.0,True,True,95213455.0,1.0022468947368421,112.0,DE,DE|US,1,Columbia Pictures|Red Wagon Entertainment|Global Medien KG,62,23925.8559901991,82211508,0.020755818922537816,0.4000000000000001,0.06984551757693712,0.144201463014466,0.06505901987541791,0.4204081632653061
1597,Meet the Parents,Meet the Parents,en,English,2000-10-06,2000,10,2000,Comedy|Romance,Comedy,2,9.275,6.699,6554,Good,Medium,55000000.0,330444045.0,True,True,275444045.0,5.008073545454545,108.0,US,US,1,Universal Pictures|DreamWorks Pictures|Nancy Tenenbaum Films|Tribeca Productions,70,36329.9702595751,282162411,0.02074157431412211,0.5529787234042552,0.15822892592142077,0.08348500065295243,0.11302232025127558,0.40408163265306124
9792,The Hills Have Eyes,The Hills Have Eyes,en,English,2006-03-10,2006,3,2000,Horror|Thriller,Horror,2,9.2629,6.486,3467,Mixed,Medium,15000000.0,69623713.0,True,True,54623713.0,3.6415808666666667,107.0,FR,FR|US,1,Fox Searchlight Pictures|Craven-Maddalena Films|Major Studio Partners|Dune Entertainment,60,36431.5658906555,63622342,0.020569214552291958,0.507659574468085,0.08312857316628147,0.02276853829143884,0.023813511190093426,0.4
449562,The Hustle,The Hustle,en,English,2019-05-09,2019,5,2010,Comedy|Crime,Comedy,2,9.2599,6.194,2746,Mixed,Medium,21000000.0,97400000.0,True,True,76400000.0,3.638095238095238,94.0,ES,ES|US,5,Pin High|Metro-Goldwyn-Mayer|Cave 76 Productions|Camp Sugar|Palma Pictures,32,29786.5245689007,47118501,0.020526480727044813,0.445531914893617,0.06558812796496777,0.03187600764566588,0.03331388052254101,0.3469387755102041
604822,Vanguard,急先锋,zh,Mandarin,2020-01-22,2020,1,2020,Action|Adventure|Comedy|Crime|Thriller,Action,5,9.2547,6.382,626,Mixed,Medium,,50866901.0,False,True,,,107.0,CN,CN|HK|IN|KR|TW|GB,3,China Film International|Epitome Capital|Shanghai Lix Entertainment|Shenzhen Media Film & Television|Tencent Pictures|One Cool Films|India Film Services|Huayu International Entertainment|JP Media Limited|Dexter Studios|Golden Network Asia|China Film Group Corporation,23,10627.4637989619,1411100000,0.02045240876328309,0.4855319148936169,0.014012893808539107,,0.01739808779317631,0.4
9482,Judge Dredd,Judge Dredd,en,English,1995-06-30,1995,6,1990,Science Fiction|Action,Science Fiction,2,9.2545,5.853,2842,Mixed,Medium,90000000.0,113493481.0,True,True,23493481.0,0.2610386777777778,96.0,US,US,1,Cinergi Pictures|Pressman Film,29,28690.8757013347,266278000,0.020449559841599955,0.37297872340425525,0.06792361026639095,0.13661190521927682,0.038818360417378205,0.3551020408163265
65,8 Mile,8 Mile,en,English,2002-11-08,2002,11,2000,Drama|Music,Drama,2,9.2511,7.147,7976,Good,Medium,41000000.0,242875078.0,True,True,201875078.0,4.923782390243902,111.0,DE,DE|US,1,Mikona Productions|Imagine Entertainment,53,25486.5942008748,82488495,0.02040112817298651,0.6482978723404255,0.19282325751125168,0.06223423882642267,0.08307096179357697,0.4163265306122449
522681,Escape Room,Escape Room,en,English,2019-01-03,2019,1,2010,Horror|Mystery|Thriller,Horror,3,9.2474,6.545,5163,Good,Medium,9000000.0,155712077.0,True,True,146712077.0,16.30134188888889,99.0,US,US,1,Columbia Pictures|Original Film,16,65227.9565911038,330226227,0.02034842312184839,0.5202127659574467,0.1243887604914244,0.013661068937211803,0.05325845655756404,0.3673469387755102
9631,The Negotiator,The Negotiator,en,English,1998-07-29,1998,7,1990,Action|Crime|Drama|Thriller,Action,4,9.2414,7.1,2484,Good,Medium,50000000.0,44547681.0,True,True,-5452319.0,-0.10904638,140.0,DE,DE|US,1,Regency Enterprises|Mandeville Films|Taurus Film,64,27395.9440608051,82047195,0.020262955471354097,0.6382978723404253,0.05921420751733366,0.07589544285776323,0.015236714536448748,0.5346938775510204
693,Meet the Fockers,Meet the Fockers,en,English,2004-12-22,2004,12,2000,Comedy|Romance,Comedy,2,9.2404,6.254,5291,Mixed,Medium,80000000.0,516642939.0,True,True,436642939.0,5.4580367375,115.0,US,US,1,Universal Pictures|DreamWorks Pictures|Tribeca Productions|Everyman Pictures|Nancy Tenenbaum Films,45,41724.6411982614,292805298,0.020248710862938366,0.4582978723404254,0.12750273689332198,0.12143278962889842,0.17670823558953722,0.4326530612244898
644495,House of Gucci,House of Gucci,en,English,2021-11-24,2021,11,2020,Drama|Crime|History,Drama,3,9.2402,6.558,3517,Good,Medium,75000000.0,153235995.0,True,True,78235995.0,1.0431466,158.0,CA,CA|US,6,Metro-Goldwyn-Mayer|Bron Studios|Scott Free Productions,34,52886.6407813788,38239864,0.02024586194125523,0.5229787234042552,0.08434497019827272,0.11384323183370922,0.05241155814031247,0.6081632653061224
400157,Wonder Park,Wonder Park,en,English,2019-03-13,2019,3,2010,Comedy|Animation|Adventure|Family|Fantasy,Comedy,5,9.2356,6.6,783,Good,Medium,100000000.0,119559110.0,True,True,19559110.0,0.1955911,86.0,ES,ES|US,1,Nickelodeon Movies|Paramount Animation|Ilion Animation Studios|Paramount Pictures,58,29786.5245689007,47118501,0.020180336742542944,0.5319148936170212,0.017832380488991606,0.1517910208096552,0.040892997525412283,0.3142857142857143
453405,Gemini Man,Gemini Man,en,English,2019-10-02,2019,10,2010,Science Fiction|Action|Adventure|Thriller|Drama,Science Fiction,5,9.2309,6.255,5577,Mixed,Medium,140000000.0,173469516.0,True,True,33469516.0,0.23906797142857142,117.0,US,US|CN,1,Skydance Media|Jerry Bruckheimer Films|Fosun Pictures|Paramount Pictures|Alibaba Pictures Group,62,65227.9565911038,330226227,0.020113387082989088,0.4585106382978723,0.13446052791631188,0.2125074831711688,0.059332062756204215,0.44081632653061226
1911,The 13th Warrior,The 13th Warrior,en,English,1999-08-13,1999,8,1990,Adventure|History|Action,Adventure,3,9.2291,6.7,2132,Good,Medium,120000000.0,61698899.0,True,True,-58301101.0,-0.4858425083333333,103.0,US,US,7,Touchstone Pictures|Crichton/McTiernan Productions,42,34515.3813073394,279040000,0.02008774678784081,0.5531914893617021,0.05065077241211532,0.18214925199041201,0.02110297396490738,0.3836734693877551
3131,Gangs of New York,Gangs of New York,en,English,2002-12-14,2002,12,2000,Drama|History|Crime,Drama,3,9.2195,7.317,7413,Good,Medium,100000000.0,193772504.0,True,True,93772504.0,0.93772504,168.0,US,US|IT,4,Miramax|Touchstone Pictures|Initial Entertainment Group|Alberto Grimaldi Productions,62,37997.7424300242,287625193,0.01995099854704994,0.6844680851063829,0.1791266269310303,0.1517910208096552,0.06627632728487398,0.6489795918367347
613,Downfall,Der Untergang,de,German,2004-09-16,2004,9,2000,Drama|History|War,Drama,3,9.2158,7.864,4450,Good,Medium,16000000.0,92181574.0,True,True,76181574.0,4.761348375,155.0,AT,AT|DE|IT,3,NDR|ORF|ARD Degeto|EOS Entertainment|WDR|RAI|Constantin Film,98,36614.2506533707,8171966,0.01989829349591179,0.8008510638297871,0.10704293881522929,0.02428644985047668,0.03152901365628033,0.5959183673469388
9614,Happy Gilmore,Happy Gilmore,en,English,1996-02-16,1996,2,1990,Comedy,Comedy,1,9.212,6.677,3460,Good,Medium,12000000.0,41422354.0,True,True,29422354.0,2.451862833333333,92.0,US,US,1,Universal Pictures|Brillstein-Grey Entertainment|Robert Simonds Productions,51,29967.7127181749,269394000,0.019844163983932076,0.5482978723404254,0.0829582775818027,0.01821480361432532,0.014167753779214694,0.33877551020408164
9645,Ghost Ship,Ghost Ship,en,English,2002-10-25,2002,10,2000,Horror|Mystery|Thriller,Horror,3,9.2103,6.013,2766,Mixed,Medium,35000000.0,71142361.0,True,True,36142361.0,1.0326388857142856,91.0,US,US,3,Village Roadshow Pictures|NPV Entertainment|Dark Castle Entertainment|Ghost Ship Films Pty. Ltd.|Warner Bros. Pictures,54,37997.7424300242,287625193,0.019819948149625368,0.40702127659574466,0.06607468677776426,0.053126769472195634,0.02433293687452644,0.3346938775510204
20504,The Book of Eli,The Book of Eli,en,English,2010-01-14,2010,1,2010,Action|Thriller|Science Fiction,Action,3,9.2096,6.809,6887,Good,Medium,80000000.0,157107755.0,True,True,77107755.0,0.9638469375,118.0,US,US,1,Alcon Entertainment|Silver Pictures,27,48642.6312088213,309378227,0.019809976923734363,0.5763829787234043,0.16633013015448242,0.12143278962889842,0.05373582260973551,0.4448979591836735
10375,D-Tox,D-Tox,en,English,2002-01-04,2002,1,2000,Thriller|Horror|Crime,Thriller,3,9.2064,5.57,740,Mixed,Medium,55000000.0,6632383.0,True,True,-48367617.0,-0.8794112181818182,96.0,DE,DE|US,1,Universal Pictures|Capella International|KC Medien,55,25486.5942008748,82488495,0.019764394176804083,0.3127659574468086,0.016786279041479137,0.08348500065295243,0.0022684825207797336,0.3551020408163265
654974,Home Sweet Home Alone,Home Sweet Home Alone,en,English,2021-11-11,2021,11,2020,Family|Comedy,Family,2,9.2056,4.8,716,Poor,Medium,15000000.0,,True,False,,,93.0,US,US,1,20th Century Studios|Hutch Parker Entertainment,31,71441.2319805947,332100166,0.019752998490071512,0.14893617021276595,0.016202408466123343,0.02276853829143884,,0.34285714285714286
1008409,The Bikeriders,The Bikeriders,en,English,2024-06-19,2024,6,2020,Crime|Drama,Crime,2,9.1977,6.7,1223,Good,Medium,40000000.0,36110860.0,True,True,-3889140.0,-0.0972285,116.0,US,US,1,Tri-State Pictures|New Regency Pictures|Regency Enterprises,38,86169.6641581917,340003797,0.01964046608358735,0.5531914893617021,0.028536674370514537,0.06071632726738483,0.012351054711154254,0.43673469387755104
1164,Babel,Babel,en,English,2006-10-26,2006,10,2000,Drama,Drama,1,9.1966,7.17,4179,Good,Medium,25000000.0,135330835.0,True,True,110330835.0,4.4132334,143.0,FR,FR|MX|US,6,Central Films|Zeta Film|Anonymous Content,19,36431.5658906555,63622342,0.019624797014330075,0.653191489361702,0.10045006690183676,0.037947653881817235,0.04628742668398905,0.5469387755102041
100042,Dumb and Dumber To,Dumb and Dumber To,en,English,2014-11-12,2014,11,2010,Comedy,Comedy,1,9.1954,5.563,3500,Mixed,Medium,40000000.0,169837010.0,True,True,129837010.0,3.24592525,110.0,US,US,1,New Line Cinema|Conundrum Entertainment|Red Granite Pictures,26,55153.3940182967,319257560,0.019607703484231208,0.3112765957446808,0.08393139520739569,0.06071632726738483,0.058089630727678164,0.4122448979591837
256274,"As Above, So Below","As Above, So Below",en,English,2014-08-14,2014,8,2010,Horror|Thriller,Horror,2,9.1942,6.757,3981,Good,Medium,5000000.0,41898409.0,True,True,36898409.0,7.3796818,93.0,US,US,1,Brothers Dowdle Productions|Legendary Pictures,29,55153.3940182967,319257560,0.019590609954132365,0.5653191489361701,0.09563313465515144,0.007589422701060444,0.014330579657366024,0.34285714285714286
39514,RED,RED,en,English,2010-10-13,2010,10,2010,Action|Adventure|Comedy|Crime|Thriller,Action,5,9.1928,6.707,7295,Good,Medium,58000000.0,199006387.0,True,True,141006387.0,2.431144603448276,111.0,US,US,2,di Bonaventura Pictures|DC,61,48642.6312088213,309378227,0.01957066750235036,0.5546808510638297,0.17625592993553096,0.08803873533006594,0.06806648093438152,0.4163265306122449
346648,Paddington 2,Paddington 2,en,English,2017-11-09,2017,11,2010,Adventure|Comedy|Family,Adventure,3,9.1913,7.486,2894,Good,Medium,40000000.0,290132513.0,True,True,250132513.0,6.253312825,104.0,FR,FR|GB,1,StudioCanal|Heyday Films|Anton Capital Entertainment,27,38687.1626407164,66918020,0.019549300589726787,0.7204255319148934,0.06918866317966184,0.06071632726738483,0.09923450036171369,0.3877551020408163
11130,The Princess Diaries 2: Royal Engagement,The Princess Diaries 2: Royal Engagement,en,English,2004-08-06,2004,8,2000,Comedy|Drama|Family|Romance,Comedy,4,9.1875,6.716,3470,Good,Medium,40000000.0,134734481.0,True,True,94734481.0,2.368362025,113.0,US,US,1,BrownHouse Productions|Walt Disney Pictures,71,41724.6411982614,292805298,0.01949517107774707,0.556595744680851,0.08320155698820095,0.06071632726738483,0.046083454740119,0.42448979591836733
201088,Blackhat,Blackhat,en,English,2015-01-13,2015,1,2010,Crime|Thriller|Action,Crime,3,9.1874,5.5,2226,Mixed,Medium,70000000.0,17752940.0,True,True,-52247060.0,-0.7463865714285715,133.0,US,US,7,Legendary Pictures|Forward Pass,50,56849.4697923159,321815121,0.0194937466169055,0.2978723404255319,0.05293759883225885,0.10625367403852003,0.006072065004015713,0.5061224489795918
170687,The Boxtrolls,The Boxtrolls,en,English,2014-09-10,2014,9,2010,Animation|Comedy|Family|Fantasy,Animation,4,9.1842,6.726,1858,Good,Medium,60000000.0,108255770.0,True,True,48255770.0,0.8042628333333334,97.0,US,US,1,LAIKA,32,55153.3940182967,319257560,0.01944816386997522,0.5587234042553191,0.04398491667680331,0.09107455844814162,0.03702689747070634,0.35918367346938773
409,The English Patient,The English Patient,en,English,1996-11-14,1996,11,1990,Drama|Romance|War,Drama,3,9.1746,7.129,2462,Good,Medium,27000000.0,231976425.0,True,True,204976425.0,7.591719444444444,162.0,GB,GB|US,4,Miramax|The Saul Zaentz Company|Tiger Moth Productions,46,24503.3829602903,58166950,0.01931141562918435,0.6444680851063828,0.05867899282325751,0.040983476999892916,0.07934327750207365,0.6244897959183674
43074,Ghostbusters,Ghostbusters,en,English,2016-07-14,2016,7,2010,Action|Fantasy|Comedy,Action,3,9.1739,5.343,6899,Mixed,Medium,144000000.0,229147509.0,True,True,85147509.0,0.5913021458333333,117.0,US,US,1,Ghost Corps|Columbia Pictures|Village Roadshow Pictures|LStar Capital|Feigco Entertainment|Pascal Pictures|The Montecito Picture Company,29,57976.628204291,324353340,0.019301444403293348,0.264468085106383,0.16662206544216032,0.21857912940732016,0.07837569868887696,0.44081632653061226
630586,Wrong Turn,Wrong Turn,en,English,2021-01-26,2021,1,2020,Horror|Thriller,Horror,2,9.1528,5.956,1384,Mixed,Medium,,4829926.0,False,True,,,110.0,DE,DE|US|GB,1,Constantin Film|The H Collective|Tea Shop & Film Company|Lionsgate,48,52349.2459994422,83196078,0.01900088316572176,0.3948936170212767,0.032453472813526334,,0.0016519851751893937,0.4122448979591837
35019,Nanny McPhee and the Big Bang,Nanny McPhee and the Big Bang,en,English,2010-03-26,2010,3,2010,Comedy|Fantasy|Family,Comedy,3,9.1434,6.3,1994,Mixed,Medium,35000000.0,93251121.0,True,True,58251121.0,1.664317742857143,109.0,US,US|GB|FR,1,Three Strange Angels|Relativity Media|Working Title|StudioCanal|Universal Pictures,86,48642.6312088213,309378227,0.01886698384661405,0.4680851063829787,0.04729351660381949,0.053126769472195634,0.03189483258371333,0.40816326530612246
345938,The Shack,The Shack,en,English,2017-03-02,2017,3,2010,Drama|Family,Drama,2,9.1432,7.519,2297,Good,Medium,20000000.0,96942115.0,True,True,76942115.0,3.84710575,132.0,CA,CA|HK|US,1,Summit Entertainment|Netter Productions|TIK Films|Lionsgate,18,45129.7335281051,36545075,0.018864134924930914,0.7274468085106383,0.054664882617686414,0.03035809608662804,0.033157269359508745,0.5020408163265306
171274,Inherent Vice,Inherent Vice,en,English,2014-12-12,2014,12,2010,Drama|Mystery|Comedy,Drama,3,9.1335,6.544,2789,Good,Medium,20000000.0,14810975.0,True,True,-5189025.0,-0.25945125,149.0,US,US,1,Warner Bros. Pictures|IAC Films|JoAnne Sellar Productions|Ghoulardi Film Company|RatPac Entertainment,20,55153.3940182967,319257560,0.018725962223298476,0.5199999999999999,0.06663422941248023,0.03035809608662804,0.005065819854578204,0.5714285714285714
104,Run Lola Run,Lola rennt,de,German,1998-08-20,1998,8,1990,Action|Drama|Thriller,Action,3,9.1317,7.305,2662,Good,Medium,1530000.0,7660911.0,True,True,6130911.0,4.007131372549019,80.0,DE,DE,3,X Filme Creative Pool,58,27395.9440608051,82047195,0.018700321928150198,0.6819148936170212,0.06354458095122248,0.0023222695911991405,0.0026202716518743123,0.2897959183673469
17578,The Adventures of Tintin,The Adventures of Tintin,en,English,2011-10-24,2011,10,2010,Adventure|Animation|Mystery,Adventure,3,9.1311,6.928,5964,Good,Medium,130000000.0,373993951.0,True,True,243993951.0,1.8768765461538461,107.0,NZ,NZ|US,1,Paramount Pictures|Columbia Pictures|Hemisphere Media Capital|Nickelodeon Movies|Amblin Entertainment|WingNut Films|The Kennedy/Marshall Company|DreamWorks Pictures,92,38425.829997974,4384000,0.018691775163100763,0.6017021276595744,0.1438754409439241,0.1973283675807904,0.12791776655024906,0.4
112205,The Family,The Family,en,English,2013-09-13,2013,9,2010,Crime|Comedy|Action,Crime,3,9.1264,6.362,3170,Mixed,Medium,30000000.0,36894225.0,True,True,6894225.0,0.2298075,111.0,FR,FR|US,2,EuropaCorp|Relativity Media|Grive Productions|TF1 Films Production,69,42669.1795111893,65997932,0.01862482550354691,0.48127659574468085,0.0759031747962535,0.04553721167700644,0.012618990336319446,0.4163265306122449
277217,Descendants,Descendants,en,English,2015-07-31,2015,7,2010,Family|Adventure|Fantasy|TV Movie,Family,4,9.1229,7.183,2580,Good,Medium,,,False,False,,,112.0,US,US,1,"Bad Angels Productions, Ltd.|5678 Productions|Disney Channel",41,56849.4697923159,321815121,0.018574969374091897,0.6559574468085105,0.061549689818756845,,,0.4204081632653061
316727,The Purge: Election Year,The Purge: Election Year,en,English,2016-06-29,2016,6,2010,Action|Horror|Thriller,Action,3,9.1224,6.38,5586,Mixed,Medium,10000000.0,118587880.0,True,True,108587880.0,10.858788,109.0,FR,FR|JP|US,1,Universal Pictures|Blumhouse Productions|Platinum Dunes|Man in a Tree Productions,75,37024.2157133669,66724104,0.01856784706988406,0.4851063829787233,0.1346794793820703,0.015178980496249642,0.04056080612392104,0.40816326530612246
49527,Man on a Ledge,Man on a Ledge,en,English,2012-01-13,2012,1,2010,Action|Thriller|Crime,Action,3,9.1177,6.439,2879,Mixed,Medium,42000000.0,46221189.0,True,True,4221189.0,0.1005045,102.0,US,US,1,Summit Entertainment|di Bonaventura Pictures,47,51708.3940614082,314339099,0.01850089741033018,0.49765957446808506,0.06882374407006447,0.0637521503854605,0.015809107242529503,0.3795918367346939
10590,We Were Soldiers,We Were Soldiers,en,English,2002-03-01,2002,3,2000,Action|History|War,Action,3,9.1168,7.137,2363,Good,Medium,75000000.0,114660784.0,True,True,39660784.0,0.5288104533333333,138.0,DE,DE|US|GB|FR,3,Wheelhouse Entertainment|Motion Picture Production GmbH & Co. Erste KG|Paramount Pictures|Icon Productions,78,25486.5942008748,82488495,0.018488077262756038,0.6461702127659573,0.05627052669991485,0.11384323183370922,0.03921761499099612,0.5265306122448979
934632,Rebel Moon - Part Two: The Scargiver,Rebel Moon - Part Two: The Scargiver,en,English,2024-04-19,2024,4,2020,Science Fiction|Action|Adventure,Science Fiction,3,9.1159,6.068,1582,Mixed,Medium,83000000.0,,True,False,,,121.0,US,US,1,The Stone Quarry|Grand Electric,25,86169.6641581917,340003797,0.0184752571151819,0.41872340425531906,0.037270405060211655,0.12598652430601193,,0.45714285714285713
55,Amores Perros,Amores perros,es,Spanish,2000-06-16,2000,6,2000,Drama|Thriller,Drama,2,9.1143,7.646,3006,Good,Medium,2000000.0,20908467.0,True,True,18908467.0,9.4542335,154.0,MX,MX,1,Altavista Films|Zeta Film,35,7524.0271380091,98625552,0.01845246574171676,0.7544680851063829,0.07191339253132223,0.003035688023946925,0.007151355117143876,0.5918367346938775
4858,The Invasion,The Invasion,en,English,2007-08-17,2007,8,2000,Horror|Mystery|Science Fiction|Thriller,Horror,4,9.1094,6.1,1807,Mixed,Medium,80000000.0,40170558.0,True,True,-39829442.0,-0.497868025,99.0,US,US,2,Village Roadshow Pictures|Silver Pictures|Vertigo Entertainment,79,48050.227412195,301231207,0.018382667160479767,0.4255319148936169,0.04274419170417224,0.12143278962889842,0.01373959992521396,0.3673469387755102
13510,Eden Lake,Eden Lake,en,English,2008-09-12,2008,9,2000,Horror|Thriller,Horror,2,9.1065,6.828,2187,Good,Medium,12850990.0,3984669.0,True,True,-8866321.0,-0.689932915674201,91.0,GB,GB,1,Rollercoaster Films|Aramid Entertainment,50,47652.4030691881,61806995,0.018341357796074192,0.5804255319148937,0.05198880914730568,0.019506531171950933,0.0013628805270110161,0.3346938775510204
218836,Planes: Fire & Rescue,Planes: Fire & Rescue,en,English,2014-07-17,2014,7,2010,Animation|Comedy|Adventure|Family,Animation,4,9.1059,6.207,950,Mixed,Medium,50000000.0,151165787.0,True,True,101165787.0,2.02331574,83.0,US,US,1,Disney Television Animation|Prana Animation Studios|DisneyToon Studios|Walt Disney Pictures|Prana Studios,72,55153.3940182967,319257560,0.018332811031024757,0.44829787234042545,0.021895146575842354,0.07589544285776323,0.05170348147783459,0.3020408163265306
11635,Old School,Old School,en,English,2003-02-21,2003,2,2000,Comedy,Comedy,1,9.1033,6.624,2189,Good,Medium,24000000.0,87100000.0,True,True,63100000.0,2.629166666666667,92.0,US,US,1,The Montecito Picture Company|DreamWorks Pictures,17,39490.3023903176,290107933,0.018295775049143908,0.5370212765957446,0.052037465028585334,0.036429742322779395,0.029790954505675968,0.33877551020408164
846,The X-Files,The X-Files,en,English,1998-06-19,1998,6,1990,Mystery|Science Fiction|Thriller,Mystery,3,9.1024,6.914,1892,Good,Medium,66000000.0,189198313.0,True,True,123198313.0,1.866641106060606,121.0,US,US,1,Ten Thirteen Productions|20th Century Fox,39,32853.6725949234,275854000,0.018282954901569747,0.598723404255319,0.04481206665855735,0.10018202780236866,0.06471180918001866,0.45714285714285713
20766,The Road,The Road,en,English,2009-11-25,2009,11,2000,Adventure|Drama,Adventure,2,9.1003,7.02,4421,Good,Medium,32000000.0,27635305.0,True,True,-4364695.0,-0.13639671875,111.0,US,US,1,Dimension Films|2929 Productions|Nick Wechsler Productions|Chockstone Pictures,55,47194.9500893872,306771529,0.018253041223896763,0.6212765957446807,0.10633742853667437,0.04857303479508211,0.009452146631846436,0.4163265306122449
1079485,Winnie-the-Pooh: Blood and Honey 2,Winnie-the-Pooh: Blood and Honey 2,en,English,2024-03-26,2024,3,2020,Horror|Thriller,Horror,2,9.0975,5.8,498,Mixed,Medium,415000.0,7582541.0,True,True,7167541.0,17.27118313253012,93.0,GB,GB,1,Jagged Edge Productions|ITN Distribution,44,53341.3131094262,69281000,0.018213156320332755,0.36170212765957444,0.010898917406641527,0.000629798202871949,0.002593466631297447,0.34285714285714286
792293,Dumb Money,Dumb Money,en,English,2023-09-15,2023,9,2020,History|Comedy|Drama,History,3,9.0954,6.683,856,Good,Medium,30000000.0,20703794.0,True,True,-9296206.0,-0.30987353333333334,105.0,US,US,2,Black Bear Pictures|Ryder Picture Company|Winklevoss Pictures,54,82586.7847707894,336755052,0.018183242642659747,0.5495744680851063,0.01960832015569882,0.04553721167700644,0.007081350472808942,0.39183673469387753
9366,Donnie Brasco,Donnie Brasco,en,English,1997-02-27,1997,2,1990,Crime|Drama|Thriller,Crime,3,9.0934,7.533,4979,Good,Medium,35000000.0,124909762.0,True,True,89909762.0,2.568850342857143,127.0,US,US,3,Mark Johnson Productions|Baltimore Pictures|Mandalay Entertainment|TriStar Pictures,21,31459.1299691554,272657000,0.018154753425828334,0.7304255319148936,0.11991241941369662,0.053126769472195634,0.04272308986890655,0.4816326530612245
276907,Legend,Legend,en,English,2015-09-09,2015,9,2010,Crime|Thriller,Crime,2,9.0902,7.045,4401,Good,Medium,25000000.0,42972994.0,True,True,17972994.0,0.71891976,132.0,FR,FR|GB|US,1,Working Title|Anton Capital Entertainment|StudioCanal|Cross Creek Pictures,65,36702.4323733379,66548272,0.018109170678898025,0.626595744680851,0.10585086972387787,0.037947653881817235,0.014698121740262422,0.5020408163265306
238615,Self/less,Self/less,en,English,2015-07-10,2015,7,2010,Science Fiction|Action|Thriller,Science Fiction,3,9.0841,6.427,3368,Mixed,Medium,26000000.0,31807156.0,True,True,5807156.0,0.22335215384615384,117.0,US,US,1,Ram Bergman Productions|Endgame Entertainment,57,56849.4697923159,321815121,0.018022278567562167,0.4951063829787233,0.08072010704293882,0.039465565440855076,0.01087905172178667,0.44081632653061226
454640,The Angry Birds Movie 2,The Angry Birds Movie 2,en,English,2019-08-02,2019,8,2010,Animation|Adventure|Comedy|Family|Action,Animation,5,9.0836,7.052,1956,Good,Medium,65000000.0,137792047.0,True,True,72792047.0,1.1198776461538462,97.0,FI,FI|US,1,Rovio Animation|Sony Pictures Animation|John Cohen Productions,51,48358.1807773701,5521606,0.018015156263354325,0.6280851063829785,0.04636905485950614,0.09866411624333082,0.04712923909057356,0.35918367346938773
568,Apollo 13,Apollo 13,en,English,1995-06-30,1995,6,1990,Drama|History,Drama,2,9.081,7.462,6106,Good,Medium,52000000.0,355237933.0,True,True,303237933.0,5.831498711538462,140.0,US,US,1,Imagine Entertainment|Universal Pictures,54,28690.8757013347,266278000,0.017978120281473452,0.7153191489361701,0.14733000851477923,0.07893126597583891,0.12150261472646372,0.5346938775510204
858,Sleepless in Seattle,Sleepless in Seattle,en,English,1993-06-24,1993,6,1990,Comedy|Drama|Romance,Comedy,3,9.0796,6.743,2686,Good,Medium,21000000.0,227799884.0,True,True,206799884.0,9.847613523809525,105.0,US,US,1,TriStar Pictures,48,26387.2937338171,259919000,0.01795817782969145,0.5623404255319149,0.06412845152657827,0.03187600764566588,0.07791476828368496,0.39183673469387753
10530,Pocahontas,Pocahontas,en,English,1995-06-16,1995,6,1990,Adventure|Animation|Family|Romance,Adventure,4,9.0747,6.913,6196,Good,Medium,55000000.0,346079773.0,True,True,291079773.0,5.292359509090909,81.0,US,US,1,Walt Disney Feature Animation|Walt Disney Pictures,21,28690.8757013347,266278000,0.017888379248454458,0.5985106382978723,0.14951952317236347,0.08348500065295243,0.11837023413125859,0.2938775510204082
440472,The Upside,The Upside,en,English,2019-01-10,2019,1,2010,Comedy|Drama,Comedy,2,9.07,7.117,1433,Good,Medium,37500000.0,125856180.0,True,True,88356180.0,2.3561648,126.0,US,US,1,Escape Artists,52,65227.9565911038,330226227,0.0178214295889006,0.6419148936170213,0.03364554190487775,0.056921548369790236,0.043046794781045325,0.4775510204081633
1333100,Attack on Titan: THE LAST ATTACK,劇場版「進撃の巨人」完結編 THE LAST ATTACK,ja,Japanese,2024-03-20,2024,3,2020,Animation|Action|Adventure|Drama,Animation,4,9.0687,8.8,255,Excellent,Medium,,21525687.0,False,True,,,145.0,JP,JP,1,MAPPA|Pony Canyon,86,33797.1014287876,123975371,0.017802911597960165,1.0,0.004987227831164092,,0.007362463893467122,0.5551020408163265
460019,Truth or Dare,Truth or Dare,en,English,2018-04-12,2018,4,2010,Thriller|Horror,Thriller,2,9.061,5.934,4264,Mixed,Low,3500000.0,95330493.0,True,True,91830493.0,26.237283714285713,101.0,US,US,1,Blumhouse Productions,24,62875.6661382728,328529577,0.017693228113159168,0.3902127659574468,0.10251794185622187,0.005312555362503684,0.03260604362425126,0.37551020408163266
579047,Reminiscence,Reminiscence,en,English,2021-08-18,2021,8,2020,Mystery|Science Fiction|Thriller,Mystery,3,9.0576,6.497,2005,Mixed,Low,68000000.0,18717947.0,True,True,-49282053.0,-0.7247360735294117,116.0,US,US,1,FilmNation Entertainment|Michael De Luca Productions|Kilter Films|Warner Bros. Pictures,95,71441.2319805947,332100166,0.017644796444545748,0.5099999999999999,0.04756112395085756,0.10321785092044435,0.006402127942535798,0.43673469387755104
9637,Scooby-Doo,Scooby-Doo,en,English,2002-06-14,2002,6,2000,Mystery|Adventure|Comedy,Mystery,3,9.0573,6.116,4884,Mixed,Low,84000000.0,275650703.0,True,True,191650703.0,2.281555988095238,87.0,US,US,1,Mosaic Media Group|Warner Bros. Pictures,49,37997.7424300242,287625193,0.01764052306202102,0.42893617021276587,0.11760126505291327,0.12750443586504978,0.09428126296168493,0.3183673469387755
55721,Bridesmaids,Bridesmaids,en,English,2011-05-13,2011,5,2010,Comedy|Romance,Comedy,2,9.052,6.5,4770,Mixed,Low,32500000.0,288383523.0,True,True,255883523.0,7.8733391692307695,125.0,US,US,1,Apatow Productions|Relativity Media,61,50024.8812320773,311839461,0.01756502663741773,0.5106382978723404,0.11482787981997324,0.04933199057460103,0.09863629042246741,0.47346938775510206
14001,Dead Silence,Dead Silence,en,English,2007-03-16,2007,3,2000,Horror,Horror,1,9.0517,6.5,2512,Mixed,Low,20000000.0,22382047.0,True,True,2382047.0,0.11910235,89.0,US,US,1,Evolution Entertainment|Universal Pictures|Twisted Pictures,68,48050.227412195,301231207,0.017560753254893025,0.5106382978723404,0.059895389855248754,0.03035809608662804,0.0076553661190790195,0.32653061224489793
149871,The Tale of The Princess Kaguya,かぐや姫の物語,ja,Japanese,2013-11-23,2013,11,2010,Animation|Drama|Fantasy,Animation,3,9.0399,8.087,2043,Excellent,Low,49300000.0,24366656.0,True,True,-24933344.0,-0.5057473427991886,137.0,JP,JP,1,Studio Ghibli|Hakuhodo DY Media Partners|KDDI|Nippon Television Network Corporation|TOHO|Mitsubishi|dentsu|Walt Disney Japan|d-rights,41,41369.1948479498,127445000,0.01739266687558758,0.8482978723404253,0.048485585695170905,0.07483290476643674,0.008334165214166835,0.5224489795918368
612,Munich,Munich,en,English,2005-12-23,2005,12,2000,Drama|History|Thriller,Drama,3,9.0391,7.132,3093,Good,Low,70000000.0,130982129.0,True,True,60982129.0,0.8711732714285715,164.0,US,US|CA,8,Universal Pictures|DreamWorks Pictures|Alliance Atlantis|Amblin Entertainment|The Kennedy/Marshall Company|Barry Mendel Productions,45,44123.3996470026,295516599,0.017381271188855008,0.6451063829787232,0.07402992336698698,0.10625367403852003,0.04480003158621264,0.6326530612244898
238713,Spy,Spy,en,English,2015-05-06,2015,5,2010,Action|Comedy|Crime,Action,3,9.0343,6.83,6530,Good,Low,65000000.0,235666219.0,True,True,170666219.0,2.6256341384615385,120.0,US,US,4,Chernin Entertainment|Feigco Entertainment|TSG Entertainment|20th Century Fox,22,56849.4697923159,321815121,0.017312897068459586,0.5808510638297872,0.15764505534606496,0.09866411624333082,0.08060530383988651,0.4530612244897959
261392,American Ultra,American Ultra,en,English,2015-08-19,2015,8,2010,Action|Comedy,Action,2,9.0315,6.105,3022,Mixed,Low,28000000.0,27100000.0,True,True,-900000.0,-0.03214285714285714,96.0,CH,CH|US,1,Merced Media Partners|Lionsgate|The Bridge Finance Company|Circle of Confusion|FilmNation Entertainment|Likely Story|PalmStar Media,68,85265.06205193,8282396,0.017273012164895577,0.42659574468085115,0.07230263958155943,0.04250138855893076,0.00926905537830683,0.3551020408163265
9291,The Longest Yard,The Longest Yard,en,English,2005-05-27,2005,5,2000,Drama|Comedy|Crime,Drama,3,9.026,6.68,3786,Good,Low,90000000.0,191466556.0,True,True,101466556.0,1.1274061777777777,113.0,US,US,1,Callahan Filmworks|Paramount Pictures|MTV Films|Columbia Pictures|Happy Madison Productions,80,44123.3996470026,295516599,0.01719466681860915,0.5489361702127659,0.0908891862303856,0.13661190521927682,0.06548762008072467,0.42448979591836733
542178,"The French Dispatch of the Liberty, Kansas Evening Sun","The French Dispatch of the Liberty, Kansas Evening Sun",en,English,2021-10-21,2021,10,2020,Drama|Comedy,Drama,2,9.0221,7.007,3088,Good,Low,25000000.0,46333545.0,True,True,21333545.0,0.8533418,108.0,US,US|DE,2,Indian Paintbrush|American Empirical Pictures|Studio Babelsberg,32,71441.2319805947,332100166,0.01713911284578787,0.6185106382978722,0.07390828366378786,0.037947653881817235,0.015847536550835414,0.40408163265306124
1012201,HAIKYU!! The Dumpster Battle,劇場版ハイキュー!! ゴミ捨て場の決戦,ja,Japanese,2024-02-16,2024,2,2020,Animation|Comedy,Animation,2,9.0213,7.832,273,Good,Low,5000000.0,100255784.0,True,True,95255784.0,19.0511568,84.0,JP,JP,1,Production I.G|TOHO|Shueisha|MBS|dentsu|Sony Music Entertainment (Japan)|movic,70,33797.1014287876,123975371,0.017127717159055297,0.7940425531914892,0.0054251307626809395,0.007589422701060444,0.034290649042166915,0.30612244897959184
482321,Ron's Gone Wrong,Ron's Gone Wrong,en,English,2021-10-14,2021,10,2020,Animation|Science Fiction|Family|Comedy,Animation,4,9.0192,7.847,2072,Good,Low,57000000.0,60692022.0,True,True,3692022.0,0.06477231578947368,107.0,GB,GB|US,1,Locksmith Animation|TSG Entertainment|DNEG,30,47695.6491523474,66978000,0.01709780348138229,0.7972340425531915,0.049191095973725826,0.0865208237710281,0.02075859016111291,0.4
7484,Open Season,Open Season,en,English,2006-09-27,2006,9,2000,Animation|Family|Adventure|Comedy,Animation,4,9.0178,6.191,3073,Mixed,Low,85000000.0,200811689.0,True,True,115811689.0,1.3624904588235294,86.0,US,US,1,Sony Pictures Animation|Columbia Pictures,50,46301.9876485519,298379912,0.017077861029600284,0.44489361702127656,0.07354336455419049,0.1290223474240876,0.06868395136002216,0.3142857142857143
7350,The Bucket List,The Bucket List,en,English,2007-12-25,2007,12,2000,Drama|Comedy,Drama,2,9.017,7.191,4218,Good,Low,45000000.0,175400000.0,True,True,130400000.0,2.897777777777778,97.0,US,US,1,Two Ton Films|Zadan / Meron Productions|Reiner / Greisman Productions,87,48050.227412195,301231207,0.017066465342867716,0.657659574468085,0.10139885658678993,0.06830588506257403,0.05999234938812088,0.35918367346938773
7551,Déjà Vu,Déjà Vu,en,English,2006-11-22,2006,11,2000,Action|Thriller|Science Fiction,Action,3,9.0162,6.891,5467,Good,Low,75000000.0,180557550.0,True,True,105557550.0,1.407434,126.0,US,US|GB,1,Touchstone Pictures|Jerry Bruckheimer Films|Scott Free Productions,44,46301.9876485519,298379912,0.017055069656135145,0.5938297872340424,0.13178445444593115,0.11384323183370922,0.06175639473552693,0.4775510204081633
20943,The Ugly Truth,The Ugly Truth,en,English,2009-07-24,2009,7,2000,Comedy|Romance,Comedy,2,9.0072,6.509,3841,Good,Low,38000000.0,321700000.0,True,True,283700000.0,7.46578947368421,96.0,US,US,1,Lakeshore Entertainment|Relativity Media,39,47194.9500893872,306771529,0.016926868180393708,0.5125531914893617,0.09222722296557596,0.05768050414930915,0.11003158009368931,0.3551020408163265
168672,American Hustle,American Hustle,en,English,2013-12-12,2013,12,2010,Drama|Crime,Drama,2,9.0021,6.851,7904,Good,Low,40000000.0,251171807.0,True,True,211171807.0,5.279295175,138.0,US,US,1,Annapurna Pictures|Atlas Entertainment,27,53297.3862901595,316726282,0.01685422067747358,0.5853191489361701,0.1910716457851843,0.06071632726738483,0.08590870572066227,0.5265306122448979
2119,Days of Thunder,Days of Thunder,en,English,1990-06-27,1990,6,1990,Adventure|Action|Drama,Adventure,3,8.9938,6.399,1792,Mixed,Low,60000000.0,157920733.0,True,True,97920733.0,1.6320122166666666,107.0,US,US,1,Paramount Pictures|Don Simpson/Jerry Bruckheimer Films,60,23888.6000088133,249623000,0.016735990427623144,0.4891489361702127,0.04237927259457487,0.09107455844814162,0.054013886818215014,0.4
758323,The Pope's Exorcist,The Pope's Exorcist,en,English,2023-04-05,2023,4,2020,Horror|Thriller,Horror,2,8.9884,6.909,3271,Good,Low,18000000.0,76987621.0,True,True,58987621.0,3.2770900555555555,103.0,US,US,7,Screen Gems|2.0 Entertainment|Loyola Productions,29,82586.7847707894,336755052,0.01665906954217829,0.597659574468085,0.0783602968008758,0.027322272968552358,0.02633220080941387,0.3836734693877551
1013850,A Real Pain,A Real Pain,en,English,2024-11-01,2024,11,2020,Comedy|Drama,Comedy,2,8.9876,6.788,1516,Good,Low,3000000.0,24856027.0,True,True,21856027.0,7.285342333333333,90.0,PL,PL|US,2,Fruit Tree|Topic Studios|Extreme Emotions|Rego Park|Mazowiecki Instytut Kultury,34,25103.565661423,36559233,0.01664767385544572,0.5719148936170213,0.03566476097798321,0.004553599582984765,0.008501545585797831,0.3306122448979592
10950,I Am Sam,I Am Sam,en,English,2001-12-28,2001,12,2000,Drama,Drama,1,8.9833,7.56,2580,Good,Low,22000000.0,92542418.0,True,True,70542418.0,3.2064735454545454,132.0,US,US|DE,1,"New Line Cinema|Bedford Falls Productions|Red Fish, Blue Fish Films|""Sam"" Productions",70,37133.6203973517,284968955,0.016586422039258135,0.7361702127659573,0.061549689818756845,0.03339391920470372,0.03165243372575894,0.5020408163265306
3597,I Know What You Did Last Summer,I Know What You Did Last Summer,en,English,1997-10-17,1997,10,1990,Horror|Thriller|Mystery,Horror,3,8.9828,5.998,3369,Mixed,Low,17000000.0,125586134.0,True,True,108586134.0,6.387419647058824,102.0,US,US,1,Mandalay Entertainment|Neal H. Moritz Productions,36,31459.1299691554,272657000,0.01657929973505027,0.40382978723404256,0.08074443498357864,0.02580436140951452,0.042954430501516164,0.3795918367346939
17431,Moon,Moon,en,English,2009-06-12,2009,6,2000,Science Fiction|Drama,Science Fiction,2,8.9802,7.563,6505,Good,Low,5000000.0,9760104.0,True,True,4760104.0,0.9520208,97.0,GB,GB|US,2,Lunar Industries|Liberty Films|Xingu Films|Limelight Fund|Independent,42,39009.3715547821,62276270,0.016542263753169424,0.7368085106382978,0.15703685683006932,0.007589422701060444,0.0033382621017889694,0.35918367346938773
795,City of Angels,City of Angels,en,English,1998-04-10,1998,4,1990,Drama|Fantasy|Romance,Drama,3,8.9802,6.829,2451,Good,Low,55000000.0,198685114.0,True,True,143685114.0,2.612456618181818,114.0,US,US|DE,1,Atlas Entertainment|Regency Enterprises|Taurus Film|Warner Bros. Pictures,50,32853.6725949234,275854000,0.016542263753169424,0.5806382978723403,0.058411385476219435,0.08348500065295243,0.06795659539940907,0.42857142857142855
11918,Superhero Movie,Superhero Movie,en,English,2008-03-28,2008,3,2000,Comedy|Action|Science Fiction,Comedy,3,8.98,5.335,2086,Mixed,Low,35000000.0,71571300.0,True,True,36571300.0,1.0448942857142858,82.0,US,US,1,Dimension Films|Craig Mazin Company,28,48570.0594269601,304093966,0.016539414831486285,0.26276595744680853,0.04953168714268337,0.053126769472195634,0.02447964758935635,0.2979591836734694
86834,Noah,Noah,en,English,2014-03-07,2014,3,2010,Drama|Adventure,Drama,2,8.9732,5.7,6732,Mixed,Low,125000000.0,362600000.0,True,True,237600000.0,1.9008,138.0,US,US,1,Paramount Pictures|Regency Enterprises|Protozoa Pictures,19,55153.3940182967,319257560,0.016442551494259425,0.34042553191489366,0.16255929935530958,0.1897388097856012,0.1240206746655126,0.5265306122448979
76726,Chronicle,Chronicle,en,English,2012-02-01,2012,2,2010,Science Fiction|Drama|Thriller,Science Fiction,3,8.9692,6.869,5926,Good,Low,15000000.0,145000000.0,True,True,130000000.0,8.666666666666666,84.0,US,US,1,Dune Entertainment|Davis Entertainment|Adam Schroeder Productions|20th Century Fox,46,51708.3940614082,314339099,0.016385573060596573,0.5891489361702127,0.14295097919961075,0.02276853829143884,0.04959458716358719,0.30612244897959184
36593,Naked Gun 33⅓: The Final Insult,Naked Gun 33⅓: The Final Insult,en,English,1994-03-18,1994,3,1990,Comedy|Crime,Comedy,2,8.9681,6.519,2615,Good,Low,30000000.0,132032598.0,True,True,102032598.0,3.4010866,83.0,US,US,1,Paramount Pictures,42,27694.853416234,263126000,0.016369903991339273,0.5146808510638298,0.06240116774115071,0.04553721167700644,0.04515932523378644,0.3020408163265306
223702,Sausage Party,Sausage Party,en,English,2016-07-11,2016,7,2010,Adventure|Animation|Comedy|Fantasy,Adventure,4,8.9583,5.75,7844,Mixed,Low,19000000.0,140705322.0,True,True,121705322.0,6.405543263157894,89.0,US,US|CA,1,Columbia Pictures|Annapurna Pictures|Nitrogen Studios Canada,31,57976.628204291,324353340,0.016230306828865265,0.35106382978723405,0.1896119693467948,0.0288401845275902,0.04812567135191166,0.32653061224489793
11249,Seed of Chucky,Seed of Chucky,en,English,2004-11-12,2004,11,2000,Horror|Comedy,Horror,2,8.9561,5.5,1799,Mixed,Low,12000000.0,24829644.0,True,True,12829644.0,1.069137,86.0,US,US,2,David Kirschner Productions|La Sienega Productions,33,41724.6411982614,292805298,0.01619896869035069,0.2978723404255319,0.04254956817905364,0.01821480361432532,0.008492521764719875,0.3142857142857143
222935,The Fault in Our Stars,The Fault in Our Stars,en,English,2014-06-03,2014,6,2010,Romance|Drama,Romance,2,8.9548,7.59,11689,Good,Low,14000000.0,307166834.0,True,True,293166834.0,20.94048814285714,126.0,US,US,1,TSG Entertainment|Fox 2000 Pictures|Temple Hill Entertainment,47,55153.3940182967,319257560,0.01618045069941028,0.7425531914893616,0.2831529011069213,0.021250626732401,0.10506077731613413,0.4775510204081633
616747,Haunted Mansion,Haunted Mansion,en,English,2023-07-26,2023,7,2020,Comedy|Drama|Fantasy,Comedy,3,8.9518,6.434,1270,Mixed,Low,157800000.0,117449790.0,True,True,-40350210.0,-0.255704752851711,123.0,US,US,1,Walt Disney Pictures|Rideback,21,82586.7847707894,336755052,0.016137716874163134,0.49659574468085105,0.029680087580586302,0.23952630892204235,0.04017154332095658,0.46530612244897956
446894,Smallfoot,Smallfoot,en,English,2018-09-20,2018,9,2010,Family|Comedy|Adventure|Animation|Fantasy,Family,5,8.951,6.815,1660,Good,Low,80000000.0,214115531.0,True,True,134115531.0,1.6764441375,96.0,US,US,1,Warner Animation Group|Zaftig Films,38,62875.6661382728,328529577,0.016126321187430563,0.5776595744680851,0.03916798443011799,0.12143278962889842,0.0732342864188631,0.3551020408163265
6623,The Peacemaker,The Peacemaker,en,English,1997-09-26,1997,9,1990,Action|Thriller,Action,2,8.9469,6.055,1160,Mixed,Low,50000000.0,110463140.0,True,True,60463140.0,1.2092628,124.0,US,US,5,DreamWorks Pictures,47,31459.1299691554,272657000,0.016067918292926118,0.41595744680851054,0.02700401411020557,0.07589544285776323,0.037781887878652685,0.46938775510204084
13374,Ice Princess,Ice Princess,en,English,2005-03-17,2005,3,2000,Family|Drama|Comedy,Family,3,8.9375,6.4,964,Mixed,Low,25000000.0,27645491.0,True,True,2645491.0,0.10581964,98.0,US,US|CA,1,Walt Disney Pictures|Bridget Johnson Films|Skate Away Productions,30,44123.3996470026,295516599,0.01593401897381841,0.4893617021276596,0.022235737744799904,0.037947653881817235,0.00945563056625496,0.363265306122449
30112,Lost in Beijing,苹果,zh,Mandarin,2007-11-08,2007,11,2000,Romance|Drama,Romance,2,8.937,6.5,68,Mixed,Low,,5095696.0,False,True,,,112.0,CN,CN|FR,1,Laurel Films|The French Connection,24,2734.72709877693,1317885000,0.01592689666961054,0.5106382978723404,0.0004379029315168471,,0.0017428869273740755,0.4204081632653061
501841,A Journal for Jordan,A Journal for Jordan,en,English,2021-12-22,2021,12,2020,Drama|Romance,Drama,2,8.9329,6.949,128,Good,Low,25000000.0,6700000.0,True,True,-18300000.0,-0.732,131.0,US,US|CA,1,Outlier Society|Escape Artists|Bron Studios|Columbia Pictures|Creative Wealth Media Finance|Mundy Lane Entertainment,58,71441.2319805947,332100166,0.015868493775106123,0.6061702127659574,0.0018975793699063375,0.037947653881817235,0.002291609675001322,0.49795918367346936
838240,Robot Dreams,Robot Dreams,es,Spanish,2023-12-06,2023,12,2020,Animation|Drama|Comedy|Science Fiction,Animation,4,8.9278,8.0,845,Good,Low,5300000.0,4656348.0,True,True,-643652.0,-0.12144377358490566,102.0,FR,FR|ES,1,Arcadia Motion Pictures|LokizFilms|Noodles Production|Les films du Worso,30,44700.1384177544,68372286,0.015795846272185967,0.8297872340425531,0.019340712808660745,0.008044796168771795,0.001592616005077219,0.3795918367346939
1738,Next,Next,en,English,2007-04-25,2007,4,2000,Action|Science Fiction|Thriller,Action,3,8.9273,6.142,3382,Mixed,Low,70000000.0,76066841.0,True,True,6066841.0,0.08666915714285714,96.0,US,US,3,Virtual Studios|Revolution Studios|Saturn Films|Broken Road Productions|Initial Entertainment Group,95,48050.227412195,301231207,0.01578872396797813,0.434468085106383,0.08106069821189636,0.10625367403852003,0.02601726490477222,0.3551020408163265
2667,The Blair Witch Project,The Blair Witch Project,en,English,1999-07-14,1999,7,1990,Horror|Mystery,Horror,2,8.9272,6.371,5655,Mixed,Low,60000.0,248639099.0,True,True,248579099.0,4142.984983333334,81.0,US,US,1,Haxan Films|Artisan Entertainment,25,34515.3813073394,279040000,0.015787299507136535,0.4831914893617022,0.13635810728621822,9.0939599413516e-05,0.08504243941907759,0.2938775510204082
2671,Ring,リング,ja,Japanese,1998-01-31,1998,1,1990,Horror|Thriller,Horror,2,8.9191,7.1,1731,Good,Low,1200000.0,19400000.0,True,True,18200000.0,15.166666666666666,96.0,JP,JP,1,KADOKAWA Shoten|Omega Project|Rasen Production Committee|TOHO,38,32835.1192750829,126400000,0.015671918178969263,0.6382978723404253,0.04089526821554555,0.0018213587767166532,0.0066354116569611234,0.3551020408163265
1992,Planet Terror,Planet Terror,en,English,2007-04-06,2007,4,2000,Horror|Action|Thriller,Horror,3,8.9171,6.7,3963,Good,Low,23000000.0,11446172.0,True,True,-11553828.0,-0.5023403478260869,105.0,US,US,1,Dimension Films|Troublemaker Studios|Rodriguez International Pictures,49,48050.227412195,301231207,0.01564342896213782,0.5531914893617021,0.09519523172363459,0.034911830763741554,0.0039149507254203865,0.39183673469387753
9593,Last Action Hero,Last Action Hero,en,English,1993-06-18,1993,6,1990,Fantasy|Action|Comedy,Fantasy,3,8.9163,6.487,3100,Mixed,Low,85000000.0,137298489.0,True,True,52298489.0,0.6152763411764706,131.0,US,US,1,Oak Productions|Columbia Pictures,46,26387.2937338171,259919000,0.01563203327540525,0.5078723404255319,0.07420021895146575,0.1290223474240876,0.04696042663241513,0.49795918367346936
440,Aliens vs Predator: Requiem,Aliens vs Predator: Requiem,en,English,2007-12-25,2007,12,2000,Action|Science Fiction|Thriller|Horror,Action,4,8.9134,5.159,3433,Mixed,Low,40000000.0,130290885.0,True,True,90290885.0,2.257272125,94.0,US,US,1,Dune Entertainment|Davis Entertainment|20th Century Fox|Brandywine Productions,28,48050.227412195,301231207,0.015590723910999674,0.2253191489361702,0.08230142318452743,0.06071632726738483,0.04456360425887265,0.3469387755102041
1691,Hostel: Part II,Hostel: Part II,en,English,2007-06-07,2007,6,2000,Horror,Horror,1,8.9129,5.86,2277,Mixed,Low,10200000.0,35728183.0,True,True,25528183.0,2.502763039215686,93.0,US,US|CZ,4,Next Entertainment|Screen Gems|Lionsgate|Raw Nerve|International Production Company,19,48050.227412195,301231207,0.015583601606791835,0.374468085106383,0.05417832380488992,0.01548256280805721,0.01222016706461485,0.34285714285714286
791177,Bones and All,Bones and All,en,English,2022-11-18,2022,11,2020,Horror|Romance|Drama,Horror,3,8.912,7.0,1700,Good,Low,16000000.0,15234907.0,True,True,-765093.0,-0.0478183125,131.0,IT,IT|US,1,Frenesy Film|Per Capita Productions|MeMo Films|The Apartment Pictures|3 Marys Entertainment|Tenderstories|Elafilm,51,35653.9042103495,59013667,0.015570781459217696,0.6170212765957446,0.04014110205571098,0.02428644985047668,0.005210818016925935,0.49795918367346936
610253,Halloween Kills,Halloween Kills,en,English,2021-10-14,2021,10,2020,Horror,Horror,1,8.9117,6.403,2985,Mixed,Low,20000000.0,133423964.0,True,True,113423964.0,5.6711982,105.0,US,US,1,Blumhouse Productions|Miramax|Rough House Pictures|Trancas International Films,45,71441.2319805947,332100166,0.015566508076692966,0.4899999999999999,0.0714025057778859,0.03035809608662804,0.04563521644547396,0.39183673469387753
9928,Robots,Robots,en,English,2005-03-10,2005,3,2000,Animation|Comedy|Family|Science Fiction,Animation,4,8.9116,6.505,5060,Good,Low,75000000.0,262511490.0,True,True,187511490.0,2.5001532,90.0,US,US,1,Blue Sky Studios|20th Century Fox Animation,40,44123.3996470026,295516599,0.015565083615851398,0.5117021276595745,0.12188298260552244,0.11384323183370922,0.08978723623170132,0.3306122448979592
12162,The Hurt Locker,The Hurt Locker,en,English,2008-10-10,2008,10,2000,Drama|Thriller|War,Drama,3,8.9104,7.248,6359,Good,Low,15000000.0,49259766.0,True,True,34259766.0,2.2839844,131.0,US,US|GB,3,First Light|Kingsgate Films|Voltage Pictures|Summit Entertainment|Grosvenor Park Productions,30,48570.0594269601,304093966,0.01554799008575253,0.6697872340425531,0.1534849774966549,0.02276853829143884,0.0168483967539419,0.49795918367346936
466081,The Informer,The Informer,en,English,2019-08-30,2019,8,2010,Drama|Crime|Thriller,Drama,3,8.9074,6.538,981,Good,Low,60000000.0,2927708.0,True,True,-57072292.0,-0.9512048666666667,109.0,GB,GB|US,3,Thunder Road|The Fyzz|Maddem Films,43,43160.6843971799,66628000,0.01550525626050541,0.5187234042553192,0.022649312735676923,0.09107455844814162,0.0010013664099516293,0.40816326530612246
12222,Horton Hears a Who!,Horton Hears a Who!,en,English,2008-03-03,2008,3,2000,Animation|Comedy|Family|Adventure|Fantasy,Animation,5,8.9074,6.5,3623,Mixed,Low,85000000.0,298572799.0,True,True,213572799.0,2.5126211647058825,86.0,US,US,1,Blue Sky Studios|20th Century Fox Animation,51,48570.0594269601,304093966,0.01550525626050541,0.5106382978723404,0.08692373190609415,0.1290223474240876,0.1021213453266828,0.3142857142857143
6282,Coyote Ugly,Coyote Ugly,en,English,2000-07-30,2000,7,2000,Comedy|Drama|Music|Romance,Comedy,4,8.9067,6.26,2327,Mixed,Low,45000000.0,113900000.0,True,True,68900000.0,1.531111111111111,100.0,US,US,1,Touchstone Pictures|Jerry Bruckheimer Films,71,36329.9702595751,282162411,0.015495285034614406,0.4595744680851063,0.055394720836881156,0.06830588506257403,0.03895740278256752,0.37142857142857144
21208,Orphan,Orphan,en,English,2009-07-24,2009,7,2000,Horror|Thriller,Horror,2,8.9047,6.99,5764,Good,Low,20000000.0,77912251.0,True,True,57912251.0,2.89561255,123.0,US,US,2,Dark Castle Entertainment|Appian Way,20,47194.9500893872,306771529,0.015466795817782968,0.6148936170212765,0.13900985281595912,0.03035809608662804,0.026648453535916192,0.46530612244897956
74465,We Bought a Zoo,We Bought a Zoo,en,English,2011-11-26,2011,11,2010,Drama|Comedy|Family,Drama,3,8.9023,6.838,3016,Good,Low,50000000.0,120081841.0,True,True,70081841.0,1.40163682,124.0,US,US,1,Dune Entertainment|Estrella Media|Vinyl Films|20th Century Fox,67,50024.8812320773,311839461,0.015432608757585257,0.5825531914893617,0.07215667193772048,0.07589544285776323,0.041071788072958096,0.46938775510204084
420814,Christopher Robin,Christopher Robin,en,English,2018-08-01,2018,8,2010,Adventure|Comedy|Family|Fantasy,Adventure,4,8.9021,7.294,2987,Good,Low,75000000.0,197744825.0,True,True,122744825.0,1.6365976666666666,104.0,US,US,1,Walt Disney Pictures|2DUX²,64,62875.6661382728,328529577,0.01542975983590212,0.6795744680851062,0.07145116165916555,0.11384323183370922,0.06763498679926615,0.3877551020408163
10137,Stuart Little,Stuart Little,en,English,1999-12-17,1999,12,1990,Family|Fantasy|Comedy|Adventure,Family,4,8.8966,6.082,4756,Mixed,Low,133000000.0,300135367.0,True,True,167135367.0,1.2566568947368422,84.0,DE,DE|US,1,Franklin/Waterman Productions|Columbia Pictures|Global Medien KG|Red Wagon Entertainment,40,26965.4922773722,82100243,0.01535141448961567,0.42170212765957443,0.11448728865101569,0.20188210225790393,0.10265579304127705,0.30612244897959184
858017,I Saw the TV Glow,I Saw the TV Glow,en,English,2024-05-03,2024,5,2020,Drama|Horror,Drama,2,8.8963,6.2,793,Mixed,Low,10000000.0,5407916.0,True,True,-4592084.0,-0.4592084,100.0,US,US,1,A24|Fruit Tree|Smudge Films|Hypnic Jerk,66,86169.6641581917,340003797,0.015347141107090964,0.4468085106382979,0.018075659895389857,0.015178980496249642,0.001849676049799862,0.37142857142857144
9361,The Last of the Mohicans,The Last of the Mohicans,en,English,1992-08-26,1992,8,1990,History|War|Drama,History,3,8.8931,7.385,3543,Good,Low,40000000.0,75505856.0,True,True,35505856.0,0.8876464,112.0,US,US,2,Morgan Creek Entertainment,48,25418.9907763319,256514000,0.015301558360160684,0.6989361702127659,0.08497749665490817,0.06071632726738483,0.0258253902784061,0.4204081632653061
44264,True Grit,True Grit,en,English,2010-12-22,2010,12,2010,Drama|Adventure|Western,Drama,3,8.8888,7.305,5918,Good,Low,38000000.0,252300000.0,True,True,214300000.0,5.639473684210526,110.0,US,US,1,Scott Rudin Productions|Mike Zoss Productions|Skydance Media|Paramount Pictures,39,48642.6312088213,309378227,0.015240306543973101,0.6819148936170212,0.14275635567449216,0.05768050414930915,0.08629458343636566,0.4122448979591837
980026,The Promised Land,Bastarden,da,Danish,2023-10-05,2023,10,2020,Action|Drama|History,Action,3,8.8853,7.661,635,Good,Low,8500000.0,2246680.0,True,True,-6253320.0,-0.7356847058823529,127.0,DK,DK|DE|SE,4,Zentropa International Berlin|Zentropa International Sweden|Zentropa Entertainments,71,68043.5466971243,5946952,0.015190450414518115,0.757659574468085,0.01423184527429753,0.012902113157692883,0.0007684332779697301,0.4816326530612245
1108566,Killer Heat,Killer Heat,en,English,2024-09-25,2024,9,2020,Crime|Drama|Romance,Crime,3,8.885,5.817,339,Mixed,Low,,,False,False,,,97.0,US,US|GR|GB,1,Makeready|Potboiler Productions|Big Indie Pictures|Faliro House Productions|Amazon MGM Studios,22,86169.6641581917,340003797,0.015186177031993386,0.36531914893617023,0.007030774844909379,,,0.35918367346938773
14139,Timecrimes,Los cronocrímenes,es,Spanish,2007-11-01,2007,11,2000,Science Fiction|Thriller,Science Fiction,2,8.8844,7.022,1526,Good,Low,2600000.0,553198.0,True,True,-2046802.0,-0.7872315384615385,93.0,ES,ES,1,Arsénico Producciones|Zip Films|Fine Productions|Karbo Vantas Entertainment|Basque Films,30,32652.015594702,45226803,0.01517763026694395,0.6217021276595744,0.03590804038438146,0.003946434959369628,0.00018920883166947434,0.34285714285714286
87428,That's My Boy,That's My Boy,en,English,2012-06-14,2012,6,2010,Comedy,Comedy,1,8.884,5.8,2201,Mixed,Low,70000000.0,57719093.0,True,True,-12280907.0,-0.17544152857142858,116.0,US,US,1,Relativity Media|Columbia Pictures|Happy Madison Productions,41,51708.3940614082,314339099,0.015171932423577679,0.36170212765957444,0.05232940031626323,0.10625367403852003,0.019741754343599073,0.43673469387755104
664413,365 Days,365 dni,pl,Polish,2020-02-07,2020,2,2020,Romance|Drama|Crime,Romance,3,8.8828,6.988,9588,Good,Low,5000000.0,9458590.0,True,True,4458590.0,0.891718,114.0,PL,PL,4,Ekipa|Future Space|Next Film|TVN,23,16150.9304813473,37515748,0.01515483889347881,0.614468085106383,0.2320398978226493,0.007589422701060444,0.0032351347702308094,0.42857142857142855
433808,The Ritual,The Ritual,en,English,2017-10-11,2017,10,2010,Horror|Mystery,Horror,2,8.8807,6.303,3566,Mixed,Low,1000000.0,1786396.0,True,True,786396.0,0.786396,94.0,CA,CA|GB|US,2,Entertainment One|The Imaginarium|Sierra/Affinity,23,45129.7335281051,36545075,0.015124925215805803,0.4687234042553191,0.08553703928962414,0.0015177764649090852,0.0006110015810040305,0.3469387755102041
47933,Independence Day: Resurgence,Independence Day: Resurgence,en,English,2016-06-22,2016,6,2010,Action|Adventure|Science Fiction,Action,3,8.8754,5.367,6606,Mixed,Low,165000000.0,389681935.0,True,True,224681935.0,1.361708696969697,120.0,US,US,1,20th Century Fox|TSG Entertainment|Centropolis Entertainment|Stereo D,58,57976.628204291,324353340,0.01504942879120254,0.2695744680851064,0.15949397883469163,0.25045527214711477,0.1332835536362454,0.4530612244897959
9268,Eraser,Eraser,en,English,1996-06-21,1996,6,1990,Action|Mystery|Thriller,Action,3,8.8708,6.103,2115,Mixed,Low,100000000.0,242295562.0,True,True,142295562.0,1.42295562,115.0,CA,CA|US,1,Kopelson Entertainment|Warner Bros. Pictures,64,21296.9723536904,29610218,0.014983903592490229,0.4261702127659574,0.05023719742123829,0.1517910208096552,0.08287274897866535,0.4326530612244898
11845,Intimacy,Intimacy,en,English,2001-01-20,2001,1,2000,Romance|Drama|Fantasy,Romance,3,8.87,6.205,562,Mixed,Low,,2672527.0,False,True,,,120.0,FR,FR|DE|IT,1,Téléma Productions|StudioCanal|ARTE France Cinéma|France 2 Cinéma|Mikado Film|Azor Films|WDR|ARTE,47,22331.7948343036,61364377,0.014972507905757658,0.4478723404255319,0.012455905607590318,,0.0009140864309312762,0.4530612244897959
1147416,"Miraculous World: London, at the Edge of Time","Miraculous World : Londres, la course contre le temps",fr,French,2024-11-14,2024,11,2020,Animation|Family|Action|Adventure|Fantasy,Animation,5,8.8692,7.5,326,Good,Low,,,False,False,,,50.0,FR,FR,1,ZAG Entertainment|Method Animation,25,46103.0840855884,68551653,0.014961112219025087,0.7234042553191489,0.006714511616591656,,,0.1673469387755102
9312,Mortal Kombat,Mortal Kombat,en,English,1995-08-18,1995,8,1990,Action|Fantasy,Action,2,8.8685,5.912,2658,Mixed,Low,18000000.0,122195920.0,True,True,104195920.0,5.788662222222222,101.0,US,US,1,New Line Cinema|Threshold Entertainment,50,28690.8757013347,266278000,0.014951140993134085,0.385531914893617,0.06344726918866318,0.027322272968552358,0.04179487000604625,0.37551020408163266
9506,Anger Management,Anger Management,en,English,2003-04-11,2003,4,2000,Comedy,Comedy,1,8.8633,6.161,3559,Mixed,Low,75000000.0,195745823.0,True,True,120745823.0,1.6099443066666668,106.0,US,US,1,Columbia Pictures|Revolution Studios|Happy Madison Productions,59,39490.3023903176,290107933,0.01487706902937239,0.43851063829787224,0.08536674370514535,0.11384323183370922,0.06695126484260934,0.39591836734693875
72387,Safe,Safe,en,English,2012-04-16,2012,4,2010,Action|Crime|Thriller,Action,3,8.8618,6.5,2764,Mixed,Low,30000000.0,40300000.0,True,True,10300000.0,0.3433333333333333,94.0,IN,IN|US,3,IM Global|Automatik Entertainment|Lawrence Bender Productions|Trigger Street Productions|Reliance Entertainment|Lionsgate,36,1429.32199520032,1278674502,0.014855702116748816,0.5106382978723404,0.06602603089648461,0.04553721167700644,0.01378387318632804,0.3469387755102041
558582,First Cow,First Cow,en,English,2020-03-06,2020,3,2020,Drama|Western,Drama,2,8.8586,7.034,559,Good,Low,2000000.0,101068.0,True,True,-1898932.0,-0.949466,122.0,US,US,1,filmscience,49,64465.2971415748,331578104,0.01481011936981851,0.6242553191489361,0.012382921785670842,0.003035688023946925,3.456606079518421e-05,0.46122448979591835
544,There's Something About Mary,There's Something About Mary,en,English,1998-07-15,1998,7,1990,Romance|Comedy,Romance,2,8.8517,6.636,5504,Good,Low,23000000.0,369900000.0,True,True,346900000.0,15.082608695652175,120.0,US,US,1,20th Century Fox,45,32853.6725949234,275854000,0.01471183157175008,0.5395744680851063,0.13268458824960466,0.034911830763741554,0.12651750572600917,0.4530612244897959
41733,Due Date,Due Date,en,English,2010-11-03,2010,11,2010,Comedy|Drama,Comedy,2,8.8468,6.4,5968,Mixed,Low,65000000.0,211800000.0,True,True,146800000.0,2.2584615384615385,95.0,US,US,2,Legendary Pictures|Green Hat Films|Warner Bros. Pictures,54,48642.6312088213,309378227,0.01464203299051309,0.4893617021276596,0.1439727527064834,0.09866411624333082,0.0724423015253915,0.3510204081632653
964980,Air,Air,en,English,2023-04-05,2023,4,2020,Drama|History,Drama,2,8.8451,7.274,2436,Good,Low,80000000.0,90100000.0,True,True,10100000.0,0.12625,112.0,US,US|HK,1,Amazon Studios|Skydance Sports|Mandalay Pictures|Artists Equity|Vinik Productions|Puji Films,28,82586.7847707894,336755052,0.01461781715620638,0.6753191489361702,0.058046466366622064,0.12143278962889842,0.030817049462044426,0.4204081632653061
340837,A Cure for Wellness,A Cure for Wellness,en,English,2017-02-15,2017,2,2010,Horror|Mystery|Science Fiction,Horror,3,8.8432,6.3,4288,Mixed,Low,40000000.0,26620002.0,True,True,-13379998.0,-0.33449995,146.0,US,US,2,Regency Enterprises|New Regency Pictures|Blind Wink,39,60047.7190728307,326608609,0.01459075240021651,0.4680851063829787,0.10310181243157766,0.06071632726738483,0.00910488086935118,0.5591836734693878
181283,Child 44,Child 44,en,English,2015-03-15,2015,3,2010,Crime|Thriller,Crime,2,8.8368,6.3,1856,Mixed,Low,50000000.0,12951093.0,True,True,-37048907.0,-0.74097814,137.0,US,US,1,Summit Entertainment|Worldview Entertainment|Lionsgate|Scott Free Productions,32,56849.4697923159,321815121,0.014499586906355945,0.4680851063829787,0.04393626079552366,0.07589544285776323,0.004429681341364711,0.5224489795918368
75,Mars Attacks!,Mars Attacks!,en,English,1996-12-13,1996,12,1990,Comedy|Fantasy|Science Fiction,Comedy,3,8.8347,6.432,6043,Mixed,Low,70000000.0,101371017.0,True,True,31371017.0,0.4481573857142857,106.0,US,US,2,Warner Bros. Pictures|Tim Burton Productions,69,29967.7127181749,269394000,0.014469673228682938,0.4961702127659575,0.14579734825447027,0.10625367403852003,0.034672094027658806,0.39591836734693875
509967,6 Underground,6 Underground,en,English,2019-12-10,2019,12,2010,Action|Comedy|Thriller,Action,3,8.8344,6.328,5298,Mixed,Low,150000000.0,,True,False,,,128.0,US,US|CA|AE|IT|HU|UZ,1,Skydance Media|Bay Films,25,65227.9565911038,330226227,0.014465399846158234,0.4740425531914894,0.12767303247780076,0.2276865987615472,,0.4857142857142857
274167,Daddy's Home,Daddy's Home,en,English,2015-12-25,2015,12,2010,Comedy,Comedy,1,8.8328,6.296,3511,Mixed,Low,50000000.0,242786137.0,True,True,192786137.0,3.85572274,96.0,US,US,1,Paramount Pictures|Gary Sanchez Productions|Red Granite Pictures,40,56849.4697923159,321815121,0.014442608472693092,0.4672340425531915,0.08419900255443377,0.07589544285776323,0.08304054115640551,0.3551020408163265
407451,A Wrinkle in Time,A Wrinkle in Time,en,English,2018-03-08,2018,3,2010,Adventure|Science Fiction|Family|Fantasy,Adventure,4,8.8286,5.046,1889,Mixed,Low,103000000.0,132675864.0,True,True,29675864.0,0.2881151844660194,109.0,US,US,1,Whitaker Entertainment|Walt Disney Pictures,24,62875.6661382728,328529577,0.014382781117347079,0.20127659574468093,0.044739082836637876,0.15634475548676874,0.045379342566520875,0.40816326530612246
14864,The Hot Spot,The Hot Spot,en,English,1990-10-12,1990,10,1990,Romance|Crime|Thriller,Romance,3,8.8243,6.3,312,Mixed,Low,,1293976.0,False,True,,,130.0,US,US,1,Orion Pictures|Arnold Kopelson Productions|Kopelson Entertainment,27,23888.6000088133,249623000,0.014321529301159496,0.4680851063829787,0.006373920447634108,,0.00044257835486571196,0.49387755102040815
798286,Beau Is Afraid,Beau Is Afraid,en,English,2023-04-14,2023,4,2020,Comedy|Adventure|Fantasy,Comedy,3,8.8234,6.745,1403,Good,Low,35000000.0,12337378.0,True,True,-22662622.0,-0.6475034857142857,179.0,US,US|FI,1,A24|Square Peg|IPR.VC|Access Entertainment,25,82586.7847707894,336755052,0.014308709153585357,0.5627659574468085,0.03291570368568301,0.053126769472195634,0.004219771385982156,0.6938775510204082
718032,Licorice Pizza,Licorice Pizza,en,English,2021-11-26,2021,11,2020,Drama|Comedy|Romance,Drama,3,8.8185,6.944,2778,Good,Low,40000000.0,33277069.0,True,True,-6722931.0,-0.168073275,133.0,CA,CA|US,3,Metro-Goldwyn-Mayer|Focus Features|Bron Studios|Ghoulardi Film Company,27,52886.6407813788,38239864,0.014238910572348367,0.6051063829787233,0.06636662206544217,0.06071632726738483,0.01138180849365348,0.5061224489795918
39451,Little Fockers,Little Fockers,en,English,2010-12-21,2010,12,2010,Comedy|Romance,Comedy,2,8.8173,5.664,3521,Mixed,Low,100000000.0,310650585.0,True,True,210650585.0,2.10650585,98.0,US,US,1,Universal Pictures|Paramount Pictures|Relativity Media|Tribeca Productions|Everyman Pictures|Nancy Tenenbaum Films|DreamWorks Pictures,77,48642.6312088213,309378227,0.014221817042249498,0.3327659574468084,0.08444228196083202,0.1517910208096552,0.10625233042624864,0.363265306122449
308531,Teenage Mutant Ninja Turtles: Out of the Shadows,Teenage Mutant Ninja Turtles: Out of the Shadows,en,English,2016-05-30,2016,5,2010,Action|Adventure|Comedy|Family|Science Fiction,Action,5,8.815,6.062,3883,Mixed,Low,135000000.0,245623848.0,True,True,110623848.0,0.8194359111111111,112.0,US,US|CN,1,5150 Action|Paramount Pictures|Nickelodeon Movies|Platinum Dunes|Gama Entertainment Partners,56,57976.628204291,324353340,0.014189054442893355,0.4174468085106383,0.09324899647244861,0.2049179253759796,0.0840111281379826,0.4204081632653061
718821,Twisters,Twisters,en,English,2024-07-10,2024,7,2020,Action|Thriller,Action,2,8.8135,6.759,3157,Good,Low,155000000.0,372262265.0,True,True,217262265.0,1.4016920322580646,123.0,US,US,1,Universal Pictures|Warner Bros. Pictures|Amblin Entertainment|Domain Entertainment,53,86169.6641581917,340003797,0.014167687530269783,0.5657446808510639,0.07558691156793577,0.2352761565567364,0.12732547512671108,0.46530612244897956
257088,Point Break,Point Break,en,English,2015-12-03,2015,12,2010,Action|Adventure|Crime|Thriller,Action,4,8.8075,6.0,2488,Mixed,Low,105000000.0,133782481.0,True,True,28782481.0,0.2741188666666667,114.0,DE,DE|US,1,Studio Babelsberg|Alcon Entertainment|DMG Entertainment|Taylor-Baldecchi-Wimmer,26,41929.7549110722,81686611,0.014082219879775492,0.40425531914893614,0.059311519279892956,0.15938057860484442,0.045757840607298074,0.42857142857142855
317442,The Last: Naruto the Movie,THE LAST -NARUTO THE MOVIE-,ja,Japanese,2014-12-06,2014,12,2010,Action|Romance|Animation,Action,3,8.8074,7.476,2424,Good,Low,750000.0,19840000.0,True,True,19090000.0,25.453333333333333,114.0,JP,JP,1,Aniplex|Pierrot|Bandai Visual|dentsu|Shueisha|TV Tokyo,90,39172.8471161948,127276000,0.014080795418933924,0.7182978723404254,0.05775453107894417,0.0011382985751496255,0.006785905583895164,0.42857142857142855
270487,"Hail, Caesar!","Hail, Caesar!",en,English,2016-02-05,2016,2,2010,Comedy|Mystery,Comedy,2,8.8045,5.941,4080,Mixed,Low,22000000.0,63647656.0,True,True,41647656.0,1.8930752727272728,106.0,GB,GB|US,1,Working Title|Mike Zoss Productions|Universal Pictures,20,41258.5374285695,65606000,0.014039486054528372,0.3917021276595744,0.0980416007784941,0.03339391920470372,0.02176951054120329,0.39591836734693875
23823,Wrong Turn 3: Left for Dead,Wrong Turn 3: Left for Dead,en,English,2009-10-08,2009,10,2000,Horror|Thriller,Horror,2,8.8021,5.715,1319,Mixed,Low,3000000.0,,True,False,,,91.0,DE,DE|US|BG,1,Constantin Film|Summit Entertainment|BUFO,27,42471.8868625226,81902307,0.014005298994330635,0.3436170212765957,0.030872156671937722,0.004553599582984765,,0.3346938775510204
7459,Speed Racer,Speed Racer,en,English,2008-05-07,2008,5,2000,Family|Action|Adventure|Comedy,Family,4,8.8014,6.386,1857,Mixed,Low,120000000.0,93900000.0,True,True,-26100000.0,-0.2175,135.0,US,US,2,Warner Bros. Pictures|Village Roadshow Pictures|Silver Pictures|Anarchos Productions,42,48570.0594269601,304093966,0.013995327768439631,0.48638297872340425,0.043960588736163486,0.18214925199041201,0.032116769740111135,0.5142857142857142
8329,[REC],[REC],es,Spanish,2007-11-23,2007,11,2000,Horror|Mystery,Horror,2,8.7993,7.238,5011,Good,Low,1500000.0,32511655.0,True,True,31011655.0,20.674436666666665,78.0,ES,ES,2,Castelao Productions,21,32652.015594702,45226803,0.01396541409076665,0.6676595744680851,0.12069091351417102,0.0022767322444280052,0.011120012678675543,0.2816326530612245
1022256,Selena Gomez: My Mind & Me,Selena Gomez: My Mind & Me,en,English,2022-11-04,2022,11,2020,Documentary|Music,Documentary,2,8.7952,8.452,620,Excellent,Low,,,False,False,,,95.0,US,US,1,Lighthouse Management + Media|Interscope Films,39,78008.6895811877,333996304,0.013907011196262205,0.9259574468085104,0.013866926164700158,,,0.3510204081632653
8321,In Bruges,In Bruges,en,English,2008-02-08,2008,2,2000,Comedy|Drama|Crime,Comedy,3,8.7914,7.496,5966,Good,Low,15000000.0,34533783.0,True,True,19533783.0,1.3022522,108.0,GB,GB|US,1,Twins Financing|Blueprint Pictures|Focus Features|Scion Films|Film4 Productions,42,47652.4030691881,61806995,0.01385288168428249,0.7225531914893617,0.14392409682520374,0.02276853829143884,0.011811644459319355,0.40408163265306124
899112,Violent Night,Violent Night,en,English,2022-11-30,2022,11,2020,Action|Comedy|Fantasy,Action,3,8.791,7.211,2631,Good,Low,20000000.0,75734910.0,True,True,55734910.0,2.7867455,112.0,CA,CA|US,3,87North Productions|Universal Pictures|Original Pictures,43,56496.9275340663,38950132,0.013847183840916216,0.6619148936170213,0.0627904147913879,0.03035809608662804,0.02590373399645144,0.4204081632653061
4553,The Machinist,The Machinist,en,English,2004-09-24,2004,9,2000,Thriller|Drama,Thriller,2,8.7906,7.519,6347,Good,Low,5000000.0,8203235.0,True,True,3203235.0,0.640647,102.0,ES,ES,1,Castelao Productions|Filmax,26,24925.0267844576,42921895,0.013841485997549918,0.7274468085106383,0.153193042208977,0.007589422701060444,0.002805763625580168,0.3795918367346939
587,Big Fish,Big Fish,en,English,2003-12-10,2003,12,2000,Adventure|Fantasy|Drama,Adventure,3,8.7802,7.745,7939,Good,Low,70000000.0,123200000.0,True,True,53200000.0,0.76,125.0,US,US,1,Columbia Pictures|The Zanuck Company|Jinks/Cohen Company|Tim Burton Productions,55,39490.3023903176,290107933,0.013693342070026503,0.775531914893617,0.19192312370757816,0.10625367403852003,0.04213829714730973,0.47346938775510206
533514,Violet Evergarden: The Movie,劇場版 ヴァイオレット・エヴァーガーデン,ja,Japanese,2020-09-18,2020,9,2020,Animation|Drama|Fantasy|Romance,Animation,4,8.7795,8.298,544,Excellent,Low,,20339624.0,False,True,,,140.0,JP,JP,1,Kyoto Animation|ABC Animation|Pony Canyon|Bandai Namco Arts|Rakuonsha,26,41098.9739004553,126261000,0.0136833708441355,0.893191489361702,0.01201800267607347,,0.006956792806055375,0.5346938775510204
4964,Knocked Up,Knocked Up,en,English,2007-06-01,2007,6,2000,Comedy|Romance|Drama,Comedy,3,8.7768,6.305,4421,Mixed,Low,30000000.0,219900000.0,True,True,189900000.0,6.33,129.0,US,US,1,Apatow Productions|Universal Pictures,36,48050.227412195,301231207,0.013644910401413059,0.4691489361702127,0.10633742853667437,0.04553721167700644,0.07521275790758633,0.4897959183673469
8077,Alien³,Alien³,en,English,1992-05-22,1992,5,1990,Science Fiction|Action|Horror,Science Fiction,3,8.7766,6.391,6581,Mixed,Low,50000000.0,159773545.0,True,True,109773545.0,2.1954709,114.0,US,US,1,20th Century Fox|Brandywine Productions,67,25418.9907763319,256514000,0.013642061479729923,0.48744680851063826,0.15888578031869602,0.07589544285776323,0.054647607167648,0.42857142857142855
765245,Swan Song,Swan Song,en,English,2021-12-17,2021,12,2020,Drama|Science Fiction,Drama,2,8.7761,7.115,620,Good,Low,,,False,False,,,112.0,US,US|IE,2,Anonymous Content|Know Wonder|Apple Studios,40,71441.2319805947,332100166,0.013634939175522056,0.6414893617021277,0.013866926164700158,,,0.4204081632653061
10066,House of Wax,House of Wax,en,English,2005-05-05,2005,5,2000,Horror|Thriller|Mystery,Horror,3,8.7752,6.042,3448,Mixed,Low,40000000.0,68766121.0,True,True,28766121.0,0.719153025,113.0,US,US,1,Village Roadshow Pictures|Dark Castle Entertainment|Warner Bros. Pictures,25,44123.3996470026,295516599,0.013622119027947919,0.4131914893617021,0.0826663422941248,0.06071632726738483,0.023520187581486114,0.42448979591836733
2758,Addams Family Values,Addams Family Values,en,English,1993-11-19,1993,11,1990,Comedy|Family|Fantasy,Comedy,3,8.7647,7.0,3411,Good,Low,47000000.0,48919043.0,True,True,1919043.0,0.040830702127659574,94.0,US,US,1,Scott Rudin Productions|Paramount Pictures,50,26387.2937338171,259919000,0.013472550639582909,0.6170212765957446,0.08176620849045128,0.07134170818064971,0.01673185870333566,0.3469387755102041
345911,Lights Out,Lights Out,en,English,2016-07-21,2016,7,2010,Horror|Mystery,Horror,2,8.7559,6.381,4227,Mixed,Low,4900000.0,149368835.0,True,True,144468835.0,29.483435714285715,81.0,US,US,1,New Line Cinema|Atomic Monster|Grey Matter Productions|RatPac Entertainment,28,57976.628204291,324353340,0.013347198085524634,0.48531914893617023,0.10161780805254836,0.0074376315451566595,0.05108886701648918,0.2938775510204082
660120,The Worst Person in the World,Verdens verste menneske,no,Norwegian,2021-10-13,2021,10,2020,Drama|Romance|Comedy,Drama,3,8.7531,7.4,1963,Good,Low,5000000.0,12687507.0,True,True,7687507.0,1.5375014,128.0,NO,NO|SE|DK|FR,1,Oslo Pictures|Film i Väst|Snowglobe|B-Reel Films|ARTE France Cinéma|MK Productions|mk2 Films,41,96442.5552173002,5408320,0.013307313181960623,0.7021276595744681,0.04653935044398492,0.007589422701060444,0.004339526586308266,0.4857142857142857
10731,The Client,The Client,en,English,1994-07-20,1994,7,1990,Drama|Thriller|Crime|Mystery,Drama,4,8.7454,6.691,1435,Good,Low,45000000.0,117615211.0,True,True,72615211.0,1.6136713555555555,119.0,US,US,1,Alcor Films|Regency Enterprises|Warner Bros. Pictures,68,27694.853416234,263126000,0.013197629697159624,0.5512765957446808,0.033694197786157405,0.06830588506257403,0.04022812253888239,0.4489795918367347
955916,Lift,Lift,en,English,2024-01-10,2024,1,2020,Action|Comedy|Crime,Action,3,8.7398,6.437,1503,Mixed,Low,,,False,False,,,107.0,US,US,3,Genre Films|6th & Idaho Motion Picture Company|HartBeat Productions,22,86169.6641581917,340003797,0.01311785989003163,0.49723404255319154,0.03534849774966549,,,0.4
1995,Lara Croft: Tomb Raider,Lara Croft: Tomb Raider,en,English,2001-06-15,2001,6,2000,Adventure|Action|Fantasy,Adventure,3,8.7397,5.916,6666,Mixed,Low,115000000.0,274703340.0,True,True,159703340.0,1.388724695652174,100.0,GB,GB|US,1,Paramount Pictures|Mutual Film Company|Lawrence Gordon Productions|Eidos Films,86,28013.8729635508,59119673,0.013116435429190037,0.3863829787234043,0.16095365527308114,0.1745596941952228,0.0939572348296349,0.37142857142857144
9705,Swordfish,Swordfish,en,English,2001-06-08,2001,6,2000,Action|Crime|Thriller,Action,3,8.7395,6.266,3055,Mixed,Low,102000000.0,147080413.0,True,True,45080413.0,0.4419648333333333,99.0,US,US,2,Village Roadshow Pictures|Silver Pictures|Jonathan Krane Group|NPV Entertainment|Warner Bros. Pictures,52,37133.6203973517,284968955,0.013113586507506901,0.4608510638297872,0.07310546162267365,0.15482684392773088,0.050306154259074976,0.3673469387755102
10865,Atlantis: The Lost Empire,Atlantis: The Lost Empire,en,English,2001-06-02,2001,6,2000,Animation|Family|Adventure|Science Fiction,Animation,4,8.7359,7.05,5256,Good,Low,120000000.0,186053725.0,True,True,66053725.0,0.5504477083333333,95.0,US,US,3,Walt Disney Pictures|Walt Disney Feature Animation,20,37133.6203973517,284968955,0.013062305917210346,0.627659574468085,0.1266512589709281,0.18214925199041201,0.06363626055113307,0.3510204081632653
9798,Enemy of the State,Enemy of the State,en,English,1998-11-20,1998,11,1990,Action|Drama|Thriller,Action,3,8.7356,7.081,4419,Good,Low,90000000.0,250649836.0,True,True,160649836.0,1.7849981777777777,132.0,GB,GB|US,1,Touchstone Pictures|Jerry Bruckheimer Films|Scott Free Productions,51,28396.3523548013,58487141,0.013058032534685616,0.6342553191489362,0.10628877265539471,0.13661190521927682,0.08573017511717207,0.5020408163265306
646097,Rebel Ridge,Rebel Ridge,en,English,2024-08-27,2024,8,2020,Crime|Action|Thriller|Drama,Crime,4,8.7349,6.969,1722,Good,Low,,,False,False,,,131.0,US,US,1,filmscience|Bonneville Pictures,26,86169.6641581917,340003797,0.013048061308794615,0.6104255319148936,0.04067631674978713,,,0.49795918367346936
261023,Black Mass,Black Mass,en,English,2015-09-17,2015,9,2010,Drama|Crime|History,Drama,3,8.7343,6.524,3672,Good,Low,53000000.0,99975678.0,True,True,46975678.0,0.8863335471698113,123.0,GB,GB|US,1,Vendian Entertainment|Infinitum Nihil|Head Gear Films|Cross Creek Pictures|Free State Pictures|RatPac Entertainment|Le Grisbi Productions,38,45256.040227057,65087000,0.01303951454374518,0.5157446808510638,0.08811580099744556,0.08044917753487675,0.0341948439242174,0.46530612244897956
49524,R.I.P.D.,R.I.P.D.,en,English,2013-07-18,2013,7,2010,Fantasy|Action|Comedy,Fantasy,3,8.7336,5.864,4392,Mixed,Low,130000000.0,61600000.0,True,True,-68400000.0,-0.5261538461538462,96.0,US,US,1,Universal Pictures|Dark Horse Entertainment|Original Film,27,53297.3862901595,316726282,0.013029543317854178,0.3753191489361702,0.10563191825811945,0.1973283675807904,0.021069147376544084,0.3551020408163265
619264,The Platform,El hoyo,es,Spanish,2019-11-08,2019,11,2010,Drama|Science Fiction|Thriller,Drama,3,8.7316,6.965,8001,Good,Low,1203235.0,1090116.0,True,True,-113119.0,-0.09401239159432696,95.0,ES,ES,1,Basque Films|Mr. Miyagi|EiTB|TVE,24,29786.5245689007,47118501,0.013001054101022765,0.6095744680851063,0.1934314560272473,0.0018262692206101406,0.0003728517822639541,0.3510204081632653
674324,The Banshees of Inisherin,The Banshees of Inisherin,en,English,2022-10-20,2022,10,2020,Drama|Comedy,Drama,2,8.7281,7.464,3539,Good,Low,20000000.0,49300000.0,True,True,29300000.0,1.465,114.0,GB,GB|US,1,Searchlight Pictures|Blueprint Pictures|Film4 Productions|TSG Entertainment,21,47034.7795621476,67636000,0.012951197971567753,0.7157446808510638,0.08488018489234886,0.03035809608662804,0.01686215805543341,0.42857142857142855
44826,Hugo,Hugo,en,English,2011-11-22,2011,11,2010,Adventure|Drama|Family,Adventure,3,8.7275,7.172,7816,Good,Low,170000000.0,185770160.0,True,True,15770160.0,0.09276564705882354,126.0,US,US,1,GK Films|Infinitum Nihil,81,50024.8812320773,311839461,0.012942651206518318,0.6536170212765956,0.1889307870088797,0.258044829942304,0.06353927234569885,0.4775510204081633
930564,Saltburn,Saltburn,en,English,2023-11-16,2023,11,2020,Drama|Comedy|Thriller,Drama,3,8.7172,6.935,3112,Good,Low,20000000.0,21013738.0,True,True,1013738.0,0.0506869,131.0,GB,GB|US,1,LuckyChap Entertainment|MRC|Lie Still,41,49919.6896621586,68526000,0.01279593173983647,0.603191489361702,0.07449215423914365,0.03035809608662804,0.007187361131194497,0.49795918367346936
15070,Undisputed,Undisputed,en,English,2002-07-17,2002,7,2000,Action|Drama|Crime,Action,3,8.7159,6.519,859,Good,Low,20000000.0,14946150.0,True,True,-5053850.0,-0.2526925,96.0,US,US|DE,1,Amen Ra Films|Motion Picture Corporation of America|Hollywood Partners|Millennium Media|David Giler Productions,64,37997.7424300242,287625193,0.012777413748896033,0.5146808510638298,0.019681303977618296,0.03035809608662804,0.0051120539831539065,0.3551020408163265
613504,After We Collided,After We Collided,en,English,2020-09-02,2020,9,2020,Drama|Romance,Drama,2,8.7144,7.151,5503,Good,Low,14000000.0,47990414.0,True,True,33990414.0,2.427886714285714,105.0,US,US,1,Voltage Pictures|Offspring Entertainment|Frayed Pages Media|Wattpad,20,64465.2971415748,331578104,0.012756046836272461,0.6491489361702126,0.13266026030896486,0.021250626732401,0.016414238192256497,0.39183673469387753
760741,Beast,Beast,en,English,2022-08-11,2022,8,2020,Action|Adventure|Horror|Thriller|Drama,Action,5,8.7113,6.531,1809,Good,Low,36000000.0,56000000.0,True,True,20000000.0,0.5555555555555556,93.0,IS,IS|US|JP|ZA,1,RVK Studios|Will Packer Productions|Universal Pictures,37,76376.9599334915,382003,0.012711888550183747,0.5172340425531914,0.04279284758545189,0.054644681031233475,0.0191537701246563,0.34285714285714286
619778,Malignant,Malignant,en,English,2021-09-01,2021,9,2020,Horror|Mystery,Horror,2,8.7113,6.749,2737,Good,Low,40000000.0,34891791.0,True,True,-5108209.0,-0.127705225,111.0,US,US,1,New Line Cinema|Atomic Monster|Starlight Media|My Entertainment,32,71441.2319805947,332100166,0.012711888550183747,0.5636170212765956,0.06536917649920934,0.06071632726738483,0.011934094527032542,0.4163265306122449
956842,Fly Me to the Moon,Fly Me to the Moon,en,English,2024-07-10,2024,7,2020,Romance|Comedy,Romance,2,8.7111,6.802,1229,Good,Low,100000000.0,42260534.0,True,True,-57739466.0,-0.57739466,132.0,US,US,1,These Pictures|Berlanti Productions|Apple Studios,63,86169.6641581917,340003797,0.012709039628500611,0.5748936170212765,0.028682642014353485,0.1517910208096552,0.014454437869390999,0.5020408163265306
9350,Cliffhanger,Cliffhanger,en,English,1993-05-28,1993,5,1990,Action|Adventure|Thriller,Action,3,8.7062,6.5,2732,Mixed,Low,70000000.0,255000211.0,True,True,185000211.0,2.642860157142857,113.0,FR,FR|IT|US|JP,1,Carolco Pictures|Le Studio Canal+|Pioneer|RCS Video,51,22238.8250618434,59103094,0.01263924104726362,0.5106382978723404,0.06524753679601021,0.10625367403852003,0.08721814106577587,0.42448979591836733
712,Four Weddings and a Funeral,Four Weddings and a Funeral,en,English,1994-03-09,1994,3,1990,Comedy|Drama|Romance,Comedy,3,8.6988,6.773,3076,Good,Low,4400000.0,245700832.0,True,True,241300832.0,54.84109818181818,117.0,GB,GB|US,1,PolyGram Filmed Entertainment|Working Title|Channel Four Films,20,19709.2380983653,57865745,0.012533830944987324,0.568723404255319,0.07361634837610996,0.00667867576563774,0.08403745910268963,0.44081632653061226
399057,The Killing of a Sacred Deer,The Killing of a Sacred Deer,en,English,2017-10-20,2017,10,2010,Drama|Thriller|Mystery,Drama,3,8.6966,7.002,4574,Good,Low,3000000.0,10700000.0,True,True,7700000.0,2.566666666666667,121.0,GB,GB|US|IE,2,Element Pictures|TPC|Film4 Productions|New Sparta Films|Limp|HanWay Films|Fís Éireann/Screen Ireland,45,40918.0520870944,65964000,0.01250249280647275,0.6174468085106382,0.11005960345456757,0.004553599582984765,0.003659736283492598,0.45714285714285713
7445,Brothers,Brothers,en,English,2009-12-02,2009,12,2000,Drama|Thriller|War,Drama,3,8.6933,7.315,4030,Good,Low,26000000.0,43500000.0,True,True,17500000.0,0.6730769230769231,105.0,US,US,1,Lionsgate|Relativity Media|Sighvatsson Films|Michael De Luca Productions|Palomar Pictures|Mandate International,40,47194.9500893872,306771529,0.0124554855987009,0.6840425531914893,0.09682520374650286,0.039465565440855076,0.014878374473121061,0.39183673469387753
639721,The Addams Family 2,The Addams Family 2,en,English,2021-10-01,2021,10,2020,Animation|Family|Comedy|Fantasy,Animation,4,8.6899,6.9,1432,Good,Low,,119815153.0,False,True,,,93.0,CA,CA|US,4,Metro-Goldwyn-Mayer|Bron Studios|BermanBraun|Cinesite Animation|Nitrogen Studios Canada|Creative Wealth Media Finance,22,52886.6407813788,38239864,0.012407053930087456,0.5957446808510638,0.03362121396423793,,0.04098057233571677,0.34285714285714286
15370,The Cat Returns,猫の恩返し,ja,Japanese,2002-07-19,2002,7,2000,Adventure|Fantasy|Animation|Drama|Family,Adventure,5,8.6838,7.144,2533,Good,Low,,54016370.0,False,True,,,75.0,JP,JP,1,Studio Ghibli|Mitsubishi|Nippon Television Network Corporation|TOHO|Tokuma Shoten|Hakuhodo,25,33315.9165174962,127445000,0.012320161818751597,0.6476595744680851,0.060406276608685076,,0.01847530587855591,0.2693877551020408
514999,Murder Mystery,Murder Mystery,en,English,2019-05-25,2019,5,2010,Comedy|Mystery|Crime,Comedy,3,8.683,6.253,4904,Mixed,Low,24000000.0,,True,False,,,98.0,US,US,1,Vinson Films|Endgame Entertainment|Tower Hill Entertainment|Denver & Delilah Productions|Happy Madison Productions,25,65227.9565911038,330226227,0.012308766132019026,0.4580851063829787,0.11808782386570976,0.036429742322779395,,0.363265306122449
1023922,MaXXXine,MaXXXine,en,English,2024-07-04,2024,7,2020,Horror,Horror,1,8.6804,6.265,1614,Mixed,Low,10000000.0,22057160.0,True,True,12057160.0,1.205716,103.0,US,US,1,A24|Motel Mojave|Access Entertainment,36,86169.6641581917,340003797,0.012271730150138178,0.46063829787234034,0.038048899160686045,0.015178980496249642,0.007544244481715793,0.3836734693877551
14128,Cinderella II: Dreams Come True,Cinderella II: Dreams Come True,en,English,2002-02-23,2002,2,2000,Family|Animation|Romance|Fantasy,Family,4,8.6686,6.1,1557,Mixed,Low,5000000.0,,True,False,,,74.0,JP,JP|US,1,Walt Disney Animation Japan|Disney Television Animation,71,33315.9165174962,127445000,0.012103643770832732,0.4255319148936169,0.03666220654421603,0.007589422701060444,,0.2653061224489796
9480,Daredevil,Daredevil,en,English,2003-02-14,2003,2,2000,Fantasy|Action,Fantasy,2,8.6631,5.305,5599,Mixed,Low,78000000.0,179179718.0,True,True,101179718.0,1.2971758717948718,103.0,CH,CH|US,3,Marvel Enterprises|New Regency Pictures|Epsilon Motion Pictures|Regency Enterprises|20th Century Fox,75,49947.3910175152,7339001,0.012025298424546308,0.2563829787234042,0.13499574261038802,0.11839696651082274,0.06128513258021924,0.3836734693877551
556694,Three Thousand Years of Longing,Three Thousand Years of Longing,en,English,2022-08-24,2022,8,2020,Drama|Fantasy|Romance,Drama,3,8.6625,6.879,1731,Good,Low,60000000.0,20300000.0,True,True,-39700000.0,-0.6616666666666666,108.0,AU,AU|CN|GB,4,FilmNation Entertainment|Elevate Production Finance|Sunac Pictures|Kennedy Miller Mitchell,43,65169.5191118657,26018721,0.012016751659496873,0.5912765957446807,0.04089526821554555,0.09107455844814162,0.006943240143871661,0.40408163265306124
823482,Dream Scenario,Dream Scenario,en,English,2023-11-10,2023,11,2020,Comedy|Fantasy,Comedy,2,8.6607,6.7,1440,Good,Low,10000000.0,14114415.0,True,True,4114415.0,0.4114415,102.0,US,US,2,A24|Square Peg|Saturn Films,39,82586.7847707894,336755052,0.011991111364348595,0.5531914893617021,0.03381583748935653,0.015178980496249642,0.004827574286975533,0.3795918367346939
826510,Harold and the Purple Crayon,Harold and the Purple Crayon,en,English,2024-07-31,2024,7,2020,Family|Comedy|Adventure|Fantasy,Family,4,8.6594,6.554,389,Good,Low,40000000.0,32227855.0,True,True,-7772145.0,-0.194303625,90.0,US,US,1,Davis Entertainment|Columbia Pictures|TSG Entertainment,43,86169.6641581917,340003797,0.011972593373408159,0.522127659574468,0.008247171876900621,0.06071632726738483,0.011022944095803087,0.3306122448979592
18487,The Taking of Pelham 1 2 3,The Taking of Pelham 1 2 3,en,English,2009-06-10,2009,6,2000,Crime|Thriller|Action,Crime,3,8.6573,6.367,3494,Mixed,Low,100000000.0,150166126.0,True,True,50166126.0,0.50166126,106.0,GB,GB|US,1,Escape Artists|Columbia Pictures|Relativity Media|Scott Free Productions|Metro-Goldwyn-Mayer,37,39009.3715547821,62276270,0.011942679695735153,0.48234042553191486,0.08378542756355674,0.1517910208096552,0.05136156577444184,0.39591836734693875
342473,Ballerina,Ballerina,en,English,2016-12-14,2016,12,2010,Animation|Family|Comedy|Music,Animation,4,8.6549,7.209,2029,Good,Low,30000000.0,109573511.0,True,True,79573511.0,2.652450366666667,89.0,CA,CA|FR,1,Main Journey|Caramel Films|Quad Productions|L'Atelier Animation|Gaumont|M6 Films,36,42314.1033623905,36110803,0.011908492635537442,0.6614893617021275,0.048144994526213354,0.04553721167700644,0.037477606602006316,0.32653061224489793
619803,The Roundup,범죄도시 2,ko,Korean,2022-05-18,2022,5,2020,Action|Crime|Thriller,Action,3,8.6517,7.336,463,Good,Low,7600000.0,101166707.0,True,True,93566707.0,12.311408815789473,106.0,KR,KR,2,BA Entertainment|Hong Film|Big Punch Pictures,40,34822.4048404971,51672569,0.01186290988860716,0.6885106382978723,0.010047439484247658,0.011535992754558827,0.034602213540813595,0.39591836734693875
297090,The Torture Club,ちょっとかわいいアイアンメイデン,ja,Japanese,2014-07-19,2014,7,2010,Drama|Comedy,Drama,2,8.6517,5.2,51,Mixed,Low,,,False,False,,,97.0,JP,JP,1,KADOKAWA|Shaiker,57,39172.8471161948,127276000,0.01186290988860716,0.23404255319148942,2.432794063982484e-05,,,0.35918367346938773
50839,Margin Call,Margin Call,en,English,2011-09-28,2011,9,2010,Thriller|Drama,Thriller,2,8.6442,6.855,2182,Good,Low,3500000.0,19504039.0,True,True,16004039.0,4.572582571428572,107.0,US,US,1,Before the Door Pictures|Washington Square Films|Untitled Entertainment,46,50024.8812320773,311839461,0.011756075325489295,0.5861702127659575,0.051867169444106555,0.005312555362503684,0.00667099628801633,0.4
774825,The Ice Age Adventures of Buck Wild,The Ice Age Adventures of Buck Wild,en,English,2022-01-28,2022,1,2020,Animation|Comedy|Family|Adventure,Animation,4,8.6403,6.5,1874,Mixed,Low,,,False,False,,,82.0,CA,CA|US,1,Bardel Entertainment|Walt Disney Pictures,28,56496.9275340663,38950132,0.011700521352668011,0.5106382978723404,0.044374163727040505,,,0.2979591836734694
10982,Hoodwinked!,Hoodwinked!,en,English,2005-12-16,2005,12,2000,Animation|Comedy|Crime|Family|Mystery,Animation,5,8.6377,6.309,1978,Mixed,Low,8000000.0,110000000.0,True,True,102000000.0,12.75,81.0,US,US,1,Kanbar Entertainment|Kanbar Animation|Blue Yonder Films,79,44123.3996470026,295516599,0.011663485370787163,0.47000000000000003,0.04690426955358229,0.012143157378173963,0.03762347933928852,0.2938775510204082
184,Jackie Brown,Jackie Brown,en,English,1997-12-25,1997,12,1990,Crime|Drama|Thriller,Crime,3,8.6353,7.357,7111,Good,Low,12000000.0,74727492.0,True,True,62727492.0,5.227291,154.0,US,US,1,Miramax|A Band Apart|Mighty Mighty Afrodite Productions,52,31459.1299691554,272657000,0.011629298310589451,0.6929787234042553,0.1717795888578032,0.01821480361432532,0.025559165153533174,0.5918367346938775
10719,Elf,Elf,en,English,2003-11-07,2003,11,2000,Comedy|Family|Fantasy,Comedy,3,8.6318,6.669,4679,Good,Low,32000000.0,228500000.0,True,True,196500000.0,6.140625,97.0,US,US,1,New Line Cinema|Guy Walks into a Bar Productions,55,39490.3023903176,290107933,0.01157944218113444,0.5465957446808509,0.11261403722174917,0.04857303479508211,0.07815423011584258,0.35918367346938773
2268,The Golden Compass,The Golden Compass,en,English,2007-12-04,2007,12,2000,Adventure|Fantasy,Adventure,2,8.6317,6.086,4933,Mixed,Low,180000000.0,372234864.0,True,True,192234864.0,1.0679714666666666,113.0,GB,GB|US,4,Depth of Field|New Line Cinema|Scholastic Productions|Ingenious Media,38,50629.0799172887,61322463,0.011578017720292872,0.42255319148936177,0.11879333414426468,0.27322394553268237,0.12731610311741126,0.42448979591836733
13648,Resident Evil: Degeneration,バイオハザード：ディジェネレーション,ja,Japanese,2008-02-13,2008,2,2000,Animation|Horror|Action|Science Fiction,Animation,4,8.6303,6.804,1197,Good,Low,,403117.0,False,True,,,97.0,JP,JP,2,Capcom|Sony Pictures|Digital Frontier,26,40294.2081309702,128063000,0.011558075268510867,0.5753191489361702,0.02790414791387909,,0.00013787637928722957,0.35918367346938773
11665,Get Smart,Get Smart,en,English,2008-06-19,2008,6,2000,Action|Comedy|Thriller,Action,3,8.6277,6.218,4004,Mixed,Low,80000000.0,230685453.0,True,True,150685453.0,1.8835681625,110.0,US,US,2,Mosaic Media Group|Mad Chance|Callahan Filmworks|Warner Bros. Pictures|Village Roadshow Pictures,68,48570.0594269601,304093966,0.01152103928663002,0.4506382978723404,0.09619267728986741,0.12143278962889842,0.07890172421606935,0.4122448979591837
301365,The Neon Demon,The Neon Demon,en,English,2016-06-08,2016,6,2010,Horror|Thriller,Horror,2,8.6272,6.49,4016,Mixed,Low,7000000.0,3400000.0,True,True,-3600000.0,-0.5142857142857142,118.0,US,US|DK|FR|BE,1,Wild Bunch|Gaumont|Space Rocket Nation|Vendian Entertainment|Bold Films,31,57976.628204291,324353340,0.011513916982422153,0.5085106382978724,0.09648461257754531,0.010625245819136124,0.0011629052229960198,0.4448979591836735
1024452,French Girl,French Girl,en,English,2024-03-15,2024,3,2020,Romance|Comedy,Romance,2,8.6261,6.222,126,Mixed,Low,,,False,False,,,106.0,CA,CA,2,Caramel Films|Elevation Pictures,75,55015.7066917734,41262329,0.011498247913164854,0.4514893617021277,0.0018489234886266877,,,0.39591836734693875
590,The Hours,The Hours,en,English,2002-12-27,2002,12,2000,Drama,Drama,1,8.6258,7.252,1908,Good,Low,25000000.0,108846217.0,True,True,83846217.0,3.35384868,114.0,GB,GB|US,1,Scott Rudin Productions|Robert Fox Productions|Miramax,44,30158.7017807858,59370479,0.011493974530640149,0.6706382978723403,0.04520131370879455,0.037947653881817235,0.0372288490336073,0.42857142857142855
2270,Stardust,Stardust,en,English,2007-08-10,2007,8,2000,Adventure|Fantasy|Romance|Family,Adventure,4,8.6246,7.294,4576,Good,Low,70000000.0,137500000.0,True,True,67500000.0,0.9642857142857143,127.0,IS,IS|GB|US,1,Paramount Pictures|Marv|Vaughn Productions|di Bonaventura Pictures|Ingenious Media,46,70483.0117228535,311566,0.01147688100054128,0.6795744680851062,0.11010825933584723,0.10625367403852003,0.04702934977266605,0.4816326530612245
292011,Richard Jewell,Richard Jewell,en,English,2019-12-13,2019,12,2010,Drama|History|Crime,Drama,3,8.6234,7.415,2798,Good,Low,45000000.0,33900000.0,True,True,-11100000.0,-0.24666666666666667,131.0,US,US,1,Warner Bros. Pictures|Malpaso Productions|Appian Way|Misher Films|75 Year Plan Productions,43,65227.9565911038,330226227,0.011459787470442438,0.7053191489361701,0.06685318087823866,0.06830588506257403,0.011594870612741998,0.49795918367346936
9767,The Break-Up,The Break-Up,en,English,2006-06-01,2006,6,2000,Romance|Comedy,Romance,2,8.6218,5.9,2900,Mixed,Low,52000000.0,205700000.0,True,True,153700000.0,2.955769230769231,106.0,US,US,1,Universal Pictures|Mosaic Media Group|Wild West Picture Show Productions,85,46301.9876485519,298379912,0.011436996096977297,0.3829787234042554,0.06933463082350079,0.07893126597583891,0.0703559084474423,0.39591836734693875
14869,G.I. Joe: The Rise of Cobra,G.I. Joe: The Rise of Cobra,en,English,2009-08-03,2009,8,2000,Adventure|Action|Thriller|Science Fiction,Adventure,4,8.62,5.782,5024,Mixed,Low,175000000.0,302500000.0,True,True,127500000.0,0.7285714285714285,118.0,US,US|CZ|FR|JP,3,Paramount Pictures|Spyglass Entertainment|di Bonaventura Pictures|Hasbro|Kontsept Film Company,50,47194.9500893872,306771529,0.011411355801828994,0.3578723404255319,0.12100717674248875,0.2656343877374932,0.10346457237293118,0.4448979591836735
10320,The Ring Two,The Ring Two,en,English,2005-03-10,2005,3,2000,Drama|Horror|Thriller,Drama,3,8.6199,5.761,2521,Mixed,Low,50000000.0,161451538.0,True,True,111451538.0,2.22903076,109.0,US,US,1,DreamWorks Pictures|BenderSpink|Parkes+MacDonald Image Nation,38,44123.3996470026,295516599,0.011409931340987426,0.35340425531914893,0.060114341321007174,0.07589544285776323,0.055221533885688526,0.40816326530612246
37137,The Naked Gun 2½: The Smell of Fear,The Naked Gun 2½: The Smell of Fear,en,English,1991-06-28,1991,6,1990,Comedy|Crime,Comedy,2,8.6197,6.821,2872,Good,Low,23000000.0,192030411.0,True,True,169030411.0,7.3491483043478265,85.0,US,US,1,Paramount Pictures,27,24342.2589048189,252981000,0.01140708241930429,0.5789361702127659,0.06865344848558569,0.034911830763741554,0.06568047633793239,0.31020408163265306
11932,Bride of Chucky,Bride of Chucky,en,English,1998-10-15,1998,10,1990,Horror|Comedy,Horror,2,8.6161,6.1,2161,Mixed,Low,25000000.0,50688658.0,True,True,25688658.0,1.02754632,89.0,US,US,1,Universal Pictures|Midwinter Productions Inc.|David Kirschner Productions,96,32853.6725949234,275854000,0.01135580182900771,0.4255319148936169,0.05135628269067023,0.037947653881817235,0.01733712304540698,0.32653061224489793
7978,The Wolfman,The Wolfman,en,English,2010-02-10,2010,2,2010,Horror,Horror,1,8.6159,5.899,2243,Mixed,Low,150000000.0,140700000.0,True,True,-9300000.0,-0.062,103.0,US,US,2,Universal Pictures|Relativity Media|Stuber Pictures,36,48642.6312088213,309378227,0.011352952907324574,0.3827659574468085,0.053351173823135874,0.2276865987615472,0.048123851059459065,0.3836734693877551
13700,Home on the Range,Home on the Range,en,English,2004-04-02,2004,4,2000,Animation|Family,Animation,2,8.6138,6.068,2210,Mixed,Low,110000000.0,145358062.0,True,True,35358062.0,0.32143692727272727,76.0,US,US,2,Walt Disney Pictures|Walt Disney Feature Animation,55,41724.6411982614,292805298,0.011323039229651567,0.41872340425531906,0.05254835178202165,0.1669701364000336,0.04971705570100959,0.27346938775510204
5176,3:10 to Yuma,3:10 to Yuma,en,English,2007-09-06,2007,9,2000,Western,Western,1,8.6073,7.2,4179,Good,Low,55000000.0,70000000.0,True,True,15000000.0,0.2727272727272727,122.0,US,US,1,Lionsgate|Tree Line Films|Relativity Media|Yuma,58,48050.227412195,301231207,0.011230449274949435,0.6595744680851063,0.10045006690183676,0.08348500065295243,0.023942213254375764,0.46122448979591835
9007,Just Like Heaven,Just Like Heaven,en,English,2005-09-16,2005,9,2000,Comedy|Romance|Fantasy,Comedy,3,8.605,6.974,2644,Good,Low,58000000.0,102900000.0,True,True,44900000.0,0.7741379310344828,95.0,US,US,1,DreamWorks Pictures|Parkes+MacDonald Production,52,44123.3996470026,295516599,0.011197686675593291,0.6114893617021276,0.06310667801970563,0.08803873533006594,0.03519505460921651,0.3510204081632653
62764,Mirror Mirror,Mirror Mirror,en,English,2012-03-15,2012,3,2010,Adventure|Comedy|Family|Fantasy,Adventure,4,8.6033,5.921,3325,Mixed,Low,85000000.0,183018522.0,True,True,98018522.0,1.1531590823529412,106.0,US,US,1,Misher Films|Relativity Media|Yucaipa Films|Goldmann Pictures|RAT Entertainment|Misha Films,47,51708.3940614082,314339099,0.011173470841286583,0.38744680851063834,0.07967400559542635,0.1290223474240876,0.06259812505451492,0.39591836734693875
580175,Another Round,Druk,da,Danish,2020-09-24,2020,9,2020,Comedy|Drama,Comedy,2,8.5965,7.628,3918,Good,Low,5150000.0,21700000.0,True,True,16550000.0,3.2135922330097086,117.0,DK,DK|NL|SE,2,Zentropa Entertainments|Film i Väst|Topkapi Films|Zentropa International Sweden|Zentropa International Netherlands,23,60985.4885601514,5831404,0.011076607504059722,0.7506382978723404,0.09410047439484248,0.00781710943491612,0.007422084456843607,0.44081632653061226
50544,Friends with Benefits,Friends with Benefits,en,English,2011-07-21,2011,7,2010,Romance|Comedy,Romance,2,8.5907,6.638,8516,Good,Low,35000000.0,149500000.0,True,True,114500000.0,3.2714285714285714,109.0,US,US,1,Castle Rock Entertainment|Olive Bridge Entertainment,41,50024.8812320773,311839461,0.010993988775248566,0.5399999999999999,0.2059603454567571,0.053126769472195634,0.051133729598139874,0.40816326530612246
83666,Moonrise Kingdom,Moonrise Kingdom,en,English,2012-05-16,2012,5,2010,Comedy|Drama|Romance,Comedy,3,8.5867,7.7,6472,Good,Low,16000000.0,68263166.0,True,True,52263166.0,3.266447875,94.0,US,US,1,Indian Paintbrush|American Empirical Pictures,69,51708.3940614082,314339099,0.010937010341585713,0.7659574468085105,0.15623403478895512,0.02428644985047668,0.02334816105189268,0.3469387755102041
287649,Scarlet Innocence,마담 뺑덕,ko,Korean,2014-10-02,2014,10,2010,Thriller|Drama|Romance,Thriller,3,8.5838,6.1,71,Mixed,Low,,,False,False,,,111.0,KR,KR,1,CJ Entertainment,23,30667.0912467447,50746659,0.010895700977180137,0.4255319148936169,0.0005108867534363216,,,0.4163265306122449
9341,The Core,The Core,en,English,2003-03-28,2003,3,2000,Science Fiction|Adventure|Thriller,Science Fiction,3,8.5832,5.848,2247,Mixed,Low,60000000.0,74208267.0,True,True,14208267.0,0.23680445,136.0,US,US|CA|DE,1,Paramount Pictures|David Foster Productions|HorsePower Entertainment|Core Productions|LivePlanet|Munich Film Partners New Century & Company (MFP) Core Productions,68,39490.3023903176,290107933,0.010887154212130701,0.37191489361702124,0.05344848558569517,0.09107455844814162,0.025381573768959702,0.5183673469387755
522924,The Art of Racing in the Rain,The Art of Racing in the Rain,en,English,2019-08-08,2019,8,2010,Drama|Romance,Drama,2,8.5812,8.157,1724,Excellent,Low,18000000.0,33800000.0,True,True,15800000.0,0.8777777777777778,109.0,US,US,4,Original Film|Shifting Gears Productions|Fox 2000 Pictures|Starbucks Entertainment,27,65227.9565911038,330226227,0.010858664995299288,0.863191489361702,0.04072497263106678,0.027322272968552358,0.011560667447529717,0.40816326530612246
8834,Conspiracy Theory,Conspiracy Theory,en,English,1997-08-08,1997,8,1990,Action|Drama|Mystery|Thriller,Action,4,8.5764,6.6,1717,Good,Low,75000000.0,137000000.0,True,True,62000000.0,0.8266666666666667,135.0,US,US,1,Silver Pictures|Warner Bros. Pictures|Donner/Shuler-Donner Productions,34,31459.1299691554,272657000,0.010790290874903841,0.5319148936170212,0.04055467704658801,0.11384323183370922,0.04685833394660464,0.5142857142857142
1010600,The Strangers: Chapter 1,The Strangers: Chapter 1,en,English,2024-05-15,2024,5,2020,Horror|Thriller,Horror,2,8.5708,5.7,834,Mixed,Low,8500000.0,48166448.0,True,True,39666448.0,4.66664094117647,91.0,GB,GB|US|ES,1,Fifth Element Productions|Sherbone Media|Lipsync Productions|Stream Media|Lionsgate|Richmond Pictures|Hasbula Productions|Elipsis Capital,42,53341.3131094262,69281000,0.010710521067775848,0.34042553191489366,0.019073105461622674,0.012902113157692883,0.016474447392106285,0.3346938775510204
390043,The Hitman's Bodyguard,The Hitman's Bodyguard,en,English,2017-08-16,2017,8,2010,Action|Comedy|Crime|Thriller,Action,4,8.566,6.895,6813,Good,Low,30000000.0,176586701.0,True,True,146586701.0,4.886223366666667,118.0,BG,BG|CA|FR|HK|US|GB,3,Campbell Grobman Films|East Light Media|Nu Boyana Film Studios|Tom de Mol Productions|Summit Entertainment|Millennium Media|Davis Films|Cristal Pictures|Lionsgate|TIK Films,36,8697.13373333715,6803468,0.010642146947380424,0.5946808510638296,0.1645298625471354,0.04553721167700644,0.06039823869172669,0.4448979591836735
406,La Haine,La Haine,fr,French,1995-05-31,1995,5,1990,Drama,Drama,1,8.5651,8.082,4695,Excellent,Low,2600000.0,15300000.0,True,True,12700000.0,4.884615384615385,98.0,FR,FR,1,Kasso Productions|La Sept Cinéma|Les Productions Lazennec|Canal+|StudioCanal,43,26791.8151982369,59541294,0.01062932679980626,0.8472340425531916,0.11300328427198637,0.003946434959369628,0.005233081883257566,0.363265306122449
799766,Better Man,Better Man,en,English,2024-12-06,2024,12,2020,Music|Drama,Music,2,8.5627,7.621,924,Good,Low,110000000.0,22549151.0,True,True,-87450849.0,-0.7950077181818181,135.0,AU,AU|GB|US|CN|CY,1,RocketScience|Facing East Entertainment|Sina Studios|Lost Bandits|Footloose Productions|VicScreen|RPW Productions|Azure Centrum|Partizan Films|Mid March Media,40,64609.9865116088,27194286,0.01059513973960855,0.7491489361702127,0.021262620119206908,0.1669701364000336,0.007712520976275351,0.5142857142857142
69,Walk the Line,Walk the Line,en,English,2005-09-13,2005,9,2000,Drama|Music|Romance,Drama,3,8.5604,7.5,3216,Good,Low,28000000.0,186800000.0,True,True,158800000.0,5.671428571428572,136.0,DE,DE|US,1,Mars Media Beteiligungs|Tree Line Films|Catfish Productions|Fox 2000 Pictures,40,35084.4363546269,82469422,0.010562377140252406,0.7234042553191489,0.07702226006568544,0.04250138855893076,0.06389151022232102,0.5183673469387755
26389,From Paris with Love,From Paris with Love,en,English,2010-02-04,2010,2,2010,Action|Crime|Thriller,Action,3,8.5587,6.472,2451,Mixed,Low,52000000.0,52800000.0,True,True,800000.0,0.015384615384615385,92.0,GB,GB|FR,4,M6|M6 Films|TPS Star|Grive Productions|EuropaCorp|Apipoulaï Prod|W9|Canal+,84,39778.3220528565,62766365,0.010538161305945697,0.5046808510638299,0.058411385476219435,0.07893126597583891,0.01805926883786328,0.33877551020408164
4995,Boogie Nights,Boogie Nights,en,English,1997-10-07,1997,10,1990,Drama|Comedy,Drama,2,8.5534,7.636,3695,Good,Low,15000000.0,43101594.0,True,True,28101594.0,1.8734396,156.0,US,US,1,New Line Cinema|Lawrence Gordon Productions|Ghoulardi Film Company,29,31459.1299691554,272657000,0.010462664881342409,0.7523404255319148,0.08867534363216154,0.02276853829143884,0.014742107010725418,0.6
927107,The Bricklayer,The Bricklayer,en,English,2023-12-14,2023,12,2020,Action|Thriller,Action,2,8.5504,5.8,411,Mixed,Low,23900000.0,899683.0,True,True,-23000317.0,-0.962356359832636,110.0,US,US,2,Eclectic Pictures|Millennium Media,54,82586.7847707894,336755052,0.010419931056095262,0.36170212765957444,0.008782386570976767,0.03627795116687561,0.0003077176686552493,0.4122448979591837
1319504,Boot Camp,Un été pour tout changer,en,English,2024-08-02,2024,8,2020,Romance|Comedy,Romance,2,8.548,6.125,60,Mixed,Low,,,False,False,,,94.0,CA,CA|US,1,Great Pacific Media|Thunderbird Entertainment|Wattpad WEBTOON Studios|Channel Zero|December Films|Junction Hammer Productions,35,55015.7066917734,41262329,0.010385743995897551,0.4308510638297872,0.0002432794063982484,,,0.3469387755102041
1041613,Immaculate,Immaculate,en,English,2024-03-20,2024,3,2020,Horror|Mystery|Thriller,Horror,3,8.548,6.208,1717,Mixed,Low,9000000.0,35340015.0,True,True,26340015.0,2.926668333333333,89.0,US,US,1,Black Bear Pictures|Fifty-Fifty Films|Middle Child Pictures,41,86169.6641581917,340003797,0.010385743995897551,0.44851063829787235,0.04055467704658801,0.013661068937211803,0.01208740132227364,0.32653061224489793
619730,Don't Worry Darling,Don't Worry Darling,en,English,2022-09-21,2022,9,2020,Thriller|Science Fiction|Mystery,Thriller,3,8.5455,6.8,3073,Good,Low,35000000.0,86700000.0,True,True,51700000.0,1.477142857142857,123.0,US,US,1,Vertigo Entertainment|New Line Cinema,65,78008.6895811877,333996304,0.010350132474858272,0.5744680851063829,0.07354336455419049,0.053126769472195634,0.029654141844826842,0.46530612244897956
138697,Don Jon,Don Jon,en,English,2013-09-12,2013,9,2010,Romance|Comedy|Drama,Romance,3,8.5383,6.019,4677,Mixed,Low,3000000.0,,True,False,,,90.0,US,US,1,Ram Bergman Productions|HitRecord Films|Voltage Pictures,29,53297.3862901595,316726282,0.010247571294265113,0.4082978723404255,0.11256538134046953,0.004553599582984765,,0.3306122448979592
1979,Fantastic Four: Rise of the Silver Surfer,Fantastic Four: Rise of the Silver Surfer,en,English,2007-06-13,2007,6,2000,Science Fiction|Adventure|Action,Science Fiction,3,8.5351,5.636,8575,Mixed,Low,130000000.0,301913131.0,True,True,171913131.0,1.3224087,92.0,DE,DE|GB|US,4,1492 Pictures|Bernd Eichinger Productions|20th Century Fox|Constantin Film|Marvel Studios|Ingenious Film Partners,47,42350.9217211489,82266372,0.01020198854733483,0.3268085106382979,0.20739569395450674,0.1973283675807904,0.1032638445992815,0.33877551020408164
9349,Universal Soldier,Universal Soldier,en,English,1992-07-10,1992,7,1990,Thriller|Action|Science Fiction,Thriller,3,8.5306,6.352,1993,Mixed,Low,23000000.0,119200000.0,True,True,96200000.0,4.182608695652174,103.0,US,US|FR,1,Carolco Pictures|IndieProd Company Productions|Centropolis Entertainment,54,25418.9907763319,256514000,0.010137887809464112,0.4791489361702128,0.04726918866317966,0.034911830763741554,0.04077017053881846,0.3836734693877551
152532,Dallas Buyers Club,Dallas Buyers Club,en,English,2013-11-01,2013,11,2010,Drama|History,Drama,2,8.5302,7.905,9270,Good,Low,5000000.0,55736588.0,True,True,50736588.0,10.1473176,117.0,US,US,2,Truth Entertainment|Voltage Pictures|CE|Evolution Independent|R² Films|Rainmaker Films,27,53297.3862901595,316726282,0.010132189966097839,0.8095744680851064,0.224303612699185,0.007589422701060444,0.019063674883107323,0.44081632653061226
1213,The Talented Mr. Ripley,The Talented Mr. Ripley,en,English,1999-12-25,1999,12,1990,Thriller|Crime|Drama,Thriller,3,8.5298,7.196,4289,Good,Low,40000000.0,128798265.0,True,True,88798265.0,2.219956625,140.0,US,US,2,Mirage Enterprises|Timnick Films,67,34515.3813073394,279040000,0.010126492122731541,0.6587234042553191,0.1031261403722175,0.06071632726738483,0.04405308097428109,0.5346938775510204
537996,The Ballad of Buster Scruggs,The Ballad of Buster Scruggs,en,English,2018-11-09,2018,11,2010,Western|Comedy|Drama,Western,3,8.5289,7.132,4566,Good,Low,,,False,False,,,132.0,US,US,1,Mike Zoss Productions,57,62875.6661382728,328529577,0.010113671975157402,0.6451063829787232,0.10986497992944898,,,0.5020408163265306
7453,The Hitchhiker's Guide to the Galaxy,The Hitchhiker's Guide to the Galaxy,en,English,2005-04-28,2005,4,2000,Adventure|Comedy|Science Fiction,Adventure,3,8.5273,6.69,4368,Good,Low,50000000.0,104500000.0,True,True,54500000.0,1.09,109.0,GB,GB|US,1,Spyglass Entertainment|Everyman Pictures|Hammer & Tongs|Touchstone Pictures,39,42240.2462987547,60401206,0.010090880601692262,0.5510638297872341,0.10504804768276366,0.07589544285776323,0.035742305252613016,0.40816326530612246
11283,Nanny McPhee,Nanny McPhee,en,English,2005-10-21,2005,10,2000,Fantasy|Comedy|Family,Fantasy,3,8.5262,6.7,3279,Good,Low,25000000.0,123276807.0,True,True,98276807.0,3.93107228,97.0,GB,GB|FR|US,1,Three Strange Angels|Working Title|Metro-Goldwyn-Mayer|StudioCanal|Nanny McPhee Productions,59,42240.2462987547,60401206,0.010075211532434961,0.5531914893617021,0.0785549203259944,0.037947653881817235,0.04216456757241433,0.35918367346938773
1100099,We Live in Time,We Live in Time,en,English,2024-10-10,2024,10,2020,Romance|Drama,Romance,2,8.5256,7.2,1392,Good,Low,20000000.0,37182814.0,True,True,17182814.0,0.8591407,108.0,GB,GB,1,Film4 Productions|SunnyMarch|Shoebox Films|StudioCanal UK,25,53341.3131094262,69281000,0.010066664767385552,0.6595744680851063,0.03264809633864493,0.03035809608662804,0.01271769690877392,0.40408163265306124
44943,Battle: Los Angeles,Battle: Los Angeles,en,English,2011-03-08,2011,3,2010,Science Fiction|Action,Science Fiction,2,8.5249,5.829,3845,Mixed,Low,70000000.0,211800000.0,True,True,141800000.0,2.025714285714286,116.0,US,US,2,Columbia Pictures|Relativity Media|Original Film,54,50024.8812320773,311839461,0.01005669354149455,0.36787234042553185,0.09232453472813526,0.10625367403852003,0.0724423015253915,0.43673469387755104
8204,The Spiderwick Chronicles,The Spiderwick Chronicles,en,English,2008-02-14,2008,2,2000,Family|Adventure|Fantasy|Drama,Family,4,8.5233,6.704,2945,Good,Low,90000000.0,164200000.0,True,True,74200000.0,0.8244444444444444,95.0,US,US,1,Paramount Pictures|The Kennedy/Marshall Company|Nickelodeon Movies,34,48570.0594269601,304093966,0.010033902168029409,0.5540425531914892,0.07042938815229291,0.13661190521927682,0.056161594884345314,0.3510204081632653
597208,Nightmare Alley,Nightmare Alley,en,English,2021-12-02,2021,12,2020,Crime|Drama|Thriller,Crime,3,8.5224,6.939,3487,Good,Low,60000000.0,39629195.0,True,True,-20370805.0,-0.3395134166666667,151.0,US,US,1,Searchlight Pictures|Double Dare You,29,71441.2319805947,332100166,0.010021082020455246,0.6040425531914894,0.08361513197907797,0.09107455844814162,0.013554436643925792,0.5795918367346938
72559,G.I. Joe: Retaliation,G.I. Joe: Retaliation,en,English,2013-03-27,2013,3,2010,Action|Science Fiction|Adventure|Thriller,Action,4,8.5188,5.664,5876,Mixed,Low,130000000.0,371900000.0,True,True,241900000.0,1.8607692307692307,110.0,CA,CA|US,1,Paramount Pictures|Hasbro|di Bonaventura Pictures|Saints LA|Metro-Goldwyn-Mayer|Skydance Media,44,52637.7313222622,35080992,0.00996980143015869,0.3327659574468084,0.1417345821676195,0.1973283675807904,0.1272015690302548,0.4122448979591837
196867,Annie,Annie,en,English,2014-12-18,2014,12,2010,Comedy|Drama|Family,Comedy,3,8.5146,6.24,1381,Mixed,Low,65000000.0,136853506.0,True,True,71853506.0,1.1054385538461537,118.0,US,US,1,Marcy Media|Columbia Pictures|Olive Bridge Entertainment|Overbrook Entertainment,115,55153.3940182967,319257560,0.009909974074812677,0.4553191489361702,0.03238048899160686,0.09866411624333082,0.046808228361758554,0.4448979591836735
291870,Dirty Grandpa,Dirty Grandpa,en,English,2016-01-20,2016,1,2010,Comedy,Comedy,1,8.5137,5.9,4668,Mixed,Low,11500000.0,94100000.0,True,True,82600000.0,7.182608695652174,102.0,US,US|DE,1,Covert Media|BillBlock Media|QED International|Josephson Entertainment|Ninjas Runnin' Wild Productions|Taurus Film|Vincent Pictures|Lionsgate,81,57976.628204291,324353340,0.009897153927238538,0.3829787234042554,0.1123464298747111,0.0174558478348064,0.032185176070535705,0.3795918367346939
2133,The Perfect Storm,The Perfect Storm,en,English,2000-06-29,2000,6,2000,Drama|Adventure|Action|Thriller,Drama,4,8.5136,6.49,2658,Mixed,Low,130000000.0,328718434.0,True,True,198718434.0,1.5286033384615385,130.0,US,US,1,Radiant Productions|Warner Bros. Pictures|Baltimore Pictures|Spring Creek Pictures,28,36329.9702595751,282162411,0.00989572946639697,0.5085106382978724,0.06344726918866318,0.1973283675807904,0.11243210667002426,0.49387755102040815
314365,Spotlight,Spotlight,en,English,2015-11-06,2015,11,2010,Drama|History,Drama,2,8.5112,7.812,8967,Good,Low,20000000.0,98690254.0,True,True,78690254.0,3.9345127,129.0,US,US,1,Participant|Anonymous Content|Rocklin / Faust|First Look Media|Open Road Films,30,56849.4697923159,321815121,0.00986154240619926,0.7897872340425531,0.21693224668531808,0.03035809608662804,0.03375518822981908,0.4897959183673469
2253,Valkyrie,Valkyrie,en,English,2008-12-25,2008,12,2000,Drama|Thriller|War,Drama,3,8.5089,7.0,4204,Good,Low,75000000.0,200276000.0,True,True,125276000.0,1.6703466666666666,121.0,DE,DE|US,2,Bad Hat Harry Productions|Achte Babelsberg Film|United Artists,58,46379.1647953479,82110097,0.009828779806843116,0.6170212765957446,0.10105826541783237,0.11384323183370922,0.06850072876632814,0.45714285714285713
618588,Arthur the King,Arthur the King,en,English,2024-02-22,2024,2,2020,Adventure|Drama,Adventure,2,8.5077,7.537,988,Good,Low,19000000.0,40829138.0,True,True,21829138.0,1.148902,107.0,CA,CA|US,1,Entertainment One|Tucker Tooley Entertainment|Municipal Pictures|Atmosphere Entertainment MM,51,55015.7066917734,41262329,0.009811686276744247,0.7312765957446807,0.0228196083201557,0.0288401845275902,0.013964855130669005,0.4
773543,Fib the Truth,Соври мне правду,ru,Russian,2021-09-09,2021,9,2020,Drama|Thriller,Drama,2,8.5074,5.769,93,Mixed,Low,,,False,False,,,89.0,RU,RU,1,START Studio|Okapi Production,26,12425.029296875,144746762,0.009807412894219544,0.35510638297872343,0.001046101447512468,,,0.32653061224489793
296524,Deepwater Horizon,Deepwater Horizon,en,English,2016-09-28,2016,9,2010,Drama|Action,Drama,2,8.5047,6.901,5036,Good,Low,110000000.0,121790376.0,True,True,11790376.0,0.10718523636363636,107.0,US,US|HK,1,Summit Entertainment|Participant|di Bonaventura Pictures|Closest to the Hole Productions|Leverage Entertainment|TIK Films|Lionsgate,24,57976.628204291,324353340,0.009768952451497101,0.5959574468085105,0.12129911203016665,0.1669701364000336,0.04165616112171776,0.4
338967,Zombieland: Double Tap,Zombieland: Double Tap,en,English,2019-10-09,2019,10,2010,Horror|Comedy,Horror,2,8.5019,6.89,6426,Good,Low,42000000.0,122810399.0,True,True,80810399.0,1.924057119047619,99.0,US,US,1,Columbia Pictures|2.0 Entertainment|Pariah,29,65227.9565911038,330226227,0.009729067547933092,0.5936170212765957,0.15511494951952318,0.0637521503854605,0.04200504127361103,0.3673469387755102
9036,Eight Below,Eight Below,en,English,2006-02-17,2006,2,2000,Adventure|Drama|Family,Adventure,3,8.5006,7.0,1863,Good,Low,40000000.0,120453565.0,True,True,80453565.0,2.011339125,120.0,DE,DE|GB|US,1,Walt Disney Pictures|Spyglass Entertainment|Mandeville Films|The Kennedy/Marshall Company|Winking Productions|Survival Productions,70,36980.3349948954,82376451,0.009710549556992682,0.6170212765957446,0.04410655638000243,0.06071632726738483,0.0411989294468118,0.4530612244897959
23169,Remember Me,Remember Me,en,English,2010-03-11,2010,3,2010,Drama|Romance,Drama,2,8.5001,7.096,3802,Good,Low,16000000.0,56000000.0,True,True,40000000.0,2.5,113.0,US,US,1,Summit Entertainment,48,48642.6312088213,309378227,0.009703427252784814,0.6374468085106383,0.0912784332806228,0.02428644985047668,0.0191537701246563,0.42448979591836733
504172,The Mule,The Mule,en,English,2018-12-14,2018,12,2010,Crime|Drama|Thriller,Crime,3,8.4984,6.871,5476,Good,Low,50000000.0,174800000.0,True,True,124800000.0,2.496,116.0,CA,CA|US,2,Imperative Entertainment|Bron Studios|Malpaso Productions|Warner Bros. Pictures,66,46539.2177903178,37072620,0.009679211418478106,0.5895744680851064,0.13200340591168958,0.07589544285776323,0.059787130396847195,0.43673469387755104
31011,Mr. Nobody,Mr. Nobody,en,English,2009-11-06,2009,11,2000,Science Fiction|Drama|Romance,Science Fiction,3,8.4971,7.785,6363,Good,Low,47000000.0,2331721.0,True,True,-44668279.0,-0.950388914893617,141.0,BE,BE|CA|FR|DE,1,Pan-Européenne|Integral Film|Lago Film|Christal Films|Toto & Co Films|France 2 Cinéma|France 3 Cinéma|SCOPE Pictures,25,44923.3400135081,10796493,0.00966069342753767,0.7840425531914893,0.15358228925921422,0.07134170818064971,0.0007975199916979067,0.5387755102040817
4771,Gone Baby Gone,Gone Baby Gone,en,English,2007-09-18,2007,9,2000,Crime|Drama|Mystery,Crime,3,8.4963,7.305,4314,Good,Low,19000000.0,34600000.0,True,True,15600000.0,0.8210526315789474,113.0,US,US,1,Miramax|The Ladd Company,69,48050.227412195,301231207,0.009649297740805099,0.6819148936170212,0.10373433888821311,0.0288401845275902,0.011834292769227973,0.42448979591836733
136418,Hummingbird,Hummingbird,en,English,2013-05-07,2013,5,2010,Action|Thriller,Action,2,8.4932,6.176,1924,Mixed,Low,20000000.0,8352885.0,True,True,-11647115.0,-0.58235575,100.0,US,US|GB,1,Shoebox Films|IM Global,35,53297.3862901595,316726282,0.009605139454716385,0.44170212765957445,0.04559056075903175,0.03035809608662804,0.002856948662320348,0.37142857142857144
58595,Snow White and the Huntsman,Snow White and the Huntsman,en,English,2012-05-30,2012,5,2010,Adventure|Fantasy|Drama,Adventure,3,8.4925,5.982,8359,Mixed,Low,170000000.0,396600000.0,True,True,226600000.0,1.3329411764705883,127.0,US,US,1,Universal Pictures|Roth Films,73,51708.3940614082,314339099,0.009595168228825383,0.40042553191489366,0.20214085877630458,0.258044829942304,0.13564975083768843,0.4816326530612245
14306,Marley & Me,Marley & Me,en,English,2008-12-25,2008,12,2000,Comedy|Family,Comedy,2,8.4887,7.2,4874,Good,Low,60000000.0,255700000.0,True,True,195700000.0,3.2616666666666667,115.0,US,US,1,Sunswept Entertainment|Dune Entertainment III,57,48570.0594269601,304093966,0.009541038716845668,0.6595744680851063,0.11735798564651502,0.09107455844814162,0.08745749105358325,0.4326530612244898
27579,The American,The American,en,English,2010-08-31,2010,8,2010,Crime|Drama|Thriller,Crime,3,8.4854,6.009,1565,Mixed,Low,20000000.0,67900000.0,True,True,47900000.0,2.395,104.0,GB,GB|US,2,Twins Financing|This is that|Focus Features|Greenlit Rights|Smokehouse Pictures,27,39778.3220528565,62766365,0.009494031509073818,0.4061702127659575,0.03685683006933463,0.03035809608662804,0.023223946784917845,0.3877551020408163
8068,Desperado,Desperado,en,English,1995-08-25,1995,8,1990,Thriller|Action|Crime,Thriller,3,8.4805,6.932,3242,Good,Low,7000000.0,25405445.0,True,True,18405445.0,2.6293492857142855,104.0,US,US,1,Columbia Pictures|Los Hooligans Productions,59,28690.8757013347,266278000,0.009424232927836802,0.6025531914893617,0.07765478652232088,0.010625245819136124,0.008689463932043846,0.3877551020408163
18360,Night at the Museum: Battle of the Smithsonian,Night at the Museum: Battle of the Smithsonian,en,English,2009-05-20,2009,5,2000,Adventure|Fantasy|Action|Comedy|Family,Adventure,5,8.4778,6.156,7444,Mixed,Low,150000000.0,413106170.0,True,True,263106170.0,1.7540411333333332,105.0,US,US,1,21 Laps Entertainment|1492 Pictures|Dune Entertainment|20th Century Fox,45,47194.9500893872,306771529,0.009385772485114385,0.4374468085106382,0.17988079309086485,0.2276865987615472,0.14129538343300857,0.39183673469387753
339964,Valerian and the City of a Thousand Planets,Valerian and the City of a Thousand Planets,en,English,2017-07-19,2017,7,2010,Adventure|Science Fiction|Action,Adventure,3,8.4776,6.654,8208,Good,Low,177200000.0,225973340.0,True,True,48773340.0,0.27524458239277655,137.0,FR,FR|DE|AE|US|BE|CN,2,Belga Films|River Road Entertainment|Grive Productions|EuropaCorp|UFA|Fundamental Films|Gulf Film|Novo Pictures|TF1 Films Production|Orange Studio|BNP Paribas Fortis,94,38687.1626407164,66918020,0.00938292356343125,0.5434042553191488,0.19846733973969102,0.2689737931673764,0.07729003242168993,0.5224489795918368
9257,S.W.A.T.,S.W.A.T.,en,English,2003-08-08,2003,8,2000,Action|Thriller|Crime,Action,3,8.4764,6.16,2785,Mixed,Low,80000000.0,207700000.0,True,True,127700000.0,1.59625,117.0,US,US,3,Original Film|Camelot Pictures|Chris Lee Productions|Illusion Entertainment|Columbia Pictures,71,39490.3023903176,290107933,0.00936583003333238,0.43829787234042555,0.06653691764992094,0.12143278962889842,0.07103997175168794,0.44081632653061226
19912,The Final Destination,The Final Destination,en,English,2009-08-26,2009,8,2000,Horror|Mystery,Horror,2,8.4726,5.611,4039,Mixed,Low,40000000.0,187384627.0,True,True,147384627.0,3.684615675,82.0,US,US,1,Parallel Zide|New Line Cinema|Practical Pictures|FlipZide,22,47194.9500893872,306771529,0.009311700521352665,0.3214893617021276,0.09704415521226128,0.06071632726738483,0.06409147116100664,0.2979591836734694
17202,Why Did I Get Married?,Why Did I Get Married?,en,English,2007-10-12,2007,10,2000,Comedy|Drama,Comedy,2,8.4673,6.534,176,Good,Low,15000000.0,55862886.0,True,True,40862886.0,2.7241924,113.0,US,US,1,Lions Gate Films,50,48050.227412195,301231207,0.009236204096749375,0.5178723404255319,0.0030653205206179297,0.02276853829143884,0.01910687279670713,0.42448979591836733
9408,Surf's Up,Surf's Up,en,English,2007-06-08,2007,6,2000,Animation|Comedy|Family,Animation,3,8.4636,6.524,2827,Good,Low,85000000.0,149000000.0,True,True,64000000.0,0.7529411764705882,85.0,US,US,1,Columbia Pictures|Sony Pictures Animation,55,48050.227412195,301231207,0.009183499045611228,0.5157446808510638,0.06755869115679358,0.1290223474240876,0.05096271377207846,0.31020408163265306
8697,Who Am I?,我是誰,cn,Cantonese,1998-01-17,1998,1,1990,Adventure|Action|Comedy|Thriller,Adventure,4,8.4629,7.175,1040,Good,Low,,19154137.0,False,True,,,120.0,HK,HK|ZA|NL|MY,3,Orange Sky Golden Harvest|Salon Films|Fevertree|Cineco|Salon Films Malaysia,74,25808.8609899709,6543700,0.009173527819720225,0.6542553191489361,0.02408466123342659,,0.0065513187288752505,0.4530612244897959
1059064,The Instigators,The Instigators,en,English,2024-08-02,2024,8,2020,Crime|Comedy,Crime,2,8.4558,6.137,689,Mixed,Low,,11098.0,False,True,,,102.0,US,US,1,Artists Equity|The Walsh Company|Apple Studios|Studio 8,37,86169.6641581917,340003797,0.00907239109996866,0.43340425531914883,0.015545554068848073,,3.7934730536941856e-06,0.3795918367346939
71672,Wrong Turn 4: Bloody Beginnings,Wrong Turn 4: Bloody Beginnings,en,English,2011-10-17,2011,10,2010,Horror|Thriller,Horror,2,8.4522,5.753,1262,Mixed,Low,3000000.0,,True,False,,,93.0,DE,DE|US|CA,1,Summit Entertainment|Constantin Film|20th Century Fox Home Entertainment|Canada Film Capital,30,47630.9761883572,80274983,0.00902111050967208,0.3517021276595745,0.029485464055467706,0.004553599582984765,,0.34285714285714286
795514,The Fallout,The Fallout,en,English,2021-03-17,2021,3,2020,Drama,Drama,1,8.4492,7.489,1335,Good,Low,,,False,False,,,96.0,US,US,1,Clear Horizon Entertainment|SSS Entertainment,35,71441.2319805947,332100166,0.008978376684424933,0.7210638297872339,0.03126140372217492,,,0.3551020408163265
9869,Patriot Games,Patriot Games,en,English,1992-06-04,1992,6,1990,Drama|Action|Thriller|Crime,Drama,4,8.445,6.682,1881,Good,Low,45000000.0,178051587.0,True,True,133051587.0,2.9567019333333335,117.0,US,US,1,Paramount Pictures|Mace Neufeld Productions,20,25418.9907763319,256514000,0.008918549329078946,0.5493617021276596,0.04454445931151928,0.06830588506257403,0.06089927607047828,0.44081632653061226
399404,Darkest Hour,Darkest Hour,en,English,2017-11-22,2017,11,2010,Drama|History,Drama,2,8.4447,7.354,5640,Good,Low,30000000.0,150847207.0,True,True,120847207.0,4.028240233333333,125.0,GB,GB|US,1,Working Title|Perfect World Pictures|Focus Features,36,40918.0520870944,65964000,0.008914275946554216,0.6923404255319149,0.13599318817662084,0.04553721167700644,0.0515945170341013,0.47346938775510206
20760,Lilo & Stitch 2: Stitch Has a Glitch,Lilo & Stitch 2: Stitch Has a Glitch,en,English,2005-08-22,2005,8,2000,Animation|Family|Comedy|Science Fiction,Animation,4,8.4436,6.7,1660,Good,Low,,,False,False,,,68.0,US,US,3,Disney Television Animation|DisneyToon Studios,47,44123.3996470026,295516599,0.00889860687729694,0.5531914893617021,0.03916798443011799,,,0.24081632653061225
4147,Road to Perdition,Road to Perdition,en,English,2002-07-12,2002,7,2000,Crime|Drama|Thriller,Crime,3,8.4423,7.362,4115,Good,Low,80000000.0,181001478.0,True,True,101001478.0,1.262518475,117.0,US,US,1,DreamWorks Pictures|20th Century Fox|The Zanuck Company,57,37997.7424300242,287625193,0.008880088886356503,0.6940425531914893,0.09889307870088797,0.12143278962889842,0.06190823216279051,0.44081632653061226
482373,Don't Breathe 2,Don't Breathe 2,en,English,2021-08-12,2021,8,2020,Thriller|Horror,Thriller,2,8.441,6.973,2916,Good,Low,15000000.0,53785551.0,True,True,38785551.0,2.5857034,98.0,US,US,1,Ghost House Pictures|Stage 6 Films|Good Universe|Bad Hombre|Screen Gems,55,71441.2319805947,332100166,0.008861570895416093,0.6112765957446807,0.06972387787373799,0.02276853829143884,0.018396358474644575,0.363265306122449
151960,Planes,Planes,en,English,2013-08-09,2013,8,2010,Animation|Family|Adventure|Comedy,Animation,4,8.4391,5.937,1875,Mixed,Low,50000000.0,219788712.0,True,True,169788712.0,3.39577424,91.0,US,US,1,DisneyToon Studios,44,53297.3862901595,316726282,0.008834506139426223,0.3908510638297873,0.04439849166768033,0.07589544285776323,0.07517469388908489,0.3346938775510204
9954,The Covenant,The Covenant,en,English,2006-09-07,2006,9,2000,Fantasy|Horror|Adventure,Fantasy,3,8.4342,5.597,1134,Mixed,Low,20000000.0,37597471.0,True,True,17597471.0,0.87987355,97.0,US,US,1,Screen Gems|Lakeshore Entertainment|Sandstorm Films,40,46301.9876485519,298379912,0.008764707558189231,0.3185106382978724,0.026371487653570124,0.03035809608662804,0.012859522727548211,0.35918367346938773
71552,American Reunion,American Reunion,en,English,2012-04-04,2012,4,2010,Comedy,Comedy,1,8.434,6.321,4807,Mixed,Low,50000000.0,234989584.0,True,True,184989584.0,3.69979168,113.0,US,US,1,Universal Pictures|Practical Pictures|Relativity Media|Zide Pictures,44,51708.3940614082,314339099,0.00876185863650607,0.4725531914893616,0.11572801362364676,0.07589544285776323,0.08037387325295238,0.42448979591836733
274854,The Last Witch Hunter,The Last Witch Hunter,en,English,2015-10-21,2015,10,2010,Action|Adventure|Fantasy,Action,3,8.4303,6.027,3946,Mixed,Low,90000000.0,146936910.0,True,True,56936910.0,0.6326323333333334,106.0,CA,CA|HK|US,1,NeoReel|Summit Entertainment|Atmosphere Entertainment MM|Goldmann Pictures|Aperture Entertainment|TIK Films|One Race|Lionsgate,121,43594.2379080706,35704498,0.008709153585367948,0.41000000000000003,0.09478165673275757,0.13661190521927682,0.0502570716909004,0.39591836734693875
642885,Hocus Pocus 2,Hocus Pocus 2,en,English,2022-09-27,2022,9,2020,Fantasy|Comedy,Fantasy,2,8.4277,7.132,1863,Good,Low,30000000.0,,True,False,,,104.0,US,US,1,Walt Disney Pictures|Weimaraner Republic Pictures|David Kirschner Productions,50,78008.6895811877,333996304,0.008672117603487075,0.6451063829787232,0.04410655638000243,0.04553721167700644,,0.3877551020408163
442249,The First Purge,The First Purge,en,English,2018-07-04,2018,7,2010,Action|Horror|Thriller,Action,3,8.4267,5.995,4299,Mixed,Low,13000000.0,137056262.0,True,True,124056262.0,9.542789384615384,97.0,US,US,1,Platinum Dunes|Blumhouse Productions|Universal Pictures|Man in a Tree Productions,59,62875.6661382728,328529577,0.008657872995071368,0.4031914893617021,0.10336941977861575,0.019732715173363162,0.04687757733141637,0.35918367346938773
184345,A Haunted House 2,A Haunted House 2,en,English,2014-04-17,2014,4,2010,Comedy|Horror,Comedy,2,8.4266,6.194,1630,Mixed,Low,4000000.0,25343661.0,True,True,21343661.0,5.33591525,87.0,US,US,1,Automatik Entertainment|IM Global Octane|Wayans Bros. Entertainment|Endgame Entertainment,33,55153.3940182967,319257560,0.0086564485342298,0.445531914893617,0.038438146210923244,0.0060715111420226045,0.00866833184844909,0.3183673469387755
814889,Never Let Go,Never Let Go,en,English,2024-09-18,2024,9,2020,Horror,Horror,1,8.4255,6.09,678,Mixed,Low,20000000.0,21760713.0,True,True,1760713.0,0.08803565,101.0,US,US,1,21 Laps Entertainment|Media Capital Technologies|HalleHolly,29,86169.6641581917,340003797,0.0086407794649725,0.4234042553191489,0.01527794672181,0.03035809608662804,0.0074428502245389395,0.37551020408163266
107985,The World's End,The World's End,en,English,2013-07-18,2013,7,2010,Comedy|Action|Science Fiction,Comedy,3,8.4254,6.81,6064,Good,Low,20000000.0,46100000.0,True,True,26100000.0,1.305,109.0,GB,GB|US,1,Big Talk Studios|Working Title|Relativity Media|Working Title Films,24,43607.6636827371,64138000,0.008639355004130931,0.576595744680851,0.14630823500790657,0.03035809608662804,0.01576765676864039,0.40816326530612246
10567,Dinosaur,Dinosaur,en,English,2000-05-19,2000,5,2000,Adventure|Animation|Drama|Family,Adventure,4,8.4222,6.591,2819,Good,Low,127500000.0,354248063.0,True,True,226748063.0,1.7784161803921568,82.0,US,US,1,Walt Disney Feature Animation|The Secret Lab|Walt Disney Pictures,21,36329.9702595751,282162411,0.00859377225720065,0.53,0.06736406763167498,0.1935335886831958,0.1211640478549769,0.2979591836734694
1082195,The Order,The Order,en,English,2024-12-05,2024,12,2020,Crime|Drama|Thriller,Crime,3,8.4144,6.56,955,Good,Low,20000000.0,1970445.0,True,True,-18029555.0,-0.90147775,116.0,GB,GB|US|CA,1,Riff Raff Entertainment|Chasing Epic Pictures|AGC Studios,25,53341.3131094262,69281000,0.00848266431155808,0.5234042553191488,0.022016786279041477,0.03035809608662804,0.0006739521645455832,0.43673469387755104
726209,Leave the World Behind,Leave the World Behind,en,English,2023-11-22,2023,11,2020,Drama|Mystery|Thriller,Drama,3,8.408,6.374,3414,Mixed,Low,,,False,False,,,140.0,US,US,2,Esmail Corp|Red Om Films|Higher Ground,25,82586.7847707894,336755052,0.008391498817697492,0.48382978723404246,0.08183919231237076,,,0.5346938775510204
10603,George of the Jungle,George of the Jungle,en,English,1997-07-15,1997,7,1990,Adventure|Comedy|Family|Romance,Adventure,4,8.4061,5.673,2321,Mixed,Low,55000000.0,174463257.0,True,True,119463257.0,2.1720592181818184,92.0,US,US,2,Walt Disney Pictures|Mandeville Films|The Avnet/Kerner Company,70,31459.1299691554,272657000,0.008364434061707646,0.3346808510638298,0.05524875319304221,0.08348500065295243,0.0596719536322164,0.33877551020408164
407436,Mowgli: Legend of the Jungle,Mowgli: Legend of the Jungle,en,English,2018-11-25,2018,11,2010,Adventure|Drama,Adventure,2,8.4047,6.475,2644,Mixed,Low,175000000.0,,True,False,,,105.0,GB,GB|US,2,The Imaginarium|Warner Bros. Pictures,22,43704.3162296687,66287000,0.008344491609925642,0.5053191489361701,0.06310667801970563,0.2656343877374932,,0.39183673469387753
1541,Thelma & Louise,Thelma & Louise,en,English,1991-05-24,1991,5,1990,Drama|Crime|Adventure,Drama,3,8.4039,7.6,3997,Good,Low,16000000.0,45361000.0,True,True,29361000.0,1.8350625,130.0,GB,GB|US|FR,1,Scott Free Productions|Star Partners III|MGM-Pathé Communications|Metro-Goldwyn-Mayer,38,19900.7266505069,57424897,0.008333095923193071,0.7446808510638296,0.09602238170538864,0.02428644985047668,0.015514895377721627,0.49387755102040815
848326,Rebel Moon - Part One: A Child of Fire,Rebel Moon - Part One: A Child of Fire,en,English,2023-12-15,2023,12,2020,Science Fiction|Action|Adventure,Science Fiction,3,8.4035,6.219,2691,Mixed,Low,83000000.0,,True,False,,,134.0,US,US,1,The Stone Quarry|Grand Electric,25,82586.7847707894,336755052,0.008327398079826773,0.4508510638297873,0.0642500912297774,0.12598652430601193,,0.5102040816326531
592831,Megalopolis,Megalopolis,en,English,2024-09-25,2024,9,2020,Science Fiction|Drama|Fantasy,Science Fiction,3,8.403,5.162,1054,Mixed,Low,120000000.0,14387154.0,True,True,-105612846.0,-0.88010705,138.0,US,US,4,American Zoetrope|Caesar Film,61,86169.6641581917,340003797,0.008320275775618932,0.22595744680851065,0.024425252402384138,0.18214925199041201,0.004920859657743859,0.5265306122448979
10184,He's Just Not That Into You,He's Just Not That Into You,en,English,2009-02-06,2009,2,2000,Comedy|Romance|Drama,Comedy,3,8.4029,6.6,4115,Good,Low,40000000.0,178866158.0,True,True,138866158.0,3.47165395,129.0,US,US,1,New Line Cinema|Flower Films,39,47194.9500893872,306771529,0.008318851314777364,0.5319148936170212,0.09889307870088797,0.06071632726738483,0.06117788513537961,0.4897959183673469
740985,Borat Subsequent Moviefilm: Delivery of Prodigious Bribe to American Regime for Make Benefit Once Glorious Nation of Kazakhstan,Borat Subsequent Moviefilm: Delivery of Prodigious Bribe to American Regime for Make Benefit Once Glorious Nation of Kazakhstan,en,English,2020-10-23,2020,10,2020,Comedy,Comedy,1,8.4015,6.434,2958,Mixed,Low,,,False,False,,,96.0,US,US,6,Oak Springs Productions|Four by Two Films,41,64465.2971415748,331578104,0.00829890886299536,0.49659574468085105,0.07074565138061063,,,0.3551020408163265
224141,Into the Woods,Into the Woods,en,English,2014-12-24,2014,12,2010,Fantasy|Comedy,Fantasy,2,8.4008,5.757,4469,Mixed,Low,50000000.0,212902372.0,True,True,162902372.0,3.25804744,125.0,US,US,1,Walt Disney Pictures|Marc Platt Productions|Lucamar Productions,30,55153.3940182967,319257560,0.008288937637104357,0.35255319148936165,0.10750516968738597,0.07589544285776323,0.07281934764180543,0.47346938775510206
130150,Labor Day,Labor Day,en,English,2013-12-27,2013,12,2010,Drama|Romance|Thriller,Drama,3,8.3958,7.06,1385,Good,Low,18000000.0,20275812.0,True,True,2275812.0,0.126434,111.0,US,US,1,Mr. Mudd|Indian Paintbrush|Paramount Pictures|Right of Way Films,26,53297.3862901595,316726282,0.008217714595025773,0.629787234042553,0.03247780075416616,0.027322272968552358,0.006934967082270114,0.4163265306122449
9757,Norbit,Norbit,en,English,2007-02-08,2007,2,2000,Comedy,Comedy,1,8.3931,5.734,2699,Mixed,Low,10000000.0,159814490.0,True,True,149814490.0,14.981449,102.0,US,US,2,Davis Entertainment|DreamWorks Pictures,26,48050.227412195,301231207,0.008179254152303358,0.3476595744680851,0.064444714754896,0.015178980496249642,0.05466161165364417,0.3795918367346939
617,Wild Things,Wild Things,en,English,1998-03-20,1998,3,1990,Mystery|Thriller|Drama,Mystery,3,8.3872,6.388,2058,Mixed,Low,20000000.0,67200000.0,True,True,47200000.0,2.36,108.0,US,US,1,Mandalay Entertainment,44,32853.6725949234,275854000,0.008095210962650635,0.48680851063829783,0.048850504804768276,0.03035809608662804,0.022984524628431872,0.40408163265306124
45317,The Fighter,The Fighter,en,English,2010-12-10,2010,12,2010,Drama,Drama,1,8.3862,7.378,4838,Good,Low,25000000.0,129190869.0,True,True,104190869.0,4.16763476,116.0,US,US,1,The Weinstein Company|Relativity Media|Mandeville Films|Closest to the Hole Productions|Protozoa Pictures,34,48642.6312088213,309378227,0.008080966354234928,0.6974468085106382,0.11648217978348133,0.037947653881817235,0.04418736396903111,0.43673469387755104
97020,RoboCop,RoboCop,en,English,2014-01-30,2014,1,2010,Action|Science Fiction|Thriller,Action,3,8.385,5.891,5995,Mixed,Low,120000000.0,242688965.0,True,True,122688965.0,1.0224080416666668,118.0,US,US,1,Metro-Goldwyn-Mayer|Columbia Pictures|Strike Entertainment,126,55153.3940182967,319257560,0.00806387282413606,0.381063829787234,0.14462960710375866,0.18214925199041201,0.08300730525670542,0.4448979591836735
334541,Manchester by the Sea,Manchester by the Sea,en,English,2016-11-17,2016,11,2010,Drama,Drama,1,8.382,7.549,6563,Good,Low,9000000.0,79000000.0,True,True,70000000.0,7.777777777777778,138.0,US,US,1,Pearl Street Films|K Period Media|B Story|The Affleck/Middleton Project|The Media Farm|Big Indie Pictures,44,57976.628204291,324353340,0.008021138998888913,0.7338297872340426,0.15844787738717916,0.013661068937211803,0.027020498123481135,0.5265306122448979
467244,The Zone of Interest,The Zone of Interest,en,English,2023-12-15,2023,12,2020,Drama|History|War,Drama,3,8.3812,7.012,2745,Good,Low,15000000.0,52631884.0,True,True,37631884.0,2.5087922666666667,105.0,US,US|PL|GB,3,JW Films|Extreme Emotions|Access Entertainment|A24|Film4 Productions,28,82586.7847707894,336755052,0.008009743312156342,0.6195744680851062,0.06556380002432793,0.02276853829143884,0.018001767844635,0.39183673469387753
1072342,Night Swim,Night Swim,en,English,2024-01-03,2024,1,2020,Horror,Horror,1,8.3804,5.494,899,Mixed,Low,15000000.0,54785387.0,True,True,39785387.0,2.6523591333333334,98.0,US,US,1,Atomic Monster|Blumhouse Productions|Universal Pictures,66,86169.6641581917,340003797,0.007998347625423773,0.29659574468085104,0.02065442160321129,0.02276853829143884,0.018738334033576446,0.363265306122449
6466,Freddy vs. Jason,Freddy vs. Jason,en,English,2003-08-15,2003,8,2000,Horror,Horror,1,8.3777,6.107,2922,Mixed,Low,30000000.0,116643421.0,True,True,86643421.0,2.8881140333333333,97.0,US,US,1,Yannix Technology Corporation|New Line Cinema|Avery Pix|Crystal Lake Entertainment|WTC Productions|Sean S. Cunningham Films,23,39490.3023903176,290107933,0.007959887182701356,0.4270212765957447,0.06986984551757694,0.04553721167700644,0.039895739599665955,0.35918367346938773
1278101,Big World,小小的我,zh,Mandarin,2024-12-27,2024,12,2020,Drama|Family,Drama,2,8.3745,8.659,132,Excellent,Low,7000000.0,109500000.0,True,True,102500000.0,14.642857142857142,131.0,CN,CN,1,Zhejiang Hengdian Film Production|Shanghai Gengxi Film|Tianjin Zuoyi Film|China Film Group Corporation|Tao Piao Piao 淘票票,45,13293.1162269366,1408975000,0.00791430443577105,0.97,0.001994891132465637,0.010625245819136124,0.03745246351322711,0.49795918367346936
157353,Transcendence,Transcendence,en,English,2014-04-16,2014,4,2010,Thriller|Science Fiction|Drama|Mystery,Thriller,4,8.3743,6.08,5937,Mixed,Low,100000000.0,103039258.0,True,True,3039258.0,0.03039258,119.0,US,US,1,Alcon Entertainment|DMG Entertainment|Straight Up Films,34,55153.3940182967,319257560,0.007911455514087912,0.42127659574468085,0.14321858654664882,0.1517910208096552,0.03524268525302783,0.4489795918367347
82693,Silver Linings Playbook,Silver Linings Playbook,en,English,2012-11-16,2012,11,2010,Drama|Comedy|Romance,Drama,3,8.3725,7.154,12841,Good,Low,21000000.0,236412453.0,True,True,215412453.0,10.257735857142857,122.0,US,US,1,The Weinstein Company,75,51708.3940614082,314339099,0.007885815218939636,0.6497872340425531,0.3111786887239995,0.03187600764566588,0.08086053948777673,0.46122448979591835
134,"O Brother, Where Art Thou?","O Brother, Where Art Thou?",en,English,2000-08-30,2000,8,2000,Adventure|Comedy|Crime,Adventure,3,8.3707,7.326,4747,Good,Low,26000000.0,71877090.0,True,True,45877090.0,1.7645034615384616,107.0,FR,FR|GB|US,1,Touchstone Pictures|Universal Pictures|StudioCanal|Working Title|Mike Zoss Productions,20,22340.5939516217,60918661,0.007860174923791333,0.6863829787234041,0.11426833718525727,0.039465565440855076,0.024584237448258987,0.4
384680,Hostiles,Hostiles,en,English,2017-12-22,2017,12,2010,Drama|Western|History|Adventure,Drama,4,8.3677,6.952,2581,Good,Low,55000000.0,36976336.0,True,True,-18023664.0,-0.3277029818181818,134.0,US,US,1,Waypoint Entertainment|Le Grisbi Productions|Bloom|Entertainment Studios,31,60047.7190728307,326608609,0.007817441098544188,0.6068085106382978,0.061574017759396665,0.08348500065295243,0.012647074897306904,0.5102040816326531
809140,Father Stu,Father Stu,en,English,2022-04-13,2022,4,2020,Drama,Drama,1,8.3666,7.1,760,Good,Low,4000000.0,21591034.0,True,True,17591034.0,4.3977585,124.0,US,US,2,Municipal Pictures|Palm Drive Productions,90,78008.6895811877,333996304,0.007801772029286913,0.6382978723404253,0.017272837854275636,0.0060715111420226045,0.007384814635838392,0.46938775510204084
8920,Garfield,Garfield,en,English,2004-06-10,2004,6,2000,Comedy|Family,Comedy,2,8.3536,5.724,4323,Mixed,Low,50000000.0,200800000.0,True,True,150800000.0,3.016,80.0,US,US,1,Davis Entertainment|20th Century Fox,49,41724.6411982614,292805298,0.007616592119882624,0.34553191489361706,0.10395329035397154,0.07589544285776323,0.06867995335204048,0.2897959183673469
820525,After Everything,After Everything,en,English,2023-09-13,2023,9,2020,Romance|Drama,Romance,2,8.3532,6.892,1020,Good,Low,14000000.0,10644463.0,True,True,-3355537.0,-0.2396812142857143,93.0,US,US,2,Voltage Pictures|Wattpad,49,82586.7847707894,336755052,0.007610894276516326,0.5940425531914894,0.023598102420630093,0.021250626732401,0.0036407408716286533,0.34285714285714286
2135,The Time Machine,The Time Machine,en,English,2002-03-04,2002,3,2000,Science Fiction|Adventure|Action,Science Fiction,3,8.3521,6.358,2660,Mixed,Low,80000000.0,123729176.0,True,True,43729176.0,0.5466147,96.0,US,US,1,DreamWorks Pictures|Warner Bros. Pictures|Parkes+MacDonald Production,27,37997.7424300242,287625193,0.007595225207259051,0.4804255319148935,0.06349592506994282,0.12143278962889842,0.04231929208885348,0.3551020408163265
1071215,Thanksgiving,Thanksgiving,en,English,2023-11-16,2023,11,2020,Horror|Mystery,Horror,2,8.3513,6.5,1651,Mixed,Low,15000000.0,46553280.0,True,True,31553280.0,2.103552,106.0,US,US,1,Electromagnetic Productions|Dragonfly Entertainment|Spyglass Media Group,45,82586.7847707894,336755052,0.007583829520526481,0.5106382978723404,0.038949032964359566,0.02276853829143884,0.01592269287591462,0.39591836734693875
3021,1408,1408,en,English,2007-06-22,2007,6,2000,Horror|Mystery,Horror,2,8.349,6.694,5066,Good,Low,25000000.0,133000000.0,True,True,108000000.0,4.32,104.0,US,US,1,Dimension Films|di Bonaventura Pictures,26,48050.227412195,301231207,0.007551066921170337,0.5519148936170212,0.12202895024936139,0.037947653881817235,0.04549020733811336,0.3877551020408163
868759,Ghosted,Ghosted,en,English,2023-04-18,2023,4,2020,Action|Comedy|Romance,Action,3,8.3478,6.872,2270,Good,Low,40000000.0,,True,False,,,117.0,US,US,1,Skydance Media,41,82586.7847707894,336755052,0.007533973391071469,0.5897872340425531,0.05400802822041114,0.06071632726738483,,0.44081632653061226
11453,Deuce Bigalow: European Gigolo,Deuce Bigalow: European Gigolo,en,English,2005-08-12,2005,8,2000,Comedy,Comedy,1,8.3449,5.303,1053,Mixed,Low,22000000.0,45109561.0,True,True,23109561.0,1.0504345909090909,83.0,US,US,1,Out of the Blue... Entertainment|Columbia Pictures|Happy Madison Productions,65,44123.3996470026,295516599,0.007492664026665917,0.2559574468085106,0.024400924461744314,0.03339391920470372,0.015428895281143518,0.3020408163265306
4234,Scream 3,Scream 3,en,English,2000-02-04,2000,2,2000,Horror|Mystery,Horror,2,8.3428,6.0,4171,Mixed,Low,40000000.0,161838076.0,True,True,121838076.0,3.0459519,116.0,US,US,1,Dimension Films|Konrad Pictures|Craven-Maddalena Films,32,36329.9702595751,282162411,0.00746275034899291,0.40425531914893614,0.10025544337671816,0.06071632726738483,0.055353742116436774,0.43673469387755104
297270,Tinker Bell and the Legend of the NeverBeast,Tinker Bell and the Legend of the NeverBeast,en,English,2014-12-12,2014,12,2010,Adventure|Animation|Family,Adventure,3,8.3423,7.423,1244,Good,Low,,,False,False,,,77.0,US,US,1,DisneyToon Studios,75,55153.3940182967,319257560,0.007455628044785044,0.7070212765957447,0.029047561123950856,,,0.27755102040816326
227973,The Peanuts Movie,The Peanuts Movie,en,English,2015-11-05,2015,11,2010,Animation|Comedy|Family,Animation,3,8.3405,7.0,1840,Good,Low,99000000.0,246233113.0,True,True,147233113.0,1.4872031616161616,88.0,US,US,1,Blue Sky Studios|20th Century Fox Animation|20th Century Fox|Feigco Entertainment|Peanuts Worldwide,60,56849.4697923159,321815121,0.007429987749636767,0.6170212765957446,0.04354701374528646,0.15027310925061738,0.08421951605251321,0.3224489795918367
9594,Double Impact,Double Impact,en,English,1991-07-31,1991,7,1990,Thriller|Action|Crime|Drama,Thriller,4,8.3391,6.2,1251,Mixed,Low,15000000.0,30102717.0,True,True,15102717.0,1.0068478,110.0,US,US,1,Stone Group Pictures|Vision International|Columbia Pictures,74,24342.2589048189,252981000,0.007410045297854762,0.4468085106382979,0.02921785670842963,0.02276853829143884,0.010296079634674105,0.4122448979591837
60747,Red Dawn,Red Dawn,en,English,2012-03-15,2012,3,2010,Action|Thriller,Action,2,8.3388,5.738,1783,Mixed,Low,65000000.0,44806783.0,True,True,-20193217.0,-0.3106648769230769,93.0,US,US,2,Contrafilm,69,51708.3940614082,314339099,0.007405771915330058,0.34851063829787243,0.042160321128816444,0.09866411624333082,0.015325335621577075,0.34285714285714286
39108,Dragon Ball Z: Wrath of the Dragon,ドラゴンボールZ 龍拳爆発!!悟空がやらねば誰がやる,ja,Japanese,1995-07-15,1995,7,1990,Animation|Action|Science Fiction,Animation,3,8.3373,7.339,813,Good,Low,,11694663.0,False,True,,,51.0,JP,JP,1,Toei Company|Bird Studios|Toei Animation,51,44947.4763611465,125472000,0.0073844050027064845,0.6891489361702128,0.01856221870818635,,0.003999942512688038,0.17142857142857143
75174,The Grey,The Grey,en,English,2012-01-26,2012,1,2010,Action|Adventure|Thriller,Action,3,8.3349,6.578,4243,Good,Low,25000000.0,79781695.0,True,True,54781695.0,2.1912678,117.0,GB,GB|US,1,Open Road Films|Scott Free Productions|1984 Private Defense Contractors|Inferno Distribution|Chambara Pictures|LD Entertainment,27,42688.3263728372,63711000,0.007350217942508748,0.5272340425531915,0.10200705510278554,0.037947653881817235,0.027287862555787284,0.44081632653061226
11238,Aladdin and the King of Thieves,Aladdin and the King of Thieves,en,English,1996-05-20,1996,5,1990,Adventure|Animation|Family,Adventure,3,8.3329,6.249,2016,Mixed,Low,,,False,False,,,81.0,US,US,1,Disney Television Animation,38,29967.7127181749,269394000,0.007321728725677335,0.4572340425531914,0.04782873129789563,,,0.2938775510204082
250546,Annabelle,Annabelle,en,English,2014-10-01,2014,10,2010,Horror,Horror,1,8.33,5.791,6657,Mixed,Low,6500000.0,257589952.0,True,True,251089952.0,38.629223384615386,99.0,US,US,1,Atomic Monster|New Line Cinema|The Safran Company|RatPac Entertainment,21,55153.3940182967,319257560,0.007280419361271757,0.35978723404255325,0.16073470380732272,0.009866290039617203,0.08810391445857607,0.3673469387755102
369885,Allied,Allied,en,English,2016-11-23,2016,11,2010,Action|Drama|War|Romance|Thriller,Action,5,8.327,6.807,4884,Good,Low,106000000.0,119520023.0,True,True,13520023.0,0.12754738679245284,124.0,CN,CN|US,4,Paramount Pictures|GK Films|ImageMovers|Huahua Media,35,8254.86859320357,1387790000,0.007237685536024612,0.5759574468085107,0.11760126505291327,0.16089849016388225,0.04087962853422576,0.46938775510204084
11774,Lemony Snicket's A Series of Unfortunate Events,Lemony Snicket's A Series of Unfortunate Events,en,English,2004-12-16,2004,12,2000,Adventure|Comedy|Family,Adventure,3,8.3261,6.818,5391,Good,Low,140000000.0,209073645.0,True,True,69073645.0,0.49338317857142855,108.0,US,US,1,Paramount Pictures|DreamWorks Pictures|Nickelodeon Movies|Parkes+MacDonald Production|Kumar Mobiliengesellschaft mbH & Co. Projekt Nr. 2,31,41724.6411982614,292805298,0.007224865388450473,0.5782978723404254,0.12993553095730445,0.2125074831711688,0.07150980182046819,0.40408163265306124
38321,Priest,Priest,en,English,2011-05-05,2011,5,2010,Action|Fantasy|Horror,Action,3,8.325,5.914,2627,Mixed,Low,60000000.0,84154026.0,True,True,24154026.0,0.4025671,87.0,US,US,3,Michael De Luca Productions|Stars Road Entertainment|TOKYOPOP|Buckaroo Entertainment|Screen Gems,67,50024.8812320773,311839461,0.007209196319193173,0.3859574468085106,0.0626931030288286,0.09107455844814162,0.028783338151345098,0.3183673469387755
14926,Uptown Girls,Uptown Girls,en,English,2003-08-15,2003,8,2000,Comedy|Drama,Comedy,2,8.3217,7.057,1212,Good,Low,20000000.0,44617342.0,True,True,24617342.0,1.2308671,92.0,US,US,1,GreeneStreet Films|Metro-Goldwyn-Mayer,53,39490.3023903176,290107933,0.007162189111421323,0.6291489361702128,0.028269067023476462,0.03035809608662804,0.015260540803367277,0.33877551020408164
314,Catwoman,Catwoman,en,English,2004-07-22,2004,7,2000,Action|Fantasy|Crime,Action,3,8.321,4.64,3696,Poor,Low,100000000.0,82102379.0,True,True,-17897621.0,-0.17897621,104.0,CA,CA|US,2,Village Roadshow Pictures|Di Novi Pictures|Frantic Films|Maple Shade Films|Catwoman Films|Warner Bros. Pictures,60,32145.5653280273,31938807,0.007152217885530321,0.11489361702127658,0.08869967157280136,0.1517910208096552,0.028081609938362274,0.3877551020408163
338952,Fantastic Beasts: The Crimes of Grindelwald,Fantastic Beasts: The Crimes of Grindelwald,en,English,2018-11-14,2018,11,2010,Fantasy|Adventure,Fantasy,2,8.3202,6.83,11665,Good,Low,200000000.0,654900000.0,True,True,454900000.0,2.2745,134.0,GB,GB|US,2,Warner Bros. Pictures|Heyday Films,93,43704.3162296687,66287000,0.00714082219879775,0.5808510638297872,0.2825690305315655,0.3035821767134392,0.2239965265810126,0.5102040816326531
27022,The Sorcerer's Apprentice,The Sorcerer's Apprentice,en,English,2010-07-13,2010,7,2010,Fantasy|Adventure|Action,Fantasy,3,8.3189,6.145,5380,Mixed,Low,150000000.0,215300000.0,True,True,65300000.0,0.43533333333333335,109.0,US,US,1,Walt Disney Pictures|Jerry Bruckheimer Films|Saturn Films|Broken Road Productions|Junction Entertainment,69,48642.6312088213,309378227,0.007122304207857313,0.4351063829787233,0.12966792361026638,0.2276865987615472,0.07363941230782137,0.40816326530612246
646389,Plane,Plane,en,English,2023-01-11,2023,1,2020,Action|Adventure|Thriller,Action,3,8.3162,6.9,2743,Good,Low,25000000.0,74515586.0,True,True,49515586.0,1.98062344,107.0,GB,GB|US,2,MadRiver Pictures|di Bonaventura Pictures|G-BASE|Olive Hill Media|Riverstone Pictures,34,49919.6896621586,68526000,0.0070838437651348975,0.5957446808510638,0.06551514414304829,0.037947653881817235,0.025486686594258436,0.4
645788,The Protégé,The Protégé,en,English,2021-08-19,2021,8,2020,Action|Thriller|Crime,Action,3,8.3162,6.547,1188,Good,Low,,8639684.0,False,True,,,109.0,BG,BG|RO|GB|US,1,Millennium Media|Arthur Sarkissian Productions|Campbell Grobman Films|Fourteen Films|I Road Productions|Ingenious Media|Seven Stars Entertainment|Signature Pictures|Frame Film|Nu Boyana Film Studios|Lionsgate,88,12966.8085197381,6507301,0.0070838437651348975,0.5206382978723403,0.027685196448120668,,0.0029550429981175202,0.40816326530612246
877703,Teen Wolf: The Movie,Teen Wolf: The Movie,en,English,2023-01-18,2023,1,2020,Action|Fantasy|TV Movie,Action,3,8.3153,7.446,990,Good,Low,15000000.0,,True,False,,,140.0,US,US,2,MTV Entertainment Studios|MGM Television|First Cause|Capital Arts Entertainment,42,82586.7847707894,336755052,0.007071023617560759,0.7119148936170211,0.022868264201435347,0.02276853829143884,,0.5346938775510204
82703,Mr. Peabody & Sherman,Mr. Peabody & Sherman,en,English,2014-02-07,2014,2,2010,Animation|Science Fiction|Comedy|Adventure|Family,Animation,5,8.3103,6.732,2601,Good,Low,145000000.0,272912430.0,True,True,127912430.0,0.8821546896551724,92.0,US,US,1,Pacific Data Images|DreamWorks Animation|Bullwinkle Studios,29,55153.3940182967,319257560,0.0069998005754821745,0.5599999999999999,0.06206057657219317,0.220097040966358,0.09334468692353162,0.33877551020408164
13161,Big Stan,Big Stan,en,English,2007-11-03,2007,11,2000,Comedy|Crime,Comedy,2,8.3077,6.66,1103,Good,Low,7500000.0,8742330.0,True,True,1242330.0,0.165644,109.0,US,US,1,Crystal Sky Pictures|From Out of Nowhere Productions|Silver Nitrate|Chicago Entertainment Partners,42,48050.227412195,301231207,0.006962764593601327,0.5446808510638298,0.025617321493735554,0.011384201598655042,0.002990151179081319,0.40816326530612246
10543,Fear,Fear,en,English,1996-04-12,1996,4,1990,Thriller|Horror,Thriller,2,8.3024,6.664,1128,Good,Low,,,False,False,,,97.0,US,US,1,Universal Pictures|Imagine Entertainment,74,29967.7127181749,269394000,0.006887268168998038,0.545531914893617,0.026225520009731176,,,0.35918367346938773
441282,Night Hunter,Night Hunter,en,English,2019-08-08,2019,8,2010,Drama|Thriller,Drama,2,8.302,6.569,1106,Good,Low,,1012932.0,False,True,,,95.0,CA,CA|GB|US,1,Arcola Entertainment|Arise Pictures|Buffalo Gal Pictures|Fortitude International|PalmStar Media,27,46352.9695208927,37618495,0.00688157032563174,0.5253191489361702,0.02569030531565503,,0.00034645241122650643,0.3510204081632653
43949,Flipped,Flipped,en,English,2010-08-06,2010,8,2010,Romance|Drama,Romance,2,8.2994,8.016,3413,Excellent,Low,14000000.0,4324817.0,True,True,-9675183.0,-0.6910845,89.0,US,US,1,Reiner / Greisman Productions|Castle Rock Entertainment,34,48642.6312088213,309378227,0.0068445343437508925,0.8331914893617021,0.08181486437173094,0.021250626732401,0.0014792219094172888,0.32653061224489793
10398,Double Jeopardy,Double Jeopardy,en,English,1999-09-24,1999,9,1990,Thriller|Crime|Mystery,Thriller,3,8.2991,6.637,1553,Good,Low,70000000.0,177841558.0,True,True,107841558.0,1.5405936857142857,105.0,DE,DE|US,1,Paramount Pictures|MFP Munich Film Partners & Company I. Produktions,94,26965.4922773722,82100243,0.006840260961226163,0.539787234042553,0.03656489478165673,0.10625367403852003,0.06082743950461457,0.39183673469387753
253412,Everest,Everest,en,English,2015-09-10,2015,9,2010,Adventure|Drama|History,Adventure,3,8.2986,6.828,5351,Good,Low,55000000.0,203427584.0,True,True,148427584.0,2.6986833454545454,121.0,IS,IS|GB|US,1,Cross Creek Pictures|Working Title|Walden Media|RVK Studios|Universal Pictures|Free State Pictures,70,53505.6964079339,330815,0.0068331386570183224,0.5804255319148937,0.12896241333171146,0.08348500065295243,0.06957867024865197,0.45714285714285713
7191,Cloverfield,Cloverfield,en,English,2008-01-15,2008,1,2000,Action|Thriller|Science Fiction,Action,3,8.2958,6.728,8097,Good,Low,25000000.0,170764026.0,True,True,145764026.0,5.83056104,85.0,US,US,2,Bad Robot,52,48570.0594269601,304093966,0.006793253753454313,0.5591489361702127,0.19576693832867048,0.037947653881817235,0.05840669954170245,0.31020408163265306
15283,Pom Poko,平成狸合戦ぽんぽこ,ja,Japanese,1994-07-16,1994,7,1990,Adventure|Animation|Fantasy,Adventure,3,8.2949,7.174,1236,Good,Low,,43700000.0,False,True,,,119.0,JP,JP,1,Studio Ghibli|Tokuma Shoten|Nippon Television Network Corporation|Hakuhodo,60,40774.4450809919,125178000,0.006780433605880174,0.6540425531914894,0.02885293759883226,,0.014946780803545626,0.4489795918367347
59436,Midnight in Paris,Midnight in Paris,en,English,2011-05-11,2011,5,2010,Fantasy|Comedy|Romance,Fantasy,3,8.2935,7.508,7880,Good,Low,17000000.0,151119219.0,True,True,134119219.0,7.8893658235294115,94.0,FR,FR|ES|US,4,Mediapro|Versátil Cinema|Pontchartrain Productions|Gravier Productions,25,43929.7840873812,65340830,0.0067604911540981695,0.7251063829787233,0.19048777520982849,0.02580436140951452,0.05168755374785853,0.3469387755102041
2655,What Lies Beneath,What Lies Beneath,en,English,2000-07-21,2000,7,2000,Drama|Horror|Mystery|Thriller,Drama,4,8.2916,6.4,2088,Mixed,Low,100000000.0,291420351.0,True,True,191420351.0,1.91420351,130.0,US,US,1,DreamWorks Pictures|20th Century Fox|ImageMovers,24,36329.9702595751,282162411,0.006733426398108324,0.4893617021276596,0.049580343023963025,0.1517910208096552,0.09967498172052024,0.49387755102040815
283566,Evangelion: 3.0+1.0 Thrice Upon a Time,シン・エヴァンゲリオン劇場版:||,ja,Japanese,2021-03-08,2021,3,2020,Animation|Action|Science Fiction|Drama,Animation,4,8.2888,8.2,991,Excellent,Low,29700000.0,93882453.0,True,True,64182453.0,2.1610253535353534,155.0,JP,JP,1,khara,75,41580.739040705,125681593,0.006693541494544315,0.8723404255319146,0.022892592142075174,0.04508183820929508,0.03211076811071134,0.5959183673469388
399361,Triple Frontier,Triple Frontier,en,English,2019-03-06,2019,3,2010,Action|Thriller|Crime|Adventure,Action,4,8.2863,6.335,3643,Mixed,Low,115000000.0,,True,False,,,125.0,US,US,3,Atlas Entertainment,23,65227.9565911038,330226227,0.006657929973505035,0.47553191489361696,0.08741029071889064,0.1745596941952228,,0.47346938775510206
724209,Heart of Stone,Heart of Stone,en,English,2023-08-09,2023,8,2020,Action|Crime|Thriller,Action,3,8.2826,6.692,1969,Good,Low,,,False,False,,,122.0,US,US,1,Skydance Media|Pilot Wave Motion Pictures|Mockingbird Pictures,24,82586.7847707894,336755052,0.0066052249223668875,0.5514893617021277,0.04668531808782386,,,0.46122448979591835
1903,Vanilla Sky,Vanilla Sky,en,English,2001-12-14,2001,12,2000,Mystery|Romance|Science Fiction,Mystery,3,8.2792,6.829,4837,Good,Low,68000000.0,203388341.0,True,True,135388341.0,1.9910050147058824,136.0,US,US|ES,3,Paramount Pictures|Cruise/Wagner Productions|Vinyl Films|Sogecine|Summit Entertainment|Artisan Entertainment,53,37133.6203973517,284968955,0.006556793253753444,0.5806382978723403,0.1164578518428415,0.10321785092044435,0.06956524790052772,0.5183673469387755
75258,Secret of the Wings,Secret of the Wings,en,English,2012-08-17,2012,8,2010,Animation|Family|Fantasy|Adventure,Animation,4,8.2751,7.283,1419,Good,Low,,,False,False,,,75.0,IN,IN|US,1,DisneyToon Studios|Prana Animation Studios,33,1429.32199520032,1278674502,0.0064983903592490235,0.6772340425531915,0.03330495073592021,,,0.2693877551020408
59859,Kick-Ass 2,Kick-Ass 2,en,English,2013-07-17,2013,7,2010,Action|Adventure|Crime,Action,3,8.275,6.405,6714,Mixed,Low,28000000.0,60795985.0,True,True,32795985.0,1.1712851785714287,103.0,GB,GB|US,1,Marv|Universal Pictures,48,43607.6636827371,64138000,0.006496965898407456,0.49042553191489363,0.16212139642379272,0.04250138855893076,0.020794148797762556,0.3836734693877551
955555,The Roundup: No Way Out,범죄도시 3,ko,Korean,2023-05-31,2023,5,2020,Action|Crime|Thriller,Action,3,8.2741,7.247,571,Good,Low,,83410298.0,False,True,,,105.0,KR,KR,3,Big Punch Pictures|Hong Film|BA Entertainment,29,35674.095995632,51712619,0.006484145750833317,0.6695744680851062,0.012674857073348741,,0.0285289596347751,0.39183673469387753
508642,Gonjiam: Haunted Asylum,곤지암,ko,Korean,2018-03-28,2018,3,2010,Horror|Mystery,Horror,2,8.2736,7.241,999,Good,Low,,21041950.0,False,True,,,95.0,KR,KR,1,Hive Media Corp,32,35363.9508228687,51585058,0.006477023446625451,0.6682978723404254,0.023087215667193774,,0.007197010528164186,0.3510204081632653
829280,Enola Holmes 2,Enola Holmes 2,en,English,2022-11-03,2022,11,2020,Adventure|Mystery|Crime,Adventure,3,8.2728,7.402,3164,Good,Low,,,False,False,,,131.0,US,US,1,Legendary Pictures|PCMA Productions,28,78008.6895811877,333996304,0.00646562775989288,0.7025531914893617,0.07575720715241455,,,0.49795918367346936
36643,The World Is Not Enough,The World Is Not Enough,en,English,1999-11-17,1999,11,1990,Adventure|Action|Thriller,Adventure,3,8.2718,6.3,3364,Mixed,Low,135000000.0,361832400.0,True,True,226832400.0,1.68024,128.0,GB,GB,2,EON Productions,60,28858.0065333126,58682466,0.0064513831514771735,0.4680851063829787,0.08062279528037952,0.2049179253759796,0.12375813116934313,0.4857142857142857
1817,Phone Booth,Phone Booth,en,English,2003-01-06,2003,1,2000,Thriller|Crime,Thriller,2,8.2714,6.878,4331,Good,Low,13000000.0,97837138.0,True,True,84837138.0,6.525933692307692,81.0,US,US,2,Fox 2000 Pictures|Zucker/Netter Productions,42,39490.3023903176,290107933,0.006445685308110876,0.591063829787234,0.10414791387909013,0.019732715173363162,0.03346339555488667,0.2938775510204082
11978,Men of Honor,Men of Honor,en,English,2000-09-13,2000,9,2000,Drama,Drama,1,8.2688,7.5,2582,Good,Low,32000000.0,82300000.0,True,True,50300000.0,1.571875,129.0,US,US,1,Fox 2000 Pictures,62,36329.9702595751,282162411,0.006408649326230028,0.7234042553191489,0.06159834570003649,0.04857303479508211,0.028149202575486438,0.4897959183673469
758866,Drive My Car,ドライブ・マイ・カー,ja,Japanese,2021-08-18,2021,8,2020,Drama,Drama,1,8.2675,7.439,1560,Good,Low,1300000.0,15356046.0,True,True,14056046.0,10.812343076923076,179.0,JP,JP,8,Bitters End|C&I entertainment|Culture Entertainment|nekojarashi|Quaras|Bungeishunju|Nippan Group Holdings|The Asahi Shimbun|L'espace Vision,58,41580.739040705,125681593,0.0063901313352895915,0.7104255319148935,0.036735190366135505,0.001973149932620437,0.005252251389232441,0.6938775510204082
109424,Captain Phillips,Captain Phillips,en,English,2013-10-10,2013,10,2010,Action|Drama|Thriller,Action,3,8.263,7.537,7676,Good,Low,55000000.0,218791811.0,True,True,163791811.0,2.9780329272727273,134.0,US,US,2,Columbia Pictures|Michael De Luca Productions|Scott Rudin Productions|Trigger Street Productions,32,53297.3862901595,316726282,0.006326030597418873,0.7312765957446807,0.18552487531930423,0.08348500065295243,0.074833722193052,0.5102040816326531
8838,Mercury Rising,Mercury Rising,en,English,1998-04-03,1998,4,1990,Action|Crime|Drama|Thriller,Action,4,8.2599,6.292,1720,Mixed,Low,60000000.0,93100000.0,True,True,33100000.0,0.5516666666666666,111.0,US,US,1,Universal Pictures|Imagine Entertainment,18,32853.6725949234,275854000,0.0062818723113301595,0.4663829787234042,0.040627660868507484,0.09107455844814162,0.031843144418412885,0.4163265306122449
848187,Role Play,Role Play,en,English,2023-12-14,2023,12,2020,Action|Comedy|Romance,Action,3,8.2509,5.992,666,Mixed,Low,,,False,False,,,101.0,FR,FR|DE|US,2,StudioCanal|The Picture Company|Studio Babelsberg|StudioCanal,48,44700.1384177544,68372286,0.006153670835588722,0.4025531914893617,0.0149860114341321,,,0.37551020408163266
641,Requiem for a Dream,Requiem for a Dream,en,English,2000-10-06,2000,10,2000,Crime|Drama,Crime,2,8.2492,8.007,11292,Excellent,Low,4500000.0,7390108.0,True,True,2890108.0,0.6422462222222223,102.0,US,US,1,Artisan Entertainment|Thousand Words|Protozoa Pictures|Industry Entertainment Partners|Bandeira Entertainment,15,36329.9702595751,282162411,0.006129455001282013,0.8312765957446807,0.2734947086729108,0.006830466921541524,0.0025276484543844966,0.3795918367346939
9378,Thir13en Ghosts,Thir13en Ghosts,en,English,2001-10-25,2001,10,2000,Horror|Thriller,Horror,2,8.2469,6.31,2452,Mixed,Low,42000000.0,68467960.0,True,True,26467960.0,0.6301895238095238,91.0,US,US,1,Warner Bros. Pictures|Columbia Pictures|Dark Castle Entertainment,88,37133.6203973517,284968955,0.00609669240192587,0.4702127659574467,0.05843571341685926,0.0637521503854605,0.02341820708205752,0.3346938775510204
760161,Orphan: First Kill,Orphan: First Kill,en,English,2022-07-27,2022,7,2020,Horror|Thriller,Horror,2,8.2445,6.587,2353,Good,Low,10000000.0,9572765.0,True,True,-427235.0,-0.0427235,99.0,CA,CA|US,2,Dark Castle Entertainment|Entertainment One|Eagle Vision,47,56496.9275340663,38950132,0.006062505341728159,0.5291489361702126,0.0560272472935166,0.015178980496249642,0.0032741862341119326,0.3673469387755102
11322,Public Enemies,Public Enemies,en,English,2009-07-01,2009,7,2000,Crime|History|Drama,Crime,3,8.2441,6.685,4958,Good,Low,100000000.0,214104620.0,True,True,114104620.0,1.1410462,140.0,US,US|JP,1,Universal Pictures|Relativity Media|Forward Pass|Misher Films|Tribeca Productions|Appian Way|dentsu,63,47194.9500893872,306771529,0.006056807498361861,0.5499999999999998,0.11940153266026031,0.1517910208096552,0.07323055451150678,0.5346938775510204
1598,Cape Fear,Cape Fear,en,English,1991-11-13,1991,11,1990,Drama|Crime|Thriller,Drama,3,8.2427,7.26,4012,Good,Low,35000000.0,182300000.0,True,True,147300000.0,4.208571428571428,128.0,US,US,1,Amblin Entertainment|Cappa Productions|Tribeca Productions|Universal Pictures,79,24342.2589048189,252981000,0.006036865046579856,0.6723404255319148,0.09638730081498602,0.053126769472195634,0.062352367787768335,0.4857142857142857
11968,Into the Blue,Into the Blue,en,English,2005-09-30,2005,9,2000,Action|Thriller|Adventure|Crime,Action,4,8.2426,5.944,1703,Mixed,Low,50000000.0,46117696.0,True,True,-3882304.0,-0.07764608,110.0,US,US,1,Mandalay Pictures|Metro-Goldwyn-Mayer|Columbia Pictures,55,44123.3996470026,295516599,0.006035440585738288,0.3923404255319149,0.04021408587763046,0.07589544285776323,0.015773709360756356,0.4122448979591837
1014590,Upgraded,Upgraded,en,English,2024-02-07,2024,2,2020,Romance|Comedy,Romance,2,8.2392,7.187,1055,Good,Low,,,False,False,,,104.0,GB,GB|US,1,GulfStream Pictures|Tempo Productions|Luber-Roklin Entertainment|Future Artists Entertainment|Amazon Studios,62,53341.3131094262,69281000,0.00598700891712487,0.6568085106382978,0.024449580343023962,,,0.3877551020408163
535292,21 Bridges,21 Bridges,en,English,2019-10-24,2019,10,2010,Crime|Action|Drama,Crime,3,8.233,6.793,2232,Good,Low,33000000.0,49900000.0,True,True,16900000.0,0.5121212121212121,100.0,US,US|CN,1,STXfilms|MWM Studios|Huayi Brothers Pictures|X•Ception Content|AGBO,42,65227.9565911038,330226227,0.005898692344947443,0.5729787234042553,0.0530835664760978,0.05009094635411995,0.0170673770467071,0.37142857142857144
400617,Phantom Thread,Phantom Thread,en,English,2017-12-25,2017,12,2010,Drama|Romance,Drama,2,8.2316,7.313,3865,Good,Low,35000000.0,47756590.0,True,True,12756590.0,0.364474,130.0,US,US|CN,2,Focus Features|Annapurna Pictures|Perfect World Pictures|JoAnne Sellar Productions|Ghoulardi Film Company,19,60047.7190728307,326608609,0.005878749893165438,0.6836170212765956,0.09281109354093176,0.053126769472195634,0.01633426298323053,0.49387755102040815
55931,The Animatrix,The Animatrix,en,English,2003-05-09,2003,5,2000,Animation|Science Fiction,Animation,2,8.2234,7.221,1845,Good,Low,5000000.0,68000000.0,True,True,63000000.0,12.6,102.0,JP,JP|US|KR,2,Warner Bros. Pictures|Village Roadshow Pictures|Silver Pictures|Square USA|STUDIO4℃|Madhouse|D N A,64,35808.6816792388,127718000,0.005761944104156572,0.6640425531914893,0.043668653448485584,0.007589422701060444,0.023258149950130126,0.3795918367346939
990691,Loving Adults,Kærlighed for voksne,da,Danish,2022-08-26,2022,8,2020,Thriller,Thriller,1,8.2186,6.3,366,Mixed,Low,,,False,False,,,106.0,SE,SE|DK,1,SF Studios,28,54836.8907235124,10486941,0.005693569983761149,0.4680851063829787,0.007687629242184649,,,0.39591836734693875
136400,2 Guns,2 Guns,en,English,2013-08-02,2013,8,2010,Action|Comedy|Crime,Action,3,8.2178,6.5,4613,Mixed,Low,61000000.0,131940411.0,True,True,70940411.0,1.1629575573770492,109.0,US,US,2,Universal Pictures|Marc Platt Productions|EFO Films|Envision Entertainment|Foresight Unlimited|Oasis Entertainment|Herrick Entertainment|BOOM! Studios|Empyre Media Capital,40,53297.3862901595,316726282,0.005682174297028579,0.5106382978723404,0.11100839313952074,0.09259247000717946,0.0451277943618722,0.40816326530612246
480414,The Curse of La Llorona,The Curse of La Llorona,en,English,2019-04-17,2019,4,2010,Horror,Horror,1,8.2083,5.648,2734,Mixed,Low,9000000.0,123233739.0,True,True,114233739.0,12.692637666666666,93.0,US,US,2,Atomic Monster|New Line Cinema|Emile Gladstone Productions,60,65227.9565911038,330226227,0.005546850517079276,0.32936170212765953,0.06529619267728987,0.013661068937211803,0.04214983695322071,0.34285714285714286
817,Austin Powers: The Spy Who Shagged Me,Austin Powers: The Spy Who Shagged Me,en,English,1999-06-08,1999,6,1990,Comedy|Adventure|Crime,Comedy,3,8.2073,6.3,3795,Mixed,Low,33000000.0,312016928.0,True,True,279016928.0,8.455058424242424,95.0,US,US,2,New Line Cinema|Eric's Boy|Moving Pictures|Team Todd|3 Arts Entertainment,61,34515.3813073394,279040000,0.005532605908663569,0.4680851063829787,0.09110813769614402,0.05009094635411995,0.1067196629799051,0.3510204081632653
347375,Mile 22,Mile 22,en,English,2018-08-16,2018,8,2010,Action|Thriller,Action,2,8.2067,6.269,2514,Mixed,Low,35000000.0,66308758.0,True,True,31308758.0,0.8945359428571429,94.0,CN,CN|CO|US,3,STXfilms|Closest to the Hole Productions|Film 44|The Hideaway Entertainment|Huayi Brothers Pictures|Tang Media Productions|Leverage Entertainment,36,10085.6638148819,1402760000,0.005524059143614135,0.4614893617021277,0.0599440457365284,0.053126769472195634,0.022679691654730626,0.3469387755102041
2100,The Last Castle,The Last Castle,en,English,2001-10-19,2001,10,2000,Action|Drama|Thriller,Action,3,8.2057,7.2,1484,Good,Low,72000000.0,27642707.0,True,True,-44357293.0,-0.6160735138888889,131.0,US,US,1,DreamWorks Pictures|Robert Lawrence Productions,16,37133.6203973517,284968955,0.005509814535198428,0.6595744680851063,0.03488626687750882,0.1092894971565957,0.009454678350135448,0.49795918367346936
2330,Taxi,Taxi,fr,French,1998-04-08,1998,4,1990,Action|Comedy|Crime|Adventure,Action,4,8.2021,6.73,2805,Good,Low,8700000.0,44218015.0,True,True,35518015.0,4.082530459770115,86.0,FR,FR,4,EuropaCorp|ARP Sélection|TF1 Films Production|StudioCanal,59,24869.4030795939,60190684,0.005458533944901848,0.5595744680851065,0.06702347646271743,0.01320569546950045,0.015123958329820027,0.3142857142857143
50348,The Lincoln Lawyer,The Lincoln Lawyer,en,English,2011-03-17,2011,3,2010,Crime|Drama|Thriller,Crime,3,8.2016,7.206,3763,Good,Low,40000000.0,85412898.0,True,True,45412898.0,1.13532245,119.0,US,US,1,Sidney Kimmel Entertainment|Lionsgate|Lakeshore Entertainment|Stone Village Pictures,73,50024.8812320773,311839461,0.005451411640693982,0.6608510638297872,0.09032964359566963,0.06071632726738483,0.029213912221316255,0.4489795918367347
4614,The Sum of All Fears,The Sum of All Fears,en,English,2002-05-31,2002,5,2000,Thriller|Action|Drama,Thriller,3,8.2016,6.374,2038,Mixed,Low,68000000.0,193921372.0,True,True,125921372.0,1.8517848823529413,124.0,CA,CA|DE|US,5,Paramount Pictures|Mace Neufeld Productions,64,24256.0598742201,31359199,0.005451411640693982,0.48382978723404246,0.04836394599197178,0.10321785092044435,0.0663272448528622,0.46938775510204084
649609,Renfield,Renfield,en,English,2023-04-07,2023,4,2020,Comedy|Fantasy|Horror,Comedy,3,8.2009,6.4,2234,Mixed,Low,65000000.0,26493921.0,True,True,-38506079.0,-0.5924012153846154,93.0,US,US,2,Skybound Entertainment|Universal Pictures|Giant Wildcat,35,82586.7847707894,336755052,0.005441440414803005,0.4893617021276596,0.05313222235737745,0.09866411624333082,0.009061757176619884,0.34285714285714286
333371,10 Cloverfield Lane,10 Cloverfield Lane,en,English,2016-03-10,2016,3,2010,Thriller|Science Fiction|Drama|Horror,Thriller,4,8.2001,7.01,8919,Good,Low,15000000.0,110216998.0,True,True,95216998.0,6.347799866666667,104.0,US,US,1,Bad Robot,33,57976.628204291,324353340,0.005430044728070435,0.6191489361702126,0.2157645055346065,0.02276853829143884,0.03769769952373587,0.3877551020408163
6075,Carlito's Way,Carlito's Way,en,English,1993-11-10,1993,11,1990,Crime|Drama|Thriller,Crime,3,8.1995,7.827,3581,Good,Low,30000000.0,63848322.0,True,True,33848322.0,1.1282774,144.0,US,US,2,Universal Pictures|Epic Productions|Bregman/Baer Productions,30,26387.2937338171,259919000,0.0054214979630210006,0.7929787234042552,0.0859019583992215,0.04553721167700644,0.021838144664708164,0.5510204081632653
1255,The Host,괴물,ko,Korean,2006-07-27,2006,7,2000,Horror|Drama|Science Fiction,Horror,3,8.1961,6.981,3238,Good,Low,11000000.0,88489643.0,True,True,77489643.0,7.044513,120.0,KR,KR,2,Chungeorahm Film|Showbox,33,22609.7059431449,48438292,0.0053730662944075575,0.6129787234042552,0.07755747475976159,0.01669689205528748,0.03026625639682688,0.4530612244897959
9946,End of Days,End of Days,en,English,1999-11-24,1999,11,1990,Action|Horror|Fantasy,Action,3,8.1888,6.1,2136,Mixed,Low,100000000.0,212000000.0,True,True,112000000.0,1.12,122.0,US,US,1,Beacon Communications,37,34515.3813073394,279040000,0.005269080652972854,0.4255319148936169,0.050748084174674614,0.1517910208096552,0.07251070785581606,0.46122448979591835
8839,Casper,Casper,en,English,1995-05-26,1995,5,1990,Fantasy|Comedy|Family,Fantasy,3,8.1884,6.3,5046,Mixed,Low,50000000.0,287928194.0,True,True,237928194.0,4.75856388,100.0,US,US,1,The Harvey Entertainment Company|Universal Pictures|Amblin Entertainment,63,28690.8757013347,266278000,0.005263382809606557,0.4680851063829787,0.1215423914365649,0.07589544285776323,0.09848055349233797,0.37142857142857144
3049,Ace Ventura: Pet Detective,Ace Ventura: Pet Detective,en,English,1994-02-04,1994,2,1990,Comedy|Crime|Mystery,Comedy,3,8.1851,6.582,6566,Good,Low,15000000.0,107217396.0,True,True,92217396.0,6.1478264,86.0,US,US,1,Morgan Creek Entertainment,56,27694.853416234,263126000,0.005216375601834707,0.5280851063829787,0.15852086120909864,0.02276853829143884,0.03667174069596496,0.3142857142857143
10665,The Strangers,The Strangers,en,English,2008-05-29,2008,5,2000,Horror,Horror,1,8.1844,6.118,2741,Mixed,Low,9000000.0,83051676.0,True,True,74051676.0,8.227964,86.0,US,US,1,Intrepid Pictures|Rogue Pictures|Vertigo Entertainment|Mandate Pictures,46,48570.0594269601,304093966,0.0052064043759437045,0.4293617021276596,0.06546648826176864,0.013661068937211803,0.02840629955962751,0.3142857142857143
11808,U.S. Marshals,U.S. Marshals,en,English,1998-03-06,1998,3,1990,Thriller|Crime|Action,Thriller,3,8.183,6.555,1865,Good,Low,60000000.0,102367405.0,True,True,42367405.0,0.7061234166666667,131.0,US,US,1,Kopelson Entertainment|Warner Bros. Pictures,49,32853.6725949234,275854000,0.0051864619241617,0.5223404255319148,0.044155212261282085,0.09107455844814162,0.035012890261454155,0.49795918367346936
705996,Decision to Leave,헤어질 결심,ko,Korean,2022-06-29,2022,6,2020,Thriller|Mystery|Romance,Thriller,3,8.1819,7.327,1618,Good,Low,,16914773.0,False,True,,,139.0,KR,KR,3,Moho Film|CJ ENM|CJ Entertainment,55,34822.4048404971,51672569,0.005170792854904425,0.6865957446808509,0.03814621092324535,,0.005785385360250886,0.5306122448979592
745881,The Medium,ร่างทรง,th,Thai,2021-07-14,2021,7,2020,Horror|Mystery,Horror,2,8.1811,7.012,771,Good,Low,,7230000.0,False,True,,,131.0,KR,KR|TH,1,Northern Cross|Showbox|Finecut|GDH 559|Jor Kwang Films,32,37518.4635305697,51769539,0.0051593971681718545,0.6195744680851062,0.01754044520131371,,0.0024728864506264165,0.49795918367346936
52629,El Infierno,El Infierno,es,Spanish,2010-09-03,2010,9,2010,Action|Crime|Western|Comedy|Drama,Action,5,8.1806,8.0,812,Good,Low,,6703873.0,False,True,,,148.0,MX,MX,1,Instituto Mexicano de Cinematografía|Bandidos Films|Estudios Churubusco Azteca,27,9728.80078307432,113623895,0.005152274863963988,0.8297872340425531,0.018537890767546528,,0.002292934363589994,0.5673469387755102
14784,The Fall,The Fall,en,English,2006-09-09,2006,9,2000,Adventure|Fantasy|Drama,Adventure,3,8.1779,7.629,1609,Good,Low,30000000.0,3984390.0,True,True,-26015610.0,-0.867187,117.0,US,US,3,Googly Films|Absolute Entertainment|RadicalMedia|Tree Top Films|Deep Films,57,46301.9876485519,298379912,0.005113814421241547,0.7508510638297871,0.03792725945748692,0.04553721167700644,0.001362785100180074,0.44081632653061226
31439,To Live,活着,zh,Mandarin,1994-05-18,1994,5,1990,Drama|Romance|War,Drama,3,8.1776,8.08,394,Excellent,Low,,,False,False,,,133.0,CN,CN|HK,1,Shanghai Film Studio|Era International Ltd,23,475.677874448369,1191835000,0.005109541038716843,0.8468085106382978,0.008368811580099745,,,0.5061224489795918
12163,The Wrestler,The Wrestler,en,English,2008-12-17,2008,12,2000,Drama|Romance,Drama,2,8.1766,7.542,4136,Good,Low,6000000.0,44734660.0,True,True,38734660.0,6.455776666666667,109.0,US,US|FR,1,Wild Bunch|Top Rope|Saturn Films|Protozoa Pictures,64,48570.0594269601,304093966,0.005095296430301136,0.7323404255319148,0.0994039654543243,0.009107334260098283,0.01530066727273102,0.40816326530612246
455207,Crazy Rich Asians,Crazy Rich Asians,en,English,2018-08-15,2018,8,2010,Comedy|Romance,Comedy,2,8.1736,7.04,4047,Good,Low,30000000.0,238539198.0,True,True,208539198.0,6.9513066,121.0,US,US|HK,3,SK Global Entertainment|Color Force|Ivanhoe Pictures|Warner Bros. Pictures|Starlight Culture Entertainment Group,27,62875.6661382728,328529577,0.0050525626050539904,0.6255319148936169,0.09723877873737988,0.04553721167700644,0.08158795359377068,0.45714285714285713
20048,Confessions of a Shopaholic,Confessions of a Shopaholic,en,English,2009-02-05,2009,2,2000,Comedy|Romance,Comedy,2,8.1724,6.496,2809,Mixed,Low,40000000.0,108394089.0,True,True,68394089.0,1.709852225,104.0,US,US,3,Touchstone Pictures|Jerry Bruckheimer Films,64,47194.9500893872,306771529,0.005035469074955122,0.5097872340425532,0.06712078822527673,0.06071632726738483,0.03707420694679631,0.3877551020408163
2277,Bicentennial Man,Bicentennial Man,en,English,1999-12-17,1999,12,1990,Drama|Romance|Science Fiction,Drama,3,8.1666,7.273,4047,Good,Low,100000000.0,87423861.0,True,True,-12576139.0,-0.12576139,131.0,DE,DE|US,1,Columbia Pictures|Touchstone Pictures|1492 Pictures|Laurence Mark Productions|Radiant Productions,62,26965.4922773722,82100243,0.004952850346143993,0.6751063829787233,0.09723877873737988,0.1517910208096552,0.02990172521856412,0.49795918367346936
76025,Shame,Shame,en,English,2011-10-02,2011,10,2010,Drama,Drama,1,8.165,6.928,3513,Good,Low,6500000.0,3909002.0,True,True,-2590998.0,-0.3986150769230769,102.0,CA,CA|GB,1,HanWay Films|See-Saw Films|Lipsync Productions|Alliance Films|Film4 Productions|UK Film Council,51,52224.1237767406,34339221,0.0049300589726788266,0.6017021276595744,0.08424765843571341,0.009866290039617203,0.0013370000179898389,0.3795918367346939
1196470,Survive,Survivre,fr,French,2024-06-19,2024,6,2020,Science Fiction|Thriller|Adventure|Action,Science Fiction,4,8.1607,5.875,419,Mixed,Low,5270000.0,,True,False,,,90.0,FR,FR,2,M.E.S. Productions|Monkey Pack Films|C8 Films,34,46103.0840855884,68551653,0.00486880715649127,0.37765957446808507,0.008977010096095365,0.00799925882200066,,0.3306122448979592
755566,Day Shift,Day Shift,en,English,2022-08-05,2022,8,2020,Action|Fantasy|Horror|Comedy|Thriller,Action,5,8.1586,6.736,2276,Good,Low,100000000.0,,True,False,,,114.0,US,US,1,87Eleven|Impossible Dream Entertainment,32,78008.6895811877,333996304,0.004838893478818262,0.5608510638297871,0.05415399586425009,0.1517910208096552,,0.42857142857142855
724495,The Woman King,The Woman King,en,English,2022-09-16,2022,9,2020,Action|Drama|History|War,Action,4,8.1576,7.559,2425,Good,Low,50000000.0,97562514.0,True,True,47562514.0,0.95125028,135.0,CA,CA|US,2,TriStar Pictures|JuVee Productions|Entertainment One|Welle Entertainment|TSG Entertainment II,58,56496.9275340663,38950132,0.0048246488704025555,0.7359574468085106,0.05777885901958399,0.07589544285776323,0.03336946545445409,0.5142857142857142
372343,The Snowman,The Snowman,en,English,2017-08-24,2017,8,2010,Crime|Thriller|Mystery|Horror,Crime,4,8.1518,5.213,2418,Mixed,Low,35000000.0,43203413.0,True,True,8203413.0,0.23438322857142857,119.0,SE,SE|GB|US,1,Universal Pictures|Working Title|Another Park Film|Perfect World Pictures|Sikelia Productions,20,53210.2233318965,10057698,0.004742030141591401,0.23680851063829791,0.05760856343510522,0.053126769472195634,0.01477693233151291,0.4489795918367347
4442,The Brothers Grimm,The Brothers Grimm,en,English,2005-08-26,2005,8,2000,Adventure|Fantasy|Action|Comedy|Thriller,Adventure,5,8.1516,5.868,3044,Mixed,Low,88000000.0,105300000.0,True,True,17300000.0,0.1965909090909091,118.0,US,US,4,Summit Entertainment|Atlas Entertainment|Mosaic Media Group|Dimension Films|Metro-Goldwyn-Mayer|Daniel Bobker Productions,49,44123.3996470026,295516599,0.004739181219908265,0.3761702127659575,0.07283785427563556,0.13357608210120114,0.036015930574311274,0.4448979591836735
1075175,How to Have Sex,How to Have Sex,en,English,2023-11-02,2023,11,2020,Drama,Drama,1,8.151,6.219,537,Mixed,Low,,1216642.0,False,True,,,91.0,GB,GB|GR|FR|BE,1,Film4 Productions|mk2 Films|Metrol Technology|uMedia|Wild Swim Films|Heretic|Head Gear Films,23,49919.6896621586,68526000,0.00473063445485883,0.4508510638297873,0.011847707091594696,,0.00041612767908044587,0.3346938775510204
9986,Charlotte's Web,Charlotte's Web,en,English,2006-12-07,2006,12,2000,Comedy|Family|Fantasy,Comedy,3,8.1407,6.228,1491,Mixed,Low,85000000.0,148964660.0,True,True,63964660.0,0.7525254117647059,97.0,DE,DE|US,1,Paramount Pictures|The Kerner Entertainment Company|Nickelodeon Movies|Walden Media|KMP Film Invest,46,36980.3349948954,82376451,0.004583914988176983,0.4527659574468084,0.03505656246198759,0.1290223474240876,0.050950626373492444,0.35918367346938773
513310,Boss Level,Boss Level,en,English,2021-02-19,2021,2,2020,Action|Science Fiction|Thriller,Action,3,8.1405,6.881,2011,Good,Low,45000000.0,2000000.0,True,True,-43000000.0,-0.9555555555555556,101.0,GB,GB|US,1,WarParty Films|Highland Film Group|Ingenious Media|EFO Films|Big Red Films|Diamond Film Productions|Edver Films|River Bay Films|The Fyzz|Scott Free Productions|MoviePass Films,33,47695.6491523474,66978000,0.004581066066493821,0.5917021276595744,0.04770709159469651,0.06830588506257403,0.0006840609100240731,0.37551020408163266
1491,The Illusionist,The Illusionist,en,English,2006-08-18,2006,8,2000,Fantasy|Drama|Thriller|Romance,Fantasy,4,8.137,7.301,5473,Good,Low,16500000.0,87892388.0,True,True,71392388.0,4.326811393939394,110.0,US,US,1,Contagious Entertainment|Michael London Productions|Koppelman-Levien,41,46301.9876485519,298379912,0.004531209937038835,0.681063829787234,0.1319304220897701,0.0250454056299956,0.030061976282438264,0.4122448979591837
1587,What's Eating Gilbert Grape,What's Eating Gilbert Grape,en,English,1993-12-17,1993,12,1990,Romance|Drama,Romance,2,8.13,7.657,4383,Good,Low,11000000.0,10000000.0,True,True,-1000000.0,-0.09090909090909091,118.0,GB,GB|US,1,Paramount Pictures|J&M Entertainment|Matalon Teper Ohlsson,71,18389.0195675099,57718614,0.0044314976781288365,0.7568085106382978,0.10541296679236102,0.01669689205528748,0.003420314127006625,0.4448979591836735
7840,"10,000 BC","10,000 BC",en,English,2008-03-04,2008,3,2000,Adventure|Action|Drama|Fantasy,Adventure,4,8.1295,5.51,3248,Mixed,Low,105000000.0,269784201.0,True,True,164784201.0,1.5693733428571428,109.0,US,US|ZA,2,"Centropolis Entertainment|Legendary Pictures|The Department of Trade, Industry and Competition of South Africa|Moonlighting Films|Warner Bros. Pictures",20,48570.0594269601,304093966,0.004424375373920971,0.3,0.07780075416615984,0.15938057860484442,0.09227473359044311,0.40816326530612246
49021,Killer Elite,Killer Elite,en,English,2011-09-22,2011,9,2010,Action|Adventure|Thriller,Action,3,8.1274,6.267,2397,Mixed,Low,66000000.0,57777106.0,True,True,-8222894.0,-0.12458930303030304,116.0,AU,AU|US|GB|MA,1,Open Road Films|Current Entertainment|Omnilab Media|Ambience Entertainment|International Traders|Sighvatsson Films|Palomar Pictures|Film Victoria|Wales Creative IP Fund|Agora Films|Mascot Pictures Wales,64,62799.3895017032,22340024,0.0043944616962479635,0.4610638297872341,0.057097676681668895,0.10018202780236866,0.019761596625833672,0.43673469387755104
9486,Johnny English,Johnny English,en,English,2003-03-14,2003,3,2000,Adventure|Action|Comedy,Adventure,3,8.1259,6.3,3920,Mixed,Low,40000000.0,160466000.0,True,True,120466000.0,3.01165,87.0,GB,GB,3,Working Title,68,34556.7726095905,59647577,0.004373094783624391,0.4680851063829787,0.09414913027612212,0.06071632726738483,0.05488444869531871,0.3183673469387755
614917,King Richard,King Richard,en,English,2021-11-18,2021,11,2020,Drama|History,Drama,2,8.1255,7.6,2938,Good,Low,50000000.0,39400000.0,True,True,-10600000.0,-0.212,144.0,US,US,1,Star Thrower Entertainment|Westbrook|Warner Bros. Pictures|Overbrook Entertainment,29,71441.2319805947,332100166,0.004367396940258119,0.7446808510638296,0.07025909256781414,0.07589544285776323,0.013476044699417503,0.5510204081632653
355547,The Star,The Star,en,English,2017-11-15,2017,11,2010,Animation|Comedy|Adventure|Family|Fantasy,Animation,5,8.118,6.5,624,Mixed,Low,10000000.0,,True,False,,,86.0,US,US,1,Franklin Entertainment|Sony Pictures Animation|Columbia Pictures|The Jim Henson Company|Walden Media|Affirm Films,22,60047.7190728307,326608609,0.004260562377140255,0.5106382978723404,0.013964237927259458,0.015178980496249642,,0.3142857142857143
39513,Paul,Paul,en,English,2011-02-14,2011,2,2010,Adventure|Comedy|Science Fiction,Adventure,3,8.1146,6.748,6467,Good,Low,40000000.0,98000000.0,True,True,58000000.0,1.45,104.0,GB,GB|US,1,Relativity Media|Working Title|Big Talk Studios|Universal Pictures,74,42295.9273835322,63258810,0.004212130708526811,0.563404255319149,0.156112395085756,0.06071632726738483,0.033519099513814696,0.3877551020408163
10802,Showgirls,Showgirls,en,English,1995-09-22,1995,9,1990,Drama,Drama,1,8.1127,5.6,1436,Mixed,Low,45000000.0,20367472.0,True,True,-24632528.0,-0.5473895111111111,131.0,US,US|FR,1,Chargeurs|Charles Evans Productions|Carolco Pictures|Joe Eszterhas Productions|Ben Myron Productions,58,28690.8757013347,266278000,0.004185065952536966,0.31914893617021267,0.033718525726797226,0.06830588506257403,0.006966317703503692,0.49795918367346936
77016,End of Watch,End of Watch,en,English,2012-09-20,2012,9,2010,Crime|Drama|Thriller,Crime,3,8.1081,7.362,3768,Good,Low,7000000.0,55078146.0,True,True,48078146.0,6.868306571428572,109.0,US,US,2,5150 Action|Exclusive Media|Hedge Fund Film Partners|Crave Films|Knightsbridge Entertainment|Le Grisbi Productions|Emmett/Furla Films,28,51708.3940614082,314339099,0.004119540753824679,0.6940425531914893,0.09045128329886876,0.010625245819136124,0.01883846687802027,0.40816326530612246
7299,Equilibrium,Equilibrium,en,English,2002-12-06,2002,12,2000,Action|Science Fiction|Thriller,Action,3,8.1032,7.058,5209,Good,Low,20000000.0,5400000.0,True,True,-14600000.0,-0.73,107.0,US,US,1,Dimension Films|Miramax|Blue Tulip Productions,37,37997.7424300242,287625193,0.004049742172587663,0.6293617021276595,0.12550784576085636,0.03035809608662804,0.0018469685272416577,0.4
293767,Billy Lynn's Long Halftime Walk,Billy Lynn's Long Halftime Walk,en,English,2016-11-10,2016,11,2010,Drama|War,Drama,2,8.1023,6.024,648,Mixed,Low,40000000.0,30930984.0,True,True,-9069016.0,-0.2267254,113.0,CN,CN|GB|US,1,Bona Film Group|The Ink Factory|Marc Platt Productions|Studio 8|TriStar Pictures|Film4 Productions|LStar Capital|Haishang Films,35,8254.86859320357,1387790000,0.004036922025013524,0.40936170212765954,0.014548108502615254,0.06071632726738483,0.010579373165082916,0.42448979591836733
125509,Wrong Turn 5: Bloodlines,Wrong Turn 5: Bloodlines,en,English,2012-10-18,2012,10,2010,Horror|Thriller,Horror,2,8.1012,5.491,1077,Mixed,Low,3000000.0,,True,False,,,91.0,DE,DE|US|BG,1,Summit Entertainment|Constantin Film|BUFO,52,44718.0159214069,80425823,0.00402125295575625,0.29595744680851055,0.02498479503710011,0.004553599582984765,,0.3346938775510204
109451,Cloudy with a Chance of Meatballs 2,Cloudy with a Chance of Meatballs 2,en,English,2013-09-26,2013,9,2010,Animation|Family|Comedy,Animation,3,8.1007,6.457,3574,Mixed,Low,78000000.0,248384621.0,True,True,170384621.0,2.184418217948718,95.0,US,US,1,Columbia Pictures|Sony Pictures Animation,90,53297.3862901595,316726282,0.004014130651548383,0.5014893617021275,0.08573166281474273,0.11839696651082274,0.08495539988830868,0.3510204081632653
11782,Hard Boiled,辣手神探,cn,Cantonese,1992-04-16,1992,4,1990,Action|Thriller|Crime,Action,3,8.0997,7.518,981,Good,Low,4500000.0,2592782.0,True,True,-1907218.0,-0.4238262222222222,126.0,HK,HK,3,Golden Princess Film Productions|Milestone Pictures,53,17976.4688629053,5800500,0.0039998860431326765,0.7272340425531914,0.022649312735676923,0.006830466921541524,0.000886811116832742,0.4775510204081633
748230,Salem's Lot,Salem's Lot,en,English,2024-10-03,2024,10,2020,Horror,Horror,1,8.0917,5.967,738,Mixed,Low,,851156.0,False,True,,,113.0,US,US,1,New Line Cinema|Atomic Monster|Vertigo Entertainment|Wolper Organization,24,86169.6641581917,340003797,0.003885929175806947,0.3972340425531914,0.01673762316019949,,0.00029111989867268526,0.42448979591836733
7347,Elite Squad,Tropa de Elite,pt,Portuguese,2007-10-05,2007,10,2000,Drama|Action|Crime,Drama,3,8.0879,8.062,2808,Excellent,Low,4000000.0,14759148.0,True,True,10759148.0,2.689787,115.0,BR,BR,1,Universal Pictures do Brasil|The Weinstein Company|Zazen Produções|Estúdios Mega|Quanta Centro de Produções Cinematográficas|Costa Films|Posto 9|Feijão Filmes|Petrobras,42,7409.69130673473,188552320,0.0038317996638272305,0.8429787234042551,0.06709646028463691,0.0060715111420226045,0.0050480933801436345,0.4326530612244898
8456,Never Back Down,Never Back Down,en,English,2008-03-04,2008,3,2000,Drama|Action,Drama,2,8.0859,6.778,2556,Good,Low,20000000.0,41627431.0,True,True,21627431.0,1.08137155,113.0,US,US,1,Summit Entertainment|Mandalay Pictures|Baumgarten Management and Productions (BMP)|Mandalay Independent Pictures,98,48570.0594269601,304093966,0.003803310446995817,0.569787234042553,0.06096581924340105,0.03035809608662804,0.014237896604337085,0.42448979591836733
356305,Why Him?,Why Him?,en,English,2016-12-22,2016,12,2010,Comedy,Comedy,1,8.0829,6.389,4480,Mixed,Low,38000000.0,118102725.0,True,True,80102725.0,2.107966447368421,111.0,US,US,1,21 Laps Entertainment|TSG Entertainment|20th Century Fox|Red Hour|75 Year Plan Productions,12,57976.628204291,324353340,0.0037605766217486715,0.4870212765957447,0.10777277703442403,0.05768050414930915,0.04039486775773539,0.4163265306122449
10047,The Messenger: The Story of Joan of Arc,Joan of Arc,en,English,1999-10-27,1999,10,1990,Adventure|Drama|Action|History|War,Adventure,5,8.0828,6.426,1647,Mixed,Low,85000000.0,66976317.0,True,True,-18023683.0,-0.2120433294117647,158.0,FR,FR,2,Gaumont,55,24576.3152254528,60501986,0.0037591521609071036,0.4948936170212766,0.03885172120180027,0.1290223474240876,0.022908017962390084,0.6081632653061224
1083862,Resident Evil: Death Island,バイオハザード：デスアイランド,ja,Japanese,2023-06-22,2023,6,2020,Action|Animation|Science Fiction|Horror,Action,4,8.0811,7.263,1138,Good,Low,,53929.0,False,True,,,91.0,JP,JP,1,Capcom|Quebico|Sony Pictures|Sammy|Robot Communications|KADOKAWA|TMS Entertainment,77,35215.003535366,124516650,0.003734936326600369,0.6729787234042552,0.026468799416129424,,1.8443030745766646e-05,0.3346938775510204
6877,Failure to Launch,Failure to Launch,en,English,2006-03-10,2006,3,2000,Romance|Comedy,Romance,2,8.0809,5.853,1863,Mixed,Low,50000000.0,130224158.0,True,True,80224158.0,1.60448316,97.0,US,US,1,Failure to Launch Productions|Paramount Pictures|Scott Rudin Productions,94,46301.9876485519,298379912,0.003732087404917233,0.37297872340425525,0.04410655638000243,0.07589544285776323,0.044540781512821453,0.35918367346938773
2082,Halloween,Halloween,en,English,2007-08-31,2007,8,2000,Horror,Horror,1,8.0761,6.242,2627,Mixed,Low,15000000.0,80460948.0,True,True,65460948.0,4.3640632,110.0,US,US,1,Dimension Films|Nightfall Productions|Spectacle Entertainment Group|Trancas International Films,26,48050.227412195,301231207,0.00366371328452181,0.4557446808510638,0.0626931030288286,0.02276853829143884,0.027520188581586662,0.4122448979591837
41439,Saw 3D,Saw 3D,en,English,2010-10-22,2010,10,2010,Horror|Crime,Horror,2,8.0757,5.974,3391,Mixed,Low,17000000.0,136151680.0,True,True,119151680.0,7.008922352941177,90.0,US,US,1,Twisted Pictures|Serendipity Productions|A Bigger Boat,39,48642.6312088213,309378227,0.003658015441155512,0.39872340425531916,0.08127964967765479,0.02580436140951452,0.046568181655475806,0.3306122448979592
867,Sliver,Sliver,en,English,1993-05-21,1993,5,1990,Drama|Thriller,Drama,2,8.0757,5.578,837,Mixed,Low,40000000.0,116300000.0,True,True,76300000.0,1.9075,107.0,US,US,1,Robert Evans Productions|Paramount Pictures,19,26387.2937338171,259919000,0.003658015441155512,0.314468085106383,0.01914608928354215,0.06071632726738483,0.039778278747662286,0.4
553604,Honest Thief,Honest Thief,en,English,2020-09-03,2020,9,2020,Thriller|Action|Crime,Thriller,3,8.0733,6.461,1946,Mixed,Low,,31220247.0,False,True,,,99.0,GB,GB|US,2,The Solution|Dreadnought Films|Zero Gravity Management|Argonaut Entertainment Partners|Honest Thief Productions|Ingenious Media|J Cubed Film Finance|Samuel Marshall Productions|Sprockefeller Pictures,38,40815.1255364787,66740000,0.003623828380957801,0.5023404255319149,0.04612577545310789,,0.010678310266870918,0.3673469387755102
9411,Fallen,Fallen,en,English,1998-01-16,1998,1,1990,Crime|Drama|Thriller|Fantasy,Crime,4,8.0716,6.816,1683,Good,Low,46000000.0,25232289.0,True,True,-20767711.0,-0.45147197826086954,124.0,US,US,2,Turner Pictures|Atlas Entertainment,28,32853.6725949234,275854000,0.0035996125466510914,0.5778723404255318,0.03972752706483396,0.06982379662161187,0.008630239099288867,0.46938775510204084
851644,20th Century Girl,20세기 소녀,ko,Korean,2022-10-06,2022,10,2020,Romance|Drama,Romance,2,8.0699,8.179,861,Excellent,Low,,,False,False,,,119.0,KR,KR,1,Yong Film|CJ ENM Studios,34,34822.4048404971,51672569,0.0035753967123443825,0.8678723404255319,0.019729959858897944,,,0.4489795918367347
13920,Radio,Radio,en,English,2003-10-24,2003,10,2000,Drama,Drama,1,8.0671,7.37,918,Good,Low,35000000.0,53293628.0,True,True,18293628.0,0.5226750857142857,109.0,US,US,1,Tollin/Robbins Productions|Revolution Studios,84,39490.3023903176,290107933,0.0035355118087803733,0.6957446808510638,0.02111665247536796,0.053126769472195634,0.018228105238237362,0.40816326530612246
614934,Elvis,Elvis,en,English,2022-06-22,2022,6,2020,Music|History|Drama,Music,3,8.0659,7.441,4009,Good,Low,85000000.0,288670284.0,True,True,203670284.0,2.3961209882352943,159.0,AU,AU|US,1,Warner Bros. Pictures|Bazmark|The Jackal Group,19,65169.5191118657,26018721,0.0035184182786815047,0.7108510638297871,0.09631431699306654,0.1290223474240876,0.0987343717610618,0.6122448979591837
235271,Addicted,Addicted,en,English,2014-10-10,2014,10,2010,Drama|Thriller,Drama,2,8.0642,5.923,460,Mixed,Low,,17534314.0,False,True,,,105.0,US,US,1,Lionsgate|Codeblack Films,25,55153.3940182967,319257560,0.0034942024443747957,0.3878723404255319,0.009974455662328184,,0.0059972879920387094,0.39183673469387753
13600,City of Ember,City of Ember,en,English,2008-10-07,2008,10,2000,Adventure|Family|Fantasy,Adventure,3,8.0642,6.4,1950,Mixed,Low,55000000.0,17869048.0,True,True,-37130952.0,-0.6751082181818182,95.0,US,US,1,Playtone|Walden Media,67,48570.0594269601,304093966,0.0034942024443747957,0.4893617021276596,0.046223087215667195,0.08348500065295243,0.00611177761508039,0.3510204081632653
938614,Late Night with the Devil,Late Night with the Devil,en,English,2024-03-19,2024,3,2020,Horror,Horror,1,8.0621,7.094,2265,Good,Low,,16765533.0,False,True,,,93.0,AU,AU|AE|US,1,Spooky Pictures|Future Pictures|Good Fiend Films|VicScreen|AGC Studios|Image Nation Studios,20,64609.9865116088,27194286,0.0034642887667017887,0.6370212765957447,0.05388638851721202,,0.005734340556488077,0.34285714285714286
284293,Still Alice,Still Alice,en,English,2014-12-05,2014,12,2010,Drama,Drama,1,8.0539,7.467,3346,Good,Low,5000000.0,44779195.0,True,True,39779195.0,7.955839,101.0,FR,FR|GB|US,1,Shriver Films|Killer Films|Big Indie Pictures|BSM Studio|Lutzus-Brown,32,43148.0459288416,66312067,0.003347482977692948,0.7163829787234041,0.08018489234886267,0.007589422701060444,0.01531589965235831,0.37551020408163266
11087,The Hand That Rocks the Cradle,The Hand That Rocks the Cradle,en,English,1992-01-10,1992,1,1990,Drama|Thriller,Drama,2,8.0479,6.898,1054,Good,Low,11700000.0,88036683.0,True,True,76336683.0,6.52450282051282,110.0,US,US,1,Hollywood Pictures|Interscope Communications|Nomura Babcock & Brown,50,25418.9907763319,256514000,0.0032620153271986567,0.5953191489361701,0.024425252402384138,0.01775943014661397,0.030111329739681326,0.4122448979591837
334533,Captain Fantastic,Captain Fantastic,en,English,2016-07-08,2016,7,2010,Drama|Comedy,Drama,2,8.0453,7.889,6962,Good,Low,5000000.0,23123592.0,True,True,18123592.0,3.6247184,119.0,US,US,2,Electric City Entertainment|Shivhans Pictures,48,57976.628204291,324353340,0.0032249793453177837,0.8061702127659574,0.16815472570246928,0.007589422701060444,0.007908997980552435,0.4489795918367347
719221,Tarot,Tarot,en,English,2024-05-01,2024,5,2020,Horror,Horror,1,8.0408,6.338,1458,Mixed,Low,8000000.0,49256239.0,True,True,41256239.0,5.157029875,92.0,US,US,1,Screen Gems|Alloy Entertainment|Ground Control Entertainment|Capstone Pictures|TSG Entertainment,42,86169.6641581917,340003797,0.0031608786074470907,0.47617021276595745,0.034253740420873376,0.012143157378173963,0.016847190408304864,0.33877551020408164
978592,Sleeping Dogs,Sleeping Dogs,en,English,2024-03-21,2024,3,2020,Mystery|Thriller|Crime|Drama,Mystery,4,8.0335,7.0,661,Good,Low,,,False,False,,,112.0,US,US|AU,1,Nickel City Pictures|New Leaf Literary & Media|Highland Film Group|G2 Dispatch|Gala Media Capital|JaiD7 Pictures|Screen Australia|Film Victoria,73,86169.6641581917,340003797,0.003056892966012363,0.6170212765957446,0.014864371730932977,,,0.4204081632653061
97370,Under the Skin,Under the Skin,en,English,2014-03-14,2014,3,2010,Thriller|Science Fiction|Drama,Thriller,3,8.0326,6.1,3941,Mixed,Low,13300000.0,7229933.0,True,True,-6070067.0,-0.45639601503759397,108.0,GB,GB|US|CH,1,Film4 Productions|BFI|Nick Wechsler Productions|JW Films|Sigma Films|Silver Reel|Creative Scotland|Seventh Kingdom Productions,19,47746.9810645521,64619000,0.0030440728184382244,0.4255319148936169,0.09466001702955845,0.020188088641074513,0.002472863534505724,0.40408163265306124
474395,Teen Titans Go! To the Movies,Teen Titans Go! To the Movies,en,English,2018-07-27,2018,7,2010,Animation|Action|Comedy|Science Fiction,Animation,4,8.0246,7.166,1196,Good,Low,10000000.0,52390236.0,True,True,42390236.0,4.2390236,84.0,US,US,1,Warner Bros. Animation|DC Entertainment,60,62875.6661382728,328529577,0.0029301159511124944,0.6523404255319148,0.027879819973239264,0.015178980496249642,0.017919116579962823,0.30612244897959184
49017,Dracula Untold,Dracula Untold,en,English,2014-10-01,2014,10,2010,Horror|Action|Fantasy,Horror,3,8.0244,6.5,6620,Mixed,Low,70000000.0,217124280.0,True,True,147124280.0,2.1017754285714285,92.0,US,US,1,Universal Pictures|Legendary Pictures|Michael De Luca Productions,66,55153.3940182967,319257560,0.002927267029429358,0.5106382978723404,0.1598345700036492,0.10625367403852003,0.07426337381015598,0.33877551020408164
53064,Midori,地下幻燈劇画 少女椿,ja,Japanese,1992-05-02,1992,5,1990,Animation|Drama|Horror,Animation,3,8.0238,6.0,175,Mixed,Low,,,False,False,,,55.0,JP,JP,1,Kiryûkan,40,32666.5024513195,124425000,0.002918720264379924,0.40425531914893614,0.0030409925799781048,,,0.18775510204081633
9481,The Bone Collector,The Bone Collector,en,English,1999-11-04,1999,11,1990,Crime|Thriller|Drama|Mystery,Crime,4,8.0217,6.793,3996,Good,Low,73000000.0,151493655.0,True,True,78493655.0,1.0752555479452055,118.0,US,US,1,Universal Pictures|Columbia Pictures|Martin Bregman Productions,98,34515.3813073394,279040000,0.002888806586706917,0.5729787234042553,0.09599805376474882,0.11080740871563353,0.051815622711552795,0.4448979591836735
888,The Flintstones,The Flintstones,en,English,1994-05-27,1994,5,1990,Fantasy|Comedy|Family,Fantasy,3,8.0138,5.379,2679,Mixed,Low,46000000.0,341631208.0,True,True,295631208.0,6.426765391304348,91.0,US,US,1,Hanna-Barbera Cartoons|Amblin Entertainment|Universal Pictures,48,27694.853416234,263126000,0.0027762741802227803,0.272127659574468,0.0639581559420995,0.06982379662161187,0.11684868409473285,0.3346938775510204
68728,Oz the Great and Powerful,Oz the Great and Powerful,en,English,2013-03-07,2013,3,2010,Fantasy|Adventure|Family,Fantasy,3,8.0059,5.94,6907,Mixed,Low,200000000.0,491868548.0,True,True,291868548.0,1.45934274,130.0,US,US,1,Roth Films|Curtis-Donen Productions|Walt Disney Pictures,36,53297.3862901595,316726282,0.0026637417737386438,0.3914893617021277,0.16681668896727891,0.3035821767134392,0.16823460970547052,0.49387755102040815
799379,Project Wolf Hunting,늑대사냥,ko,Korean,2022-09-21,2022,9,2020,Action|Thriller|Horror|Crime,Action,4,8.0035,6.473,462,Mixed,Low,9000000.0,20541.0,True,True,-8979459.0,-0.9977176666666666,122.0,KR,KR,3,The Contents On|Contents G|Cheum Film|Finecut,60,34822.4048404971,51672569,0.0026295547135409326,0.5048936170212766,0.010023111543607834,0.013661068937211803,7.023277944689965e-06,0.46122448979591835
10637,Remember the Titans,Remember the Titans,en,English,2000-09-29,2000,9,2000,Drama,Drama,1,8.0028,7.668,3066,Good,Low,30000000.0,136700000.0,True,True,106700000.0,3.5566666666666666,113.0,US,US,1,Jerry Bruckheimer Films|Run It Up Productions Inc.|Technical Black Films|Walt Disney Pictures,51,36329.9702595751,282162411,0.0026195834876499304,0.7591489361702127,0.07337306896971171,0.04553721167700644,0.04675572445096779,0.42448979591836733
60898,Erotic Ghost Story,聊齋艷譚,cn,Cantonese,1990-05-19,1990,5,1990,Fantasy|Drama|Horror,Fantasy,3,8.0025,6.2,95,Mixed,Low,,,False,False,,,88.0,HK,HK,1,Diagonal Pictures|Orange Sky Golden Harvest,23,13485.6314525052,5704500,0.0026153101051252007,0.4468085106382979,0.0010947573287921177,,,0.3224489795918367
9539,Martyrs,Martyrs,fr,French,2008-06-12,2008,6,2000,Horror|Drama|Thriller,Horror,3,7.9983,7.3,3127,Good,Low,6500000.0,1100000.0,True,True,-5400000.0,-0.8307692307692308,99.0,FR,FR|CA,2,Wild Bunch|TCB Films|Eskwad,39,45464.8181385158,64375116,0.002555482749779212,0.6808510638297871,0.07485707334874103,0.009866290039617203,0.000376232423113536,0.3673469387755102
6279,Sister Act 2: Back in the Habit,Sister Act 2: Back in the Habit,en,English,1993-12-09,1993,12,1990,Music|Comedy,Music,2,7.9961,6.375,2010,Mixed,Low,38000000.0,57319029.0,True,True,19319029.0,0.5083955,107.0,US,US,1,Touchstone Pictures|Scott Rudin Productions|Dawn Steel Productions,57,26387.2937338171,259919000,0.002524144611264637,0.4840425531914893,0.04768276365405669,0.05768050414930915,0.019604919792724208,0.4
2899,Asterix & Obelix: Mission Cleopatra,Astérix & Obélix : Mission Cléopâtre,fr,French,2002-01-30,2002,1,2000,Family|Fantasy|Comedy|Adventure,Family,4,7.9954,7.367,3841,Good,Low,58500000.0,131116046.0,True,True,72616046.0,1.2412999316239317,108.0,FR,FR|DE|MT,5,Pathé|La Petite Reine|Katharina|Renn Productions|TF1 Films Production|Chez Wam|CP Medien|KC Medien|Mediterranean Films,24,24144.5727019529,61812142,0.0025141733853736342,0.6951063829787233,0.09222722296557596,0.08879769110958487,0.044845835438969965,0.40408163265306124
634,Bridget Jones's Diary,Bridget Jones's Diary,en,English,2001-04-13,2001,4,2000,Comedy|Romance|Drama,Comedy,3,7.9947,6.738,5627,Good,Low,25000000.0,281929795.0,True,True,256929795.0,10.2771918,97.0,IE,IE|US|FR|GB,1,Universal Pictures|StudioCanal|Miramax|Working Title|Little Bird,61,28282.409882073,3866243,0.002504202159482632,0.5612765957446809,0.13567692494830313,0.037947653881817235,0.0964289111722761,0.35918367346938773
9619,Dante's Peak,Dante's Peak,en,English,1997-02-07,1997,2,1990,Action|Adventure|Drama|Thriller,Action,4,7.994,6.256,2182,Mixed,Low,116000000.0,178127760.0,True,True,62127760.0,0.5355841379310344,108.0,US,US,1,Pacific Western|Universal Pictures,55,31459.1299691554,272657000,0.00249423093359163,0.45872340425531916,0.051867169444106555,0.17607760575426065,0.060925329647515424,0.40408163265306124
292431,Love,Love,fr,French,2015-07-15,2015,7,2010,Drama|Romance,Drama,2,7.9936,6.456,2720,Mixed,Low,3000000.0,249083.0,True,True,-2750917.0,-0.9169723333333333,134.0,BE,BE|FR|BR,1,Wild Bunch|Les Cinémas de la Zone|RT Features|Rectangle Productions|SCOPE Pictures,39,40893.804537772,11274196,0.0024885330902253444,0.5012765957446809,0.06495560150833232,0.004553599582984765,8.519187578414326e-05,0.5102040816326531
186,Lucky Number Slevin,Lucky Number Slevin,en,English,2006-02-24,2006,2,2000,Drama|Thriller|Crime|Mystery,Drama,4,7.9914,7.475,4617,Good,Low,27000000.0,56300000.0,True,True,29300000.0,1.0851851851851853,110.0,CA,CA|DE|GB|US,1,FilmEngine|Capitol Films|Ascendant Pictures|VIP Medienfonds 4|Lucky Number Slevin Productions Inc.|The Complex|Don Carmody Productions|The Weinstein Company,46,40504.8490329826,32571193,0.0024571949517107694,0.7180851063829785,0.11110570490208004,0.040983476999892916,0.019256379620293144,0.4122448979591837
71668,Piranha 3DD,Piranha 3DD,en,English,2012-05-11,2012,5,2010,Horror|Thriller|Comedy,Horror,3,7.9874,4.338,1183,Poor,Low,5000000.0,8493728.0,True,True,3493728.0,0.6987456,83.0,US,US,1,Dimension Films|Mark Canton Productions|Intellectual Properties Worldwide,25,51708.3940614082,314339099,0.0024002165180479172,0.050638297872340504,0.027563556744921544,0.007589422701060444,0.002905121426300282,0.3020408163265306
381289,A Dog's Purpose,A Dog's Purpose,en,English,2017-01-19,2017,1,2010,Adventure|Fantasy|Family|Drama,Adventure,4,7.985,7.64,3591,Good,Low,22000000.0,205000000.0,True,True,183000000.0,8.318181818181818,100.0,IN,IN|US,1,Amblin Entertainment|Walden Media|Reliance Entertainment|Pariah,20,1950.10468280866,1359657400,0.0023660294578502056,0.753191489361702,0.08614523780561975,0.03339391920470372,0.07011648629095633,0.37142857142857144
337844,In Dubious Battle,In Dubious Battle,en,English,2016-10-08,2016,10,2010,Drama,Drama,1,7.9841,5.809,160,Mixed,Low,10000000.0,213982.0,True,True,-9786018.0,-0.9786018,110.0,US,US,1,Thats Hollywood|Rabbit Bandini Productions|AMBI Group,49,57976.628204291,324353340,0.0023532093102760546,0.3636170212765958,0.0026760734703807324,0.015178980496249642,7.31862227629802e-05,0.4122448979591837
9944,The Pelican Brief,The Pelican Brief,en,English,1993-09-17,1993,9,1990,Thriller|Crime|Drama,Thriller,3,7.983,6.597,1828,Good,Low,45000000.0,195268056.0,True,True,150268056.0,3.3392901333333334,141.0,US,US,1,Warner Bros. Pictures,24,26387.2937338171,259919000,0.002337540241018767,0.5312765957446809,0.043255078457608565,0.06830588506257403,0.06678785340626957,0.5387755102040817
23629,Sucker Punch,Sucker Punch,en,English,2011-03-24,2011,3,2010,Action|Fantasy|Thriller,Action,3,7.9827,6.204,5235,Mixed,Low,82000000.0,89792502.0,True,True,7792502.0,0.09503051219512196,110.0,US,US,2,Legendary Pictures|Warner Bros. Pictures|Cruel & Unusual Films,44,50024.8812320773,311839461,0.0023332668584940624,0.447659574468085,0.1261403722174918,0.1244686127469741,0.030711875413079962,0.4122448979591837
11000,The Birdcage,The Birdcage,en,English,1996-03-03,1996,3,1990,Comedy|Romance,Comedy,2,7.9827,7.053,1420,Good,Low,31000000.0,185300000.0,True,True,154300000.0,4.97741935483871,119.0,US,US,2,United Artists,29,29967.7127181749,269394000,0.0023332668584940624,0.6282978723404254,0.03332927867656003,0.04705512323604427,0.06337846274413679,0.4489795918367347
531309,Brightburn,Brightburn,en,English,2019-05-09,2019,5,2010,Horror|Science Fiction|Drama,Horror,3,7.9819,6.156,3578,Mixed,Low,6000000.0,33224654.0,True,True,27224654.0,4.537442333333333,91.0,US,US,1,Troll Court Entertainment|Screen Gems|Stage 6 Films|The H Collective,26,65227.9565911038,330226227,0.002321871171761492,0.4374468085106382,0.08582897457730203,0.009107334260098283,0.011363880904607462,0.3346938775510204
2252,Eastern Promises,Eastern Promises,en,English,2007-09-14,2007,9,2000,Thriller|Crime|Mystery,Thriller,3,7.9815,7.348,3837,Good,Low,51500000.0,56106607.0,True,True,4606607.0,0.08944867961165048,100.0,CA,CA|GB|US,5,Focus Features|BBC Film|Kudos|Serendipity Point Films|Scion Films|Corus Entertainment|Shine Pictures|Astral Media|Téléfilm Canada,29,44660.0838892281,32888886,0.002316173328395194,0.6910638297872339,0.09212991120301667,0.07817231019631998,0.019190233092994155,0.37142857142857144
1001311,Under Paris,Sous la Seine,fr,French,2024-06-04,2024,6,2020,Action|Horror,Action,2,7.9773,5.922,1454,Mixed,Low,,,False,False,,,102.0,FR,FR,1,Let Me Be,27,46103.0840855884,68551653,0.0022563459730491927,0.387659574468085,0.03415642865831407,,,0.3795918367346939
385103,Scoob!,Scoob!,en,English,2020-07-08,2020,7,2020,Animation|Comedy|Family|Mystery,Animation,4,7.9762,6.977,1843,Good,Low,90000000.0,28600000.0,True,True,-61400000.0,-0.6822222222222222,94.0,US,US|CA,1,Warner Animation Group|Warner Bros. Pictures|Atlas Entertainment|1492 Pictures|Reel FX Creative Studios,91,64465.2971415748,331578104,0.002240676903791918,0.6121276595744681,0.043619997567205936,0.13661190521927682,0.009782102856491058,0.3469387755102041
807172,The Exorcist: Believer,The Exorcist: Believer,en,English,2023-10-04,2023,10,2020,Horror,Horror,1,7.9688,5.8,1327,Mixed,Low,30000000.0,136998069.0,True,True,106998069.0,3.5666023,111.0,US,US,4,Universal Pictures|Blumhouse Productions|Morgan Creek Entertainment|Rough House Pictures,37,82586.7847707894,336755052,0.002135266801515622,0.36170212765957444,0.031066780197056318,0.04553721167700644,0.04685767348348439,0.4163265306122449
308504,Last Knights,Last Knights,en,English,2015-04-03,2015,4,2010,Action|Adventure,Action,2,7.9677,6.375,1184,Mixed,Low,40000000.0,3643591.0,True,True,-36356409.0,-0.908910225,115.0,CZ,CZ|JP|KR|US,1,Luka Productions|Route One Entertainment|Sovik Global Contents Fund|DMM.com|Union Investment Partners|CJ Entertainment|Channel A|Czech Anglo Pictures|Lotte Entertainment|Maeil Broadcasting Network|Arclight Films|Lionsgate,37,17931.5987670768,10546059,0.0021195977322583347,0.4840425531914893,0.027587884685561368,0.06071632726738483,0.0012462210551682693,0.4326530612244898
10663,The Waterboy,The Waterboy,en,English,1998-11-06,1998,11,1990,Comedy,Comedy,1,7.9673,6.061,2097,Mixed,Low,23000000.0,185991646.0,True,True,162991646.0,7.086593304347826,90.0,US,US,1,Touchstone Pictures,33,32853.6725949234,275854000,0.002113899888892049,0.41723404255319146,0.049799294489721445,0.034911830763741554,0.06361502756820094,0.3306122448979592
290595,The Huntsman: Winter's War,The Huntsman: Winter's War,en,English,2016-04-06,2016,4,2010,Action|Adventure|Drama,Action,3,7.9619,6.295,5121,Mixed,Low,115000000.0,164989338.0,True,True,49989338.0,0.4346898956521739,114.0,US,US|CN,1,Roth Films|Universal Pictures|Perfect World Pictures,34,57976.628204291,324353340,0.002036979003447192,0.46702127659574466,0.12336698698455176,0.1745596941952228,0.05643157346456863,0.42857142857142855
627725,The Banker,The Banker,en,English,2020-03-06,2020,3,2020,Drama,Drama,1,7.9612,7.624,1152,Good,Low,,,False,False,,,120.0,US,US,1,Romulus Entertainment|Hyphenate Films|iAm21 Entertainment|Mad Hatter Entertainment,21,64465.2971415748,331578104,0.00202700777755619,0.749787234042553,0.02680939058508697,,,0.4530612244897959
51608,The Man from Nowhere,아저씨,ko,Korean,2010-08-04,2010,8,2010,Action|Thriller|Crime,Action,3,7.9599,7.7,1558,Good,Low,1255000.0,43059790.0,True,True,41804790.0,33.31058964143426,119.0,KR,KR,2,Opus Pictures|CJ Entertainment|United Pictures|M-Line Distribution,19,24071.2620526362,49554112,0.002008489786615766,0.7659574468085105,0.03668653448485586,0.0019048439124637344,0.014727808719540075,0.4489795918367347
267935,The BFG,The BFG,en,English,2016-06-01,2016,6,2010,Adventure|Family|Fantasy,Adventure,3,7.9524,6.286,3707,Mixed,Low,140000000.0,195243411.0,True,True,55243411.0,0.39459579285714286,117.0,IN,IN|GB|US,1,Walt Disney Pictures|Amblin Entertainment|Reliance Entertainment|Walden Media|The Kennedy/Marshall Company|The Roald Dahl Story Company,28,1707.50892912243,1343944296,0.0019016552234979022,0.4651063829787233,0.08896727891983944,0.2125074831711688,0.066779424036203,0.44081632653061226
975511,The Return,The Return,en,English,2024-11-28,2024,11,2020,History|Drama|Adventure,History,3,7.9442,6.588,532,Good,Low,20000000.0,3300444.0,True,True,-16699556.0,-0.8349778,116.0,GR,GR|IT|GB|FR,1,Picomedia|RAI Cinema|Redwave Films|Heretic|Kabo Films|Marvelous Productions|Ithaca Films|Greek Film Centre|ERT|UK Global Screen Fund|MiC|CNC,37,24626.1481858973,10405134,0.0017848494344890487,0.5293617021276595,0.011726067388395572,0.03035809608662804,0.0011288539198372803,0.43673469387755104
619297,Sweet Girl,Sweet Girl,en,English,2021-08-18,2021,8,2020,Action|Thriller|Drama,Action,3,7.9433,6.574,1312,Good,Low,,,False,False,,,110.0,US,US,1,Pride of Gypsies|ASAP Entertainment|On the Roam,23,71441.2319805947,332100166,0.0017720292869148973,0.5263829787234042,0.030701861087458947,,,0.4122448979591837
8960,Hancock,Hancock,en,English,2008-07-01,2008,7,2000,Fantasy|Action,Fantasy,2,7.9419,6.357,10473,Mixed,Low,150000000.0,629400000.0,True,True,479400000.0,3.196,92.0,US,US,4,Columbia Pictures|Relativity Media|Blue Light|Weed Road Pictures|Overbrook Entertainment,63,48570.0594269601,304093966,0.0017520868351329055,0.48021276595744683,0.2535701252888943,0.2276865987615472,0.2152747194518807,0.33877551020408164
994108,All of Us Strangers,All of Us Strangers,en,English,2023-12-22,2023,12,2020,Romance|Drama|Fantasy,Romance,3,7.9403,7.4,1086,Good,Low,5000000.0,14864960.0,True,True,9864960.0,1.972992,105.0,GB,GB|US,1,Film4 Productions|Blueprint Pictures|Searchlight Pictures|TSG Entertainment,27,49919.6896621586,68526000,0.0017292954616677518,0.7021276595744681,0.02520374650285853,0.007589422701060444,0.005084284433318055,0.39183673469387753
48340,Sanctum,Sanctum,en,English,2011-02-03,2011,2,2010,Action|Thriller,Action,2,7.94,6.061,1203,Mixed,Low,30000000.0,108609310.0,True,True,78609310.0,2.6203103333333333,108.0,US,US|AU,1,Universal Pictures|Relativity Media|Wayfare Entertainment|Great Wight Productions/ Osford Films|Sanctum Australia|FilmNation Entertainment,53,50024.8812320773,311839461,0.0017250220791430473,0.41723404255319146,0.02805011555771804,0.04553721167700644,0.03714781934099784,0.40408163265306124
12139,Dennis the Menace,Dennis the Menace,en,English,1993-06-09,1993,6,1990,Family|Comedy,Family,2,7.9367,5.9,1646,Mixed,Low,35000000.0,117270765.0,True,True,82270765.0,2.3505932857142855,96.0,US,US,1,Hughes Entertainment,39,26387.2937338171,259919000,0.0016780148713711847,0.3829787234042554,0.03882739326116044,0.053126769472195634,0.04011031110443529,0.3551020408163265
5528,The Chorus,Les Choristes,fr,French,2004-03-17,2004,3,2000,Drama|Comedy|Music,Drama,3,7.936,7.747,2666,Good,Low,5300000.0,83600000.0,True,True,78300000.0,14.773584905660377,97.0,FR,FR|CH,1,Galatée Films|Pathé Renn Productions|Vega Film|France 2 Cinéma|Novo Arturo Films,16,33644.9282220364,62707588,0.0016680436454801825,0.7759574468085105,0.06364189271378178,0.008044796168771795,0.028593843723246103,0.35918367346938773
97367,The Place Beyond the Pines,The Place Beyond the Pines,en,English,2013-03-20,2013,3,2010,Drama|Crime,Drama,2,7.9337,6.98,5318,Good,Low,15000000.0,47135966.0,True,True,32135966.0,2.1423977333333335,140.0,US,US,2,Sidney Kimmel Entertainment|Electric City Entertainment|Verisimilitude|Hunting Lane Films|Silverwood Films|Sierra/Affinity,29,53297.3862901595,316726282,0.0016352810461240392,0.6127659574468085,0.12815959129059726,0.02276853829143884,0.01612198993116346,0.5346938775510204
334,Magnolia,Magnolia,en,English,1999-12-17,1999,12,1990,Drama,Drama,1,7.9323,7.723,4154,Good,Low,37000000.0,48451803.0,True,True,11451803.0,0.3095081891891892,189.0,US,US,3,New Line Cinema|Ghoulardi Film Company,54,34515.3813073394,279040000,0.0016153385943420344,0.7708510638297871,0.09984186838584114,0.056162592590271315,0.016572047834197794,0.7346938775510204
6795,Zathura: A Space Adventure,Zathura: A Space Adventure,en,English,2005-11-06,2005,11,2000,Science Fiction|Adventure|Family,Science Fiction,3,7.9291,6.454,3706,Mixed,Low,65000000.0,65079104.0,True,True,79104.0,0.0012169846153846154,101.0,US,US,1,Teitler Film|Michael De Luca Productions|Columbia Pictures|Radar Pictures,73,44123.3996470026,295516599,0.0015697558474117527,0.5008510638297872,0.08894295097919962,0.09866411624333082,0.022259111065571192,0.37551020408163266
1232827,The Girl with the Needle,Pigen med nålen,da,Danish,2024-09-06,2024,9,2020,Drama|History,Drama,2,7.9272,7.565,391,Good,Low,,470300.0,False,True,,,123.0,DK,DK|PL|SE,1,Lava Films|Nordisk Film Sweden|EC1 Łódź|Film i Väst|Creative Alliance|Dolnośląskie Centrum Filmowe,39,71026.4832271897,5976992,0.0015426910914218947,0.7372340425531915,0.00829582775818027,,0.0001608550917717969,0.46530612244897956
333669,Bastille Day,Bastille Day,en,English,2016-04-22,2016,4,2010,Action,Action,1,7.925,6.317,1569,Mixed,Low,20000000.0,14397593.0,True,True,-5602407.0,-0.28012035,92.0,FR,FR|GB|US,2,StudioCanal|Vendôme Pictures|Anonymous Content|Anton Capital Entertainment|Canal+|TF1 Films Production,60,37024.2157133669,66724104,0.0015113529529073196,0.4717021276595745,0.03695414183189393,0.03035809608662804,0.004924430126160369,0.33877551020408164
49040,The Bourne Legacy,The Bourne Legacy,en,English,2012-08-08,2012,8,2010,Action|Thriller,Action,2,7.9248,6.252,6277,Mixed,Low,130000000.0,276600000.0,True,True,146600000.0,1.1276923076923078,135.0,US,US,2,Universal Pictures|Relativity Media|Captivate Entertainment|The Kennedy/Marshall Company,19,51708.3940614082,314339099,0.001508504031224183,0.4578723404255318,0.15149008636418926,0.1973283675807904,0.09460595258295017,0.5142857142857142
16320,Serenity,Serenity,en,English,2005-09-25,2005,9,2000,Science Fiction|Action|Adventure|Thriller,Science Fiction,4,7.9215,7.359,3995,Good,Low,39000000.0,38869464.0,True,True,-130536.0,-0.003347076923076923,119.0,US,US,2,Universal Pictures|Barry Mendel Productions,50,44123.3996470026,295516599,0.0014614968234523205,0.6934042553191488,0.09597372582410899,0.05919841570834699,0.013294584594826872,0.4489795918367347
123553,The Mortal Instruments: City of Bones,The Mortal Instruments: City of Bones,en,English,2013-08-21,2013,8,2010,Fantasy|Action|Mystery,Fantasy,3,7.9211,6.423,4698,Mixed,Low,60000000.0,95396573.0,True,True,35396573.0,0.5899428833333333,130.0,CA,CA|DE|GB|US,1,Screen Gems|Unique Features|Mister Smith Entertainment|Don Carmody Productions|Constantin Film,76,52637.7313222622,35080992,0.0014557989800860352,0.49425531914893617,0.11307626809390585,0.09107455844814162,0.03262864507582354,0.49387755102040815
779782,The School for Good and Evil,The School for Good and Evil,en,English,2022-10-19,2022,10,2020,Fantasy|Comedy|Adventure,Fantasy,3,7.9197,7.02,1429,Good,Low,,,False,False,,,149.0,US,US,3,Feigco Entertainment|Jane Startz Productions|Roth Films,28,78008.6895811877,333996304,0.0014358565283040306,0.6212765957446807,0.033548230142318454,,,0.5714285714285714
2043,Along Came a Spider,Along Came a Spider,en,English,2001-04-06,2001,4,2000,Crime|Mystery|Thriller|Action,Crime,4,7.915,6.348,2121,Mixed,Low,60000000.0,105200000.0,True,True,45200000.0,0.7533333333333333,104.0,CA,CA|US,2,Paramount Pictures|David Brown Productions|Phase 1 Productions|Revelations Entertainment,86,23822.096210932,31020855,0.001368906868750176,0.4782978723404255,0.05038316506507724,0.09107455844814162,0.035981727409098996,0.3877551020408163
628900,The Contractor,The Contractor,en,English,2022-03-10,2022,3,2020,Action|Thriller,Action,2,7.9144,6.347,1092,Mixed,Low,,2122288.0,False,True,,,103.0,GB,GB|US,3,Thunder Road|30WEST|STXfilms|Ingenious Media|Icon Films,53,47034.7795621476,67636000,0.001360360103700742,0.4780851063829788,0.025349714146697483,,0.0007258872766988684,0.3836734693877551
4564,Sex and the City,Sex and the City,en,English,2008-05-12,2008,5,2000,Comedy|Drama|Romance,Comedy,3,7.9121,6.537,2317,Good,Low,65000000.0,418800000.0,True,True,353800000.0,5.443076923076923,146.0,US,US,1,Darren Star Productions|New Line Cinema|HBO,25,48570.0594269601,304093966,0.0013275975043445987,0.5185106382978723,0.05515144143048291,0.09866411624333082,0.14324285351481503,0.5591836734693878
481848,The Call of the Wild,The Call of the Wild,en,English,2020-02-19,2020,2,2020,Adventure|Family|Drama,Adventure,3,7.9118,7.506,4011,Good,Low,109000000.0,111200000.0,True,True,2200000.0,0.02018348623853211,100.0,US,US,2,3 Arts Entertainment|20th Century Studios|TSG Entertainment,71,64465.2971415748,331578104,0.001323324121819894,0.7246808510638297,0.09636297287434618,0.16545222484099575,0.038033917321835906,0.37142857142857144
1064486,Memoir of a Snail,Memoir of a Snail,en,English,2024-10-17,2024,10,2020,Animation|Comedy|Drama,Animation,3,7.9112,8.062,828,Excellent,Low,4350000.0,7.0,True,True,-4349993.0,-0.9999983908045977,94.0,AU,AU,2,Arenamedia|MIFF Premiere Fund,28,64609.9865116088,27194286,0.00131477735677046,0.8429787234042551,0.018927137817783726,0.006602780187685848,0.0,0.3469387755102041
8277,American Pie Presents: Beta House,American Pie Presents: Beta House,en,English,2007-12-06,2007,12,2000,Comedy,Comedy,1,7.9103,5.6,2067,Mixed,Low,10000000.0,18610260.0,True,True,8610260.0,0.861026,89.0,US,US|CA,1,Rogue Pictures|Neo Art & Logic,47,48050.227412195,301231207,0.0013019572091963214,0.31914893617021267,0.0490694562705267,0.015178980496249642,0.006365295580013648,0.32653061224489793
9334,The Scorpion King,The Scorpion King,en,English,2002-04-18,2002,4,2000,Action|Adventure|Fantasy,Action,3,7.907,5.582,3457,Mixed,Low,60000000.0,165333180.0,True,True,105333180.0,1.755553,92.0,US,US|DE,4,Universal Pictures|Alphaville Films|Kalima Productions|WWE Studios|Alliance Films,40,37997.7424300242,287625193,0.0012549500014244588,0.3153191489361702,0.08288529375988322,0.09107455844814162,0.056549178311897846,0.33877551020408164
60308,Moneyball,Moneyball,en,English,2011-09-23,2011,9,2010,Drama,Drama,1,7.9058,7.299,5981,Good,Low,50000000.0,110206216.0,True,True,60206216.0,1.20412432,134.0,US,US,1,Scott Rudin Productions|Michael De Luca Productions|Rachael Horovitz Productions|Columbia Pictures,28,50024.8812320773,311839461,0.001237856471325603,0.6806382978723404,0.14428901593480112,0.07589544285776323,0.037694011738462686,0.5102040816326531
1965,A Perfect Murder,A Perfect Murder,en,English,1998-06-05,1998,6,1990,Crime|Thriller|Drama,Crime,3,7.905,6.55,1605,Good,Low,60000000.0,128038368.0,True,True,68038368.0,1.1339728,107.0,US,US,2,Kopelson Entertainment|Warner Bros. Pictures,52,32853.6725949234,275854000,0.0012264607845930324,0.5212765957446808,0.037829947694927625,0.09107455844814162,0.04379317214792791,0.4
258509,Alvin and the Chipmunks: The Road Chip,Alvin and the Chipmunks: The Road Chip,en,English,2015-12-17,2015,12,2010,Family|Comedy|Music|Adventure|Animation,Family,5,7.9033,6.035,1798,Mixed,Low,90000000.0,233755553.0,True,True,143755553.0,1.5972839222222222,92.0,US,US,1,TSG Entertainment|Fox 2000 Pictures|Regency Enterprises|Bagdasarian Productions|Sunswept Entertainment,42,56849.4697923159,321815121,0.0012022449502863107,0.4117021276595745,0.042525240238413815,0.13661190521927682,0.07995179559125161,0.33877551020408164
770156,Lucy Shimmers and the Prince of Peace,Lucy Shimmers and the Prince of Peace,en,English,2020-10-19,2020,10,2020,Drama|Family,Drama,2,7.9007,8.397,377,Excellent,Low,,,False,False,,,87.0,US,US,1,Rob Diamond Films|Future Movie Productions,27,64465.2971415748,331578104,0.0011652089684054505,0.9142553191489361,0.007955236589222722,,,0.3183673469387755
978,Seven Years in Tibet,Seven Years in Tibet,en,English,1997-09-12,1997,9,1990,Adventure|Drama|History,Adventure,3,7.8996,7.164,3200,Good,Low,70000000.0,131457682.0,True,True,61457682.0,0.8779668857142857,136.0,US,US|FR,6,Mandalay Entertainment|Reperage|Vanguard Films|Applecross,65,31459.1299691554,272657000,0.0011495398991481756,0.6519148936170212,0.07663301301544824,0.10625367403852003,0.0449626857644746,0.5183673469387755
830788,The Invitation,The Invitation,en,English,2022-08-24,2022,8,2020,Horror|Thriller,Horror,2,7.8988,5.998,1003,Mixed,Low,10000000.0,33628000.0,True,True,23628000.0,2.3628,105.0,US,US,2,Screen Gems|Latchkey Productions,46,78008.6895811877,333996304,0.0011381442124155925,0.40382978723404256,0.02318452742975307,0.015178980496249642,0.011501838003364592,0.39183673469387753
634528,The Marksman,The Marksman,en,English,2021-01-15,2021,1,2020,Action|Drama|Thriller,Action,3,7.8979,6.763,1779,Good,Low,23000000.0,23076711.0,True,True,76711.0,0.003335260869565217,108.0,US,US,2,Sculptor Media|Zero Gravity Management|Cutting Edge Group|Stonehouse Motion Pictures|Voltage Pictures,68,71441.2319805947,332100166,0.0011253240648414538,0.5665957446808509,0.04206300936625715,0.034911830763741554,0.007892963194669266,0.40408163265306124
257445,Goosebumps,Goosebumps,en,English,2015-08-05,2015,8,2010,Adventure|Horror|Comedy,Adventure,3,7.8978,6.3,4063,Mixed,Low,58000000.0,158952243.0,True,True,100952243.0,1.7405559137931035,103.0,US,US,1,Columbia Pictures|Sony Pictures Animation|Original Film|Village Roadshow Pictures|Scholastic Entertainment,64,56849.4697923159,321815121,0.0011238996039998857,0.4680851063829787,0.09762802578761708,0.08803873533006594,0.05436669588769622,0.3836734693877551
976734,Canary Black,Canary Black,en,English,2024-10-10,2024,10,2020,Action|Thriller|Crime,Action,3,7.8935,6.183,540,Mixed,Low,,525704.0,False,True,,,103.0,GB,GB|US,1,Anton Capital Entertainment|Sentient Entertainment|Brickell & Broadbridge International|Off The Pier Productions,43,53341.3131094262,69281000,0.0010626477878123161,0.44319148936170205,0.011920690913514172,,0.00017980501342600958,0.3836734693877551
166666,3096 Days,3096 Tage,de,German,2013-02-21,2013,2,2010,Drama,Drama,1,7.8935,7.399,1023,Good,Low,,6677474.0,False,True,,,111.0,DE,DE,1,Constantin Film|NDR|BR|ARD Degeto,21,47206.8353514242,80645605,0.0010626477878123161,0.7019148936170212,0.023671086242549568,,0.002283905070005604,0.4163265306122449
592350,My Hero Academia: Heroes Rising,僕のヒーローアカデミア THE MOVIE ヒーローズ：ライジング,ja,Japanese,2019-12-20,2019,12,2010,Animation|Action|Fantasy|Adventure,Animation,4,7.8886,8.1,1311,Excellent,Low,,30017163.0,False,True,,,104.0,JP,JP,1,BONES|dentsu|movic|Nippon Television Network Corporation|Shueisha|Sony Music Entertainment (Japan)|Yomiuri Telecasting Corporation|TOHO,84,41424.8655601543,126633000,0.0009928492065753127,0.8510638297872338,0.030677533146819123,,0.010266817458708388,0.3877551020408163
214,Saw III,Saw III,en,English,2006-10-26,2006,10,2000,Horror|Thriller|Crime,Horror,3,7.8849,6.416,5080,Mixed,Low,10000000.0,164874275.0,True,True,154874275.0,15.4874275,108.0,US,US,1,Twisted Pictures,59,46301.9876485519,298379912,0.0009401441554371647,0.49276595744680857,0.12236954141831893,0.015178980496249642,0.056392218276580426,0.40408163265306124
100,"Lock, Stock and Two Smoking Barrels","Lock, Stock and Two Smoking Barrels",en,English,1998-08-28,1998,8,1990,Comedy|Crime,Comedy,2,7.8849,8.094,7386,Excellent,Low,1350000.0,28356188.0,True,True,27006188.0,20.004583703703705,105.0,GB,GB|US,1,The Steve Tisch Company|Handmade Films|Marv,45,28396.3523548013,58487141,0.0009401441554371647,0.849787234042553,0.178469772533755,0.002049045510572329,0.009698711435323689,0.39183673469387753
10779,The Frighteners,The Frighteners,en,English,1996-07-19,1996,7,1990,Horror|Comedy,Horror,2,7.8848,6.971,1819,Good,Low,30000000.0,29359216.0,True,True,-640784.0,-0.021359466666666667,110.0,NZ,NZ|US,1,WingNut Films|Universal Pictures,84,18794.436039393,3732000,0.0009387196945955966,0.6108510638297872,0.04303612699185014,0.04553721167700644,0.010041778759289136,0.4122448979591837
60935,The Thing,The Thing,en,English,2011-10-12,2011,10,2010,Horror|Science Fiction|Mystery,Horror,3,7.8839,6.3,3329,Mixed,Low,35000000.0,31505287.0,True,True,-3494713.0,-0.09984894285714285,103.0,US,US,3,Universal Pictures|Morgan Creek Entertainment|Strike Entertainment,78,50024.8812320773,311839461,0.0009258995470214453,0.4680851063829787,0.07977131735798565,0.053126769472195634,0.010775802968992007,0.3836734693877551
2636,The Specialist,The Specialist,en,English,1994-10-07,1994,10,1990,Action|Thriller,Action,2,7.8835,5.954,1501,Mixed,Low,45000000.0,170362582.0,True,True,125362582.0,2.7858351555555556,110.0,US,US,1,Jerry Weintraub Productions|Iguana Producciones|Warner Bros. Pictures,59,27694.853416234,263126000,0.0009202017036551601,0.3944680851063829,0.03529984186838584,0.06830588506257403,0.05826939298714766,0.4122448979591837
8065,21,21,en,English,2008-03-27,2008,3,2000,Drama|Crime,Drama,2,7.8788,6.693,5149,Good,Low,35000000.0,159808370.0,True,True,124808370.0,3.5659534285714285,123.0,US,US|GB,1,Columbia Pictures|Relativity Media|Michael De Luca Productions|Trigger Street Productions,82,48570.0594269601,304093966,0.0008532520441013054,0.5517021276595744,0.12404816932246686,0.053126769472195634,0.054659518419933176,0.46530612244897956
755812,"Miraculous World: New York, United HeroeZ","Miraculous World : New York, les héros unis",fr,French,2020-09-25,2020,9,2020,Animation|Family|Action|Adventure|TV Movie,Animation,5,7.8773,8.1,1135,Excellent,Low,,,False,False,,,61.0,FR,FR,1,ZAG Entertainment|Method Animation,24,39169.8606000707,67601110,0.0008318851314777327,0.8510638297872338,0.02639581559420995,,,0.21224489795918366
64328,The Muppets,The Muppets,en,English,2011-11-23,2011,11,2010,Comedy|Family|Adventure,Comedy,3,7.8757,6.7,1738,Good,Low,45000000.0,165184237.0,True,True,120184237.0,2.6707608222222223,103.0,US,US,1,Walt Disney Pictures|The Muppets Studio,47,50024.8812320773,311839461,0.0008090937580125917,0.5531914893617021,0.04106556380002433,0.06830588506257403,0.05649823509153572,0.3836734693877551
774752,The Guardians of the Galaxy Holiday Special,The Guardians of the Galaxy Holiday Special,en,English,2022-11-24,2022,11,2020,Comedy|Science Fiction|Adventure,Comedy,3,7.8689,7.085,2472,Good,Low,,,False,False,,,45.0,US,US,1,Marvel Studios|Kevin Feige Productions|Troll Court Entertainment,20,78008.6895811877,333996304,0.00071223042078573,0.6351063829787233,0.05892227222965576,,,0.1469387755102041
823625,Blacklight,Blacklight,en,English,2022-02-10,2022,2,2020,Action|Thriller|Adventure,Action,3,7.867,6.136,1297,Mixed,Low,43000000.0,15902207.0,True,True,-27097793.0,-0.6301812325581395,104.0,AU,AU|CN|US,1,The Solution|Zero Gravity Management|Film Victoria|Lightstream Entertainment|Screen Australia|Footloose Productions|Sina Studios|Fourstar Film Partners Production|Elevate Production Finance|Monty the Dog Productions,36,65169.5191118657,26018721,0.0006851656647958721,0.43319148936170215,0.030336941977861576,0.06527006194449834,0.005439055738387492,0.3877551020408163
457332,Hidden Strike,Hidden Strike,en,English,2023-07-06,2023,7,2020,Action|Comedy|Thriller|Adventure,Action,4,7.8656,6.882,1100,Good,Low,80000000.0,,True,False,,,103.0,CN,CN|US|TH,2,Talent International Media|XYZ Films|长春电影制片厂|Huaxia Film Distribution|Flame Pictures Company|Epitome Capital|Sparkle Roll Media|Tencent Pictures,13,12951.1782397043,1410710000,0.0006652232130138674,0.5919148936170211,0.025544337671816082,0.12143278962889842,,0.3836734693877551
365045,Heidi,Heidi,de,German,2015-12-10,2015,12,2010,Adventure|Family|Drama,Adventure,3,7.8645,7.256,446,Good,Low,8800000.0,,True,False,,,111.0,DE,DE|CH,1,StudioCanal|Zodiac Pictures|Teleclub|Claussen+Wöbke Filmproduktion|SRF|ZDF|Creative Europe Media,64,41929.7549110722,81686611,0.0006495541437565799,0.6714893617021276,0.009633864493370637,0.013357486625404234,,0.4163265306122449
204922,Before I Go to Sleep,Before I Go to Sleep,en,English,2014-09-03,2014,9,2010,Thriller|Mystery,Thriller,2,7.8599,6.492,2205,Mixed,Low,22000000.0,17669776.0,True,True,-4330224.0,-0.19682836363636363,92.0,FR,FR|SE|GB|US,1,StudioCanal|Scott Free Productions|Clarius Entertainment|Filmgate Films|Millennium Media|Film i Väst,32,43148.0459288416,66312067,0.0005840289450442934,0.5089361702127659,0.052426712078822525,0.03339391920470372,0.006043620283698571,0.33877551020408164
249070,Hitman: Agent 47,Hitman: Agent 47,en,English,2015-08-20,2015,8,2010,Action|Crime|Thriller,Action,3,7.8597,5.912,3366,Mixed,Low,35000000.0,81967450.0,True,True,46967450.0,1.3419271428571429,96.0,GB,GB|US,1,Daybreak Productions|Prime Universe Productions|Giant Pictures|TSG Entertainment|Dayday Films|Ingenious Media|Fox International Productions,20,45256.040227057,65087000,0.000581180023361157,0.385531914893617,0.08067145116165916,0.053126769472195634,0.028035459949572995,0.3551020408163265
55301,Alvin and the Chipmunks: Chipwrecked,Alvin and the Chipmunks: Chipwrecked,en,English,2011-12-14,2011,12,2010,Comedy|Fantasy|Family|Music|Animation,Comedy,5,7.8593,5.704,2396,Mixed,Low,75000000.0,342695435.0,True,True,267695435.0,3.569272466666667,87.0,US,US,1,Fox 2000 Pictures|20th Century Fox|Regency Enterprises|Dune Entertainment|Bagdasarian Productions,34,50024.8812320773,311839461,0.0005754821799948719,0.3412765957446808,0.057073348741029074,0.11384323183370922,0.11721268341377657,0.3183673469387755
8195,Ronin,Ronin,en,English,1998-09-25,1998,9,1990,Action|Thriller|Crime,Action,3,7.8574,6.968,2781,Good,Low,55000000.0,70692101.0,True,True,15692101.0,0.2853109272727273,122.0,GB,GB|US,3,United Artists|FGM Entertainment|Metro-Goldwyn-Mayer|UAC,41,28396.3523548013,58487141,0.0005484174240050138,0.6102127659574468,0.06643960588736164,0.08348500065295243,0.024178933702841618,0.46122448979591835
1542,Office Space,Office Space,en,English,1999-02-19,1999,2,1990,Comedy,Comedy,1,7.8539,7.384,3522,Good,Low,10000000.0,12800000.0,True,True,2800000.0,0.28,90.0,US,US,1,20th Century Fox,39,34515.3813073394,279040000,0.0004985612945500148,0.6987234042553191,0.08446660990147184,0.015178980496249642,0.0043780027529505185,0.3306122448979592
539681,DC League of Super-Pets,DC League of Super-Pets,en,English,2022-07-27,2022,7,2020,Family|Comedy|Adventure|Animation|Science Fiction|Action,Family,6,7.8512,7.14,1780,Good,Low,90000000.0,203000000.0,True,True,113000000.0,1.2555555555555555,105.0,US,US|CA,1,Warner Animation Group|Seven Bucks Productions|Animal Logic|DC,48,78008.6895811877,333996304,0.00046010085182758635,0.6468085106382977,0.04208733730689697,0.13661190521927682,0.06943242298671069,0.39183673469387753
45772,Gnomeo & Juliet,Gnomeo & Juliet,en,English,2011-01-13,2011,1,2010,Animation|Family,Animation,2,7.8496,5.905,2118,Mixed,Low,36000000.0,189712432.0,True,True,153712432.0,4.269789777777778,84.0,GB,GB|US|CA,1,Touchstone Pictures|Starz Animation|Rocket Pictures,58,42295.9273835322,63258810,0.00043730947836243276,0.3840425531914894,0.05031018124315777,0.054644681031233475,0.06488765415097639,0.30612244897959184
559907,The Green Knight,The Green Knight,en,English,2021-07-29,2021,7,2020,Adventure|Drama|Fantasy,Adventure,3,7.8476,6.589,2299,Good,Low,15000000.0,18887953.0,True,True,3887953.0,0.2591968666666667,130.0,CA,CA|IE|US,1,A24|Bron Studios|Sailor Bear|Ley Line Entertainment|Wild Atlantic Pictures,45,52886.6407813788,38239864,0.0004088202615310066,0.5295744680851064,0.05471353849896606,0.02276853829143884,0.00646027537558659,0.49387755102040815
68734,Argo,Argo,en,English,2012-10-11,2012,10,2010,Drama|Thriller,Drama,2,7.8423,7.285,9182,Good,Low,44500000.0,232300000.0,True,True,187800000.0,4.2202247191011235,120.0,US,US,4,GK Films|Warner Bros. Pictures|Smokehouse Pictures,31,51708.3940614082,314339099,0.0003333238369277178,0.6776595744680851,0.22216275392288043,0.06754692928305511,0.07945395039390929,0.4530612244897959
582014,Promising Young Woman,Promising Young Woman,en,English,2020-12-13,2020,12,2020,Thriller|Crime|Drama,Thriller,3,7.8359,7.37,3837,Good,Low,10000000.0,20379604.0,True,True,10379604.0,1.0379604,114.0,US,US,1,LuckyChap Entertainment|FilmNation Entertainment,20,64465.2971415748,331578104,0.0002421583430671414,0.6957446808510638,0.09212991120301667,0.015178980496249642,0.006970467231507246,0.42857142857142855
870360,The Day the Earth Blew Up: A Looney Tunes Movie,The Day the Earth Blew Up: A Looney Tunes Movie,en,English,2024-08-01,2024,8,2020,Family|Comedy|Adventure|Animation|Science Fiction,Family,5,7.8356,7.568,241,Good,Low,15000000.0,15076954.0,True,True,76954.0,0.005130266666666667,91.0,US,US,1,Warner Bros. Animation,53,86169.6641581917,340003797,0.00023788496054243696,0.7378723404255317,0.004646636662206544,0.02276853829143884,0.005156793091378179,0.3346938775510204
744276,After Ever Happy,After Ever Happy,en,English,2022-08-24,2022,8,2020,Romance|Drama,Romance,2,7.8355,6.786,1401,Good,Low,14000000.0,19238073.0,True,True,5238073.0,0.3741480714285714,95.0,US,US,1,Voltage Pictures|Wattpad|Ethea Entertainment|CalMaple Films,51,78008.6895811877,333996304,0.00023646049970085616,0.5714893617021275,0.03286704780440336,0.021250626732401,0.006580027497627832,0.3510204081632653
590223,Love and Monsters,Love and Monsters,en,English,2020-10-16,2020,10,2020,Adventure|Comedy|Fantasy,Adventure,3,7.8351,7.264,4587,Good,Low,30000000.0,1122066.0,True,True,-28877934.0,-0.9625978,109.0,US,US,1,21 Laps Entertainment|Paramount Pictures,46,64465.2971415748,331578104,0.00023076265633457092,0.6731914893617021,0.11037586668288529,0.04553721167700644,0.0003837796935492782,0.40816326530612246
51828,One Day,One Day,en,English,2011-03-02,2011,3,2010,Drama|Romance,Drama,2,7.8303,7.42,4618,Good,Low,15000000.0,59400000.0,True,True,44400000.0,2.96,107.0,GB,GB|US,1,Focus Features|Random House Films|Film4 Productions|Color Force|Universal Pictures,38,42295.9273835322,63258810,0.00016238853593914814,0.7063829787234042,0.11113003284271987,0.02276853829143884,0.020316677741873884,0.4
13680,The Game Plan,The Game Plan,en,English,2007-09-28,2007,9,2000,Comedy|Family,Comedy,2,7.827,6.512,2246,Good,Low,22000000.0,147880543.0,True,True,125880543.0,5.721842863636364,110.0,US,US,1,Monkey Dance Productions|Walt Disney Pictures|Mayhem Pictures,64,48050.227412195,301231207,0.00011538132816728546,0.513191489361702,0.05342415764505535,0.03339391920470372,0.05057982404488801,0.4122448979591837
22894,Legion,Legion,en,English,2010-01-21,2010,1,2010,Action|Fantasy|Horror,Action,3,7.826,5.912,2955,Mixed,Low,26000000.0,67918658.0,True,True,41918658.0,1.612256076923077,100.0,US,US,1,Screen Gems|Bold Films,38,48642.6312088213,309378227,0.00010113671975156606,0.385531914893617,0.07067266755869116,0.039465565440855076,0.02323032841148315,0.37142857142857144
601666,I Care a Lot,I Care a Lot,en,English,2021-02-19,2021,2,2020,Crime|Thriller|Drama|Comedy,Crime,4,7.8189,6.57,3069,Good,Low,,,False,False,,,119.0,GB,GB|US,1,STXfilms|Black Bear Pictures|Crimple Beck,23,47695.6491523474,66978000,0.0,0.5255319148936171,0.07344605279163119,,,0.4489795918367347
