adult,backdrop_path,genre_ids,id,title,original_language,original_title,overview,popularity,poster_path,release_date,softcore,video,vote_average,vote_count,genre_names
False,/vL5LR6WdxWPjLPFRLe133jXWsh5.jpg,"[878, 28, 12]",19995,Avatar,en,Avatar,"In the 22nd century, a paraplegic Marine is dispatched to the moon Pandora on a unique mission, but becomes torn between following orders and protecting an alien civilization.",78.0209,/gKY6q7SjCkAU6FqvqWybDYgUKIF.jpg,2009-12-16,False,False,7.609,34663,"['Science Fiction', 'Action', 'Adventure']"
False,/cdxPRmeVnLYVc5gF9NAGMZi0HUI.jpg,"[10749, 14, 35]",6435,Practical Magic,en,Practical Magic,"Sally and Gillian Owens, born into a magical family, have mostly avoided witchcraft themselves. But when Gillian's vicious boyfriend, Jimmy Angelov, dies unexpectedly, the Owens sisters give themselves a crash course in hard magic. With policeman Gary Hallet growing suspicious, the girls struggle to resurrect Angelov -- and unwittingly inject his corpse with an evil spirit that threatens to end their family line.",76.7329,/AwmToSgf2IL3aHv0QRVsR5KvChv.jpg,1998-10-16,False,False,6.795,1913,"['Romance', 'Fantasy', 'Comedy']"
False,/v8xVDqt8uCul3c3mgx4VpGCwxJC.jpg,"[18, 80]",278,The Shawshank Redemption,en,The Shawshank Redemption,"Imprisoned in the 1940s for the double murder of his wife and her lover, upstanding banker Andy Dufresne begins a new life at the Shawshank prison, where he puts his accounting skills to work for an amoral warden. During his long stretch in prison, Dufresne comes to be admired by the other inmates -- including an older prisoner named Red -- for his integrity and unquenchable sense of hope.",74.5462,/9cqNxx0GxF0bflZmeSMuL5tnGzr.jpg,1994-09-23,False,False,8.731,31330,"['Drama', 'Crime']"
False,/7RyHsO4yDXtBv1zUU3mTpHeQ0d5.jpg,"[12, 878, 28]",299534,Avengers: Endgame,en,Avengers: Endgame,"After the devastating events of Avengers: Infinity War, the universe is in ruins due to the efforts of the Mad Titan, Thanos. With the help of remaining allies, the Avengers must assemble once more in order to undo Thanos' actions and restore order to the universe once and for all, no matter what consequences may be in store.",70.7383,/ulzhLuWrPK07P1YkdWQLZnQh1JL.jpg,2019-04-24,False,False,8.2,28665,"['Adventure', 'Science Fiction', 'Action']"
False,/mDfJG3LC3Dqb67AZ52x3Z0jU0uB.jpg,"[12, 28, 878]",299536,Avengers: Infinity War,en,Avengers: Infinity War,"As the Avengers and their allies have continued to protect the world from threats too large for any one hero to handle, a new danger has emerged from the cosmic shadows: Thanos. A despot of intergalactic infamy, his goal is to collect all six Infinity Stones, artifacts of unimaginable power, and use them to inflict his twisted will on all of reality. Everything the Avengers have fought for has led up to this moment - the fate of Earth and existence itself has never been more uncertain.",67.0475,/7WsyChQLEftFiDOVTGkv3hFpyyt.jpg,2018-04-25,False,False,8.242,32896,"['Adventure', 'Action', 'Science Fiction']"
False,/y2DB71C4nyIdMrANijz8mzvQtk6.jpg,"[28, 80, 18, 53]",49026,The Dark Knight Rises,en,The Dark Knight Rises,"Following the death of District Attorney Harvey Dent, Batman assumes responsibility for Dent's crimes to protect the late attorney's reputation and is subsequently hunted by the Gotham City Police Department. Eight years later, Batman encounters the mysterious Selina Kyle and the villainous Bane, a new terrorist leader who overwhelms Gotham's finest. The Dark Knight resurfaces to protect a city that has branded him an enemy.",65.0593,/hr0L2aueqlP2BYUblTTjmtn0hw4.jpg,2012-07-17,False,False,7.797,24939,"['Action', 'Crime', 'Drama', 'Thriller']"
False,/iQFcwSGbZXMkeyKrxbPnwnRo5fl.jpg,"[28, 12, 878]",634649,Spider-Man: No Way Home,en,Spider-Man: No Way Home,"Peter Parker is unmasked and no longer able to separate his normal life from the high-stakes of being a super-hero. When he asks for help from Doctor Strange the stakes become even more dangerous, forcing him to discover what it truly means to be Spider-Man.",62.6298,/1g0dhYtq4irTY1GPXvft6k4YLjm.jpg,2021-12-15,False,False,7.946,23117,"['Action', 'Adventure', 'Science Fiction']"
False,/8sNiAPPYU14PUepFNeSNGUTiHW.jpg,"[12, 18, 878]",157336,Interstellar,en,Interstellar,The adventures of a group of explorers who make use of a newly discovered wormhole to surpass the limitations on human space travel and conquer the vast distances involved in an interstellar voyage.,62.1101,/yQvGrMoipbRoddT0ZR8tPoR7NfX.jpg,2014-11-05,False,False,8.487,41155,"['Adventure', 'Drama', 'Science Fiction']"
False,/gqrnQA6Xppdl8vIb2eJc58VC1tW.jpg,"[28, 12, 878]",76341,Mad Max: Fury Road,en,Mad Max: Fury Road,"An apocalyptic story set in the furthest reaches of our planet, in a stark desert landscape where humanity is broken, and most everyone is crazed fighting for the necessities of life. Within this world exist two rebels on the run who just might be able to restore order.",60.9558,/ulcAi4dKpAjHwYGS08vNyx9H6I9.jpg,2015-05-13,False,False,7.637,24595,"['Action', 'Adventure', 'Science Fiction']"
False,/9BBTo63ANSmhC4e6r62OJFuK2GL.jpg,"[878, 28, 12]",24428,The Avengers,en,The Avengers,"When an unexpected enemy emerges and threatens global safety and security, Nick Fury, director of the international peacekeeping agency known as S.H.I.E.L.D., finds himself in need of a team to pull the world back from the brink of disaster. Spanning the globe, a daring recruitment effort begins!",57.5027,/RYMX2wcKCBAr24UyPD7xwmjaTn.jpg,2012-04-25,False,False,8.076,39724,"['Science Fiction', 'Action', 'Adventure']"
False,/9FE5eD92WfVCiivM9Pq9GVSrlWk.jpg,"[28, 53, 80]",155,The Dark Knight,en,The Dark Knight,"Batman raises the stakes in his war on crime. With the help of Lt. Jim Gordon and District Attorney Harvey Dent, Batman sets out to dismantle the remaining criminal organizations that plague the streets. The partnership proves to be effective, but they soon find themselves prey to a reign of chaos unleashed by a rising criminal mastermind known to the terrified citizens of Gotham as the Joker.",53.0744,/qJ2tW6WMUDux911r6m7haRef0WH.jpg,2008-07-16,False,False,8.535,36699,"['Action', 'Thriller', 'Crime']"
False,/1XAC6RPT01UX9EQGy2JVn5c8pgy.jpg,"[12, 14]",671,Harry Potter and the Philosopher's Stone,en,Harry Potter and the Philosopher's Stone,"Harry Potter has lived under the stairs at his aunt and uncle's house his whole life. But on his 11th birthday, he learns he's a powerful wizard—with a place waiting for him at the Hogwarts School of Witchcraft and Wizardry. As he learns to harness his newfound powers with the help of the school's kindly headmaster, Harry uncovers the truth about his parents' deaths—and about the villain who's to blame.",52.3679,/wuMc08IPKEatf9rnMNXvIDxqP4W.jpg,2001-11-16,False,False,7.903,30228,"['Adventure', 'Fantasy']"
False,/ii8QGacT3MXESqBckQlyrATY0lT.jpg,"[28, 878, 12]",27205,Inception,en,Inception,"Cobb, a skilled thief who commits corporate espionage by infiltrating the subconscious of his targets is offered a chance to regain his old life as payment for a task considered to be impossible: ""inception"", the implantation of another person's idea into a target's subconscious.",51.6206,/xlaY2zyzMfkhk0HSC5VUwzoZPU1.jpg,2010-07-15,False,False,8.373,40183,"['Action', 'Science Fiction', 'Adventure']"
False,/lrtSb1skJayPydZk0OSMAKjBOVe.jpg,"[28, 878]",603,The Matrix,en,The Matrix,"Set in the 22nd century, The Matrix tells the story of a computer hacker who joins a group of underground insurgents fighting the vast and powerful computers who now rule the earth.",50.5808,/aOIuZAjPaRIE6CMzbazvcHuHXDc.jpg,1999-03-31,False,False,8.258,28721,"['Action', 'Science Fiction']"
False,/by8z9Fe8y7p4jo2YlW2SZDnptyT.jpg,"[28, 35, 878]",533535,Deadpool & Wolverine,en,Deadpool & Wolverine,"A listless Wade Wilson toils away in civilian life with his days as the morally flexible mercenary, Deadpool, behind him. But when his homeworld faces an existential threat, Wade must reluctantly suit-up again with an even more reluctant Wolverine.",49.2066,/8cdWjvZQUExUUTzyp4t6EDMubfO.jpg,2024-07-24,False,False,7.588,9448,"['Action', 'Comedy', 'Science Fiction']"
False,/7CENyUim29IEsaJhUxIGymCRvPu.jpg,"[18, 36]",872585,Oppenheimer,en,Oppenheimer,The story of J. Robert Oppenheimer's role in the development of the atomic bomb during World War II.,47.2313,/8Gxv8gSFCU0XGDykEGv7zR1n2ua.jpg,2023-07-19,False,False,8.0,12474,"['Drama', 'History']"
False,/fn4n6uOYcB6Uh89nbNPoU2w80RV.jpg,"[28, 12, 878]",315635,Spider-Man: Homecoming,en,Spider-Man: Homecoming,"Following the events of Captain America: Civil War, Peter Parker, with the help of his mentor Tony Stark, tries to balance his life as an ordinary high school student in Queens, New York City, with fighting crime as his superhero alter ego Spider-Man as a new threat, the Vulture, emerges.",47.1724,/c24sv2weTHPsmDa7jEMN0m2P3RT.jpg,2017-07-05,False,False,7.332,23900,"['Action', 'Adventure', 'Science Fiction']"
False,/kVd3a9YeLGkoeR50jGEXM6EqseS.jpg,"[16, 28, 12, 878]",569094,Spider-Man: Across the Spider-Verse,en,Spider-Man: Across the Spider-Verse,"After reuniting with Gwen Stacy, Brooklyn’s full-time, friendly neighborhood Spider-Man is catapulted across the Multiverse, where he encounters the Spider Society, a team of Spider-People charged with protecting the Multiverse's very existence. But when the heroes clash on how to handle a new threat, Miles finds himself pitted against the other Spiders and must set out on his own to save those he loves most.",45.7956,/8Vt6mWEReuy4Of61Lnj5Xj704m8.jpg,2023-05-31,False,False,8.349,9240,"['Animation', 'Action', 'Adventure', 'Science Fiction']"
False,/vSQd7eW6fMrmI1vUFi0QoQ783a5.jpg,"[12, 18]",49494,The Eagle,en,The Eagle,"In 140 AD, twenty years after the unexplained disappearance of the entire Ninth Legion in the mountains of Scotland, young centurion Marcus Aquila arrives from Rome to solve the mystery and restore the reputation of his father, the commander of the Ninth. Accompanied only by his British slave Esca, Marcus sets out across Hadrian's Wall into the uncharted highlands of Caledonia - to confront its savage tribes, make peace with his father's memory, and retrieve the lost legion's golden emblem, the Eagle of the Ninth.",45.5239,/mbsdwO4lfIARqt35VVTM0UlYkhZ.jpg,2011-02-08,False,False,6.247,1472,"['Adventure', 'Drama']"
False,/1ntePsIqeklfmrQJqZPncCydsqY.jpg,"[16, 28, 12, 878]",324857,Spider-Man: Into the Spider-Verse,en,Spider-Man: Into the Spider-Verse,"Struggling to find his place in the world while juggling school and family, Brooklyn teenager Miles Morales is unexpectedly bitten by a radioactive spider and develops unfathomable powers just like the one and only Spider-Man. While wrestling with the implications of his new abilities, Miles discovers a super collider created by the madman Wilson ""Kingpin"" Fisk, causing others from across the Spider-Verse to be inadvertently transported to his dimension.",45.3131,/iiZZdoQBEYBv6id8su7ImL0oCbD.jpg,2018-12-06,False,False,8.4,17864,"['Animation', 'Action', 'Adventure', 'Science Fiction']"
False,/1pmXyN3sKeYoUhu5VBZiDU4BX21.jpg,"[10751, 16, 878, 12]",1184918,The Wild Robot,en,The Wild Robot,"After a shipwreck, an intelligent robot called Roz is stranded on an uninhabited island. To survive the harsh environment, Roz bonds with the island's animals and cares for an orphaned baby goose.",43.8595,/wTnV3PCVW5O92JMrFvvrRcV39RU.jpg,2024-09-12,False,False,8.306,6595,"['Family', 'Animation', 'Science Fiction', 'Adventure']"
False,/zQ8AxTPiCiS5nnwXpwTBPBHSaa5.jpg,"[28, 878]",557,Spider-Man,en,Spider-Man,"After being bitten by a genetically altered spider at Oscorp, nerdy but endearing high school student Peter Parker is endowed with amazing powers to become the superhero known as Spider-Man.",43.4797,/or6XJBVpcEbIkma0V9zshnbEtx4.jpg,2002-05-01,False,False,7.354,21421,"['Action', 'Science Fiction']"
False,/eZ239CUp1d6OryZEBPnO2n87gMG.jpg,"[878, 12]",693134,Dune: Part Two,en,Dune: Part Two,"Follow the mythic journey of Paul Atreides as he unites with Chani and the Fremen while on a path of revenge against the conspirators who destroyed his family. Facing a choice between the love of his life and the fate of the known universe, Paul endeavors to prevent a terrible future only he can foresee.",43.348,/6izwz7rsy95ARzTR3poZ8H6c5pp.jpg,2024-02-27,False,False,8.135,8551,"['Science Fiction', 'Adventure']"
False,/6oaL4DP75yABrd5EbC4H2zq5ghc.jpg,"[16, 10751, 14]",129,Spirited Away,ja,千と千尋の神隠し,"A young girl, Chihiro, becomes trapped in a strange new world of spirits. When her parents undergo a mysterious transformation, she must call upon the courage she never knew she had to free her family.",39.9764,/39wmItIWsg5sZMyRUHLkWBcuVCM.jpg,2001-07-20,False,False,8.535,18897,"['Animation', 'Family', 'Fantasy']"
False,/c6OLXfKAk5BKeR6broC8pYiCquX.jpg,"[18, 53]",550,Fight Club,en,Fight Club,"A ticking-time-bomb insomniac and a slippery soap salesman channel primal male aggression into a shocking new form of therapy. Their concept catches on, with underground ""fight clubs"" forming in every town, until an eccentric gets in the way and ignites an out-of-control spiral toward oblivion.",39.5328,/jSziioSwPVrOy9Yow3XhWIBDjq1.jpg,1999-10-15,False,False,8.437,32861,"['Drama', 'Thriller']"
False,/hiKmpZMGZsrkA3cdce8a7Dpos1j.jpg,"[35, 53, 18]",496243,Parasite,ko,기생충,"All unemployed, Ki-taek's family takes peculiar interest in the wealthy and glamorous Parks for their livelihood until they get entangled in an unexpected incident.",39.3225,/7IiTTgloJzvGI1TAYymCfbfl3vT.jpg,2019-05-30,False,False,8.49,21307,"['Comedy', 'Thriller', 'Drama']"
False,/rvtdN5XkWAfGX6xDuPL6yYS2seK.jpg,"[80, 9648, 53]",414906,The Batman,en,The Batman,"In his second year of fighting crime, Batman uncovers corruption in Gotham City that connects to his own family while facing a serial killer known as the Riddler.",39.309,/74xTEgt7R36Fpooo50r9T25onhq.jpg,2022-03-01,False,False,7.7,12502,"['Crime', 'Mystery', 'Thriller']"
False,/ctiw6FZK4N36LmkjSklWEbuvlq9.jpg,"[12, 14, 28]",122,The Lord of the Rings: The Return of the King,en,The Lord of the Rings: The Return of the King,"As armies mass for a final battle that will decide the fate of the world--and powerful, ancient forces of Light and Dark compete to determine the outcome--one member of the Fellowship of the Ring is revealed as the noble heir to the throne of the Kings of Men. Yet, the sole hope for triumph over evil lies with a brave hobbit, Frodo, who, accompanied by his loyal friend Sam and the hideous, wretched Gollum, ventures deep into the very dark heart of Mordor on his seemingly impossible quest to destroy the Ring of Power.​",39.1608,/rCzpDGLbOoPwLjy3OAm5NUPOTrC.jpg,2003-12-17,False,False,8.505,27346,"['Adventure', 'Fantasy', 'Action']"
False,/cKvDv2LpwVEqbdXWoQl4XgGN6le.jpg,"[28, 878, 12]",1726,Iron Man,en,Iron Man,"After being held captive in an Afghan cave, billionaire engineer Tony Stark creates a unique weaponized suit of armor to fight evil.",38.8402,/78lPtwv72eTNqFW9COBYI0dWDJa.jpg,2008-04-30,False,False,7.665,28811,"['Action', 'Science Fiction', 'Adventure']"
False,/suaEOtk1N1sgg2MTM7oZd2cfVp3.jpg,"[53, 80, 35]",680,Pulp Fiction,en,Pulp Fiction,"A burger-loving hit man, his philosophical partner, a drug-addled gangster's moll and a washed-up boxer converge in this sprawling, comedic crime caper. Their adventures unfurl in three stories that ingeniously trip back and forth in time.",38.6589,/vQWk5YBFWF4bZaofAbv0tShwBvQ.jpg,1994-09-10,False,False,8.48,30863,"['Thriller', 'Crime', 'Comedy']"
False,/xXCuto8YVp5RFqBJ7yKmVmLOWpF.jpg,"[18, 10749]",597,Titanic,en,Titanic,"101-year-old Rose DeWitt Bukater tells the story of her life aboard the Titanic, 84 years later. A young Rose boards the ship with her mother and fiancé. Meanwhile, Jack Dawson and Fabrizio De Rossi win third-class tickets aboard the ship. Rose tells the whole story from Titanic's departure through to its death—on its first and last voyage—on April 15, 1912.",37.8069,/9xjZS2rlVxm8SFx8kPC3aIGCOYQ.jpg,1997-12-18,False,False,7.9,27733,"['Drama', 'Romance']"
False,/rHnANzYUmV3WZw3n0yWOLiR3pen.jpg,"[53, 80]",976912,Graphic Desires,en,Graphic Desires,"When reclusive Franklin cheats on his partner with a mysterious girl he meets on a dating app, it becomes the start of a deadly obsession.",37.4481,/3BjLdTWRiHc1ISIZMFvToOmghOM.jpg,2023-08-31,False,False,6.921,151,"['Thriller', 'Crime']"
False,/oiwc338EoBgS4sEI2ixAny4KQKg.jpg,"[12, 14, 28]",120,The Lord of the Rings: The Fellowship of the Ring,en,The Lord of the Rings: The Fellowship of the Ring,"Young hobbit Frodo Baggins, after inheriting a mysterious ring from his uncle Bilbo, must leave his home in order to keep it from falling into the hands of its evil creator. Along the way, a fellowship is formed to protect the ringbearer and make sure that the ring arrives at its final destination: Mt. Doom, the only place where it can be destroyed.",37.3179,/6oom5QYQ2yQTMJIbnvbkBL9cHo6.jpg,2001-12-18,False,False,8.445,28345,"['Adventure', 'Fantasy', 'Action']"
False,/cClWTo3ftVXvV1sF8vlLuWfnlph.jpg,"[12, 14]",674,Harry Potter and the Goblet of Fire,en,Harry Potter and the Goblet of Fire,"When his name emerges from the Goblet of Fire, Harry Potter becomes a competitor in a grueling battle for glory among three wizarding schools. Signs of Voldemort's return emerge as Harry's friends help him prepare for the Triwizard Tournament.",36.869,/fECBtHlr0RB3foNHDiCBXeg9Bv9.jpg,2005-11-16,False,False,7.802,22629,"['Adventure', 'Fantasy']"
False,/htmYEfH7TQgzsXHCnNXxmoYKQtL.jpg,"[12, 14]",673,Harry Potter and the Prisoner of Azkaban,en,Harry Potter and the Prisoner of Azkaban,Harry Potter's life is in danger once more as dangerous wizard Sirius Black has escaped from Azkaban Prison and is heading to Hogwarts.,36.6132,/aWxwnYoe8p2d2fcxOqtvAtJ72Rw.jpg,2004-05-31,False,False,8.0,23634,"['Adventure', 'Fantasy']"
False,/vr6n6ZFUZvedvIlhfYcbCWcaKyW.jpg,"[12, 14, 28]",58,Pirates of the Caribbean: Dead Man's Chest,en,Pirates of the Caribbean: Dead Man's Chest,"Captain Jack Sparrow’s got a blood debt to pay: he owes his soul to the legendary Davy Jones, ghastly Ruler of the Ocean Depths. To escape eternal servitude aboard the Flying Dutchman, ever-crafty Jack must track down the still-beating heart of Jones. But he won’t do it alone: Will Turner and Elizabeth Swann are drawn back into another one of his perilous quests—assuming they can evade execution for aiding a pirate.",36.1904,/uXEqmloGyP7UXAiphJUu2v2pcuE.jpg,2006-07-06,False,False,7.39,17579,"['Adventure', 'Fantasy', 'Action']"
False,/3V4kLQg0kSqPLctI5ziYWabAZYF.jpg,"[878, 28, 12]",912649,Venom: The Last Dance,en,Venom: The Last Dance,"Eddie and Venom are on the run. Hunted by both of their worlds and with the net closing in, the duo are forced into a devastating decision that will bring the curtains down on Venom and Eddie's last dance.",36.0066,/vGXptEdgZIhPg3cGlc7e8sNPC2e.jpg,2024-10-22,False,False,6.674,4520,"['Science Fiction', 'Action', 'Adventure']"
False,/7lmBufEG7P7Y1HClYK3gCxYrkgS.jpg,"[12, 28, 878]",10138,Iron Man 2,en,Iron Man 2,"With the world now aware of his dual life as the armored superhero Iron Man, billionaire inventor Tony Stark faces pressure from the government, the press and the public to share his technology with the military. Unwilling to let go of his invention, Stark, with Pepper Potts and James 'Rhodey' Rhodes at his side, must forge new alliances – and confront powerful enemies.",35.8962,/6WBeq4fCfn7AN0o21W9qNcRF2l9.jpg,2010-04-28,False,False,6.855,22909,"['Adventure', 'Action', 'Science Fiction']"
False,/bqFxtuGNsz30HTk5mzgGs8m9Po.jpg,"[16, 10751, 18]",8587,The Lion King,en,The Lion King,"Young lion prince Simba, eager to one day become king of the Pride Lands, grows up under the watchful eye of his father Mufasa; all the while his villainous uncle Scar conspires to take the throne for himself. Amid betrayal and tragedy, Simba must confront his past and find his rightful place in the Circle of Life.",35.6495,/sKCr78MXSLixwmZ8DyJLrpMsd15.jpg,1994-06-15,False,False,8.251,20132,"['Animation', 'Family', 'Drama']"
False,/eTlcNXGv32zkVI7ZDHhfeaKHXKQ.jpg,"[28, 9648, 878, 53]",198663,The Maze Runner,en,The Maze Runner,"A teenager with no memory of his past finds himself among a group of boys living in a walled enclosure surrounded by a massive, ever-changing maze. As he struggles to adapt to their rules and society, he begins to uncover clues that may lead to escape and the truth behind their confinement.",35.5957,/ode14q7WtDugFDp78fo9lCsmay9.jpg,2014-09-10,False,False,7.189,18459,"['Action', 'Mystery', 'Science Fiction', 'Thriller']"
False,/qSrq6ACzPDv4xerGJ78iS3N827K.jpg,"[12, 14]",672,Harry Potter and the Chamber of Secrets,en,Harry Potter and the Chamber of Secrets,"Cars fly, trees fight back, and a mysterious house-elf comes to warn Harry Potter at the start of his second year at Hogwarts. Adventure and danger await when bloody writing on a wall announces: The Chamber Of Secrets Has Been Opened. To save Hogwarts will require all of Harry, Ron and Hermione's magical abilities and courage.",35.5613,/sdEOH0992YZ0QSxgXNIGLq1ToUi.jpg,2002-11-13,False,False,7.7,24066,"['Adventure', 'Fantasy']"
False,/3Rfvhy1Nl6sSGJwyjb0QiZzZYlB.jpg,"[10751, 35, 16, 12]",862,Toy Story,en,Toy Story,"Led by Woody, Andy's toys live happily in his room until Andy's birthday brings Buzz Lightyear onto the scene. Afraid of losing his place in Andy's heart, Woody plots against Buzz. But when circumstances separate Buzz and Woody from their owner, the duo eventually learns to put aside their differences.",35.5284,/uXDfjJbdP4ijW5hWSBrPrlKpxab.jpg,1995-11-22,False,False,7.988,20516,"['Family', 'Comedy', 'Animation', 'Adventure']"
False,/AaV1YIdWKnjAIAOe8UUKBFm327v.jpg,"[28, 18]",361743,Top Gun: Maverick,en,Top Gun: Maverick,"After more than thirty years of service as one of the Navy’s top aviators, and dodging the advancement in rank that would ground him, Pete “Maverick” Mitchell finds himself training a detachment of TOP GUN graduates for a specialized mission the likes of which no living pilot has ever seen.",35.0197,/n0YuM4f5lvGAP6MAW2kBIzugXnc.jpg,2022-05-21,False,False,8.157,11542,"['Action', 'Drama']"
False,/7JhsJxNmdW0y4IyNrHy10cECrAz.jpg,[35],109418,Grown Ups 2,en,Grown Ups 2,"Lenny has relocated his family back to the small town where he and his friends grew up. This time around, the grown ups are the ones learning lessons from their kids on a day notoriously full of surprises—the last day of school.",34.9707,/hT6ijOtjtYrnyDhN7VA2QWyGFAm.jpg,2013-07-11,False,False,6.2,4812,['Comedy']
False,/wMEhptvj6pcp2QSzHYcl4DFA5Pz.jpg,"[27, 878]",933260,The Substance,en,The Substance,"A fading celebrity decides to use a black market drug, a cell-replicating substance that temporarily creates a younger, better version of herself.",34.9498,/lqoMzCcZYEFK729d6qzt349fB4o.jpg,2024-09-07,False,False,7.132,6460,"['Horror', 'Science Fiction']"
False,/hofnlIyF6bePkgQOpcuRWLvzf15.jpg,"[16, 10751, 14]",14836,Coraline,en,Coraline,"Wandering her rambling old house in her boring new town, 11-year-old Coraline discovers a hidden door to a strangely idealized version of her life. In order to stay in the fantasy, she must make a frighteningly real sacrifice.",34.8574,/4jeFXQYytChdZYE9JYO7Un87IlW.jpg,2009-02-05,False,False,7.939,9428,"['Animation', 'Family', 'Fantasy']"
False,/66Kn4XWhkuPkJxOJyPEx4U2CUfN.jpg,"[35, 18, 10749]",13,Forrest Gump,en,Forrest Gump,"A man with a low IQ has accomplished great things in his life and been present during significant historic events—in each case, far exceeding what anyone imagined he could do. But despite all he has achieved, his one true love eludes him.",34.8315,/Cw4hIUIAmSYfK9QfaUW5igp9La.jpg,1994-06-23,False,False,8.462,30452,"['Comedy', 'Drama', 'Romance']"
False,/zRKQW58MBEY078AxkHxEJzUskCl.jpg,"[878, 12]",438631,Dune,en,Dune,"Paul Atreides, a brilliant and gifted young man born into a great destiny beyond his understanding, must travel to the most dangerous planet in the universe to ensure the future of his family and his people. As malevolent forces explode into conflict over the planet's exclusive supply of the most precious resource in existence - a commodity capable of unlocking humanity's greatest potential - only those who can conquer their fear will survive.",34.7136,/v1tRXZ4JtD2Iv6fjkPvT4GiwslV.jpg,2021-09-15,False,False,7.8,15527,"['Science Fiction', 'Adventure']"
False,/eKUk4oN4ucwnLJml7wRnjuB9AQH.jpg,"[12, 14]",12445,Harry Potter and the Deathly Hallows: Part 2,en,Harry Potter and the Deathly Hallows: Part 2,"Harry, Ron and Hermione continue their quest to vanquish the evil Voldemort once and for all. Just as things begin to look hopeless for the young wizards, Harry discovers a trio of magical objects that endow him with powers to rival Voldemort's formidable skills.",34.5778,/c54HpQmuwXjHq2C9wmoACjxoom3.jpg,2011-07-12,False,False,8.08,22435,"['Adventure', 'Fantasy']"
False,/kJsPVzdyBrYHLomuNv5SJDXUQ2f.jpg,"[28, 12, 878]",76600,Avatar: The Way of Water,en,Avatar: The Way of Water,"Set more than a decade after the events of the first film, learn the story of the Sully family (Jake, Neytiri, and their kids), the trouble that follows them, the lengths they go to keep each other safe, the battles they fight to stay alive, and the tragedies they endure.",34.1098,/t6HIqrRAclMCA60NsSmeqe9RmNV.jpg,2022-12-14,False,False,7.585,14621,"['Action', 'Adventure', 'Science Fiction']"
False,/g7CHF8gTLGooTbP4GznIGwaqAGL.jpg,"[10751, 16, 10402, 12]",354912,Coco,en,Coco,"Despite his family’s baffling generations-old ban on music, Miguel dreams of becoming an accomplished musician like his idol, Ernesto de la Cruz. Desperate to prove his talent, Miguel finds himself in the stunning and colorful Land of the Dead following a mysterious chain of events. Along the way, he meets charming trickster Hector, and together, they set off on an extraordinary journey to unlock the real story behind Miguel's family history.",33.9599,/6Ryitt95xrO8KXuqRGm1fUuNwqF.jpg,2017-10-27,False,False,8.197,21397,"['Family', 'Animation', 'Music', 'Adventure']"
False,/gNdLJU9TxrpGx4dkZidjys3fyy0.jpg,"[878, 18]",335984,Blade Runner 2049,en,Blade Runner 2049,"Thirty years after the events of the first film, a new blade runner, LAPD Officer K, unearths a long-buried secret that has the potential to plunge what's left of society into chaos. K's discovery leads him on a quest to find Rick Deckard, a former LAPD blade runner who has been missing for 30 years.",33.9315,/gajva2L0rPYkEWjzgFlBXCAVBE5.jpg,2017-10-04,False,False,7.605,15664,"['Science Fiction', 'Drama']"
False,/sDTnMOJ3H5wI38OxObmCtK7wfd5.jpg,"[16, 35, 10751, 14]",585,"Monsters, Inc.",en,"Monsters, Inc.","Lovable Sulley and his wisecracking sidekick Mike Wazowski are the top scare team at Monsters, Inc., the scream-processing factory in Monstropolis. When a little girl named Boo wanders into their world, it's the monsters who are scared silly, and it's up to Sulley and Mike to keep her out of sight and get her back home.",33.748,/wFSpyMsp7H0ttERbxY7Trlv8xry.jpg,2001-11-01,False,False,7.857,20241,"['Animation', 'Comedy', 'Family', 'Fantasy']"
False,/ecKQlAEG95k62SMGhvX83oEqANK.jpg,"[27, 53]",138843,The Conjuring,en,The Conjuring,"Paranormal investigators Ed and Lorraine Warren work to help a family terrorized by a dark presence in their farmhouse. Forced to confront a powerful entity, the Warrens find themselves caught in the most terrifying case of their lives.",33.71,/wVYREutTvI2tmxr6ujrHT704wGF.jpg,2013-07-18,False,False,7.542,13057,"['Horror', 'Thriller']"
False,/5YZbUmjbMa3ClvSW1Wj3D6XGolb.jpg,"[878, 12, 28]",447365,Guardians of the Galaxy Vol. 3,en,Guardians of the Galaxy Vol. 3,"Peter Quill, still reeling from the loss of Gamora, must rally his team around him to defend the universe along with protecting one of their own. A mission that, if not completed successfully, could quite possibly lead to the end of the Guardians as we know them.",33.4784,/r2J02Z2OpNTctfOSN1Ydgii51I3.jpg,2023-05-03,False,False,7.9,8808,"['Science Fiction', 'Adventure', 'Action']"
False,/jJKZaTBNenlFclQyjrnvzkRmvWE.jpg,"[16, 10751, 12, 18, 35]",150540,Inside Out,en,Inside Out,"When 11-year-old Riley moves to a new city, her Emotions team up to help her through the transition. Joy, Fear, Anger, Disgust and Sadness work together, but when Joy and Sadness get lost, they must journey through unfamiliar places to get back home.",33.2998,/2H1TmgdfNtsKlU9jKdeNyYL5y8T.jpg,2015-06-17,False,False,7.9,23883,"['Animation', 'Family', 'Adventure', 'Drama', 'Comedy']"
False,/i5H7zusQGsysGQ8i6P361Vnr0n2.jpg,"[80, 9648, 53]",807,Se7en,en,Se7en,"Two homicide detectives are on a desperate hunt for a serial killer whose crimes are based on the ""seven deadly sins"" in this dark and haunting film that takes viewers from the tortured remains of one victim to the next. The seasoned Det. Somerset researches each sin in an effort to get inside the killer's mind, while his novice partner, Mills, scoffs at his efforts to unravel the case.",33.1945,/191nKfP0ehp3uIvWqgPbFmI4lv9.jpg,1995-09-22,False,False,8.381,23772,"['Crime', 'Mystery', 'Thriller']"
False,/vYqt6kb4lcF8wwqsMMaULkP9OEn.jpg,"[12, 16, 35, 10751, 14]",1241982,Moana 2,en,Moana 2,"After receiving an unexpected call from her wayfinding ancestors, Moana journeys alongside Maui and a new crew to the far seas of Oceania and into dangerous, long-lost waters for an adventure unlike anything she's ever faced.",33.0424,/aLVkiINlIeCkcZIzb7XHzPYgO6L.jpg,2024-11-21,False,False,6.994,3282,"['Adventure', 'Animation', 'Comedy', 'Family', 'Fantasy']"
False,/2oZklIzUbvZXXzIFzv7Hi68d6xf.jpg,"[18, 37]",68718,Django Unchained,en,Django Unchained,"With the help of a German bounty hunter, a freed slave sets out to rescue his wife from a brutal Mississippi plantation owner.",32.9212,/7oWY8VDWW7thTzWh3OKYRkWUlD5.jpg,2012-12-25,False,False,8.193,28588,"['Drama', 'Western']"
False,/amZavErrjrdgDwhsIdpWxHNenIx.jpg,"[14, 18, 80]",497,The Green Mile,en,The Green Mile,"A supernatural tale set on death row in a Southern prison, where gentle giant John Coffey possesses the mysterious power to heal people's ailments. When the cell block's head guard, Paul Edgecomb, recognizes Coffey's miraculous gift, he tries desperately to help stave off the condemned man's execution.",32.6741,/8VG8fDNiy50H4FedGwdSVUPoaJe.jpg,1999-12-10,False,False,8.506,19802,"['Fantasy', 'Drama', 'Crime']"
False,/w0eKUOEog2ImtktCHAMUZws8qif.jpg,"[16, 35, 14, 12, 10751]",808,Shrek,en,Shrek,"It ain't easy bein' green -- especially if you're a likable (albeit smelly) ogre named Shrek. On a mission to retrieve a gorgeous princess from the clutches of a fire-breathing dragon, Shrek teams up with an unlikely compatriot -- a wisecracking donkey.",32.316,/iB64vpL3dIObOtMZgX3RqdVdQDc.jpg,2001-05-18,False,False,7.8,19301,"['Animation', 'Comedy', 'Fantasy', 'Adventure', 'Family']"
False,/Ar7QuJ7sJEiC0oP3I8fKBKIQD9u.jpg,"[28, 18, 12]",98,Gladiator,en,Gladiator,"After the death of Emperor Marcus Aurelius, his devious son takes power and demotes Maximus, one of Rome's most capable generals who Marcus preferred. Eventually, Maximus is forced to become a gladiator and battle to the death against other men for the amusement of paying audiences.",32.1602,/wN2xWp1eIwCKOD0BHTcErTBv1Uq.jpg,2000-05-04,False,False,8.231,21482,"['Action', 'Drama', 'Adventure']"
False,/5i2QAYnbN5vOZUUolLPYHTb9spe.jpg,"[12, 14]",12444,Harry Potter and the Deathly Hallows: Part 1,en,Harry Potter and the Deathly Hallows: Part 1,"Harry, Ron and Hermione walk away from their last year at Hogwarts to find and destroy the remaining Horcruxes, putting an end to Voldemort's bid for immortality. But with Harry's beloved Dumbledore dead and Voldemort's unscrupulous Death Eaters on the loose, the world is more dangerous than ever.",32.0981,/iGoXIpQb7Pot00EEdwpwPajheZ5.jpg,2010-11-17,False,False,7.732,20792,"['Adventure', 'Fantasy']"
False,/nsfVr4QbbunUrHINN9N7JdVAMTf.jpg,"[16, 35, 10751]",863,Toy Story 2,en,Toy Story 2,"Andy heads off to Cowboy Camp, leaving his toys to their own devices. Things shift into high gear when an obsessive toy collector named Al McWhiggen, owner of Al's Toy Barn kidnaps Woody. Andy's toys mount a daring rescue mission, Buzz Lightyear meets his match and Woody has to decide where he and his heart truly belong.",31.926,/4rbcp3ng8n1MKHjpeqW0L7Fnpzz.jpg,1999-10-30,False,False,7.621,15353,"['Animation', 'Comedy', 'Family']"
False,/HVcza6tJtWFrLriuh3Ano4Vt46.jpg,"[28, 12, 878]",1930,The Amazing Spider-Man,en,The Amazing Spider-Man,A teenage Peter Parker grapples with both high school and amazing super-human crises as his alter-ego Spider-Man.,31.2828,/jexoNYnPd6vVrmygwF6QZmWPFdu.jpg,2012-06-23,False,False,6.761,19098,"['Action', 'Adventure', 'Science Fiction']"
False,/lm4xH0YwFbVvTgdtau1thNK5S6J.jpg,"[27, 53]",511987,Crawl,en,Crawl,"When a huge hurricane hits her hometown in Florida, Haley ignores evacuation orders to look for her father. After finding him badly wounded, both are trapped by the flood. With virtually no time to escape the storm, they discover that rising water levels are the least of their problems.",31.2267,/4WH6AZd473lRZ3hUp8TYiv2LfZW.jpg,2019-07-10,False,False,6.334,3461,"['Horror', 'Thriller']"
False,/7FWlcZq3r6525LWOcvO9kNWurN1.jpg,"[12, 28, 878]",271110,Captain America: Civil War,en,Captain America: Civil War,"Following the events of Age of Ultron, the collective governments of the world pass an act designed to regulate all superhuman activity. This polarizes opinion amongst the Avengers, causing two factions to side with Iron Man or Captain America, which causes an epic battle between former allies.",30.9997,/rAGiXaUfPzY7CDEyNKUofk3Kw2e.jpg,2016-04-27,False,False,7.454,24569,"['Adventure', 'Action', 'Science Fiction']"
False,/p5ozvmdgsmbWe0H8Xk7Rc8SCwAB.jpg,"[16, 12, 35, 10751]",1022789,Inside Out 2,en,Inside Out 2,"Teenager Riley's mind headquarters is undergoing a sudden demolition to make room for something entirely unexpected: new Emotions! Joy, Sadness, Anger, Fear and Disgust, who’ve long been running a successful operation by all accounts, aren’t sure how to feel when Anxiety shows up. And it looks like she’s not alone.",30.8485,/vpnVM9B6NMmQpWeZvzLvDESb2QY.jpg,2024-06-11,False,False,7.538,6976,"['Animation', 'Adventure', 'Comedy', 'Family']"
False,/nv5wwZou159v5OC61i4ElR7OqyY.jpg,"[14, 16, 12]",4935,Howl's Moving Castle,ja,ハウルの動く城,"Sophie, a young milliner, is turned into an elderly woman by a witch who enters her shop and curses her. She encounters a wizard named Howl and gets caught up in his resistance to fighting for the king.",30.7747,/13kOl2v0nD2OLbVSHnHk8GUFEhO.jpg,2004-09-09,False,False,8.387,11434,"['Fantasy', 'Animation', 'Adventure']"
False,/rlay2M5QYvi6igbGcFjq8jxeusY.jpg,"[80, 53, 18]",475557,Joker,en,Joker,"During the 1980s, a failed stand-up comedian is driven insane and turns to a life of crime and chaos in Gotham City while becoming an infamous psychopathic crime figure.",30.7505,/udDclJoHjfjb8Ekgsd4FDteOkCU.jpg,2019-10-01,False,False,8.116,28307,"['Crime', 'Thriller', 'Drama']"
False,/hmZnqijPaaACjenDkrbWcCmcADI.jpg,[18],549509,The Brutalist,en,The Brutalist,"When an innovative modern architect flees post-war Europe, he is given the opportunity to rebuild his legacy. Set during the dawn of the modern United States (in Pennsylvania), his wife joins him, and their lives are forever changed by a demanding, wealthy patron.",30.6747,/vP7Yd6couiAaw9jgMd5cjMRj3hQ.jpg,2024-12-20,False,False,6.929,1808,['Drama']
False,/kIBK5SKwgqIIuRKhhWrJn3XkbPq.jpg,"[28, 12, 878]",99861,Avengers: Age of Ultron,en,Avengers: Age of Ultron,"When Tony Stark tries to jumpstart a dormant peacekeeping program, things go awry and Earth’s Mightiest Heroes are put to the ultimate test as the fate of the planet hangs in the balance. As the villainous Ultron emerges, it is up to The Avengers to stop him from enacting his terrible plans, and soon uneasy alliances and unexpected action pave the way for an epic and unique global adventure.",30.6664,/4ssDuvEDkSArWEdyBl2X5EHvYKU.jpg,2015-04-22,False,False,7.278,25021,"['Action', 'Adventure', 'Science Fiction']"
False,/lUqBGngYLKomteGQrwM6gd89uEM.jpg,"[12, 53]",390062,Jungle,en,Jungle,"In 1981, an enthusiastic young adventurer follows his dreams into the Bolivian Amazon jungle with two friends and a guide with a mysterious past. Their journey quickly turns into a terrifying ordeal as the darkest elements of human nature and the deadliest threats of the wilderness lead to an all-out fight for survival.",30.6301,/tDgxknTVwrScxpCYyGUjXSn5NRk.jpg,2017-06-27,False,False,6.724,2272,"['Adventure', 'Thriller']"
False,/zb6fM1CX41D9rF9hdgclu0peUmy.jpg,"[18, 36, 10752]",424,Schindler's List,en,Schindler's List,The true story of how businessman Oskar Schindler saved over a thousand Jewish lives from the Nazis while they worked as slaves in his factory during World War II.,30.5576,/sF1U4EUQS8YHUYjNl3pMGNIQyr0.jpg,1993-12-15,False,False,8.57,17904,"['Drama', 'History', 'War']"
False,/4s2d3xdyqotiVNHTlTlJjrr3q0H.jpg,"[12, 10751, 16, 28, 35]",177572,Big Hero 6,en,Big Hero 6,"A special bond develops between plus-sized inflatable robot Baymax, and prodigy Hiro Hamada, who team up with a group of friends to form a band of high-tech heroes.",30.4788,/2mxS4wUimwlLmI1xp6QW6NSU361.jpg,2014-10-24,False,False,7.724,16912,"['Adventure', 'Family', 'Animation', 'Action', 'Comedy']"
False,/FfAU0PUs8AJkMU2VbkVNFtRXR4.jpg,"[28, 12, 878]",559,Spider-Man 3,en,Spider-Man 3,"The seemingly invincible Spider-Man goes up against an all-new crop of villains—including the shape-shifting Sandman. While Spider-Man’s superpowers are altered by an alien organism, his alter ego, Peter Parker, deals with nemesis Eddie Brock and also gets caught up in a love triangle.",30.4398,/qFmwhVUoUSXjkKRmca5yGDEXBIj.jpg,2007-05-01,False,False,6.482,15768,"['Action', 'Adventure', 'Science Fiction']"
False,/hwNtEmmugU5Yd7hpfprNWI0DGIn.jpg,"[18, 53, 10752]",16869,Inglourious Basterds,en,Inglourious Basterds,"In Nazi-occupied France during World War II, a group of Jewish-American soldiers known as ""The Basterds"" are chosen specifically to spread fear throughout the Third Reich by scalping and brutally killing Nazis. The Basterds, lead by Lt. Aldo Raine soon cross paths with a French-Jewish teenage girl who runs a movie theater in Paris which is targeted by the soldiers.",30.3827,/aupnPtagH9JVBuMrGEanf4iqXEQ.jpg,2009-08-02,False,False,8.2,24754,"['Drama', 'Thriller', 'War']"
False,/6G73mNyooWAEQTpckPSnFxFoNmc.jpg,"[12, 14, 28]",121,The Lord of the Rings: The Two Towers,en,The Lord of the Rings: The Two Towers,"Frodo Baggins and the other members of the Fellowship continue on their sacred quest to destroy the One Ring--but on separate paths. Their destinies lie at two towers--Orthanc Tower in Isengard, where the corrupt wizard Saruman awaits, and Sauron's fortress at Barad-dur, deep within the dark lands of Mordor.",30.3748,/5VTN0pR8gcqV3EPUHHfMGnJYN9L.jpg,2002-12-18,False,False,8.428,24563,"['Adventure', 'Fantasy', 'Action']"
False,/ikaRI4yMxKOje5SmOlAhOBUnicL.jpg,"[27, 9648]",270303,It Follows,en,It Follows,A young woman is followed by an unknown supernatural force after a sexual encounter.,30.0069,/iwnQ1JH1wdWrGYkgWySptJ5284A.jpg,2015-02-04,False,False,6.6,7142,"['Horror', 'Mystery']"
False,/hClLP88yMIuhslwSVxtYrvWmxfp.jpg,"[28, 35, 80]",522627,The Gentlemen,en,The Gentlemen,"American expat Mickey Pearson has built a highly profitable marijuana empire in London. When word gets out that he’s looking to cash out of the business forever it triggers plots, schemes, bribery and blackmail in an attempt to steal his domain out from under him.",29.927,/jtrhTYB7xSrJxR1vusu99nvnZ1g.jpg,2020-01-01,False,False,7.655,6869,"['Action', 'Comedy', 'Crime']"
False,/2XSeKDmIa2KxaiJy4J9e8FrIZhk.jpg,"[16, 35, 80, 878, 10751]",20352,Despicable Me,en,Despicable Me,"Determined to prove he's the world's greatest supervillain, Gru hatches an audacious plan to steal the Moon. To pull it off, he adopts three orphaned girls—Margo, Edith, and Agnes—intending to use them as pawns in his scheme. But the unexpected bond they form forces him to question the criminal life he's always known.",29.7757,/b1BT309QWjtFUlJPLmXmrcHOWEL.jpg,2010-07-08,False,False,7.26,16373,"['Animation', 'Comedy', 'Crime', 'Science Fiction', 'Family']"
False,/eCynaAOgYYiw5yN5lBwz3IxqvaW.jpg,"[16, 10751, 12]",12,Finding Nemo,en,Finding Nemo,"Nemo, an adventurous young clownfish, is unexpectedly taken from his Great Barrier Reef home to a dentist's office aquarium. It's up to his worrisome father Marlin and a friendly but forgetful fish Dory to bring Nemo home -- meeting vegetarian sharks, surfer dude turtles, hypnotic jellyfish, hungry seagulls, and more along the way.",29.7394,/eHuGQ10FUzK1mdOY69wF5pGgEf5.jpg,2003-05-30,False,False,7.821,20968,"['Animation', 'Family', 'Adventure']"
False,/hT3OqvzMqCQuJsUjZnQwA5NuxgK.jpg,[53],985939,Fall,en,Fall,"For best friends Becky and Hunter, life is all about conquering fears and pushing limits. But after they climb 2,000 feet to the top of a remote, abandoned radio tower, they find themselves stranded with no way down. Now Becky and Hunter's expert climbing skills will be put to the ultimate test as they desperately fight to survive the elements, a lack of supplies, and vertigo-inducing heights.",29.645,/spCAxD99U1A6jsiePFoqdEcY0dG.jpg,2022-08-11,False,False,7.14,4866,['Thriller']
False,/ZPcC5hJh21QiW0jmhMQhZeSoGu.jpg,"[28, 12]",652,Troy,en,Troy,"In year 1250 B.C. during the late Bronze age, two emerging nations begin to clash. Paris, the Trojan prince, convinces Helen, Queen of Sparta, to leave her husband Menelaus, and sail with him back to Troy. After Menelaus finds out that his wife was taken by the Trojans, he asks his brother Agamemnon to help him get her back. Agamemnon sees this as an opportunity for power. They set off with 1,000 ships holding 50,000 Greeks to Troy.",29.5737,/a07wLy4ONfpsjnBqMwhlWTJTcm.jpg,2004-05-13,False,False,7.19,11508,"['Action', 'Adventure']"
False,/mITJS77BV4TSqdFB5FPGBc7JKXj.jpg,"[12, 14]",767,Harry Potter and the Half-Blood Prince,en,Harry Potter and the Half-Blood Prince,Dumbledore tries to prepare Harry for the final battle with Voldemort while Death Eaters wreak havoc in both Muggle and Wizard worlds.,29.4791,/z7uo9zmQdQwU5ZJHFpv2Upl30i1.jpg,2009-07-15,False,False,7.7,21185,"['Adventure', 'Fantasy']"
False,/izkMjmhauFx9DjoBQqM5sM5WAwE.jpg,"[28, 53, 878]",280,Terminator 2: Judgment Day,en,Terminator 2: Judgment Day,"Ten years after the events of the original, a reprogrammed T-800 is sent back in time to protect young John Connor from the shape-shifting T-1000. Together with his mother Sarah, he fights to stop Skynet from triggering a nuclear apocalypse.",29.3988,/jFTVD4XoWQTcg7wdyJKa8PEds5q.jpg,1991-07-03,False,False,8.2,14834,"['Action', 'Thriller', 'Science Fiction']"
False,/oz4U9eA6ilYf1tyiVuGmkftdLac.jpg,"[18, 10749, 53]",1010581,My Fault,es,Culpa mía,"Noah must leave her city, boyfriend, and friends to move into William Leister's mansion, the flashy and wealthy husband of her mother Rafaela. As a proud and independent 17 year old, Noah resists living in a mansion surrounded by luxury. However, it is there where she meets Nick, her new stepbrother, and the clash of their strong personalities becomes evident from the very beginning.",29.1879,/w46Vw536HwNnEzOa7J24YH9DPRS.jpg,2023-06-08,False,False,7.7,4190,"['Drama', 'Romance', 'Thriller']"
False,/70AV2Xx5FQYj20labp0EGdbjI6E.jpg,"[53, 80, 18]",637649,Wrath of Man,en,Wrath of Man,"A cold and mysterious new security guard for a Los Angeles cash truck company surprises his co-workers when he unleashes precision skills during a heist. The crew is left wondering who he is and where he came from. Soon, the marksman's ultimate motive becomes clear as he takes dramatic and irrevocable steps to settle a score.",28.9667,/M7SUK85sKjaStg4TKhlAVyGlz3.jpg,2021-04-22,False,False,7.57,6301,"['Thriller', 'Crime', 'Drama']"
False,/uRNgkJSkNBFbbn9fPsEjDIy8Sh3.jpg,"[12, 14, 28]",22,Pirates of the Caribbean: The Curse of the Black Pearl,en,Pirates of the Caribbean: The Curse of the Black Pearl,"When wily pirate Captain Barbossa seizes Jack Sparrow’s beloved ship, the Black Pearl, and kidnaps the governor’s daughter, Elizabeth Swann, blacksmith Will Turner reluctantly teams up with the unpredictable pirate Jack to rescue her—only to uncover a terrifying curse that turns Barbossa’s crew into the undead.",28.9362,/poHwCZeWzJCShH7tOjg8RIoyjcw.jpg,2003-07-09,False,False,7.834,22762,"['Adventure', 'Fantasy', 'Action']"
False,/nYs4ZwnJBK4AgljhvzwNz7fpr3E.jpg,"[16, 10751, 878]",10681,WALL·E,en,WALL·E,"After hundreds of years doing what he was built for, WALL•E— a robot designed to clean up the earth—discovers a new purpose in life when he meets a sleek search robot named EVE. EVE comes to realize that WALL•E has inadvertently stumbled upon the key to the planet's future, and races back to space to report to the humans. Meanwhile, WALL•E chases EVE across the galaxy and sets into motion one of the most imaginative adventures ever brought to the big screen.",28.8615,/hbhFnRzzg6ZDmm8YAmxBnQpQIPh.jpg,2008-06-26,False,False,8.124,20857,"['Animation', 'Family', 'Science Fiction']"
False,/9vAoubhoZE8aSkUZoSfxs3UWZhO.jpg,"[53, 28, 80]",156022,The Equalizer,en,The Equalizer,"McCall believes he has put his mysterious past behind him and dedicated himself to beginning a new, quiet life. But when he meets Teri, a young girl under the control of ultra-violent Russian gangsters, he can’t stand idly by – he has to help her. Armed with hidden skills that allow him to serve vengeance against anyone who would brutalize the helpless, McCall comes out of his self-imposed retirement and finds his desire for justice reawakened. If someone has a problem, if the odds are stacked against them, if they have nowhere else to turn, McCall will help. He is The Equalizer.",28.8245,/9u4yW7yPA0BQ2pv9XwiNzItwvp8.jpg,2014-09-24,False,False,7.292,10190,"['Thriller', 'Action', 'Crime']"
False,/4XM8DUTQb3lhLemJC51Jx4a2EuA.jpg,"[28, 80, 53]",385687,Fast X,en,Fast X,"Over many missions and against impossible odds, Dom Toretto and his family have outsmarted, out-nerved and outdriven every foe in their path. Now, they confront the most lethal opponent they've ever faced: A terrifying threat emerging from the shadows of the past who's fueled by blood revenge, and who is determined to shatter this family and destroy everything—and everyone—that Dom loves, forever.",28.7556,/fiVW06jE7z9YnO4trhaMEdclSiC.jpg,2023-05-17,False,False,7.0,6491,"['Action', 'Crime', 'Thriller']"
False,/wa0UGYppc6uWOdVow4Ko2CG4jk9.jpg,"[80, 27, 53]",73861,A Serbian Film,sr,Srpski film,"Retired porn star Milos leads a normal family life trying to make ends meet. Presented with the opportunity of a lifetime to financially support his family for the rest of their lives, Milos must participate in one last mysterious film. From then on, Milos is drawn into a maelstrom of unbelievable cruelty and mayhem.",28.7319,/yIQqiw3Az5QYNHLCUoCTtxXH24G.jpg,2010-01-06,False,False,5.448,2270,"['Crime', 'Horror', 'Thriller']"
False,/uAfhsySkr1UzQg1zdg3dZQRz9Fd.jpg,"[16, 10751, 35]",10193,Toy Story 3,en,Toy Story 3,"Woody, Buzz, and the rest of Andy's toys haven't been played with in years. With Andy about to go to college, the gang find themselves accidentally left at a nefarious day care center. The toys must band together to escape and return home to Andy.",28.6899,/AbbXspMOwdvwWZgVN0nabZq03Ec.jpg,2010-06-16,False,False,7.816,16215,"['Animation', 'Family', 'Comedy']"
False,/sWaKmnieGBGSrstaPLopH4m1A3K.jpg,"[18, 53, 9648, 10752]",10684,Courage Under Fire,en,Courage Under Fire,"A US Army officer, who made a ""friendly fire"" mistake that was covered up, has been reassigned to a desk job. He is tasked to investigate a female chopper commander's worthiness to be awarded the Medal of Honor. At first all seems in order. But then he begins to notice inconsistencies between the testimonies of the witnesses...",28.5175,/vDJurMJkrx049AiXa3DJx5Zx7a4.jpg,1996-07-04,False,False,6.6,1099,"['Drama', 'Thriller', 'Mystery', 'War']"
False,/9svsJni0pNROt53QBEj9JqZMuEK.jpg,"[12, 14]",675,Harry Potter and the Order of the Phoenix,en,Harry Potter and the Order of the Phoenix,"When a new professor's methods leave Hogwarts unprepared to fight the rising tide of evil, Harry teaches students how to defend against the dark arts.",28.3515,/5aOyriWkPec0zUDxmHFP9qMmBaj.jpg,2007-07-08,False,False,7.7,21218,"['Adventure', 'Fantasy']"
False,/vamhMTvh9m9zFHDoR0v1nRtf6T4.jpg,"[28, 12, 878]",429617,Spider-Man: Far From Home,en,Spider-Man: Far From Home,"Peter Parker and his friends go on a summer trip to Europe. However, they will hardly be able to rest - Peter will have to agree to help Nick Fury uncover the mystery of creatures that cause natural disasters and destruction throughout the continent.",28.3061,/4q2NNj4S5dG2RLF9CpXsej7yXl.jpg,2019-06-28,False,False,7.392,17599,"['Action', 'Adventure', 'Science Fiction']"
False,/iYqSQaWDttQIQzsxg9xHyg0bttG.jpg,"[27, 878]",945961,Alien: Romulus,en,Alien: Romulus,"While scavenging the deep ends of a derelict space station, a group of young space colonizers come face to face with the most terrifying life form in the universe.",28.2882,/2uSWRTtCG336nuBiG8jOTEUKSy8.jpg,2024-08-13,False,False,7.157,4875,"['Horror', 'Science Fiction']"
False,/xfBnQ4mgf1jYZsscJGJjr6ce0Ar.jpg,"[878, 28, 12]",1724,The Incredible Hulk,en,The Incredible Hulk,"Scientist Bruce Banner scours the planet for an antidote to the unbridled force of rage within him: the Hulk. But when the military masterminds who dream of exploiting his powers force him back to civilization, he finds himself coming face to face with a new, deadly foe.",28.2483,/gKzYx79y0AQTL4UAk1cBQJ3nvrm.jpg,2008-06-12,False,False,6.26,13130,"['Science Fiction', 'Action', 'Adventure']"
False,/gkh6Nt8DtY1XT4gQsyFq9XAVJlJ.jpg,"[18, 35]",350,The Devil Wears Prada,en,The Devil Wears Prada,"A young woman from the Midwest gets more than she bargained for when she moves to New York to become a writer and ends up as the assistant to the tyrannical, larger-than-life editor-in-chief of a major fashion magazine.",28.1873,/8912AsVuS7Sj915apArUFbv6F9L.jpg,2006-06-29,False,False,7.4,14229,"['Drama', 'Comedy']"
False,/sOLgkBKf1gjMRc4yXxM5aciXdfr.jpg,"[16, 12, 35, 10751]",920,Cars,en,Cars,"Lightning McQueen, a hotshot rookie race car driven to succeed, discovers that life is about the journey, not the finish line, when he finds himself unexpectedly detoured in the sleepy Route 66 town of Radiator Springs. On route across the country to the big Piston Cup Championship in California to compete against two seasoned pros, McQueen gets to know the town's offbeat characters.",28.1811,/2Touk3m5gzsqr1VsvxypdyHY5ci.jpg,2006-06-08,False,False,7.052,15505,"['Animation', 'Adventure', 'Comedy', 'Family']"
False,/robYRZk9LxJTwD7GlZCginji5k.jpg,"[16, 10751, 12, 35]",49013,Cars 2,en,Cars 2,Star race car Lightning McQueen and his pal Mater head overseas to compete in the World Grand Prix race. But the road to the championship becomes rocky as Mater gets caught up in an intriguing adventure of his own: international espionage.,28.1752,/okIz1HyxeVOMzYwwHUjH2pHi74I.jpg,2011-06-11,False,False,6.2,8688,"['Animation', 'Family', 'Adventure', 'Comedy']"
False,/7Nwnmyzrtd0FkcRyPqmdzTPppQa.jpg,"[80, 18, 35]",106646,The Wolf of Wall Street,en,The Wolf of Wall Street,"A New York stockbroker refuses to cooperate in a large securities fraud case involving corruption on Wall Street, corporate banking world and mob infiltration. Based on Jordan Belfort's autobiography.",28.1176,/kW9LmvYHAaS9iA0tHmZVq8hQYoq.jpg,2013-12-25,False,False,8.026,26517,"['Crime', 'Drama', 'Comedy']"
False,/fRGxZuo7jJUWQsVg9PREb98Aclp.jpg,"[18, 10402, 53]",244786,Whiplash,en,Whiplash,"Under the direction of a ruthless instructor, a talented young drummer begins to pursue perfection at any cost, even his humanity.",28.0773,/7fn624j5lj3xTme2SgiLCeuedmO.jpg,2014-10-10,False,False,8.4,17073,"['Drama', 'Music', 'Thriller']"
False,/xwgBHC2FgoIrQitl8jZwXXdsR9u.jpg,"[35, 18, 53]",466272,Once Upon a Time... in Hollywood,en,Once Upon a Time... in Hollywood,"Los Angeles, 1969. TV star Rick Dalton, a struggling actor specializing in westerns, and stuntman Cliff Booth, his best friend, try to survive in a constantly changing movie industry. Dalton is the neighbor of the young and promising actress and model Sharon Tate, who has just married the prestigious Polish director Roman Polanski…",27.8608,/8j58iEBw9pOXFD2L0nt0ZXeHviB.jpg,2019-07-24,False,False,7.4,15235,"['Comedy', 'Drama', 'Thriller']"
False,/AoSZyb37ljMAxw0RdeQEBHKtgcc.jpg,"[10751, 16, 12, 35, 14]",330457,Frozen II,en,Frozen II,"Elsa, Anna, Kristoff and Olaf head far into the forest to learn the truth about an ancient mystery of their kingdom.",27.745,/mINJaa34MtknCYl5AjtNJzWj8cD.jpg,2019-11-20,False,False,7.225,10468,"['Family', 'Animation', 'Adventure', 'Comedy', 'Fantasy']"
False,/3UbaCMmqOd7mca4Y5DOzY2ZVTyX.jpg,"[28, 12, 14]",122917,The Hobbit: The Battle of the Five Armies,en,The Hobbit: The Battle of the Five Armies,"Following Smaug's attack on Laketown, Bilbo and the dwarves try to defend Erebor's mountain of treasure from others who claim it: the men of the ruined Laketown and the elves of Mirkwood. Meanwhile an army of Orcs led by Azog the Defiler is marching on Erebor, fueled by the rise of the dark lord Sauron. Dwarves, elves and men must unite, and the hope for Middle-Earth falls into Bilbo's hands.",27.7095,/xT98tLqatZPQApyRmlPL12LtiWp.jpg,2014-12-10,False,False,7.337,15748,"['Action', 'Adventure', 'Fantasy']"
False,/lv3TXqhpaIxkclIHbhN2MRMOemQ.jpg,"[14, 28, 12]",453395,Doctor Strange in the Multiverse of Madness,en,Doctor Strange in the Multiverse of Madness,"Doctor Strange, with the help of mystical allies both old and new, traverses the mind-bending and dangerous alternate realities of the Multiverse to confront a mysterious new adversary.",27.6317,/ddJcSKbcp4rKZTmuyWaMhuwcfMz.jpg,2022-05-04,False,False,7.225,10821,"['Fantasy', 'Action', 'Adventure']"
False,/ghoeE63UBG8XKdMwOZkSY4wKAOa.jpg,[27],358962,Queen of Spades: The Dark Rite,ru,Пиковая дама: Черный обряд,"There is an ancient ritual known to humankind for more than a hundred years...According to the legend, an ominous entity known as The Queen of Spades can be summoned by drawing a door and staircase on a mirror in the darkness, and by saying her name three times. The Queen of Spades gets her energy from reflective objects; she cuts locks of hair from those asleep, and those that see her go mad or die. Four teenagers decide to call The Queen of Spades as a joke. But when one of them dies of a sudden heart attack, the group realizes they are up against something inexplicable and deadly dangerous.",27.4729,/oBN7kp13viC1ND6RyqKxzQfw5ep.jpg,2015-09-10,False,False,5.341,91,['Horror']
False,/lV1P1Q5gLDXVG1ZYCxZHStkcQC3.jpg,"[878, 12, 53]",131631,The Hunger Games: Mockingjay - Part 1,en,The Hunger Games: Mockingjay - Part 1,"After surviving the Quarter Quell, Katniss finds herself in the hidden stronghold of District 13, where the rebellion against the Capitol is gaining momentum. Struggling with the weight of becoming the symbol of resistance, she must navigate fragile alliances while trying to protect those she loves. As propaganda battles rage and Panem moves closer to full-scale war, Katniss is forced to confront the true cost of revolution.",27.3981,/4FAA18ZIja70d1Tu5hr5cj2q1sB.jpg,2014-11-19,False,False,6.814,17002,"['Science Fiction', 'Adventure', 'Thriller']"
False,/cF3H9pyUF6dsvqlYUcH0TyBAMTG.jpg,"[12, 16, 10751]",105864,The Good Dinosaur,en,The Good Dinosaur,An epic journey into the world of dinosaurs where an Apatosaurus named Arlo makes an unlikely human friend.,27.3531,/8RSkxOO80btfKjyiC5ZiTaCHIT8.jpg,2015-11-14,False,False,6.751,6148,"['Adventure', 'Animation', 'Family']"
False,/tJvRdhlkonjBLBUpTqp0RPPujxJ.jpg,"[27, 53]",49018,Insidious,en,Insidious,"A family discovers that dark spirits have invaded their home after their son inexplicably falls into an endless sleep. When they reach out to a professional for help, they learn things are a lot more personal than they thought.",27.2018,/8su4HXNbbOHBDT3dIc9aWlL5aZ6.jpg,2011-03-31,False,False,6.956,7595,"['Horror', 'Thriller']"
False,/95ckrV6wQgbffurAVmETQ5YKASL.jpg,"[10752, 18, 28]",228150,Fury,en,Fury,"April, 1945. As the Allies make their final push in the European Theater, a battle-hardened army sergeant commands a Sherman tank with a five-man crew on a deadly mission behind enemy lines.",26.7447,/pfte7wdMobMF4CVHuOxyu6oqeeA.jpg,2014-10-15,False,False,7.544,13227,"['War', 'Drama', 'Action']"
False,/1esAE8sLJRWWFsLLeh5r3g2WanI.jpg,"[35, 12, 14]",346698,Barbie,en,Barbie,"Barbie and Ken are having the time of their lives in the colorful and seemingly perfect world of Barbie Land. However, when they get a chance to go to the real world, they soon discover the joys and perils of living among humans.",26.7349,/iuFNMS8U5cb6xfzi51Dbkovj7vM.jpg,2023-07-19,False,False,6.9,11557,"['Comedy', 'Adventure', 'Fantasy']"
False,/rbZvGN1A1QyZuoKzhCw8QPmf2q0.jpg,"[18, 53, 9648]",11324,Shutter Island,en,Shutter Island,"World War II soldier-turned-U.S. Marshal Teddy Daniels investigates the disappearance of a patient from a hospital for the criminally insane, but his efforts are compromised by troubling visions and a mysterious doctor.",26.6545,/nrmXQ0zcZUL8jFLrakWc90IR8z9.jpg,2010-02-14,False,False,8.197,26417,"['Drama', 'Thriller', 'Mystery']"
False,/83H0C66AcvkwpG2738VCTHMY9uv.jpg,"[28, 12, 878]",505642,Black Panther: Wakanda Forever,en,Black Panther: Wakanda Forever,"Queen Ramonda, Shuri, M’Baku, Okoye and the Dora Milaje fight to protect their nation from intervening world powers in the wake of King T’Challa’s death.  As the Wakandans strive to embrace their next chapter, the heroes must band together with the help of War Dog Nakia and Everett Ross and forge a new path for the kingdom of Wakanda.",26.5188,/sv1xJUazXeYqALzczSZ3O6nkH75.jpg,2022-11-09,False,False,6.992,7768,"['Action', 'Adventure', 'Science Fiction']"
False,/k0hlAzTryCYX1O1LyC6P8tAa8s0.jpg,"[28, 12, 878]",102382,The Amazing Spider-Man 2,en,The Amazing Spider-Man 2,"For Peter Parker, life is busy. Between taking out the bad guys as Spider-Man and spending time with the person he loves, Gwen Stacy, high school graduation cannot come quickly enough. Peter has not forgotten about the promise he made to Gwen’s father to protect her by staying away, but that is a promise he cannot keep. Things will change for Peter when a new villain, Electro, emerges, an old friend, Harry Osborn, returns, and Peter uncovers new clues about his past.",26.436,/bU7nTmvmy0h3VUP01v1T2imgH6N.jpg,2014-04-16,False,False,6.56,14733,"['Action', 'Adventure', 'Science Fiction']"
False,/w4pUYpFTywnCn40NV9XKy2Wdacv.jpg,"[36, 18]",500006,Utøya: July 22,no,Utøya 22. juli,A teenage girl fights for survival and to locate her young sister during the 2011 terrorist attack at a political summer camp on the Norwegian island of Utøya.,26.4236,/bpa91Opnvl4XxUCycyNGvhwRWqC.jpg,2018-03-09,False,False,7.111,467,"['History', 'Drama']"
False,/qxGmHvmjlBlH5WZOhdHEHAjHaMB.jpg,"[16, 35, 10751, 14]",2062,Ratatouille,en,Ratatouille,"In one of Paris's finest restaurants, Remy, a determined young rat, dreams of becoming a renowned French chef. Torn between his family's wishes and his true calling, Remy and his pal Linguini set in motion a hilarious chain of events that turns the City of Lights upside down.",26.3142,/t3vaWRPSf6WjDSamIkKDs1iQWna.jpg,2007-06-28,False,False,7.8,18930,"['Animation', 'Comedy', 'Family', 'Fantasy']"
False,/gl0jzn4BupSbL2qMVeqrjKkF9Js.jpg,"[12, 14, 16]",128,Princess Mononoke,ja,もののけ姫,"Ashitaka, a prince of the disappearing Emishi people, is cursed by a demonized boar god and must journey to the west to find a cure. Along the way, he encounters San, a young human woman fighting to protect the forest, and Lady Eboshi, who is trying to destroy it. Ashitaka must find a way to bring balance to this conflict.",26.3141,/cMYCDADoLKLbB83g4WnJegaZimC.jpg,1997-07-12,False,False,8.319,9285,"['Adventure', 'Fantasy', 'Animation']"
False,/hGGC9gKo7CFE3fW07RA587e5kol.jpg,"[16, 35, 10751, 12]",14160,Up,en,Up,"Carl Fredricksen spent his entire life dreaming of exploring the globe and experiencing life to its fullest. But at age 78, life seems to have passed him by, until a twist of fate (and a persistent 8-year old Wilderness Explorer named Russell) gives him a new lease on life.",26.2725,/mFvoEwSfLqbcWwFsDjQebn9bzFe.jpg,2009-05-28,False,False,7.96,22119,"['Animation', 'Comedy', 'Family', 'Adventure']"
False,/3czpqXzFy5UcNuD1AubecRLWkwD.jpg,"[28, 12, 878]",127585,X-Men: Days of Future Past,en,X-Men: Days of Future Past,The ultimate X-Men ensemble fights a war for the survival of the species across two time periods as they join forces with their younger selves in an epic battle that must change the past – to save our future.,26.253,/tYfijzolzgoMOtegh1Y7j2Enorg.jpg,2014-05-15,False,False,7.536,16653,"['Action', 'Adventure', 'Science Fiction']"
False,/1jHxkVXMI5s3vRiyiZooUy1shB5.jpg,"[12, 14, 28]",285,Pirates of the Caribbean: At World's End,en,Pirates of the Caribbean: At World's End,"After losing Captain Jack Sparrow to the locker of Davy Jones, Will Turner, Elizabeth Swann, and Captain Barbossa journey to the ends of the earth to rescue him. And as the East India Trading Company tightens its grip on the seas under Lord Cutler Beckett—now in control of Davy Jones—the fate of piracy hangs by a thread. Now, they must unite the pirate lords for one final stand. But as loyalties are tested and alliances shift, each must ultimately choose where they stand in the battle for freedom on the high seas.",26.2084,/jGWpG4YhpQwVmjyHEGkxEkeRf0S.jpg,2007-05-19,False,False,7.277,15820,"['Adventure', 'Fantasy', 'Action']"
False,/sRx1eyBP8ydHQixz5ejV09YVZrn.jpg,"[18, 36, 10749]",4517,Elizabeth: The Golden Age,en,Elizabeth: The Golden Age,"When Queen Elizabeth's reign is threatened by ruthless familial betrayal and Spain's invading army, she and her shrewd adviser must act to safeguard the lives of her people.",26.1874,/oBQ64TyPEINgVpwKWriv3QsIDJb.jpg,2007-09-09,False,False,6.706,1341,"['Drama', 'History', 'Romance']"
False,/bGGjyPqtNc8hhGkPo8W8D8t90bW.jpg,"[28, 12, 53]",539972,Kraven the Hunter,en,Kraven the Hunter,"Kraven Kravinoff's complex relationship with his ruthless gangster father, Nikolai, starts him down a path of vengeance with brutal consequences, motivating him to become not only the greatest hunter in the world, but also one of its most feared.",26.1867,/1GvBhRxY6MELDfxFrete6BNhBB5.jpg,2024-12-11,False,False,6.415,2499,"['Action', 'Adventure', 'Thriller']"
False,/vDKRMZGFTKP9nQolzeSB1rB1w6p.jpg,"[18, 36, 10752]",324786,Hacksaw Ridge,en,Hacksaw Ridge,"WWII American Army Medic Desmond T. Doss, who served during the Battle of Okinawa, refuses to kill people and becomes the first Conscientious Objector in American history to receive the Congressional Medal of Honor.",26.1185,/fnOMP6mjmOmZwmlC1n0K7ivrzt1.jpg,2016-10-07,False,False,8.192,15287,"['Drama', 'History', 'War']"
False,/lxwzY9vNwjDgxWKt3zZ6zcU6rEJ.jpg,"[28, 12, 16, 10751]",9806,The Incredibles,en,The Incredibles,"Bob Parr has given up his superhero days to log in time as an insurance adjuster and raise his three children with his formerly heroic wife in suburbia. But when he receives a mysterious assignment, it's time to get back into costume.",26.1028,/2LqaLgk4Z226KkgPJuiOQ58wvrm.jpg,2004-10-27,False,False,7.729,19294,"['Action', 'Adventure', 'Animation', 'Family']"
False,/bdD39MpSVhKjxarTxLSfX6baoMP.jpg,"[10752, 18, 36]",857,Saving Private Ryan,en,Saving Private Ryan,"As U.S. troops storm the beaches of Normandy, three brothers lie dead on the battlefield, with a fourth trapped behind enemy lines. Ranger captain John Miller and seven men are tasked with penetrating German-held territory and bringing the boy home.",26.068,/uqx37cS8cpHg8U35f9U5IBlrCV3.jpg,1998-07-24,False,False,8.233,17766,"['War', 'Drama', 'History']"
False,/usuRn9DUKQQr4nBWnrQzlOuZ1Q4.jpg,"[36, 18, 53, 10752]",205596,The Imitation Game,en,The Imitation Game,"Based on the real life story of legendary cryptanalyst Alan Turing, the film portrays the nail-biting race against time by Turing and his brilliant team of code-breakers at Britain's top-secret Government Code and Cypher School at Bletchley Park, during the darkest days of World War II.",26.0337,/zSqJ1qFq8NXFfi7JeIYMlzyR0dx.jpg,2014-11-14,False,False,7.98,18409,"['History', 'Drama', 'Thriller', 'War']"
False,/ihOd5W6qOgrBSLj0uDTnGs8k1aa.jpg,"[14, 12, 10751, 35]",10588,The Cat in the Hat,en,The Cat in the Hat,"During a rainy day, and while their mother is out, Conrad and Sally, and their pet fish, are visited by the mischievous Cat in the Hat. Fun soon turns to mayhem, and the siblings must figure out how to rid themselves of the maniacal Cat.",26.0295,/uYYLz67e5xEQMsY858VSSCDsLU6.jpg,2003-11-21,False,False,5.362,1874,"['Fantasy', 'Adventure', 'Family', 'Comedy']"
False,/iWak7wT0j6ycCc8lKr4NBz9c7n5.jpg,"[9648, 53, 18]",210577,Gone Girl,en,Gone Girl,"With his wife's disappearance having become the focus of an intense media circus, a man sees the spotlight turned on him when it's suspected that he may not be innocent.",25.9576,/ts996lKsxvjkO2yiYG0ht4qAicO.jpg,2014-10-01,False,False,7.889,20394,"['Mystery', 'Thriller', 'Drama']"
False,/jr8tSoJGj33XLgFBy6lmZhpGQNu.jpg,"[16, 12, 14, 35, 10751]",315162,Puss in Boots: The Last Wish,en,Puss in Boots: The Last Wish,"Puss in Boots discovers that his passion for adventure has taken its toll: He has burned through eight of his nine lives, leaving him with only one life left. Puss sets out on an epic journey to find the mythical Last Wish and restore his nine lives.",25.7651,/kuf6dutpsT0vSVehic3EZIqkOBt.jpg,2022-12-07,False,False,8.217,9220,"['Animation', 'Adventure', 'Fantasy', 'Comedy', 'Family']"
False,/pjlxrd646cBYznHoPBWTzz6FujX.jpg,"[28, 878, 18]",39254,Real Steel,en,Real Steel,"Charlie Kenton is a washed-up fighter who retired from the ring when robots took over the sport. After his robot is trashed, he reluctantly teams up with his estranged son to rebuild and train an unlikely contender.",25.7513,/4GIeI5K5YdDUkR3mNQBoScpSFEf.jpg,2011-09-28,False,False,7.144,9541,"['Action', 'Science Fiction', 'Drama']"
False,/b6ZJZHUdMEFECvGiDpJjlfUWela.jpg,"[28, 12, 878]",284054,Black Panther,en,Black Panther,"King T'Challa returns home to the reclusive, technologically advanced African nation of Wakanda to serve as his country's new leader. However, T'Challa soon finds that he is challenged for the throne by factions within his own country as well as without. Using powers reserved to Wakandan kings, T'Challa assumes the Black Panther mantle to join with ex-girlfriend Nakia, the queen-mother, his princess-kid sister, members of the Dora Milaje (the Wakandan 'special forces') and an American secret agent, to prevent Wakanda from being dragged into a world war.",25.6789,/uxzzxijgPIY7slzFvMotPv8wjKA.jpg,2018-02-13,False,False,7.362,23952,"['Action', 'Adventure', 'Science Fiction']"
False,/rFj9IKlL75B2pXhZA60jkNWvxeW.jpg,"[28, 12, 35]",293660,Deadpool,en,Deadpool,"The origin story of former Special Forces operative turned mercenary Wade Wilson, who, after being subjected to a rogue experiment that leaves him with accelerated healing powers, adopts the alter ego Deadpool. Armed with his new abilities and a dark, twisted sense of humor, Deadpool hunts down the man who nearly destroyed his life.",25.6684,/3E53WEZJqP6aM84D8CckXx4pIHw.jpg,2016-02-09,False,False,7.626,33287,"['Action', 'Adventure', 'Comedy']"
False,/fj0hwDJEOOHllRim2BMt5L7tbjf.jpg,"[80, 18, 28]",101,Léon: The Professional,fr,Léon,"Léon, the top hit man in New York, has earned a rep as an effective ""cleaner"". But when his next-door neighbors are wiped out by a loose-cannon DEA agent, he becomes the unwilling custodian of 12-year-old Mathilda. Before long, Mathilda's thoughts turn to revenge, and she considers following in Léon's footsteps.",25.6601,/bxB2q91nKYp8JNzqE7t7TWBVupB.jpg,1994-09-14,False,False,8.291,16511,"['Crime', 'Drama', 'Action']"
False,/vLmHH8jAy8Jq8uBsLucd3592WGh.jpg,"[28, 878, 35, 12]",284053,Thor: Ragnarok,en,Thor: Ragnarok,"Thor is imprisoned on the other side of the universe and finds himself in a race against time to get back to Asgard to stop Ragnarok, the destruction of his home-world and the end of Asgardian civilization, at the hands of a powerful new threat, the ruthless Hela.",25.6181,/rzRwTcFvttcN1ZpX2xv4j3tSdJu.jpg,2017-10-02,False,False,7.58,22474,"['Action', 'Science Fiction', 'Comedy', 'Adventure']"
False,/zOpe0eHsq0A2NvNyBbtT6sj53qV.jpg,"[28, 878, 35, 10751]",939243,Sonic the Hedgehog 3,en,Sonic the Hedgehog 3,"Sonic, Knuckles, and Tails reunite against a powerful new adversary, Shadow, a mysterious villain with powers unlike anything they have faced before. With their abilities outmatched in every way, Team Sonic must seek out an unlikely alliance in hopes of stopping Shadow and protecting the planet.",25.5464,/d8Ryb8AunYAuycVKDp5HpdWPKgC.jpg,2024-12-19,False,False,7.6,3457,"['Action', 'Science Fiction', 'Comedy', 'Family']"
False,/bBQHALHRAaaORlPNXv7fNcRXYdx.jpg,"[9648, 53, 27]",419430,Get Out,en,Get Out,"Chris and his girlfriend Rose go upstate to visit her parents for the weekend. At first, Chris reads the family's overly accommodating behavior as nervous attempts to deal with their daughter's interracial relationship, but as the weekend progresses, a series of increasingly disturbing discoveries lead him to a truth that he never could have imagined.",25.3499,/tFXcEccSQMf3lfhfXKSU9iRBpa3.jpg,2017-02-24,False,False,7.625,19333,"['Mystery', 'Thriller', 'Horror']"
False,/brnfCYyz8EMbBrHgmh8sCwBi5i1.jpg,"[28, 27, 53, 12]",396535,Train to Busan,ko,부산행,"When a zombie virus pushes Korea into a state of emergency, those trapped on an express train to Busan must fight for their own survival.",25.2851,/vNVFt6dtcqnI7hqa6LFBUibuFiw.jpg,2016-07-20,False,False,7.748,8731,"['Action', 'Horror', 'Thriller', 'Adventure']"
False,/mMtUybQ6hL24FXo0F3Z4j2KG7kZ.jpg,"[16, 10749, 18]",372058,Your Name.,ja,君の名は。,"High schoolers Mitsuha and Taki are complete strangers living separate lives. But one night, they suddenly switch places. Mitsuha wakes up in Taki’s body, and he in hers. This bizarre occurrence continues to happen randomly, and the two must adjust their lives around each other.",25.2185,/vfJFJPepRKapMd5G2ro7klIRysq.jpg,2016-07-01,False,False,8.487,12991,"['Animation', 'Romance', 'Drama']"
False,/f0ACHVpV707zqu4etZrXnWNdSgL.jpg,"[28, 80, 53]",866398,The Beekeeper,en,The Beekeeper,One man's campaign for vengeance takes on national stakes after he is revealed to be a former operative of a powerful and clandestine organization known as Beekeepers.,25.2138,/A7EByudX0eOzlkQ2FIbogzyazm2.jpg,2024-01-08,False,False,7.3,4529,"['Action', 'Crime', 'Thriller']"
False,/iVped1djsF0tvGkvnHbzsE3ZPTF.jpg,"[28, 12, 878]",68721,Iron Man 3,en,Iron Man 3,"When Tony Stark's world is torn apart by a formidable terrorist called the Mandarin, he starts an odyssey of rebuilding and retribution.",25.0971,/qhPtAc1TKbMPqNvcdXSOn9Bn7hZ.jpg,2013-04-18,False,False,6.932,23868,"['Action', 'Adventure', 'Science Fiction']"
False,/4mlS1MitcOqdPLhxEFyk9Qwf5rr.jpg,"[16, 18, 10751, 12]",260514,Cars 3,en,Cars 3,"Blindsided by a new generation of blazing-fast racers, the legendary Lightning McQueen finds himself pushed to the brink—and suddenly, the champion who once ruled the track is fighting just to stay in the race. With his career hanging in the balance, McQueen must turn to an ambitious young race technician with a plan of her own, draw strength from the legacy of the late Fabulous Hudson Hornet, and risk everything on one last shot at glory.",24.9476,/zg5RDxvIIAKsucjuU2EZJIHEIvz.jpg,2017-06-15,False,False,6.9,6571,"['Animation', 'Drama', 'Family', 'Adventure']"
False,/kkoiH8ZWxJ9WSAjOadGtuHUQxbm.jpg,"[14, 12, 28]",284052,Doctor Strange,en,Doctor Strange,"After his career is destroyed, a brilliant but arrogant surgeon gets a new lease on life when a sorcerer takes him under her wing and trains him to defend the world against evil.",24.9288,/uGBVj3bEbCoZbDjjl9wTxcygko1.jpg,2016-10-25,False,False,7.425,23904,"['Fantasy', 'Adventure', 'Action']"
False,/6WRrGYalXXveItfpnipYdayFkQB.jpg,"[18, 53, 80]",1422,The Departed,en,The Departed,"To take down South Boston's Irish Mafia, the police send in one of their own to infiltrate the underworld, not realizing the syndicate has done likewise. While an undercover cop curries favor with the mob kingpin, a career criminal rises through the police ranks. But both sides soon discover there's a mole among them.",24.8681,/nT97ifVT2J1yMQmeq20Qblg61T.jpg,2006-10-04,False,False,8.159,16629,"['Drama', 'Thriller', 'Crime']"
False,/8zLS8p1tRyWFLRFfmgQq0j5WE6z.jpg,"[12, 28, 14]",564,The Mummy,en,The Mummy,Dashing legionnaire Rick O'Connell stumbles upon the hidden ruins of Hamunaptra while in the midst of a battle to claim the area in 1920s Egypt. It has been over three thousand years since former High Priest Imhotep suffered a fate worse than death as a punishment for a forbidden love—along with a curse that guarantees eternal doom upon the world if he is ever awoken.,24.7803,/yhIsVvcUm7QxzLfT6HW2wLf5ajY.jpg,1999-04-16,False,False,6.992,10377,"['Adventure', 'Action', 'Fantasy']"
False,/clFFCapyGpE7KD4Jsu5pUbFBZF4.jpg,"[28, 53, 18]",359410,Road House,en,Road House,"Ex-UFC fighter Dalton takes a job as a bouncer at a Florida Keys roadhouse, only to discover that this paradise is not all it seems.",24.7676,/fDEdtS4P0gJsxHDIt8dG8TR5dx1.jpg,2024-03-08,False,False,6.9,3231,"['Action', 'Thriller', 'Drama']"
False,/acvE3RWjDLgvbL2RtcyzkrsAyNV.jpg,"[80, 36, 18]",466420,Killers of the Flower Moon,en,Killers of the Flower Moon,"When oil is discovered in 1920s Oklahoma under Osage Nation land, the Osage people are murdered one by one—until the FBI steps in to unravel the mystery.",24.6557,/dB6Krk806zeqd0YNp2ngQ9zXteH.jpg,2023-10-18,False,False,7.391,4329,"['Crime', 'History', 'Drama']"
False,/xtHonIIIQXverDQM08TMQXjn9Fe.jpg,"[35, 14]",214756,Ted 2,en,Ted 2,"Newlywed couple Ted and Tami-Lynn want to have a baby, but in order to qualify to be a parent, Ted will have to prove he's a person in a court of law.",24.6467,/38C91I7Xft0gyY7BITm8i4yvuRb.jpg,2015-06-25,False,False,6.326,8162,"['Comedy', 'Fantasy']"
False,/zdXnJqBaGFVtLoPNuMeKfEYUViZ.jpg,"[10749, 18]",11036,The Notebook,en,The Notebook,"An epic love story centered around an older man who reads aloud to a woman with Alzheimer's. From a faded notebook, the old man's words bring to life the story about a couple who is separated by World War II, and is then passionately reunited, seven years later, after they have taken different paths.",24.4392,/rNzQyW4f8B8cQeg7Dgj3n6eT5k9.jpg,2004-06-25,False,False,7.888,12864,"['Romance', 'Drama']"
False,/3P52oz9HPQWxcwHOwxtyrVV1LKi.jpg,"[28, 35, 12]",383498,Deadpool 2,en,Deadpool 2,Wisecracking mercenary Deadpool battles the evil and powerful Cable and other bad guys to save a boy's life.,24.334,/to0spRl1CMDvyUbOnbb4fTk3VAd.jpg,2018-05-15,False,False,7.488,19645,"['Action', 'Comedy', 'Adventure']"
False,/ew5FcYiRhTYNJAkxoVPMNlCOdVn.jpg,"[18, 80, 28]",272,Batman Begins,en,Batman Begins,"Driven by tragedy, billionaire Bruce Wayne dedicates his life to uncovering and defeating the corruption that plagues his home, Gotham City.  Unable to work within the system, he instead creates a new identity, a symbol of fear for the criminal underworld - The Batman.",24.2776,/sPX89Td70IDDjVr85jdSBb4rWGr.jpg,2005-06-10,False,False,7.73,23171,"['Drama', 'Crime', 'Action']"
False,/aJn9XeesqsrSLKcHfHP4u5985hn.jpg,"[878, 12, 28]",283995,Guardians of the Galaxy Vol. 2,en,Guardians of the Galaxy Vol. 2,The Guardians must fight to keep their newfound family together as they unravel the mysteries of Peter Quill's true parentage.,24.1826,/y4MBh0EjBlMuOzv9axM4qJlmhzz.jpg,2017-04-25,False,False,7.609,23429,"['Science Fiction', 'Adventure', 'Action']"
False,/lzMS0CI3FLQYC5EgJoWeIaEt0lm.jpg,"[878, 18, 12]",286217,The Martian,en,The Martian,"During a manned mission to Mars, Astronaut Mark Watney is presumed dead after a fierce storm and left behind by his crew. But Watney has survived and finds himself stranded and alone on the hostile planet. With only meager supplies, he must draw upon his ingenuity, wit and spirit to subsist and find a way to signal to Earth that he is alive.",24.0823,/5BHuvQ6p9kfc091Z8RiFNhCwL4b.jpg,2015-09-30,False,False,7.708,21805,"['Science Fiction', 'Drama', 'Adventure']"
False,/gILte6Zd7m1YneIr6MVhh30S9pr.jpg,"[18, 80]",769,GoodFellas,en,GoodFellas,"The true story of Henry Hill, a half-Irish, half-Sicilian Brooklyn kid who is adopted by neighbourhood gangsters at an early age and climbs the ranks of a Mafia family under the guidance of Jimmy Conway.",23.9688,/9OkCLM73MIU2CrKZbqiT8Ln1wY2.jpg,1990-09-12,False,False,8.5,14749,"['Drama', 'Crime']"
False,/hD9zZYKYb1xBgcm8XIfyvclSkjs.jpg,[27],259693,The Conjuring 2,en,The Conjuring 2,Lorraine and Ed Warren travel to north London to help a single mother raising four children alone in a house plagued by malicious spirits.,23.8684,/zEqyD0SBt6HL7W9JQoWwtd5Do1T.jpg,2016-06-08,False,False,7.295,9402,['Horror']
False,/6TjllWT3cGrPFyqDXurVZ3L8bBi.jpg,"[9648, 53, 18]",745,The Sixth Sense,en,The Sixth Sense,"Following an unexpected tragedy, child psychologist Malcolm Crowe meets a nine year old boy named Cole Sear, who is hiding a dark secret.",23.8333,/vOyfUXNFSnaTk7Vk5AjpsKTUWsu.jpg,1999-08-06,False,False,7.954,13291,"['Mystery', 'Thriller', 'Drama']"
False,/uU1Mt4JWhDvl4vKb3AfxNsorkoM.jpg,"[10751, 14, 10749]",321612,Beauty and the Beast,en,Beauty and the Beast,A live-action adaptation of Disney's version of the classic tale of a cursed prince and a beautiful young woman who helps him break the spell.,23.8326,/hKegSKIDep2ewJWPUQD7u0KqFIp.jpg,2017-03-16,False,False,6.967,16158,"['Family', 'Fantasy', 'Romance']"
False,/9n2tJBplPbgR2ca05hS5CKXwP2c.jpg,"[10751, 35, 12, 14, 16]",502356,The Super Mario Bros. Movie,en,The Super Mario Bros. Movie,"While working underground to fix a water main, Brooklyn plumbers—and brothers—Mario and Luigi are transported down a mysterious pipe and wander into a magical new world. But when the brothers are separated, Mario embarks on an epic quest to find Luigi.",23.7571,/qNBAXBIQlnOThrVvA6mA2B5ggV6.jpg,2023-04-05,False,False,7.593,11126,"['Family', 'Comedy', 'Adventure', 'Fantasy', 'Animation']"
False,/bckxSN9ueOgm0gJpVJmPQrecWul.jpg,"[28, 12, 14]",572802,Aquaman and the Lost Kingdom,en,Aquaman and the Lost Kingdom,"Black Manta seeks revenge on Aquaman for his father's death. Wielding the Black Trident's power, he becomes a formidable foe. To defend Atlantis, Arthur (Aquaman) forges an alliance with his imprisoned brother. They must protect the kingdom.",23.697,/7lTnXOy0iNtBAdRP3TZvaKJ77F6.jpg,2023-12-20,False,False,6.502,3659,"['Action', 'Adventure', 'Fantasy']"
False,/8pwIhymsxfAVjrAE7syDjQULn37.jpg,"[16, 35, 10751, 12]",425,Ice Age,en,Ice Age,"Manny the mammoth, Sid the loquacious sloth, and Diego the sabre-toothed tiger go on a comical quest to return a human baby back to his father, across a world on the brink of an ice age.",23.5708,/gLhHHZUzeseRXShoDyC4VqLgsNv.jpg,2002-03-14,False,False,7.4,14620,"['Animation', 'Comedy', 'Family', 'Adventure']"
False,/5fX1oSGuYdKgwWmUTAN5MNSQGzr.jpg,"[28, 12, 14]",209112,Batman v Superman: Dawn of Justice,en,Batman v Superman: Dawn of Justice,"Fearing the actions of a god-like Super Hero left unchecked, Gotham City’s own formidable, forceful vigilante takes on Metropolis’s most revered, modern-day savior, while the world wrestles with what sort of hero it really needs. And with Batman and Superman at war with one another, a new threat quickly arises, putting mankind in greater danger than it’s ever known before.",23.5525,/5UsK3grJvtQrtzEgqNlDljJW96w.jpg,2016-03-23,False,False,6.012,19357,"['Action', 'Adventure', 'Fantasy']"
False,/rOmUuQEZfPXglwFs5ELLLUDKodL.jpg,"[28, 12, 35, 14]",845781,Red One,en,Red One,"After Santa Claus (codename: Red One) is kidnapped, the North Pole's Head of Security must team up with the world's most infamous tracker in a globe-trotting, action-packed mission to save Christmas.",23.5123,/cdqLnri3NEGcmfnqwk2TSIYtddg.jpg,2024-10-31,False,False,6.96,3161,"['Action', 'Adventure', 'Comedy', 'Fantasy']"
False,/8itHQecANtOevcCdr3AhVxFCYkw.jpg,"[18, 28, 12, 36, 10752]",1495,Kingdom of Heaven,en,Kingdom of Heaven,"After his wife dies, a blacksmith named Balian is thrust into royalty, political intrigue and bloody holy wars during the Crusades.",23.4358,/rNaBe4TwbMef71sgscqabpGKsxh.jpg,2005-05-03,False,False,7.1,5225,"['Drama', 'Action', 'Adventure', 'History', 'War']"
False,/9tOkjBEiiGcaClgJFtwocStZvIT.jpg,"[16, 12, 10751, 35]",269149,Zootopia,en,Zootopia,"Determined to prove herself, Officer Judy Hopps, the first bunny on Zootopia's police force, jumps at the chance to crack her first case - even if it means partnering with scam-artist fox Nick Wilde to solve the mystery.",23.4332,/hlK0e0wAQ3VLuJcsfIYPvb4JVud.jpg,2016-02-11,False,False,7.765,18517,"['Animation', 'Adventure', 'Family', 'Comedy']"
False,/cDJ61O1STtbWNBwefuqVrRe3d7l.jpg,"[12, 14, 28]",10195,Thor,en,Thor,"Against his father Odin's will, The Mighty Thor - a powerful but arrogant warrior god - recklessly reignites an ancient war. Thor is cast down to Earth and forced to live among humans as punishment. Once here, Thor learns what it takes to be a true hero when the most dangerous villain of his world sends the darkest forces of Asgard to invade Earth.",23.4149,/prSfAi1xGrhLQNxVSUFh61xQ4Qy.jpg,2011-04-21,False,False,6.772,22789,"['Adventure', 'Fantasy', 'Action']"
False,/ojgXOhVi9Yk8irDpRfDkIzdD1LK.jpg,"[35, 10749, 18]",18240,The Proposal,en,The Proposal,"When she learns she's in danger of losing her visa status and being deported, overbearing book editor Margaret Tate forces her put-upon assistant, Andrew Paxton, to marry her.",23.3866,/6stnAm1wSek8ZrislwK4xGTyCnt.jpg,2009-06-02,False,False,7.2,7762,"['Comedy', 'Romance', 'Drama']"
False,/5En0fmDagt3Pk8d7P3uTwfeQceg.jpg,"[18, 35, 36]",490132,Green Book,en,Green Book,"Tony Lip, a bouncer in 1962, is hired to drive pianist Don Shirley on a tour through the Deep South in the days when African Americans, forced to find alternate accommodations and services due to segregation laws below the Mason-Dixon Line, relied on a guide called The Negro Motorist Green Book.",23.3197,/7BsvSuDQuoqhWmU2fL7W2GOcZHU.jpg,2018-11-16,False,False,8.223,13243,"['Drama', 'Comedy', 'History']"
False,/4DZxWNSAyksN6N3JkvpJ53Yq6zU.jpg,"[28, 18, 878]",263115,Logan,en,Logan,"In the near future, a weary Logan cares for an ailing Professor X in a hideout on the Mexican border. But Logan's attempts to hide from the world and his legacy are upended when a young mutant arrives, pursued by dark forces.",23.2393,/fnbjcRDYn6YviCcePDnGdyAkYsB.jpg,2017-02-28,False,False,7.82,20831,"['Action', 'Drama', 'Science Fiction']"
False,/xyXmtuvsoM5J3yNad0nvcetpBdY.jpg,"[12, 14, 28]",49051,The Hobbit: An Unexpected Journey,en,The Hobbit: An Unexpected Journey,"Bilbo Baggins, a hobbit enjoying his quiet life, is swept into an epic quest by Gandalf the Grey and thirteen dwarves who seek to reclaim their mountain home from Smaug, the dragon.",23.2217,/yHA9Fc37VmpUA5UncTxxo3rTGVA.jpg,2012-12-12,False,False,7.381,20064,"['Adventure', 'Fantasy', 'Action']"
False,/z354BaTVzKj7E60WLzDoSmUuO4u.jpg,"[18, 28, 10752]",616,The Last Samurai,en,The Last Samurai,"Nathan Algren is an American hired to instruct the Japanese army in the ways of modern warfare, which finds him learning to respect the samurai and the honorable principles that rule them. Pressed to destroy the samurai's way of life in the name of modernization and open trade, Algren decides to become an ultimate warrior himself and to fight for their right to exist.",23.1484,/a8jmJPs5eZBARmnuEEvZwbjwyz4.jpg,2003-12-05,False,False,7.611,7766,"['Drama', 'Action', 'War']"
False,/iJiyR6hhMpgsx8nPppHjnbugh9f.jpg,"[27, 53]",509635,Alone,en,Alone,"A recently widowed traveler is kidnapped by a cold blooded killer, only to escape into the wilderness where she is forced to battle against the elements as her pursuer closes in on her.",23.0976,/n9OzZmPMnVrV0cMQ7amX0DtBkQH.jpg,2020-09-10,False,False,6.4,886,"['Horror', 'Thriller']"
False,/uzIGtyS6bbnJzGsPL93WCF1FWm8.jpg,"[12, 28, 14]",1865,Pirates of the Caribbean: On Stranger Tides,en,Pirates of the Caribbean: On Stranger Tides,"When Jack crosses paths with a woman from his past, he's not sure if it's love...or if she's a ruthless con artist using him to find the fabled Fountain of Youth.",23.0029,/keGfSvCmYj7CvdRx36OdVrAEibE.jpg,2011-05-15,False,False,6.574,15240,"['Adventure', 'Action', 'Fantasy']"
False,/tPaurpIUskVji5vwV0dhy9pq4Vs.jpg,"[12, 16, 35, 10751]",953,Madagascar,en,Madagascar,Four animal friends get a taste of the wild life when they break out of captivity at the Central Park Zoo and wash ashore on the island of Madagascar.,22.9536,/zMpJY5CJKUufG9OTw0In4eAFqPX.jpg,2005-05-25,False,False,6.93,11994,"['Adventure', 'Animation', 'Comedy', 'Family']"
False,/syKbZiHVdXw0NcH6NdXWEKZaECv.jpg,"[18, 27, 9648]",4552,A Tale of Two Sisters,ko,"장화, 홍련","Two sisters return home after a stay in a mental institution, only to face disturbing events and a strained relationship with their stepmother. As eerie occurrences unfold, dark family secrets begin to surface, blurring the line between reality and nightmare.",22.9509,/l3exwhwyGE0NnHJ3lFQ7eXoBSkH.jpg,2003-06-13,False,False,7.106,1391,"['Drama', 'Horror', 'Mystery']"
False,/q6OGlZ1KMEb14AC8KbPCxyNOal6.jpg,"[18, 35]",77338,The Intouchables,fr,Intouchables,A true story of two men who should never have met – a quadriplegic aristocrat who was injured in a paragliding accident and a young man from the projects.,22.9474,/1QU7HKgsQbGpzsJbJK4pAVQV9F5.jpg,2011-11-02,False,False,8.272,18811,"['Drama', 'Comedy']"
False,/reK7SgAFlyxg3s9R7neh6M970kh.jpg,"[12, 16, 35, 10751]",7518,Over the Hedge,en,Over the Hedge,"A scheming raccoon fools a mismatched family of forest creatures into helping him repay a debt of food, by invading the new suburban sprawl that popped up while they were hibernating – and learns a lesson about family himself.",22.8974,/jtZnymorbnHY7mOiBXR14ZDJseM.jpg,2006-05-17,False,False,6.6,4979,"['Adventure', 'Animation', 'Comedy', 'Family']"
False,/fIwiFha3WPu5nHkBeMQ4GzEk0Hv.jpg,"[28, 12, 878]",545611,Everything Everywhere All at Once,en,Everything Everywhere All at Once,"An aging Chinese immigrant is swept up in an insane adventure, where she alone can save what's important to her by connecting with the lives she could have led in other universes.",22.8758,/u68AjlvlutfEIcpmbYpKcdi09ut.jpg,2022-03-24,False,False,7.7,8399,"['Action', 'Adventure', 'Science Fiction']"
False,/w22GVYotTIVC1dUd58mRhwPqiS.jpg,"[18, 10749, 14]",402431,Wicked,en,Wicked,"In the land of Oz, ostracized and misunderstood green-skinned Elphaba is forced to share a room with the popular aristocrat Glinda at Shiz University, and the two's unlikely friendship is tested as they begin to fulfill their respective destinies as Glinda the Good and the Wicked Witch of the West.",22.863,/xDGbZ0JJ3mYaGKy4Nzd9Kph6M9L.jpg,2024-10-16,False,False,6.9,3233,"['Drama', 'Romance', 'Fantasy']"
False,/v23fWgJUEt8EMmvn19btIacxP8E.jpg,"[10749, 14, 16]",3933,Corpse Bride,en,Corpse Bride,"In a 19th-century European village, a young man about to be married is whisked away to the underworld and wed to a mysterious corpse bride, while his real bride waits bereft in the land of the living.",22.8252,/3RAoVTxUk1OzZClscAsynuu670p.jpg,2005-09-12,False,False,7.6,10419,"['Romance', 'Fantasy', 'Animation']"
False,/tuDhEdza074bA497bO9WFEPs6O6.jpg,"[12, 10751, 14]",411,"The Chronicles of Narnia: The Lion, the Witch and the Wardrobe",en,"The Chronicles of Narnia: The Lion, the Witch and the Wardrobe",Four kids travel through a wardrobe to the land of Narnia and learn of their destiny to free it with the guidance of a mystical lion.,22.7994,/iREd0rNCjYdf5Ar0vfaW32yrkm.jpg,2005-12-07,False,False,7.1,11763,"['Adventure', 'Family', 'Fantasy']"
False,/rj58WQ9ImI0mYDptXdM7euX1Wjt.jpg,"[16, 10751, 12, 14]",109445,Frozen,en,Frozen,"Young princess Anna of Arendelle dreams about finding true love at her sister Elsa’s coronation. Fate takes her on a dangerous journey in an attempt to end the eternal winter that has fallen over the kingdom. She's accompanied by ice delivery man Kristoff, his reindeer Sven, and snowman Olaf. On an adventure where she will find out what friendship, courage, family, and true love really means.",22.6882,/itAKcobTYGpYT8Phwjd8c9hleTo.jpg,2013-11-20,False,False,7.249,17879,"['Animation', 'Family', 'Adventure', 'Fantasy']"
False,/k6ANeyxAfMRi5xhxIXv1Scn9vc2.jpg,"[27, 53, 80]",934433,Scream VI,en,Scream VI,"Following the latest Ghostface killings, the four survivors leave Woodsboro behind and start a fresh chapter.",22.627,/wDWwtvkRRlgTiUr6TyLSMX8FCuZ.jpg,2023-03-08,False,False,6.926,3321,"['Horror', 'Thriller', 'Crime']"
False,/kARonxQpuSZdFraTKlCThWOBCtu.jpg,[35],38365,Grown Ups,en,Grown Ups,"After their high school basketball coach passes away, five good friends and former teammates reunite for a Fourth of July holiday weekend.",22.5886,/cQGM5k1NtU85n4TUlrOrwijSCcm.jpg,2010-06-24,False,False,6.435,6876,['Comedy']
False,/iffzIhuLAO38Po6sh1s6ZEVwlNL.jpg,"[28, 80]",24,Kill Bill: Vol. 1,en,Kill Bill: Vol. 1,"An assassin is shot by her ruthless employer, Bill, and other members of their assassination circle – but she lives to plot her vengeance.",22.5546,/v7TaX8kXMXs5yFFGR41guUDNcnB.jpg,2003-10-10,False,False,8.0,19401,"['Action', 'Crime']"
False,/i2GVEvltEu3BXn5crBSxgKuTaca.jpg,"[27, 53]",614479,Insidious: The Red Door,en,Insidious: The Red Door,"To put their demons to rest once and for all, Josh Lambert and a college-aged Dalton Lambert must go deeper into The Further than ever before, facing their family's dark past and a host of new and more horrifying terrors that lurk behind the red door.",22.2968,/d07phJqCx6z5wILDYqkyraorDPi.jpg,2023-07-05,False,False,6.525,2104,"['Horror', 'Thriller']"
False,/q62bpQ67qaXY0u6b2wFEnQYIbPd.jpg,"[10751, 35, 16, 12]",301528,Toy Story 4,en,Toy Story 4,"Woody has always been confident about his place in the world, devoted to taking care of his kid—whether that's Andy or Bonnie. But after Bonnie creates a reluctant new toy called ""Forky"", a road trip adventure alongside old and new friends challenges everything Woody believes about loyalty, purpose, and what it truly means to be a toy.",22.2555,/w9kR8qbmQ01HwnvK4alvnQ2ca0L.jpg,2019-06-19,False,False,7.464,10981,"['Family', 'Comedy', 'Animation', 'Adventure']"
False,/qdthf9WrRDSaIkGVQGhhJ9pz1hn.jpg,"[28, 16, 35, 10751]",9502,Kung Fu Panda,en,Kung Fu Panda,"Chosen by prophecy but doubted by all, Po is an unlikely choice for the mystical title of the Dragon Warrior—a clumsy panda thrust into the world of kung fu as a deadly enemy threatens the Valley of Peace. Under reluctant guidance by Master Shifu and the Furious Five, Po must embrace who he is to unlock the power that no scroll can teach.",22.1515,/wWt4JYXTg5Wr3xBW2phBrMKgp3x.jpg,2008-06-04,False,False,7.338,12986,"['Action', 'Animation', 'Comedy', 'Family']"
False,/ggC3Brchf4RqPitEh7cROFoeAWn.jpg,"[18, 80]",640,Catch Me If You Can,en,Catch Me If You Can,"A true story about Frank Abagnale Jr. who, before his 19th birthday, successfully conned millions of dollars worth of checks as a Pan Am pilot, doctor, and legal prosecutor. An FBI agent makes it his mission to put him behind bars. But Frank not only eludes capture, he revels in the pursuit.",22.1369,/ctjEj2xM32OvBXCq8zAdK3ZrsAj.jpg,2002-12-16,False,False,7.978,17551,"['Drama', 'Crime']"
False,/5Iw7zQTHVRBOYpA0V6z0yypOPZh.jpg,"[12, 28, 878]",181808,Star Wars: The Last Jedi,en,Star Wars: The Last Jedi,"Rey develops her newly discovered abilities with the guidance of Luke Skywalker, who is unsettled by the strength of her powers. Meanwhile, the Resistance prepares to do battle with the First Order.",22.0694,/kOVEVeg59E0wsnXmF9nrh6OmWII.jpg,2017-12-13,False,False,6.737,16673,"['Adventure', 'Action', 'Science Fiction']"
False,/keIxh0wPr2Ymj0Btjh4gW7JJ89e.jpg,"[28, 12, 878]",497698,Black Widow,en,Black Widow,"Natasha Romanoff, also known as Black Widow, confronts the darker parts of her ledger when a dangerous conspiracy with ties to her past arises. Pursued by a force that will stop at nothing to bring her down, Natasha must deal with her history as a spy and the broken relationships left in her wake long before she became an Avenger.",22.0682,/qAZ0pzat24kLdO3o8ejmbLxyOac.jpg,2021-07-07,False,False,7.15,11610,"['Action', 'Adventure', 'Science Fiction']"
False,/9o9ci7ZH9chSy8B7YXCBYih8Kkd.jpg,"[53, 18, 10749]",290098,The Handmaiden,ko,아가씨,"1930s Korea, in the period of Japanese occupation, a new girl, Sook-hee, is hired as a handmaiden to a Japanese heiress, Hideko, who lives a secluded life on a large countryside estate with her domineering Uncle Kouzuki. But the maid has a secret. She is a pickpocket recruited by a swindler posing as a Japanese Count to help him seduce the Lady to steal her fortune.",21.9602,/dLlH4aNHdnmf62umnInL8xPlPzw.jpg,2016-06-01,False,False,8.2,4487,"['Thriller', 'Drama', 'Romance']"
False,/tOqIwliWMovSIZ9DyvHcHI7p2im.jpg,"[28, 12, 18]",558449,Gladiator II,en,Gladiator II,"Years after witnessing the death of the revered hero Maximus at the hands of his uncle, Lucius is forced to enter the Colosseum after his home is conquered by the tyrannical Emperors who now lead Rome with an iron fist. With rage in his heart and the future of the Empire at stake, Lucius must look to his past to find strength and honor to return the glory of Rome to its people.",21.9573,/2cxhvwyEwRlysAmRH4iodkvo0z5.jpg,2024-11-13,False,False,6.591,4732,"['Action', 'Adventure', 'Drama']"
False,/7I6VUdPj6tQECNHdviJkUHD2u89.jpg,"[28, 53, 80]",603692,John Wick: Chapter 4,en,John Wick: Chapter 4,"With the price on his head ever increasing, John Wick uncovers a path to defeating The High Table. But before he can earn his freedom, Wick must face off against a new enemy with powerful alliances across the globe and forces that turn old friends into foes.",21.9523,/vZloFAK7NmvMGKE7VkF5UHaz0I.jpg,2023-03-21,False,False,7.712,8285,"['Action', 'Thriller', 'Crime']"
False,/ncoqdHs1poUaBqyKic9YI8ai7MP.jpg,"[53, 80]",161,Ocean's Eleven,en,Ocean's Eleven,"Less than 24 hours into his parole, charismatic thief Danny Ocean is already rolling out his next plan: In one night, Danny's hand-picked crew of specialists will attempt to steal more than $150 million from three Las Vegas casinos. But to score the cash, Danny risks his chances of reconciling with ex-wife, Tess.",21.919,/hQQCdZrsHtZyR6NbKH2YyCqd2fR.jpg,2001-12-07,False,False,7.466,12886,"['Thriller', 'Crime']"
False,/mQOUyqDybTqxl73hO5LujCZsM1o.jpg,"[28, 53, 878]",577922,Tenet,en,Tenet,"Armed with only one word - Tenet - and fighting for the survival of the entire world, the Protagonist journeys through a twilight world of international espionage on a mission that will unfold in something beyond real time.",21.8971,/aCIFMriQh8rvhxpN1IWGgvH0Tlg.jpg,2020-08-22,False,False,7.171,11512,"['Action', 'Thriller', 'Science Fiction']"
False,/jlGmlFOcfo8n5tURmhC7YVd4Iyy.jpg,"[28, 35, 12]",436969,The Suicide Squad,en,The Suicide Squad,"Supervillains Harley Quinn, Bloodsport, Peacemaker and a collection of nutty cons at Belle Reve prison join the super-secret, super-shady Task Force X as they are dropped off at the remote, enemy-infused island of Corto Maltese.",21.855,/q61qEyssk2ku3okWICKArlAdhBn.jpg,2021-07-28,False,False,7.446,9892,"['Action', 'Comedy', 'Adventure']"
False,/liiPM38H376CDqxJ7VeQjan5YUy.jpg,"[16, 35, 12, 10751]",57800,Ice Age: Continental Drift,en,Ice Age: Continental Drift,"Manny, Diego, and Sid embark upon another adventure after their continent is set adrift. Using an iceberg as a ship, they encounter sea creatures and battle pirates as they explore a new world.",21.8112,/dfp1BZF7FxbBUyzHvMOI9t8NWDD.jpg,2012-06-27,False,False,6.4,8266,"['Animation', 'Comedy', 'Adventure', 'Family']"
False,/q1r0QUf4UVTqtkxOSMnTD8RyTaL.jpg,"[27, 53]",406563,Insidious: The Last Key,en,Insidious: The Last Key,"Parapsychologist Elise Rainier and her team travel to Five Keys, NM, to investigate a man’s claim of a haunting. Terror soon strikes when Rainier realizes that the house he lives in was her family’s old home.",21.805,/6c9ti2JcR3dHyR3qFXoZqVMx0SH.jpg,2018-01-03,False,False,6.3,3274,"['Horror', 'Thriller']"
False,/nlPCdZlHtRNcF6C9hzUH4ebmV1w.jpg,"[35, 18, 10749]",313369,La La Land,en,La La Land,"Mia, an aspiring actress, serves lattes to movie stars in between auditions and Sebastian, a jazz musician, scrapes by playing cocktail party gigs in dingy bars, but as success mounts they are faced with decisions that begin to fray the fragile fabric of their love affair, and the dreams they worked so hard to maintain in each other threaten to rip them apart.",21.7981,/uDO8zWDhfWwoFdKS4fzkUJt0Rf0.jpg,2016-12-01,False,False,7.9,18477,"['Comedy', 'Drama', 'Romance']"
False,/r7K6Xt0RX4Mw0cAbZVw5cyb1Tux.jpg,"[28, 12, 14]",566525,Shang-Chi and the Legend of the Ten Rings,en,Shang-Chi and the Legend of the Ten Rings,Shang-Chi must confront the past he thought he left behind when he is drawn into the web of the mysterious Ten Rings organization.,21.7594,/9f2Q0U3IOsLgrI2HkvldwSABZy5.jpg,2021-09-01,False,False,7.484,10729,"['Action', 'Adventure', 'Fantasy']"
False,/8MUZz7oPXQftFTslZpRP3CVMOoq.jpg,"[18, 878, 9648]",329865,Arrival,en,Arrival,"Taking place after alien crafts land around the world, an expert linguist is recruited by the military to determine whether they come in peace or are a threat.",21.745,/pEzNVQfdzYDzVK0XqxERIw2x2se.jpg,2016-11-10,False,False,7.633,19859,"['Drama', 'Science Fiction', 'Mystery']"
False,/7IGKrY1f1KfwMipx9wZC4NRgIdF.jpg,"[18, 10749, 53]",216015,Fifty Shades of Grey,en,Fifty Shades of Grey,"When college senior Anastasia Steele steps in for her sick roommate to interview prominent businessman Christian Grey for their campus paper, little does she realize the path her life will take. Christian, as enigmatic as he is rich and powerful, finds himself strangely drawn to Ana, and she to him. Though sexually inexperienced, Ana plunges headlong into an affair -- and learns that Christian's true sexual proclivities push the boundaries of pain and pleasure.",21.7264,/63kGofUkt1Mx0SIL4XI4Z5AoSgt.jpg,2015-02-11,False,False,5.858,12547,"['Drama', 'Romance', 'Thriller']"
False,/raph7qjAGTMXaIjVxt6ZDSXRzUr.jpg,"[28, 878, 12]",786892,Furiosa: A Mad Max Saga,en,Furiosa: A Mad Max Saga,"As the world falls, young Furiosa is snatched from the Green Place of Many Mothers into the hands of a great biker horde led by the warlord Dementus. Sweeping through the wasteland, they encounter the citadel presided over by Immortan Joe. The two tyrants wage war for dominance, and Furiosa must survive many trials as she puts together the means to find her way home.",21.7198,/iADOJ8Zymht2JPMoy3R7xceZprc.jpg,2024-05-22,False,False,7.4,5181,"['Action', 'Science Fiction', 'Adventure']"
False,/gklkxY0veMajdCiGe6ggsh07VG2.jpg,"[10751, 35, 12, 16]",940551,Migration,en,Migration,"After a migrating duck family alights on their pond with thrilling tales of far-flung places, the Mallard family embarks on a family road trip, from New England, to New York City, to tropical Jamaica.",21.6473,/ldfCF9RhR40mppkzmftxapaHeTo.jpg,2023-12-06,False,False,7.357,2320,"['Family', 'Comedy', 'Adventure', 'Animation']"
False,/eHaazLxM5LRMh0ySkVy7SK6wUWt.jpg,"[12, 28, 878]",101299,The Hunger Games: Catching Fire,en,The Hunger Games: Catching Fire,"After surviving the Hunger Games, Katniss and Peeta struggle with the consequences of their victory as unrest spreads across Panem. Forced back into the spotlight, they become symbols of hope and resistance while the Capitol prepares a new and deadly challenge that will change the future of the nation forever.",21.6272,/vrQHDXjVmbYzadOXQ0UaObunoy2.jpg,2013-11-15,False,False,7.424,18773,"['Adventure', 'Action', 'Science Fiction']"
False,/fOy2Jurz9k6RnJnMUMRDAgBwru2.jpg,"[16, 10751, 35, 14]",508947,Turning Red,en,Turning Red,"Thirteen-year-old Mei is experiencing the awkwardness of being a teenager with a twist – when she gets too excited, she transforms into a giant red panda.",21.5486,/qsdjk9oAKSQMWs0Vt5Pyfh6O4GZ.jpg,2022-03-10,False,False,7.33,6037,"['Animation', 'Family', 'Comedy', 'Fantasy']"
False,/rmiG2uwcNoGFmBKMoa1pIcf514L.jpg,"[35, 18]",37165,The Truman Show,en,The Truman Show,"In a picture-perfect seaside town, an insurance salesman begins to realize that his entire existence may be staged and observed by a vast unseen audience as part of a long-running real-time reality TV show.",21.5232,/vuza0WqY239yBXOadKlGwJsZJFE.jpg,1998-06-04,False,False,8.158,20840,"['Comedy', 'Drama']"
False,/jsoz1HlxczSuTx0mDl2h0lxy36l.jpg,"[14, 28, 35]",616037,Thor: Love and Thunder,en,Thor: Love and Thunder,"After his retirement is interrupted by Gorr the God Butcher, a galactic killer who seeks the extinction of the gods, Thor Odinson enlists the help of King Valkyrie, Korg, and ex-girlfriend Jane Foster, who now wields Mjolnir as the Mighty Thor. Together they embark upon a harrowing cosmic adventure to uncover the mystery of the God Butcher’s vengeance and stop him before it’s too late.",21.5163,/pIkRyD18kl4FhoCNQuWxWu5cBLM.jpg,2022-07-06,False,False,6.36,8941,"['Fantasy', 'Action', 'Comedy']"
False,/di47xqYMCYpjqwnqNlO17X5qXMX.jpg,"[35, 80]",12153,White Chicks,en,White Chicks,"Two FBI agent brothers, Marcus and Kevin Copeland, accidentally foil a drug bust. To avoid being fired they accept a mission escorting a pair of socialites to the Hamptons--but when the girls are disfigured in a car accident, they refuse to go. Left without options, Marcus and Kevin decide to pose as the sisters, transforming themselves from black men into rich white women.",21.5163,/aHTUpo45qy9QYIOnVITGGqLoVcA.jpg,2004-06-23,False,False,6.963,4743,"['Comedy', 'Crime']"
False,/cWczNud8Y8i8ab0Z4bxos4myWYO.jpg,"[16, 10751, 12]",38757,Tangled,en,Tangled,"Feisty teenager Rapunzel, who has long and magical hair, wants to go and see sky lanterns on her eighteenth birthday, but she's bound to a tower by her overprotective mother. She strikes a deal with Flynn Rider, a charming wanted thief, and the duo set off on an action-packed escapade.",21.4866,/ym7Kst6a4uodryxqbGOxmewF235.jpg,2010-11-24,False,False,7.616,12697,"['Animation', 'Family', 'Adventure']"
False,/1Onam6oWyFAUCcoxtdWkACtEiNr.jpg,"[18, 10749]",4348,Pride & Prejudice,en,Pride & Prejudice,"A story of love and life among the landed English gentry during the Georgian era. Mr. Bennet is a gentleman living in Hertfordshire with his overbearing wife and five daughters, but if he dies their house will be inherited by a distant cousin whom they have never met, so the family's future happiness and security is dependent on the daughters making good marriages.",21.4486,/o8UhmEbWPHmTUxP0lMuCoqNkbB3.jpg,2005-09-16,False,False,8.052,8950,"['Drama', 'Romance']"
False,/naA6aqGYh8D8x2pODBAvFiqwuJh.jpg,"[35, 10749]",8874,My Best Friend's Wedding,en,My Best Friend's Wedding,"When she receives word that her longtime platonic pal Michael O'Neal is getting married to debutante Kimberly Wallace, food critic Julianne Potter realizes her true feelings for Michael -- and sets out to sabotage the wedding.",21.423,/b5g4bp8gS5ovMyR5439AII6zQ3n.jpg,1997-06-19,False,False,6.561,2960,"['Comedy', 'Romance']"
False,/yaExZh6qE2cfyK3o4kAMEq0mkgy.jpg,"[18, 9648, 878]",1124,The Prestige,en,The Prestige,"A mysterious story of two magicians whose intense rivalry leads them on a life-long battle for supremacy -- full of obsession, deceit and jealousy with dangerous and deadly consequences.",21.3939,/Ag2B2KHKQPukjH7WutmgnnSNurZ.jpg,2006-10-19,False,False,8.211,18115,"['Drama', 'Mystery', 'Science Fiction']"
False,/6n53UI4mX9QMfe2S0Pgt8mGebY1.jpg,"[35, 10749]",194,Amélie,fr,Le Fabuleux Destin d'Amélie Poulain,"At a tiny Parisian café, the adorable yet painfully shy Amélie accidentally discovers a gift for helping others. Soon Amelie is spending her days as a matchmaker, guardian angel, and all-around do-gooder. But when she bumps into a handsome stranger, will she find the courage to become the star of her very own love story?",21.3775,/nSxDa3M9aMvGVLoItzWTepQ5h5d.jpg,2001-04-25,False,False,7.921,12653,"['Comedy', 'Romance']"
False,/3Gcv3tUO2pHaLH9wGrPJtzk9OlQ.jpg,[18],24553,All the Invisible Children,fr,Les enfants invisibles,Seven short films - each one focused on the plight of a different child protagonist.,21.2551,/rMr7aC8UmaC3oLeuyQqzwiZeDFB.jpg,2006-03-03,False,False,6.981,78,['Drama']
False,/gystuaqp5AkVqqu3Nf0564zeOv4.jpg,"[28, 53, 80]",926393,The Equalizer 3,en,The Equalizer 3,"Robert McCall finds himself at home in Southern Italy but he discovers his friends are under the control of local crime bosses. As events turn deadly, McCall knows what he has to do: become his friends' protector by taking on the mafia.",21.2291,/b0Ej6fnXAP8fK75hlyi2jKqdhHz.jpg,2023-08-30,False,False,7.294,3899,"['Action', 'Thriller', 'Crime']"
False,/atoIgfAk2Ig2HFJLD0VUnjiPWEz.jpg,"[12, 35, 10751, 14]",118,Charlie and the Chocolate Factory,en,Charlie and the Chocolate Factory,"A young boy wins a tour through the most magnificent chocolate factory in the world, led by the world's most unusual candy maker.",21.2131,/iKP6wg3c6COUe8gYutoGG7qcPnO.jpg,2005-07-13,False,False,7.0,16381,"['Adventure', 'Comedy', 'Family', 'Fantasy']"
False,/xj1Sv1xm4Y0ydBueGuf10Y9qM0O.jpg,[18],489,Good Will Hunting,en,Good Will Hunting,"Will Hunting is a headstrong, working-class genius who is failing the lessons of life. After one too many run-ins with the law, Will's last chance is a psychology professor, who might be the only man who can reach him.",21.2091,/z2FnLKpFi1HPO7BEJxdkv6hpJSU.jpg,1997-12-05,False,False,8.166,14300,['Drama']
False,/9WoLTsRgrupkvCgs3bhsl2EjLhs.jpg,"[28, 12, 14]",791373,Zack Snyder's Justice League,en,Zack Snyder's Justice League,"Determined to ensure Superman's ultimate sacrifice was not in vain, Bruce Wayne aligns forces with Diana Prince with plans to recruit a team of metahumans to protect the world from an approaching threat of catastrophic proportions.",21.2002,/tnAuB8q5vv7Ax9UAEje5Xi4BXik.jpg,2021-03-18,False,False,8.1,11126,"['Action', 'Adventure', 'Fantasy']"
False,/rOJb0yQOCny0bPjg8bCLw8DyAD7.jpg,"[35, 12, 878]",550988,Free Guy,en,Free Guy,"A bank teller discovers he is actually a background player in an open-world video game, and decides to become the hero of his own story. Now, in a world where there are no limits, he is determined to be the guy who saves his world his way before it's too late.",21.1436,/dxraF0qPr1OEgJk17ltQTO84kQF.jpg,2021-08-11,False,False,7.436,10161,"['Comedy', 'Adventure', 'Science Fiction']"
False,/twsxsfao6ZOVvT8LfudH603MMi6.jpg,"[16, 35, 28, 878, 10751]",519182,Despicable Me 4,en,Despicable Me 4,"Gru and Lucy and their girls—Margo, Edith and Agnes—welcome a new member to the Gru family, Gru Jr., who is intent on tormenting his dad. Gru also faces a new nemesis in Maxime Le Mal and his femme fatale girlfriend Valentina, forcing the family to go on the run.",21.1157,/wWba3TaojhK7NdycRhoQpsG0FaH.jpg,2024-06-20,False,False,6.967,3360,"['Animation', 'Comedy', 'Action', 'Science Fiction', 'Family']"
False,/du11oPPbEoDnUpiREO5tUg47rJd.jpg,"[36, 18]",365620,Ferrari,en,Ferrari,"Set during the summer of 1957. Ex-racecar driver, Enzo Ferrari, is in crisis. Bankruptcy stalks the company he and his wife, Laura, built from nothing ten years earlier. Their tempestuous marriage struggles with the mourning for one son and the acknowledgement of another.",21.1094,/LyCOcGqOTyTmaXu2TK8LfGveIb.jpg,2023-12-14,False,False,6.362,1303,"['History', 'Drama']"
False,/AcxbOWUbwtIEDisfuhNGHQNfnMK.jpg,"[16, 10751, 35, 878]",11544,Lilo & Stitch,en,Lilo & Stitch,"As Stitch, a runaway genetic experiment from a faraway planet, wreaks havoc on the Hawaiian Islands, he becomes the mischievous adopted alien ""puppy"" of an independent little girl named Lilo and learns about loyalty, friendship, and ʻohana, the Hawaiian tradition of family.",21.0961,/cFuLvQJPoZpuruAtN3rVnMmLIH8.jpg,2002-06-21,False,False,7.558,7240,"['Animation', 'Family', 'Comedy', 'Science Fiction']"
False,/1fpwEe2GvNjAq2MN2xxdifNZLBT.jpg,"[27, 53]",280092,Insidious: Chapter 3,en,Insidious: Chapter 3,A prequel set before the haunting of the Lambert family that reveals how gifted psychic Elise Rainier reluctantly agrees to use her ability to contact the dead in order to help a teenage girl who has been targeted by a dangerous supernatural entity.,21.0951,/iDdGfdNvY1EX0uDdA4Ru77fwMfc.jpg,2015-05-28,False,False,6.3,3762,"['Horror', 'Thriller']"
False,/jK65srQczOKTpW62wPxwwKztGgE.jpg,"[35, 18]",120467,The Grand Budapest Hotel,en,The Grand Budapest Hotel,"The Grand Budapest Hotel tells of a legendary concierge at a famous European hotel between the wars and his friendship with a young employee who becomes his trusted protégé. The story involves the theft and recovery of a priceless Renaissance painting, the battle for an enormous family fortune and the slow and then sudden upheavals that transformed Europe during the first half of the 20th century.",21.0813,/eWdyYQreja6JGCzqHWXpWHDrrPo.jpg,2014-02-26,False,False,8.0,16490,"['Comedy', 'Drama']"
False,/uI22JkEMediWyiRqhllNqeeGtW0.jpg,"[80, 18, 28]",949,Heat,en,Heat,Obsessive master thief Neil McCauley leads a top-notch crew on various daring heists throughout Los Angeles while determined detective Vincent Hanna pursues him without rest. Each man recognizes and respects the ability and the dedication of the other even though they are aware their cat-and-mouse game may end in violence.,21.0607,/umSVjVdbVwtx5ryCA2QXL44Durm.jpg,1995-12-15,False,False,7.9,8677,"['Crime', 'Drama', 'Action']"
False,/zBG5Mg29NH9xxpWMMG7BIvKwYhL.jpg,"[10749, 18]",829557,365 Days: This Day,pl,365 dni: Ten dzień,"Laura and Massimo are back and hotter than ever. But the reunited couple's new beginning is complicated by Massimo’s family ties and a mysterious man who enters Laura’s life to win her heart and trust, at any cost.",21.0002,/7qU0SOVcQ8BTJLodcAlulUAG16C.jpg,2022-04-26,False,False,5.942,1875,"['Romance', 'Drama']"
False,/qzUIOTk0E3F1zjvYjcBRTKUTgf9.jpg,"[80, 35, 28]",207703,Kingsman: The Secret Service,en,Kingsman: The Secret Service,The story of a super-secret spy organization that recruits an unrefined but promising street kid into the agency's ultra-competitive training program just as a global threat emerges from a twisted tech genius.,20.9912,/r6q9wZK5a2K51KFj4LWVID6Ja1r.jpg,2015-01-24,False,False,7.617,18147,"['Crime', 'Comedy', 'Action']"
False,/dSfrsjhqC6lYe7LYDYnzWeXZmEl.jpg,"[14, 16, 10751]",9479,The Nightmare Before Christmas,en,The Nightmare Before Christmas,"Tired of scaring humans every October 31 with the same old bag of tricks, Jack Skellington, the spindly king of Halloween Town, kidnaps Santa Claus and plans to deliver shrunken heads and other ghoulish gifts to children on Christmas morning. But as Christmas approaches, Jack's rag-doll girlfriend, Sally, tries to foil his misguided plans.",20.9524,/oQffRNjK8e19rF7xVYEN8ew0j7b.jpg,1993-10-09,False,False,7.835,10571,"['Fantasy', 'Animation', 'Family']"
False,/nP3y0TkR6XniFs9J53qQkg4Bnnk.jpg,"[18, 35]",10625,Mean Girls,en,Mean Girls,"Cady Heron is a hit with The Plastics, the A-list girl clique at her new school, until she makes the mistake of falling for Aaron Samuels, the ex-boyfriend of alpha Plastic Regina George.",20.8908,/2ZkuQXvVhh45uSvkBej4S7Ix1NJ.jpg,2004-04-30,False,False,7.229,9662,"['Drama', 'Comedy']"
False,/iuRVt8tFiXDPGgzavhuSa3QHRxD.jpg,[35],18785,The Hangover,en,The Hangover,"When three friends finally come to after a raucous night of bachelor-party revelry, they find a baby in the closet and a tiger in the bathroom. But they can't seem to locate their best friend, Doug – who's supposed to be tying the knot. Launching a frantic search for Doug, the trio perseveres through a nasty hangover to try to make it to the church on time.",20.8871,/A0uS9rHR56FeBtpjVki16M5xxSW.jpg,2009-06-02,False,False,7.337,18501,['Comedy']
False,/8fnYJPoXxwAN4valDLgz2whMGTH.jpg,"[35, 10751, 12]",772,Home Alone 2: Lost in New York,en,Home Alone 2: Lost in New York,"Instead of flying to Florida with his folks, Kevin ends up alone in New York, where he gets a hotel room with his dad's credit card—despite problems from a clerk and meddling bellboy. But when Kevin runs into his old nemeses, the Wet Bandits, he's determined to foil their plans to rob a toy store on Christmas Eve.",20.8583,/uuitWHpJwxD1wruFl2nZHIb4UGN.jpg,1992-11-15,False,False,6.8,10892,"['Comedy', 'Family', 'Adventure']"
False,/bz7pwNGCbV576COsDcYN9MbEACC.jpg,"[28, 53, 12]",370172,No Time to Die,en,No Time to Die,"Bond has left active service and is enjoying a tranquil life in Jamaica. His peace is short-lived when his old friend Felix Leiter from the CIA turns up asking for help. The mission to rescue a kidnapped scientist turns out to be far more treacherous than expected, leading Bond onto the trail of a mysterious villain armed with dangerous new technology.",20.7365,/iUgygt3fscRoKWCV1d0C7FbM9TP.jpg,2021-09-29,False,False,7.338,7371,"['Action', 'Thriller', 'Adventure']"
False,/4HWAQu28e2yaWrtupFPGFkdNU7V.jpg,"[35, 80, 9648]",546554,Knives Out,en,Knives Out,"When renowned crime novelist Harlan Thrombey is found dead at his estate just after his 85th birthday, the inquisitive and debonair Detective Benoit Blanc is mysteriously enlisted to investigate. From Harlan's dysfunctional family to his devoted staff, Blanc sifts through a web of red herrings and self-serving lies to uncover the truth behind Harlan's untimely death.",20.6617,/pThyQovXQrw2m0s9x82twj48Jq4.jpg,2019-11-27,False,False,7.843,14480,"['Comedy', 'Crime', 'Mystery']"
False,/weAYfu6FfrNxEDJ3xH1XpgQcqUv.jpg,"[14, 18, 10749]",8966,Twilight,en,Twilight,"When Bella Swan moves to a small town in the Pacific Northwest, she falls in love with Edward Cullen, a mysterious classmate who reveals himself to be a 108-year-old vampire. Despite Edward's repeated cautions, Bella can't stay away from him, a fatal move that endangers her own life.",20.6099,/3Gkb6jm6962ADUPaCBqzz9CTbn9.jpg,2008-11-20,False,False,6.3,14672,"['Fantasy', 'Drama', 'Romance']"
False,/2vFuG6bWGyQUzYS9d69E5l85nIz.jpg,"[878, 12, 28]",667538,Transformers: Rise of the Beasts,en,Transformers: Rise of the Beasts,"When a new threat capable of destroying the entire planet emerges, Optimus Prime and the Autobots must team up with a powerful faction known as the Maximals. With the fate of humanity hanging in the balance, humans Noah and Elena will do whatever it takes to help the Transformers as they engage in the ultimate battle to save Earth.",20.5912,/gPbM0MK8CP8A174rmUwGsADNYKD.jpg,2023-06-06,False,False,7.164,5421,"['Science Fiction', 'Adventure', 'Action']"
False,/wjnewOLmAYEfh1jeoXme7FO77K2.jpg,"[53, 10770]",451156,Infidelity in Suburbia,en,Infidelity in Suburbia,"With her husband away at work, and her son at school, Laura dreams of a home-renovation project to supplant her restless days. Elliott, her irresistibly hot private contractor, soon fulfills her more forbidden dreams.",20.5763,/gKyvJ8u2US61pHR56C2DoVbwnu.jpg,2017-02-25,False,False,6.2,163,"['Thriller', 'TV Movie']"
False,/aC6wW62V6b0csr5iUnbOjYAqfhg.jpg,"[18, 53, 9648]",345,Eyes Wide Shut,en,Eyes Wide Shut,"After Dr. Bill Harford's wife, Alice, admits to having sexual fantasies about a man she met, Bill becomes obsessed with having a sexual encounter. He discovers an underground sexual group and attends one of their meetings -- and quickly discovers that he is in over his head.",20.5369,/knEIz1eNGl5MQDbrEAVWA7iRqF9.jpg,1999-07-16,False,False,7.5,7298,"['Drama', 'Thriller', 'Mystery']"
False,/6aNKD81RHR1DqUUa8kOZ1TBY1Lp.jpg,"[35, 18]",637,Life Is Beautiful,it,La vita è bella,A touching story of an Italian book seller of Jewish ancestry who lives in his own little fairy tale. His creative and happy life would come to an abrupt halt when his entire family is deported to a concentration camp during World War II. While locked up he tries to convince his son that the whole thing is just a game.,20.5304,/74hLDKjD5aGYOotO6esUVaeISa2.jpg,1997-12-20,False,False,8.4,14242,"['Comedy', 'Drama']"
False,/fypydCipcWDKDTTCoPucBsdGYXW.jpg,"[878, 12, 28]",653346,Kingdom of the Planet of the Apes,en,Kingdom of the Planet of the Apes,"Several generations following Caesar's reign, apes – now the dominant species – live harmoniously while humans have been reduced to living in the shadows. As a new tyrannical ape leader builds his empire, one young ape undertakes a harrowing journey that will cause him to question all he's known about the past and to make choices that will define a future for apes and humans alike.",20.4752,/gKkl37BQuKTanygYQG1pyYgLVgf.jpg,2024-05-08,False,False,7.053,4445,"['Science Fiction', 'Adventure', 'Action']"
False,/oHBhHoNe59VH6bUMazDtJmWOFSS.jpg,"[878, 27, 28]",940721,Godzilla Minus One,ja,ゴジラ-1.0,"In postwar Japan, Godzilla brings new devastation to an already scorched landscape. With no military intervention or government help in sight, the survivors must join together in the face of despair and fight back against an unrelenting horror.",20.4497,/2E2WTX0TJEflAged6kzErwqX1kt.jpg,2023-11-03,False,False,7.601,3410,"['Science Fiction', 'Horror', 'Action']"
False,/W1ffLQGHoxfAOq0ZYdPtJlvAdb.jpg,"[878, 18, 10749]",38,Eternal Sunshine of the Spotless Mind,en,Eternal Sunshine of the Spotless Mind,"Joel Barish, heartbroken that his girlfriend underwent a procedure to erase him from her memory, decides to do the same. However, as he watches his memories of her fade away, he realises that he still loves her, and may be too late to correct his mistake.",20.3771,/5MwkWH9tYHv3mV9OdYTMR5qreIz.jpg,2004-03-19,False,False,8.1,16725,"['Science Fiction', 'Drama', 'Romance']"
False,/sFEYsEfzTx7hhjetlNrme8B5OUo.jpg,"[28, 53, 878]",752,V for Vendetta,en,V for Vendetta,"In a world in which Great Britain has become a fascist state, a masked vigilante known only as “V” conducts guerrilla warfare against the oppressive British government. When V rescues a young woman from the secret police, he finds in her an ally with whom he can continue his fight to free the people of Britain.",20.3445,/piZOwjyk1g51oPHonc7zaQY3WOv.jpg,2006-02-23,False,False,7.9,15930,"['Action', 'Thriller', 'Science Fiction']"
False,/uvitbjFU4JqvMwIkMWHp69bmUzG.jpg,"[18, 80]",598,City of God,pt,Cidade de Deus,"In the poverty-stricken favelas of Rio de Janeiro in the 1970s, two young men choose different paths. Rocket is a budding photographer who documents the increasing drug-related violence of his neighborhood, while José “Zé” Pequeno is an ambitious drug dealer diving into a dangerous life of crime.",20.3324,/k7eYdWvhYQyRQoU2TB2A2Xu2TfD.jpg,2002-08-30,False,False,8.4,8444,"['Drama', 'Crime']"
False,/yF1eOkaYvwiORauRCPWznV9xVvi.jpg,"[28, 878, 12]",298618,The Flash,en,The Flash,"When his attempt to save his family inadvertently alters the future, Barry Allen becomes trapped in a reality in which General Zod has returned and there are no Super Heroes to turn to. In order to save the world that he is in and return to the future that he knows, Barry's only hope is to race for his life. But will making the ultimate sacrifice be enough to reset the universe?",20.3077,/rktDFPbfHfUbArZ6OOOKsXcv0Bm.jpg,2023-06-13,False,False,6.609,5250,"['Action', 'Science Fiction', 'Adventure']"
False,/xEY0MV2jSQBz9iOJfCFvLTiPGMA.jpg,"[53, 80]",75656,Now You See Me,en,Now You See Me,An FBI agent and an Interpol detective track a team of illusionists who pull off bank heists during their performances and reward their audiences with the money.,20.2878,/tWsNYbrqy1p1w6K9zRk0mSchztT.jpg,2013-05-29,False,False,7.325,17118,"['Thriller', 'Crime']"
False,/gvLG3Fnznkxl4SmYfcK8gUuqxM8.jpg,"[28, 12, 878]",823464,Godzilla x Kong: The New Empire,en,Godzilla x Kong: The New Empire,"Following their explosive showdown, Godzilla and Kong must reunite against a colossal undiscovered threat hidden within our world, challenging their very existence – and our own.",20.2807,/z1p34vh7dEOnLDmyCrlUVLuoDzd.jpg,2024-03-27,False,False,7.04,4850,"['Action', 'Adventure', 'Science Fiction']"
False,/sTQNRqLbfCXolrb5CizAW1dj528.jpg,"[878, 14, 28]",246655,X-Men: Apocalypse,en,X-Men: Apocalypse,"After the re-emergence of the world's first mutant, world-destroyer Apocalypse, the X-Men must unite to defeat his extinction level plan.",20.2671,/ikA8UhYdTGpqbatFa93nIf6noSr.jpg,2016-05-18,False,False,6.527,14101,"['Science Fiction', 'Fantasy', 'Action']"
False,/d0mpUFKzoPwF1KsdjHpkkaYSvKm.jpg,[37],618162,The Harder They Fall,en,The Harder They Fall,"Gunning for revenge, outlaw Nat Love saddles up with his gang to take down enemy Rufus Buck, a ruthless crime boss who just got sprung from prison.",20.2617,/su9WzL7lwUZPhjH6eZByAYFx2US.jpg,2021-10-22,False,False,6.615,1244,['Western']
False,/wQoe0j7ZDk7LWexC0XhwkK4brIb.jpg,"[12, 16, 10751, 35, 878]",278154,Ice Age: Collision Course,en,Ice Age: Collision Course,"Set after the events of Continental Drift, Scrat's epic pursuit of his elusive acorn catapults him outside of Earth, where he accidentally sets off a series of cosmic events that transform and threaten the planet. To save themselves from peril, Manny, Sid, Diego, and the rest of the herd leave their home and embark on a quest full of thrills and spills, highs and lows, laughter and adventure while traveling to exotic new lands and locations.",20.1784,/tFzUkdhPOForVrEfvxydXfPLrZR.jpg,2016-06-23,False,False,6.1,4976,"['Adventure', 'Animation', 'Family', 'Comedy', 'Science Fiction']"
False,/zgQQF04u3OgNBJqClRNby1FPz9s.jpg,"[12, 16, 35, 10751, 878]",893723,PAW Patrol: The Mighty Movie,en,PAW Patrol: The Mighty Movie,"A magical meteor crash lands in Adventure City and gives the PAW Patrol pups superpowers, transforming them into The Mighty Pups.",20.1578,/aTvePCU7exLepwg5hWySjwxojQK.jpg,2023-09-21,False,False,6.932,593,"['Adventure', 'Animation', 'Comedy', 'Family', 'Science Fiction']"
False,/rTf1rucbSn8IaW4AU11lvBk3JmX.jpg,"[18, 10770]",12219,12 Angry Men,en,12 Angry Men,"During the trial of a man accused of his father's murder, a lone juror takes a stand against the guilty verdict handed down by the others as a result of their preconceptions and prejudices.",20.1517,/whDdYx3lh1LHTN0VlPFt51fX29g.jpg,1997-08-17,False,False,7.698,470,"['Drama', 'TV Movie']"
False,/2nyaeISu2xIxIgZYNpX4UayY8PN.jpg,"[28, 12, 878]",141052,Justice League,en,Justice League,"Fuelled by his restored faith in humanity and inspired by Superman's selfless act, Bruce Wayne and Diana Prince assemble a team of metahumans consisting of Barry Allen, Arthur Curry and Victor Stone to face the catastrophic threat of Steppenwolf and the Parademons who are on the hunt for three Mother Boxes on Earth.",20.1114,/eifGNCSDuxJeS1loAXil5bIGgvC.jpg,2017-11-15,False,False,6.1,13933,"['Action', 'Adventure', 'Science Fiction']"
False,/rQaHA74pevnGsxcKGaoZVGWe9TC.jpg,"[16, 10751, 18, 10402, 14]",508442,Soul,en,Soul,"Joe Gardner is a middle school teacher with a love for jazz music. After a successful audition at the Half Note Club, he suddenly gets into an accident that separates his soul from his body and is transported to the You Seminar, a center in which souls develop and gain passions before being transported to a newborn child. Joe must enlist help from the other souls-in-training, like 22, a soul who has spent eons in the You Seminar, in order to get back to Earth.",20.095,/hm58Jw4Lw8OIeECIq5qyPYhAeRJ.jpg,2020-12-25,False,False,8.088,11726,"['Animation', 'Family', 'Drama', 'Music', 'Fantasy']"
False,/5o88bbqcV5STn56jqOeovaaWbAE.jpg,"[28, 12, 14]",76338,Thor: The Dark World,en,Thor: The Dark World,"Thor fights to restore order across the cosmos… but an ancient race led by the vengeful Malekith returns to plunge the universe back into darkness. Faced with an enemy that even Odin and Asgard cannot withstand, Thor must embark on his most perilous and personal journey yet, one that will reunite him with Jane Foster and force him to sacrifice everything to save us all.",20.0839,/wp6OxE4poJ4G7c0U2ZIXasTSMR7.jpg,2013-10-30,False,False,6.507,18716,"['Action', 'Adventure', 'Fantasy']"
False,/2rjI2uXmjitMAaXVO21r9ao7v2j.jpg,"[28, 35, 10749]",746036,The Fall Guy,en,The Fall Guy,"Fresh off an almost career-ending accident, stuntman Colt Seavers has to track down a missing movie star, solve a conspiracy and try to win back the love of his life while still doing his day job.",20.0764,/e7olqFmzcIX5c23kX4zSmLPJi8c.jpg,2024-04-24,False,False,6.952,4040,"['Action', 'Comedy', 'Romance']"
False,/jW21PoKwqs79wk6bfiYezox63mK.jpg,"[878, 28, 12]",18,The Fifth Element,fr,Le Cinquième Élément,"In 2257, a taxi driver is unintentionally given the task of saving a young girl who is part of the key that will ensure the survival of humanity.",20.023,/fPtlCO1yQtnoLHOwKtWz7db6RGU.jpg,1997-05-02,False,False,7.591,12139,"['Science Fiction', 'Action', 'Adventure']"
False,/5ZYxL6k4ZHrEmrFvmY4HZVzerxG.jpg,"[14, 12, 28]",57158,The Hobbit: The Desolation of Smaug,en,The Hobbit: The Desolation of Smaug,"The Dwarves, Bilbo and Gandalf have successfully escaped the Misty Mountains, and Bilbo has gained the One Ring. They all continue their journey to get their gold back from the Dragon, Smaug.",20.0039,/xQYiXsheRCDBA39DOrmaw1aSpbk.jpg,2013-12-11,False,False,7.579,14571,"['Fantasy', 'Adventure', 'Action']"
False,/9ywA15OAiwjSTvg3cBs9B7kOCBF.jpg,"[18, 10749]",337167,Fifty Shades Freed,en,Fifty Shades Freed,"Believing they have left behind shadowy figures from their past, newlyweds Christian and Ana fully embrace an inextricable connection and shared life of luxury. But just as she steps into her role as Mrs. Grey and he relaxes into an unfamiliar stability, new threats could jeopardize their happy ending before it even begins.",19.9531,/jjPJ4s3DWZZvI4vw8Xfi4Vqa1Q8.jpg,2018-01-17,False,False,6.668,8430,"['Drama', 'Romance']"
False,/hy0Hx9fMPk2fmw26Li60z1S2giU.jpg,"[18, 80, 53]",629,The Usual Suspects,en,The Usual Suspects,"Held in an L.A. interrogation room, Verbal Kint attempts to convince the feds that a mythic crime lord, Keyser Soze, not only exists, but was also responsible for drawing him and his four partners into a multi-million dollar heist that ended with an explosion in San Pedro harbor – leaving few survivors. Verbal lures his interrogators with an incredible story of the crime lord's almost supernatural prowess.",19.8557,/99X2SgyFunJFXGAYnDv3sb9pnUD.jpg,1995-07-19,False,False,8.164,11733,"['Drama', 'Crime', 'Thriller']"
False,/Aa9Lx6gotP0szl9tlt5SPCN08oF.jpg,"[28, 53, 80]",324552,John Wick: Chapter 2,en,John Wick: Chapter 2,"John Wick is forced out of retirement by a former associate looking to seize control of a shadowy international assassins’ guild. Bound by a blood oath to aid him, Wick travels to Rome and does battle against some of the world’s most dangerous killers.",19.8522,/hXWBc0ioZP3cN4zCu6SN3YHXZVO.jpg,2017-02-08,False,False,7.345,14607,"['Action', 'Thriller', 'Crime']"
False,/3a3Ch56Y7n8ouiAXPdFDmVLnvWz.jpg,"[28, 53, 878]",19384,Dark Angel,en,Dark Angel,"Jack Caine is a Houston vice cop who's forgotten the rule book. His self-appointed mission is to stop the drugs trade and the number one supplier Victor Manning. While involved in an undercover operation to entrap Victor Manning, his partner is killed, and a sinister newcomer enters the scene...",19.8499,/zwsesgAluQKDmdAA2nhlEc4FhFd.jpg,1990-01-26,False,False,6.167,399,"['Action', 'Thriller', 'Science Fiction']"
False,/8Qsr8pvDL3s1jNZQ4HK1d1Xlvnh.jpg,"[14, 12]",259316,Fantastic Beasts and Where to Find Them,en,Fantastic Beasts and Where to Find Them,"In 1926, Newt Scamander arrives at the Magical Congress of the United States of America with a magically expanded briefcase, which houses a number of dangerous creatures and their habitats. When the creatures escape from the briefcase, it sends the American wizarding authorities after Newt, and threatens to strain even further the state of magical and non-magical relations.",19.838,/h6NYfVUyM6CDURtZSnBpz647Ldd.jpg,2016-11-16,False,False,7.308,19975,"['Fantasy', 'Adventure']"
False,/p26c040MErns7DJYhisa1CpVB5i.jpg,"[27, 9648, 53]",423108,The Conjuring: The Devil Made Me Do It,en,The Conjuring: The Devil Made Me Do It,"Paranormal investigators Ed and Lorraine Warren encounter what would become one of the most sensational cases from their files. The fight for the soul of a young boy takes them beyond anything they'd ever seen before, to mark the first time in U.S. history that a murder suspect would claim demonic possession as a defense.",19.7484,/xbSuFiJbbBWCkyCCKIMfuDCA4yV.jpg,2021-05-25,False,False,7.337,6704,"['Horror', 'Mystery', 'Thriller']"
False,/ok4ot3YbfDYZcINXf91JUfq3maB.jpg,"[27, 9648, 80]",176,Saw,en,Saw,"Two men wake up to find themselves shackled in a grimy, abandoned bathroom. As they struggle to comprehend their predicament, they discover a disturbing tape left behind by the sadistic mastermind known as Jigsaw. With a chilling voice and cryptic instructions, Jigsaw informs them that they must partake in a gruesome game in order to secure their freedom.",19.7197,/rLNSOudrayDBo1uqXjrhxcjODIC.jpg,2004-10-01,False,False,7.427,10321,"['Horror', 'Mystery', 'Crime']"
False,/iR79ciqhtaZ9BE7YFA1HpCHQgX4.jpg,"[27, 9648]",1100782,Smile 2,en,Smile 2,"About to embark on a new world tour, global pop sensation Skye Riley begins experiencing increasingly terrifying and inexplicable events. Overwhelmed by the escalating horrors and the pressures of fame, Skye is forced to face her dark past to regain control of her life before it spirals out of control.",19.7015,/ht8Uv9QPv9y7K0RvUyJIaXOZTfd.jpg,2024-10-16,False,False,6.589,2328,"['Horror', 'Mystery']"
False,/1K3JmSNUN8OpjYsCjc0Hy0SYxAb.jpg,"[878, 12, 28]",102899,Ant-Man,en,Ant-Man,"Armed with the astonishing ability to shrink in scale but increase in strength, master thief Scott Lang must embrace his inner-hero and help his mentor, Doctor Hank Pym, protect the secret behind his spectacular Ant-Man suit from a new generation of towering threats. Against seemingly insurmountable obstacles, Pym and Lang must plan and pull off a heist that will save the world.",19.6798,/rQRnQfUl3kfp78nCWq8Ks04vnq1.jpg,2015-07-14,False,False,7.1,21235,"['Science Fiction', 'Adventure', 'Action']"
False,/3IFRjBDwtk0DlIsDfJ2zEzLjUBi.jpg,"[10751, 16, 35, 12]",82690,Wreck-It Ralph,en,Wreck-It Ralph,"Wreck-It Ralph is the 9-foot-tall, 643-pound villain of an arcade video game named Fix-It Felix Jr., in which the game's titular hero fixes buildings that Ralph destroys. Wanting to prove he can be a good guy and not just a villain, Ralph escapes his game and lands in Hero's Duty, a first-person shooter where he helps the game's hero battle against alien invaders. He later enters Sugar Rush, a kart racing game set on tracks made of candies, cookies and other sweets. There, Ralph meets Vanellope von Schweetz who has learned that her game is faced with a dire threat that could affect the entire arcade, and one that Ralph may have inadvertently started.",19.6751,/nrEupcBwf4O1zihCM34NoXusZDq.jpg,2012-11-01,False,False,7.362,13316,"['Family', 'Animation', 'Comedy', 'Adventure']"
False,/nl18gyzai02Tu99VkURu7kCFrR8.jpg,"[28, 12]",184315,Hercules,en,Hercules,"When a new enemy threatens the innocent, Hercules must lead his fearless team of warriors in a battle against overwhelming odds.",19.6612,/sKNIwY6UENCJ36FvYvnBW3Vdzt7.jpg,2014-07-23,False,False,5.806,4437,"['Action', 'Adventure']"
False,/qx9ts2hBYJrkIQxhryitxnLlm2u.jpg,"[12, 16, 10751, 14]",62177,Brave,en,Brave,"In the mystical Scottish Highlands, Merida is the princess of a kingdom ruled by King Fergus and Queen Elinor. An unruly daughter and an accomplished archer, Merida one day defies a sacred custom of the land and inadvertently brings turmoil to the kingdom. In an attempt to set things right, Merida seeks out an eccentric old Wise Woman and is granted an ill-fated wish. Also figuring into Merida's quest — and serving as comic relief — are the kingdom's three lords: the enormous Lord MacGuffin, the surly Lord Macintosh, and the disagreeable Lord Dingwall.",19.6183,/1XAuDtMWpL0sYSFK0R6EZate2Ux.jpg,2012-06-21,False,False,7.035,14434,"['Adventure', 'Animation', 'Family', 'Fantasy']"
False,/2vq5GTJOahE03mNYZGxIynlHcWr.jpg,"[18, 36, 28]",359724,Ford v Ferrari,en,Ford v Ferrari,"American car designer Carroll Shelby and the British-born driver Ken Miles work together to battle corporate interference, the laws of physics, and their own personal demons to build a revolutionary race car for Ford Motor Company and take on the dominating race cars of Enzo Ferrari at the 24 Hours of Le Mans in France in 1966.",19.6072,/dR1Ju50iudrOh3YgfwkAU1g2HZe.jpg,2019-11-13,False,False,8.007,9286,"['Drama', 'History', 'Action']"
False,/kg2FOT2Oe5PSCgs3L4vLel6B7ck.jpg,"[28, 27, 878]",72190,World War Z,en,World War Z,"Life for former United Nations investigator Gerry Lane and his family seems content. Suddenly, the world is plagued by a mysterious infection turning whole human populations into rampaging mindless zombies. After barely escaping the chaos, Lane is persuaded to go on a mission to investigate this disease. What follows is a perilous trek around the world where Lane must brave horrific dangers and long odds to find answers before human civilization falls.",19.583,/aCnVdvExw6UWSeQfr0tUH3jr4qG.jpg,2013-06-19,False,False,6.851,17034,"['Action', 'Horror', 'Science Fiction']"
False,/69EFgWWPFWbRNHmQgYdSnyJ94Ge.jpg,"[28, 12, 878]",49521,Man of Steel,en,Man of Steel,"A young boy learns that he has extraordinary powers and is not of this earth. As a young man, he journeys to discover where he came from and what he was sent here to do. But the hero in him must emerge if he is to save the world from annihilation and become the symbol of hope for all mankind.",19.5737,/8GFtkImmK0K1VaUChR0n9O61CFU.jpg,2013-06-12,False,False,6.66,16595,"['Action', 'Adventure', 'Science Fiction']"
False,/5rARlA8beRAVXPYzSaF2NoS8Ry5.jpg,"[16, 35, 10751, 14]",76492,Hotel Transylvania,en,Hotel Transylvania,"Welcome to Hotel Transylvania, Dracula's lavish five-stake resort, where monsters and their families can live it up and no humans are allowed. One special weekend, Dracula has invited all his best friends to celebrate his beloved daughter Mavis's 118th birthday. For Dracula catering to all of these legendary monsters is no problem but the party really starts when one ordinary guy stumbles into the hotel and changes everything!",19.5701,/eJGvzGrsfe2sqTUPv5IwLWXjVuR.jpg,2012-09-20,False,False,6.97,9356,"['Animation', 'Comedy', 'Family', 'Fantasy']"
False,/wvXxKpFGXvQJRB0nvvfURhRD3C0.jpg,"[14, 12, 16, 35, 10751]",810,Shrek the Third,en,Shrek the Third,"After the King of Far Far Away dies, Shrek and Fiona are to succede. However, Shrek wants to return to his cozy swamp and live in peace and quiet, so when he finds out there is another heir to the throne, he and Donkey set off to bring him back to rule the kingdom.",19.5458,/n4SexGGQzI26E269tfpa80MZaGV.jpg,2007-05-17,False,False,6.314,9986,"['Fantasy', 'Adventure', 'Animation', 'Comedy', 'Family']"
False,/wFN8llYh215M8i2fqWAcPV8CSyL.jpg,"[16, 12, 10751, 35]",49519,The Croods,en,The Croods,"The prehistoric Croods family live in a particularly dangerous moment in time. Patriarch Grug, his mate Ugga, teenage daughter Eep, son Thunk, and feisty Gran gather food by day and huddle together in a cave at night. When a more evolved caveman named Guy arrives on the scene, Grug is distrustful, but it soon becomes apparent that Guy is correct about the impending destruction of their world.",19.5345,/27zvjVOtOi5ped1HSlJKNsKXkFH.jpg,2013-03-15,False,False,6.946,7702,"['Animation', 'Adventure', 'Family', 'Comedy']"
False,/cMfokHWle5lfCreoV08cbmkKv6G.jpg,"[16, 878, 12, 10751]",698687,Transformers One,en,Transformers One,"The untold origin story of Optimus Prime and Megatron, better known as sworn enemies, but once were friends bonded like brothers who changed the fate of Cybertron forever.",19.5229,/iRCgqpdVE4wyLQvGYU3ZP7pAtUc.jpg,2024-09-11,False,False,8.0,1764,"['Animation', 'Science Fiction', 'Adventure', 'Family']"
False,/ztiFxuG0gC6wQ8y7JZFYbCQyN4Y.jpg,"[16, 35, 10751, 10402]",438695,Sing 2,en,Sing 2,"Buster and his new cast now have their sights set on debuting a new show at the Crystal Tower Theater in glamorous Redshore City. But with no connections, he and his singers must sneak into the Crystal Entertainment offices, run by the ruthless wolf mogul Jimmy Crystal, where the gang pitches the ridiculous idea of casting the lion rock legend Clay Calloway in their show. Buster must embark on a quest to find the now-isolated Clay and persuade him to return to the stage.",19.5182,/aWeKITRFbbwY8txG5uCj4rMCfSP.jpg,2021-12-01,False,False,7.832,4901,"['Animation', 'Comedy', 'Family', 'Music']"
False,/7jaNOECZG8uS1tlq69HsY5xY8P9.jpg,"[28, 10752, 36]",855,Black Hawk Down,en,Black Hawk Down,"When U.S. Rangers and an elite Delta Force team attempt to kidnap two underlings of a Somali warlord, their Black Hawk helicopters are shot down, and the Americans suffer heavy casualties, facing intense fighting from the militia on the ground.",19.5181,/7fU5dSqKRL4XHeEUz62rCKBfYok.jpg,2001-12-28,False,False,7.399,6582,"['Action', 'War', 'History']"
False,/qAzYK4YPSWDc7aa4R43LcwRIAyb.jpg,"[28, 12, 878]",299537,Captain Marvel,en,Captain Marvel,"The story follows Carol Danvers as she becomes one of the universe’s most powerful heroes when Earth is caught in the middle of a galactic war between two alien races. Set in the 1990s, Captain Marvel is an all-new adventure from a previously unseen period in the history of the Marvel Cinematic Universe.",19.3831,/AtsgWhDnHTq68L0lLsUrCnM7TjG.jpg,2019-03-06,False,False,6.771,17139,"['Action', 'Adventure', 'Science Fiction']"
False,/mabuNsGJgRuCTuGqjFkWe1xdu19.jpg,"[28, 12, 16, 10751]",260513,Incredibles 2,en,Incredibles 2,"Elastigirl springs into action to save the day, while Mr. Incredible faces his greatest challenge yet – taking care of the problems of his three children.",19.3319,/9lFKBtaVIhP7E2Pk0IY1CwTKTMZ.jpg,2018-06-14,False,False,7.453,13933,"['Action', 'Adventure', 'Animation', 'Family']"
False,/3ffPx9jqg0yj9y1KWeagT7D20CB.jpg,"[16, 35, 12, 28, 10751]",1011985,Kung Fu Panda 4,en,Kung Fu Panda 4,"Po is gearing up to become the spiritual leader of his Valley of Peace, but also needs someone to take his place as Dragon Warrior. As such, he will train a new kung fu practitioner for the spot and will encounter a villain called the Chameleon who conjures villains from the past.",19.2919,/kDp1vUBnMpe8ak4rjgl3cLELqjU.jpg,2024-03-02,False,False,6.998,3679,"['Animation', 'Comedy', 'Adventure', 'Action', 'Family']"
False,/auJKGst3vXpJozHZh4nMFs0xWIU.jpg,"[12, 28, 878]",181812,Star Wars: The Rise of Skywalker,en,Star Wars: The Rise of Skywalker,"The surviving Resistance faces the First Order once again as the journey of Rey, Finn and Poe Dameron continues. With the power and knowledge of generations behind them, the final battle begins.",19.268,/db32LaOibwEliAmSL2jjDF6oDdj.jpg,2019-12-18,False,False,6.248,11141,"['Adventure', 'Action', 'Science Fiction']"
False,/9FrpAtF87VKblKkDEiIZzYgO40K.jpg,"[28, 35, 80]",2109,Rush Hour,en,Rush Hour,"When Hong Kong Inspector Lee is summoned to Los Angeles to investigate a kidnapping, the FBI doesn't want any outside help and assigns cocky LAPD Detective James Carter to distract Lee from the case. Not content to watch the action from the sidelines, Lee and Carter form an unlikely partnership and investigate the case themselves.",19.2554,/nwPhAsfnb7f46bZkWLG7IRP5HXr.jpg,1998-09-18,False,False,7.085,5905,"['Action', 'Comedy', 'Crime']"
False,/wvlIoof1FnKPLv9jAYanuP31V0C.jpg,"[878, 28, 53]",87101,Terminator Genisys,en,Terminator Genisys,"The year is 2029. John Connor, leader of the resistance continues the war against the machines. At the Los Angeles offensive, John's fears of the unknown future begin to emerge when TECOM spies reveal a new plot by SkyNet that will attack him from both fronts; past and future, and will ultimately change warfare forever.",19.1652,/oZRVDpNtmHk8M1VYy1aeOWUXgbC.jpg,2015-06-23,False,False,5.96,9164,"['Science Fiction', 'Action', 'Thriller']"
False,/71FjlP0qZPc1iymcHf8u5vXfH50.jpg,"[16, 10751]",73723,The Lorax,en,The Lorax,"A 12-year-old boy searches for the one thing that will enable him to win the affection of the girl of his dreams. To find it he must discover the story of the Lorax, the grumpy yet charming creature who fights to protect his world.",19.1636,/tePFnZFw5JvjwjQjaKkqDPNMLPU.jpg,2012-03-01,False,False,6.538,3979,"['Animation', 'Family']"
False,/jwt159hXWA9Q5xpBo8hWb3zwLi7.jpg,"[80, 53]",500,Reservoir Dogs,en,Reservoir Dogs,"A botched robbery indicates a police informant, and the pressure mounts in the aftermath at a warehouse. Crime begets violence as the survivors -- veteran Mr. White, newcomer Mr. Orange, psychopathic parolee Mr. Blonde, bickering weasel Mr. Pink and Nice Guy Eddie -- unravel.",19.1455,/xi8Iu6qyTfyZVDVy60raIOYJJmk.jpg,1992-09-02,False,False,8.111,15813,"['Crime', 'Thriller']"
False,/5P6hWD4zxAMntRuRnB4MmPLijNw.jpg,[18],22881,The Blind Side,en,The Blind Side,"The story of Michael Oher, a homeless and traumatized boy who became an All American football player and first round NFL draft pick with the help of a caring woman and her family.",19.0648,/PhpAdRopu0sOWf0BY7vVtxrRD3.jpg,2009-11-20,False,False,7.662,6989,['Drama']
False,/4Xh2a1WeTp6b8Ksvug0pAMbX3dT.jpg,"[10749, 18]",398818,Call Me by Your Name,en,Call Me by Your Name,"In the summer of 1983, a 17-year-old Elio spends his days in his family's villa in Italy. One day Oliver, a graduate student, arrives to assist Elio's father, a professor of Greco-Roman culture. Soon, Elio and Oliver discover a summer that will alter their lives forever.",19.0492,/gXiE0WveDnT0n5J4sW9TMxXF4oT.jpg,2017-10-01,False,False,8.08,12950,"['Romance', 'Drama']"
False,/y2Ca1neKke2mGPMaHzlCNDVZqsK.jpg,"[28, 35, 53]",718930,Bullet Train,en,Bullet Train,"Unlucky assassin Ladybug is determined to do his job peacefully after one too many gigs gone off the rails. Fate, however, may have other plans, as Ladybug's latest mission puts him on a collision course with lethal adversaries from around the globe—all with connected, yet conflicting, objectives—on the world's fastest train.",19.0458,/j8szC8OgrejDQjjMKSVXyaAjw3V.jpg,2022-08-03,False,False,7.408,7907,"['Action', 'Comedy', 'Thriller']"
False,/zh6IdheEYinU4TPtorWsjx6qPQE.jpg,"[878, 10749, 35]",792307,Poor Things,en,Poor Things,"Brought back to life by an unorthodox scientist, a young woman runs off with a lawyer on a whirlwind adventure across the continents. Free from the prejudices of her times, she grows steadfast in her purpose to stand for equality and liberation.",18.982,/kCGlIMHnOm8JPXq3rXM6c5wMxcT.jpg,2023-12-07,False,False,7.63,5739,"['Science Fiction', 'Romance', 'Comedy']"
False,/8BTsTfln4jlQrLXUBquXJ0ASQy9.jpg,"[12, 28, 878]",140607,Star Wars: The Force Awakens,en,Star Wars: The Force Awakens,"Thirty years after defeating the Galactic Empire, Han Solo and his allies face a new threat from the evil Kylo Ren and his army of Stormtroopers.",18.9428,/wqnLdwVXoBjKibFRR5U3y0aDUhs.jpg,2015-12-15,False,False,7.241,20904,"['Adventure', 'Action', 'Science Fiction']"
False,/uovH5k4BAEPqXqxgwVrTtqH169g.jpg,"[878, 28]",373571,Godzilla: King of the Monsters,en,Godzilla: King of the Monsters,"Follows the heroic efforts of the crypto-zoological agency Monarch as its members face off against a battery of god-sized monsters, including the mighty Godzilla, who collides with Mothra, Rodan, and his ultimate nemesis, the three-headed King Ghidorah. When these ancient super-species, thought to be mere myths, rise again, they all vie for supremacy, leaving humanity's very existence hanging in the balance.",18.856,/mzOHg7Q5q9yUmY0b9Esu8Qe6Nnm.jpg,2019-05-29,False,False,6.685,6896,"['Science Fiction', 'Action']"
False,/bBiZN1epQTu3F8iFLBuMhc4TRzr.jpg,[18],10997,Farewell My Concubine,zh,霸王别姬,"In an epic tale of theater, gender, love and class, two Beijing opera actors navigate political turmoil as their friendship evolves over decades.",18.8546,/f54hNIiHNINw3JiUJB2XaQl5wCN.jpg,1993-01-01,False,False,7.9,708,['Drama']
False,/5oaMV2q0qzxkIW2ukU3lldLu5q2.jpg,"[53, 18, 80]",1359,American Psycho,en,American Psycho,"A wealthy New York investment banking executive hides his alternate psychopathic ego from his co-workers and friends as he escalates deeper into his illogical, gratuitous fantasies.",18.8504,/9uGHEgsiUXjCNq8wdq4r49YL8A1.jpg,2000-04-13,False,False,7.401,12718,"['Thriller', 'Drama', 'Crime']"
False,/7g1zO5t0bd27Iqn5ZUDJmksOGPJ.jpg,"[18, 9648, 37]",273248,The Hateful Eight,en,The Hateful Eight,Bounty hunters seek shelter from a raging blizzard and get caught up in a plot of betrayal and deception.,18.8253,/jIywvdPjia2t3eKYbjVTcwBQlG8.jpg,2015-12-25,False,False,7.756,15601,"['Drama', 'Mystery', 'Western']"
False,/gxSWwZyYPA50f5T2IJzFX4NzxAG.jpg,"[28, 80, 18, 53]",414419,Kill Bill: The Whole Bloody Affair,en,Kill Bill: The Whole Bloody Affair,"A former assassin, known simply as The Bride, wakes from a coma four years after her jealous ex-lover Bill attempts to murder her on her wedding day. Fueled by an insatiable desire for revenge, she vows to get even with every person who contributed to the loss of her unborn child, her entire wedding party, and four years of her life.  After devising a hit list, The Bride sets off on her quest, enduring unspeakable injury and unscrupulous enemies.",18.7932,/nSOJfWJCdVFZQwXQA7RXn7FIIiY.jpg,2011-03-27,False,False,8.119,1418,"['Action', 'Crime', 'Drama', 'Thriller']"
False,/k24eZq5I3jyz4htPkZCRpnUmBzE.jpg,"[18, 10749]",1156593,Your Fault,es,Culpa tuya,The love between Noah and Nick seems unwavering despite their parents' attempts to separate them. But his job and her entry into college open up their lives to new relationships that will shake the foundations of both their relationship and the Leister family itself.,18.7776,/1sQA7lfcF9yUyoLYC0e6Zo3jmxE.jpg,2024-12-26,False,False,7.092,1626,"['Drama', 'Romance']"
False,/dF6FjTZzRTENfB4R17HDN20jLT2.jpg,"[12, 878, 53, 28]",135397,Jurassic World,en,Jurassic World,"Twenty-two years after the events of Jurassic Park, Isla Nublar now features a fully functioning dinosaur theme park, Jurassic World, as originally envisioned by John Hammond.",18.7626,/rhr4y79GpxQF9IsfJItRXVaoGs4.jpg,2015-06-06,False,False,6.702,21903,"['Adventure', 'Science Fiction', 'Thriller', 'Action']"
False,/tEhvOU8nJp4v9goYwrJTASJJD3C.jpg,"[18, 10749]",1791,The Piano Teacher,fr,La Pianiste,"Erika Kohut, a sexually repressed piano teacher living with her domineering mother, meets a young man who starts romantically pursuing her.",18.7604,/gNHKYQnP1RnqEhkivHJzBPb4MOP.jpg,2001-09-05,False,False,7.3,1340,"['Drama', 'Romance']"
False,/reHkSQwiYKK4SabnGDY1FWKie82.jpg,"[16, 10751, 35, 28]",49444,Kung Fu Panda 2,en,Kung Fu Panda 2,"Po is finally living the dream as the Dragon Warrior—until a shadow from his past comes roaring back. When the ruthless peacock Lord Shen unleashes a devastating new weapon used to wipe out kung fu masters across the land, Po and the Furious Five race across China to put an end to his plans. But if Po is to have any hope of stopping him, he must first confront the truth of his origins—and find inner peace before his past tears him apart.",18.7397,/mtqqD00vB4PGRt20gWtGqFhrkd0.jpg,2011-05-25,False,False,7.085,8125,"['Animation', 'Family', 'Comedy', 'Action']"
False,/i9oyhCYxIYH2082J0Rc3a3jQjRB.jpg,"[27, 53]",91586,Insidious: Chapter 2,en,Insidious: Chapter 2,The haunted Lambert family seeks to uncover the mysterious childhood secret that has left them dangerously connected to the spirit world.,18.6776,/w5JjiB3O1CLDXbTJe1QpU5RHmlU.jpg,2013-09-12,False,False,6.7,4750,"['Horror', 'Thriller']"
False,/4840rkbpsiuow5ew155oVKcqJwj.jpg,[18],615,The Passion of the Christ,en,The Passion of the Christ,A graphic portrayal of the last twelve hours of Jesus of Nazareth's life.,18.6623,/rBM5o2HpmCfDejuIPybI09tkY3V.jpg,2004-02-25,False,False,7.538,5337,['Drama']
False,/8ohobj5lAIbl5XWw11FywS3IRrS.jpg,"[16, 35, 10751, 14, 10749]",809,Shrek 2,en,Shrek 2,"Happily ever after never seemed so far far away when a trip to meet the in-laws turns into a hilariously twisted adventure for Shrek and Fiona. With the help of ever-faithful Donkey, Shrek takes on the potion-brewing Fairy Godmother, pompous Prince Charming, and infamous ogre-killer Puss In Boots.",18.6273,/2yYP0PQjG8zVqturh1BAqu2Tixl.jpg,2004-05-19,False,False,7.329,13761,"['Animation', 'Comedy', 'Family', 'Fantasy', 'Romance']"
False,/egVj5Y9f79xPnyAQJmeDR0Uwow3.jpg,"[53, 18, 10749]",2251,Unfaithful,en,Unfaithful,A New York suburban couple's marriage goes dangerously awry when the wife indulges in an adulterous fling.,18.6233,/bjiHEhuiwhIygzjczbTPAA07cGc.jpg,2002-05-10,False,False,6.726,1796,"['Thriller', 'Drama', 'Romance']"
False,/j9ZV0UOagjQ4seR8Hd5N6JfwdTP.jpg,"[878, 28, 12]",320288,Dark Phoenix,en,Dark Phoenix,"The X-Men face their most formidable and powerful foe when one of their own, Jean Grey, starts to spiral out of control. During a rescue mission in outer space, Jean is nearly killed when she's hit by a mysterious cosmic force. Once she returns home, this force not only makes her infinitely more powerful, but far more unstable. The X-Men must now band together to save her soul and battle aliens that want to use Grey's new abilities to rule the galaxy.",18.6185,/cCTJPelKGLhALq3r51A9uMonxKj.jpg,2019-06-05,False,False,5.958,7295,"['Science Fiction', 'Action', 'Adventure']"
False,/gddUsvfyySrM5k8B8wwJy2VRlBx.jpg,"[80, 53, 37]",6977,No Country for Old Men,en,No Country for Old Men,"Llewelyn Moss stumbles upon dead bodies, $2 million and a hoard of heroin in a Texas desert, but methodical killer Anton Chigurh comes looking for it, with local sheriff Ed Tom Bell hot on his trail. The roles of prey and predator blur as the violent pursuit of money and justice collide.",18.6177,/6d5XOczc226jECq0LIX0siKtgHR.jpg,2007-11-09,False,False,7.95,13759,"['Crime', 'Thriller', 'Western']"
False,/aJFwk1clMal1prxAvKAgHxKPAf.jpg,"[27, 53, 878]",170,28 Days Later,en,28 Days Later,"Twenty-eight days after a killer virus was accidentally unleashed from a British research facility, a small group of London survivors are caught in a desperate struggle to protect themselves from the infected. Carried by animals and humans, the virus turns those it infects into homicidal maniacs -- and it's absolutely impossible to contain.",18.579,/sQckQRt17VaWbo39GIu0TMOiszq.jpg,2002-10-31,False,False,7.246,8865,"['Horror', 'Thriller', 'Science Fiction']"
False,/mxdiaM2tsx8M6W3zLgiPwAkhQfq.jpg,"[18, 10749]",744275,After We Fell,en,After We Fell,"Just as Tessa's life begins to become unglued, nothing is what she thought it would be. Not her friends nor her family. The only person that she should be able to rely on is Hardin, who is furious when he discovers the massive secret that she's been keeping. Before Tessa makes the biggest decision of her life, everything changes because of revelations about her family.",18.5716,/dU4HfnTEJDf9KvxGS9hgO7BVeju.jpg,2021-09-01,False,False,7.0,2780,"['Drama', 'Romance']"
False,/klJMCIblHLFwCuGjKz7tyOpekIC.jpg,"[12, 28, 53]",36557,Casino Royale,en,Casino Royale,"Le Chiffre, a banker to the world's terrorists, is scheduled to participate in a high-stakes poker game in Montenegro, where he intends to use his winnings to establish his financial grip on the terrorist market. M sends Bond—on his maiden mission as a 00 Agent—to attend this game and prevent Le Chiffre from winning. With the help of Vesper Lynd and Felix Leiter, Bond enters the most important poker game in his already dangerous career.",18.567,/lMrxYKKhd4lqRzwUHAy5gcx9PSO.jpg,2006-11-14,False,False,7.6,11998,"['Adventure', 'Action', 'Thriller']"
False,/nenJjvfe2Eq8uBMXFJnWj5mw4bi.jpg,"[16, 10751, 12, 14, 10749]",812,Aladdin,en,Aladdin,"In the boorish city of Agrabah, kind-hearted street urchin Aladdin and Princess Jasmine fall in love, although she can only marry a prince. He and power-hungry Grand Vizier Jafar vie for a magic lamp that can fulfill their wishes.",18.5563,/eLFfl7vS8dkeG1hKp5mwbm37V83.jpg,1992-11-25,False,False,7.658,12252,"['Animation', 'Family', 'Adventure', 'Fantasy', 'Romance']"
False,/qU7tNIMpRqkizIObXfkJY3haTqh.jpg,"[18, 10402, 10749]",27,9 Songs,en,9 Songs,"Matt, a young glaciologist, soars across the vast, silent, icebound immensities of the South Pole as he recalls his love affair with Lisa. They meet at a mobbed rock concert in a vast music hall - London's Brixton Academy. They are in bed at night's end. Together, over a period of several months, they pursue a mutual sexual passion whose inevitable stages unfold in counterpoint to nine live-concert songs.",18.5158,/91O7z0vo7MiNWd5xD2BoivwbQsb.jpg,2004-07-16,False,False,5.531,602,"['Drama', 'Music', 'Romance']"
False,/mHG7dpLb0ZScSY3LpP443IHRmjy.jpg,"[16, 53]",10494,Perfect Blue,ja,PERFECT BLUE,"Rising pop star Mima Kirigoe quits singing to pursue a career as an actress. After she takes up a role on a popular detective show, her handlers and collaborators begin turning up murdered. Harboring feelings of guilt and haunted by visions of her former self, Mima's reality and fantasy meld into a frenzied paranoia.",18.4749,/6WTiOCfDPP8XV4jqfloiVWf7KHq.jpg,1998-02-28,False,False,8.306,3350,"['Animation', 'Thriller']"
False,/rfkIeCaIHhN3K5wjJJqKmfUjYp8.jpg,"[18, 36]",381284,Hidden Figures,en,Hidden Figures,"The untold story of Katherine G. Johnson, Dorothy Vaughan and Mary Jackson – brilliant African-American women working at NASA and serving as the brains behind one of the greatest operations in history – the launch of astronaut John Glenn into orbit. The visionary trio crossed all gender and race lines to inspire generations to dream big.",18.445,/9lfz2W2uGjyow3am00rsPJ8iOyq.jpg,2016-12-10,False,False,8.0,10657,"['Drama', 'History']"
False,/lMRX4cLx4hxYth3iQ96c0E1RHGB.jpg,"[28, 35]",11770,Shaolin Soccer,cn,少林足球,A young Shaolin follower reunites with his discouraged brothers to form a soccer team using their martial art skills to their advantage.,18.4182,/z6ZQqwoxWy9muIxwUP4K2zWw7BU.jpg,2001-07-05,False,False,7.216,2653,"['Action', 'Comedy']"
False,/6cCF0KMUO2QmrVsQFujkQduREXX.jpg,"[53, 28, 18, 878]",61791,Rise of the Planet of the Apes,en,Rise of the Planet of the Apes,"A highly intelligent chimpanzee named Caesar has been living a peaceful suburban life ever since he was born. But when he gets taken to a cruel primate facility, Caesar decides to revolt against those who have harmed him.",18.3836,/oqA45qMyyo1TtrnVEBKxqmTPhbN.jpg,2011-08-03,False,False,7.353,13067,"['Thriller', 'Action', 'Drama', 'Science Fiction']"
False,/7bWxAsNPv9CXHOhZbJVlj2KxgfP.jpg,"[27, 53]",713704,Evil Dead Rise,en,Evil Dead Rise,"A reunion between two estranged sisters gets cut short by the rise of flesh-possessing demons, thrusting them into a primal battle for survival as they face the most nightmarish version of family imaginable.",18.368,/5ik4ATKmNtmJU6AYD0bLm56BCVM.jpg,2023-04-12,False,False,6.964,3981,"['Horror', 'Thriller']"
False,/5a7lMDn3nAj2ByO0X1fg6BhUphR.jpg,"[12, 28, 878]",333339,Ready Player One,en,Ready Player One,"When the creator of a popular video game system dies, a virtual contest is created to compete for his fortune.",18.3558,/pU1ULUq8D3iRxl1fdX2lZIzdHuI.jpg,2018-03-28,False,False,7.587,17353,"['Adventure', 'Action', 'Science Fiction']"
False,/k1pJslKr4aDayw9kWwWnlC3MIP3.jpg,"[16, 14, 12]",615453,Ne Zha,zh,哪吒之魔童降世,"A young boy is born as the reincarnation of a demonic power, into a society that hates and fears him. Destined by prophecy to bring destruction to the world, Nezha must choose between good and evil to see if he can change his fate.",18.3552,/phM9bb6s9c60LA8qwsdk7U1N2cS.jpg,2019-07-26,False,False,7.904,958,"['Animation', 'Fantasy', 'Adventure']"
False,/nHRUtBwFNnNN70vcQ7lAsjc2T6S.jpg,"[27, 18, 878]",447332,A Quiet Place,en,A Quiet Place,A family is forced to live in silence while hiding from creatures that hunt by sound.,18.3517,/nAU74GmpUk7t5iklEp3bufwDq4n.jpg,2018-04-03,False,False,7.395,15708,"['Horror', 'Drama', 'Science Fiction']"
False,/oXx1QZzeF5V3HMQ11q6WCkA2pQh.jpg,"[28, 12, 16, 35, 80, 10751]",629542,The Bad Guys,en,The Bad Guys,"When the Bad Guys, a crew of criminal animals, are finally caught after years of heists and being the world’s most-wanted villains, Mr. Wolf brokers a deal to save them all from prison.",18.2906,/6fcFmdVLCCbf1gFt8HlC6BRj8pt.jpg,2022-03-17,False,False,7.513,2676,"['Action', 'Adventure', 'Animation', 'Comedy', 'Crime', 'Family']"
False,/hEQYZq2CDB2LSJVxxlazdBOKeyW.jpg,"[37, 18, 12]",281957,The Revenant,en,The Revenant,"In the 1820s, a frontiersman, Hugh Glass, sets out on a path of vengeance against those who left him for dead after a bear mauling.",18.242,/ji3ecJphATlVgWNY0B0RVXZizdf.jpg,2015-12-25,False,False,7.5,19697,"['Western', 'Drama', 'Adventure']"
False,/6G6nqSW9S7EHA9HrYl0Z8uo2H7f.jpg,"[14, 18, 10752]",1417,Pan's Labyrinth,es,El laberinto del fauno,"In post–civil war Spain, 10-year-old Ofelia moves with her pregnant mother to live under the control of her cruel stepfather. Drawn into a mysterious labyrinth, she meets a faun who reveals that she may be a lost princess from an underground kingdom. To return to her true father, she must complete a series of surreal and perilous tasks that blur the line between reality and fantasy.",18.2365,/z7xXihu5wHuSMWymq5VAulPVuvg.jpg,2006-10-11,False,False,7.768,11731,"['Fantasy', 'Drama', 'War']"
False,/9X7Im1YuBhyHYVD8r7CAONPJR5k.jpg,"[28, 878, 12]",68726,Pacific Rim,en,Pacific Rim,"Using massive piloted robots to combat the alien threat, Earth's survivors take the fight to the invading alien force lurking in the depths of the Pacific Ocean. Nearly defenseless in the face of the relentless enemy, the forces of mankind have no choice but to turn to two unlikely heroes who now stand as Earth's final hope against the mounting apocalypse.",18.2133,/8wo4eN8dWKaKlxhSvBz19uvj8gA.jpg,2013-07-11,False,False,6.947,13798,"['Action', 'Science Fiction', 'Adventure']"
False,/c5MCkebYhFuhmi32x760HfcvLIO.jpg,"[28, 12, 16, 35, 10751]",417859,Puss in Boots,en,Puss in Boots,"Long before he even met Shrek, the notorious fighter, lover and outlaw Puss in Boots becomes a hero when he sets off on an adventure with the tough and street smart Kitty Softpaws and the mastermind Humpty Dumpty to save his town. This is the true story of The Cat, The Myth, The Legend... The Boots.",18.2008,/7a5Jzjr9TmffGy76y1SZhn3sCiz.jpg,2011-10-27,False,False,6.6,4745,"['Action', 'Adventure', 'Animation', 'Comedy', 'Family']"
False,/hpgda6P9GutvdkDX5MUJ92QG9aj.jpg,"[28, 12, 35]",384018,Fast & Furious Presents: Hobbs & Shaw,en,Fast & Furious Presents: Hobbs & Shaw,"Ever since US Diplomatic Security Service Agent Hobbs and lawless outcast Shaw first faced off, they just have traded smack talk and body blows. But when cyber-genetically enhanced anarchist Brixton's ruthless actions threaten the future of humanity, they join forces to defeat him.",18.1958,/qRyy2UmjC5ur9bDi3kpNNRCc5nc.jpg,2019-07-31,False,False,6.8,7919,"['Action', 'Adventure', 'Comedy']"
False,/3SozaNPOYUadcmTPgndDibMyDNC.jpg,"[878, 28, 18, 53]",119450,Dawn of the Planet of the Apes,en,Dawn of the Planet of the Apes,"A group of scientists in San Francisco struggle to stay alive in the aftermath of a plague that is wiping out humanity, while Caesar tries to maintain dominance over his community of intelligent apes.",18.1635,/mSmAc9G25fhOHH45SLEeagR0qi7.jpg,2014-07-08,False,False,7.343,12494,"['Science Fiction', 'Action', 'Drama', 'Thriller']"
False,/mUYV0ZdsDEliGaQahcQH1F3grsP.jpg,"[16, 10751, 12]",10674,Mulan,en,Mulan,"When Imperial China calls one man from every family to defend the empire from invading Huns, a young woman disguises herself as a soldier to take her ailing father’s place. Facing ruthless invaders, brutal training, and the risk of execution if discovered, she must decide who she truly is— and what she’s willing to fight for.",18.1447,/jAbexAtB0aSfP5Ay4TpWHARyVnG.jpg,1998-06-18,False,False,7.902,10673,"['Animation', 'Family', 'Adventure']"
False,/otugS74HEHdca4aTCtt8HtXvPYV.jpg,"[18, 10402]",661539,A Complete Unknown,en,A Complete Unknown,"New York, early 1960s. Against the backdrop of a vibrant music scene and tumultuous cultural upheaval, an enigmatic 19-year-old from Minnesota arrives in the West Village with his guitar and revolutionary talent, destined to change the course of American music.",18.1222,/llWl3GtNoXosbvYboelmoT459NM.jpg,2024-12-25,False,False,7.062,1560,"['Drama', 'Music']"
False,/ysCmtf9Y9fLDChZ88PXId5RbLP1.jpg,"[28, 53]",8681,Taken,en,Taken,"Bryan Mills, a former government operative, is trying to reconnect with his teenage daughter Kim. After reluctantly agreeing with his ex-wife to let Kim go to Paris on vacation with a friend, his worst nightmare comes true. While on the phone with his daughter shortly after she arrives in Paris, she and her friend are abducted by a gang of human traffickers. Working against the clock, Bryan relies on his extensive training and skills to track down the ruthless gang that abducted her and launch a one-man war to rescue his daughter.",18.12,/ognkaUSNgJe1a2pjB4UNdzEo5jT.jpg,2008-02-18,False,False,7.412,12385,"['Action', 'Thriller']"
False,/8gBOpyW6iTDGZJR93YuF3L7dDuI.jpg,"[18, 10770]",441168,From Straight A's to XXX,en,From Straight A's to XXX,"When a change of circumstances leaves Miriam unable to pay her college tuition, she makes a surprising decision: to start performing in adult films, using the pseudonym Belle Knox. Miriam lies to her family and her friends at school, keeping her double life a secret. But soon rumours spread and Miriam becomes the subject of vicious online attacks and unwanted attention. Miriam fights back: she talks to the media, saying her new line of work empowers her as a feminist. But her confident stand has unintended consequences. Miriam is shunned by her conservative family and her colleagues in the adult film world. One impulsive decision has quickly spiralled out of control - and Miriam's problems are just beginning.",18.0871,/7o7qmymPy1D9mASODsrOHq41Fye.jpg,2017-02-11,False,False,5.9,171,"['Drama', 'TV Movie']"
False,/vVpEOvdxVBP2aV166j5Xlvb5Cdc.jpg,"[28, 53, 80]",458156,John Wick: Chapter 3 - Parabellum,en,John Wick: Chapter 3 - Parabellum,"Super-assassin John Wick returns with a $14 million price tag on his head and an army of bounty-hunting killers on his trail. After killing a member of the shadowy international assassin’s guild, the High Table, John Wick is excommunicado, but the world’s most ruthless hit men and women await his every turn.",18.0861,/ziEuG1essDuWuC5lpWUaw1uXY2O.jpg,2019-05-15,False,False,7.438,12065,"['Action', 'Thriller', 'Crime']"
False,/wCCvFSOlzgWCySJH3HUHcEbAexa.jpg,[27],489430,Terrified,es,Aterrados,Police commissioner Funes and three researchers of supernatural phenomena investigate inexplicable events that are occurring in the suburbs of Buenos Aires.,18.0855,/eMP4F0POBgrB4icn6XgYeLLIrld.jpg,2018-05-03,False,False,6.708,866,['Horror']
False,/3G1Q5xF40HkUBJXxt2DQgQzKTp5.jpg,"[16, 35, 10751, 14]",568124,Encanto,en,Encanto,"The tale of an extraordinary family, the Madrigals, who live hidden in the mountains of Colombia, in a magical house, in a vibrant town, in a wondrous, charmed place called an Encanto. The magic of the Encanto has blessed every child in the family—every child except one, Mirabel. But when she discovers that the magic surrounding the Encanto is in danger, Mirabel decides that she, the only ordinary Madrigal, might just be her exceptional family's last hope.",18.0797,/4j0PNHkMr5ax3IA8tjtxcmPU3QT.jpg,2021-10-13,False,False,7.566,10395,"['Animation', 'Comedy', 'Family', 'Fantasy']"
False,/o1jr0UqVjxIZ1JnFzuVLN4ulWey.jpg,"[16, 10751, 35, 12]",950,Ice Age: The Meltdown,en,Ice Age: The Meltdown,"Diego, Manny and Sid return in this sequel to the hit animated movie Ice Age. This time around, the deep freeze is over, and the ice-covered earth is starting to melt, which will destroy the trio's cherished valley. The impending disaster prompts them to reunite and warn all the other beasts about the desperate situation.",18.0563,/zDduhCHasKQ9YOTvlOreHem7Wbi.jpg,2006-03-29,False,False,6.7,10542,"['Animation', 'Family', 'Comedy', 'Adventure']"
False,/gprjiZWY43vxSKngMha1wfb5TGG.jpg,"[27, 14]",426063,Nosferatu,en,Nosferatu,"A gothic tale of obsession between a haunted young woman and the terrifying vampire infatuated with her, causing untold horror in its wake.",18.0328,/5qGIxdEO841C0tdY8vOdLoRVrr0.jpg,2024-12-25,False,False,6.714,3959,"['Horror', 'Fantasy']"
False,/1w8kutrRucTd3wlYyu5QlUDMiG1.jpg,"[12, 10751, 16]",762509,Mufasa: The Lion King,en,Mufasa: The Lion King,"Mufasa, a cub lost and alone, meets a sympathetic lion named Taka, the heir to a royal bloodline. The chance meeting sets in motion an expansive journey of a group of misfits searching for their destiny.",18.0206,/jbOSUAWMGzGL1L4EaUF8K6zYFo7.jpg,2024-12-18,False,False,7.286,2767,"['Adventure', 'Family', 'Animation']"
False,/6Ybbh8TrO8bkEfQXDedekLwVDfA.jpg,"[16, 35, 10751, 12]",8355,Ice Age: Dawn of the Dinosaurs,en,Ice Age: Dawn of the Dinosaurs,"Times are changing for Manny the moody mammoth, Sid the motor mouthed sloth and Diego the crafty saber-toothed tiger. Life heats up for our heroes when they meet some new and none-too-friendly neighbors – the mighty dinosaurs.",18.0058,/cXOLaxcNjNAYmEx1trZxOTKhK3Q.jpg,2009-06-26,False,False,6.8,9064,"['Animation', 'Comedy', 'Family', 'Adventure']"
False,/vYIUN5rrCncHFY8WvcuXQlM4hk5.jpg,"[28, 12]",177677,Mission: Impossible - Rogue Nation,en,Mission: Impossible - Rogue Nation,"Ethan and team take on their most impossible mission yet—eradicating 'The Syndicate', an International and highly-skilled rogue organization committed to destroying the IMF.",18.0031,/fRJLXQBHK2wyznK5yZbO7vmsuVK.jpg,2015-07-28,False,False,7.225,9937,"['Action', 'Adventure']"
False,/vHvEJwTDXFu4E2fC6a1vxdZKHND.jpg,"[27, 53]",587424,Infection,es,Infección,"Film about an epidemic outbreak of a new rabies virus in Venezuela and a father trying to save his son from contagion.  A Russian man is in Caracas under the influence of the Krokodil drug, when he gets infected with the rabies virus and starts an epidemic of aggressive and cannibalistic beings. Doctor Adam Vargas is in the midst of all this, when he begins a journey within a ravaged Venezuela to save his son from being infected.",17.9809,/3UtZrXiV7hpf2QvV9qXWoc7LLDX.jpg,2019-08-11,False,False,6.731,199,"['Horror', 'Thriller']"
False,/4NsQl44oXVMiuIM9t7ZsVgYzOkv.jpg,"[53, 9648]",591,The Da Vinci Code,en,The Da Vinci Code,"A murder in Paris’ Louvre Museum and cryptic clues in some of Leonardo da Vinci’s most famous paintings lead to the discovery of a religious mystery. For 2,000 years a secret society closely guards information that — should it come to light — could rock the very foundations of Christianity.",17.9666,/9ejKfNk0LBhSI9AahH4f9NJNZNM.jpg,2006-05-17,False,False,6.735,10309,"['Thriller', 'Mystery']"
False,/rwf5SUTiEsmfkXAgy15R0UtJUtv.jpg,"[53, 9648]",670,Oldboy,ko,올드보이,"With no clue how he came to be imprisoned, drugged and tortured for 15 years, a desperate man seeks revenge on his captors.",17.9609,/pWDtjs568ZfOTMbURQBYuT4Qxka.jpg,2003-11-21,False,False,8.2,10198,"['Thriller', 'Mystery']"
False,/djPUo00dbry1frPzDLD5dgsmG7e.jpg,[27],999722,Old People,de,Old People,A woman who's returned home with her two kids to attend her sister's wedding must suddenly defend their lives against older people on a killing spree.,17.9407,/2JKKheLcrpXXYSUD3mkmdq8I9p3.jpg,2022-10-07,False,False,5.655,346,['Horror']
False,/gBmrsugfWpiXRh13Vo3j0WW55qD.jpg,"[12, 878, 53, 28]",351286,Jurassic World: Fallen Kingdom,en,Jurassic World: Fallen Kingdom,"Three years after Jurassic World was destroyed, Isla Nublar now sits abandoned. When the island's dormant volcano begins roaring to life, Owen and Claire mount a campaign to rescue the remaining dinosaurs from this extinction-level event.",17.9179,/x2Us3jR6ToMJjbcPbLimYoxf6xr.jpg,2018-06-06,False,False,6.524,13001,"['Adventure', 'Science Fiction', 'Thriller', 'Action']"
False,/ocOWbTzHcJVTw9Tz173KPeskDOP.jpg,"[10751, 14, 12]",12155,Alice in Wonderland,en,Alice in Wonderland,"Alice, now 19 years old, returns to the whimsical world she first entered as a child and embarks on a journey to discover her true destiny.",17.9163,/o0kre9wRCZz3jjSjaru7QU0UtFz.jpg,2010-03-03,False,False,6.643,15048,"['Family', 'Fantasy', 'Adventure']"
False,/bQXAqRx2Fgc46uCVWgoPz5L5Dtr.jpg,"[28, 12, 878]",436270,Black Adam,en,Black Adam,"Nearly 5,000 years after he was bestowed with the almighty powers of the Egyptian gods—and imprisoned just as quickly—Black Adam is freed from his earthly tomb, ready to unleash his unique form of justice on the modern world.",17.8579,/rCtreCr4xiYEWDQTebybolIh6Xe.jpg,2022-10-19,False,False,6.768,7249,"['Action', 'Adventure', 'Science Fiction']"
False,/aAM3cQmYGjjLQ24m0F0RWfjKQ57.jpg,"[27, 18, 9648]",530385,Midsommar,en,Midsommar,"Several friends travel to Sweden to study as anthropologists a summer festival that is held every ninety years in the remote hometown of one of them. What begins as a dream vacation in a place where the sun never sets, gradually turns into a dark nightmare as the mysterious inhabitants invite them to participate in their disturbing festive activities.",17.8392,/7LEI8ulZzO5gy9Ww2NVCrKmHeDZ.jpg,2019-07-03,False,False,7.144,8408,"['Horror', 'Drama', 'Mystery']"
False,/jpFcZH2eyh6gcoxCa637TrGe4bT.jpg,"[28, 878]",2048,"I, Robot",en,"I, Robot","In 2035, where robots are commonplace and abide by the three laws of robotics, a technophobic cop investigates an apparent suicide. Suspecting that a robot may be responsible for the death, his investigation leads him to believe that humanity may be in danger.",17.8223,/efwv6F2lGaghjPpBRSINHtoEiZB.jpg,2004-07-15,False,False,6.97,12983,"['Action', 'Science Fiction']"
False,/feSiISwgEpVzR1v3zv2n2AU4ANJ.jpg,"[878, 12, 28]",609681,The Marvels,en,The Marvels,"When her duties send her to an anomalous wormhole linked to a Kree revolutionary, Carol's powers become entangled with that of Jersey City super-fan Kamala Khan, aka Ms. Marvel, and Carol's estranged niece, now S.A.B.E.R. astronaut Captain Monica Rambeau. Together, this unlikely trio must team up and learn to work in concert to save the universe.",17.815,/9GBhzXMFjgcZ3FdR9w3bUMMTps5.jpg,2023-11-08,False,False,5.9,3634,"['Science Fiction', 'Adventure', 'Action']"
False,/mZj8EUr6F1x2PWZjKPxaeYd5WRw.jpg,"[12, 16, 35, 10751, 14]",11688,The Emperor's New Groove,en,The Emperor's New Groove,"When the self‑absorbed Emperor Kuzco is accidentally transformed into a llama, he must rely on a humble villager to survive the jungle and reclaim his throne.",17.814,/wwbgkXQBEKtnyIJapk6gUgWkVw8.jpg,2000-12-15,False,False,7.565,7463,"['Adventure', 'Animation', 'Comedy', 'Family', 'Fantasy']"
False,/iwvP8XVpYVmJ3xfF9xdBi5uAOWl.jpg,"[80, 18, 53, 28]",75780,Jack Reacher,en,Jack Reacher,"One morning in an ordinary town, five people are shot dead in a seemingly random attack. All evidence points to a single suspect: an ex-military sniper who is quickly brought into custody. The interrogation yields one written note: 'Get Jack Reacher!'. Reacher, an enigmatic ex-Army investigator, believes the authorities have the right man but agrees to help the sniper's defense attorney. However, the more Reacher delves into the case, the less clear-cut it appears. So begins an extraordinary chase for the truth, pitting Jack Reacher against an unexpected enemy, with a skill for violence and a secret to keep.",17.7984,/uQBbjrLVsUibWxNDGA4Czzo8lwz.jpg,2012-12-20,False,False,6.7,7856,"['Crime', 'Drama', 'Thriller', 'Action']"
False,/wcUohmHc9oDZXarXDp905TYVui4.jpg,"[18, 10749]",82023,Hotel Desire,de,Hotel Desire,"Antonia is a single mother who works as a hotel maid in Berlin. A normal hot summer day takes a dramatic turn when she crosses paths with a particular guest of the hotel, famous blind portrait painter Julius Pass.",17.7622,/47XRWH95ATv4szxdWHl723guWXP.jpg,2011-12-07,False,False,6.2,164,"['Drama', 'Romance']"
False,/bQlw59HncOXX9alFlOYKHAvSnm.jpg,"[35, 14, 80, 10749]",854,The Mask,en,The Mask,"Timid bank clerk Stanley Ipkiss discovers a magical mask infused with the spirit of the Norse god Loki. Donning it transforms him into an unrestrained, green-faced, cartoon-like wild man. While the mask grants him the confidence to woo a local singer, it also makes him the target of a ruthless mobster.",17.7348,/jPC2eYub74zwf2tPGVtzSlBW6Oy.jpg,1994-07-29,False,False,6.994,11578,"['Comedy', 'Fantasy', 'Crime', 'Romance']"
False,/bInicBgSHfQiWLbnRT5jxw9Grvm.jpg,"[12, 53, 878]",74,War of the Worlds,en,War of the Worlds,"Ray Ferrier is a divorced dockworker and less-than-perfect father. Soon after his ex-wife and her new husband drop off his teenage son and young daughter for a rare weekend visit, a strange and powerful lightning storm touches down.",17.7018,/6Biy7R9LfumYshur3YKhpj56MpB.jpg,2005-06-28,False,False,6.571,9517,"['Adventure', 'Thriller', 'Science Fiction']"
False,/7C921eWK06n12c1miRXnYoEu5Yv.jpg,"[12, 28, 14]",166426,Pirates of the Caribbean: Dead Men Tell No Tales,en,Pirates of the Caribbean: Dead Men Tell No Tales,"Thrust into an all-new adventure, a down-on-his-luck Capt. Jack Sparrow feels the winds of ill-fortune blowing even more strongly when deadly ghost sailors led by his old nemesis, the evil Capt. Salazar, escape from the Devil's Triangle. Jack's only hope of survival lies in seeking out the legendary Trident of Poseidon, but to find it, he must forge an uneasy alliance with a brilliant and beautiful astronomer and a headstrong young man in the British navy.",17.6885,/6lAPOAFYFWIO3SQRemEY2wInQMC.jpg,2017-05-23,False,False,6.665,13056,"['Adventure', 'Action', 'Fantasy']"
False,/y3zUOMWRoI2vC4ck2GBJyFWhzyA.jpg,"[35, 10751, 10749]",9820,The Parent Trap,en,The Parent Trap,"Hallie Parker and Annie James are identical twins who were separated at a young age due to their parents' divorce. Unbeknownst to their parents, the girls are sent to the same summer camp, where they meet, discover the truth about their relationship, and come up with a plan to switch places in an effort to reunite their mother and father.",17.6478,/p4dGmi8u9W0HHyVXcgWPoiFfKTF.jpg,1998-07-28,False,False,7.214,4647,"['Comedy', 'Family', 'Romance']"
False,/AaABt75ZzfMGrscUR2seabz4PEX.jpg,"[28, 12, 14]",297762,Wonder Woman,en,Wonder Woman,An Amazon princess comes to the world of Man in the grips of the First World War to confront the forces of evil and bring an end to human conflict.,17.6447,/v4ncgZjG2Zu8ZW5al1vIZTsSjqX.jpg,2017-05-30,False,False,7.202,21199,"['Action', 'Adventure', 'Fantasy']"
False,/yFuKvT4Vm3sKHdFY4eG6I4ldAnn.jpg,"[28, 12, 878]",1771,Captain America: The First Avenger,en,Captain America: The First Avenger,"During World War II, Steve Rogers is a sickly man from Brooklyn who's transformed into super-soldier Captain America to aid in the war effort. Rogers must stop the Red Skull – Adolf Hitler's ruthless head of weaponry, and the leader of an organization that intends to use a mysterious device of untold powers for world domination.",17.6392,/vSNxAJTlD0r02V9sPYpOjqDZXUK.jpg,2011-07-22,False,False,7.012,23234,"['Action', 'Adventure', 'Science Fiction']"
False,/4V1yIoAKPMRQwGBaSses8Bp2nsi.jpg,"[28, 878]",137113,Edge of Tomorrow,en,Edge of Tomorrow,"Major Bill Cage is an officer who has never seen a day of combat when he is unceremoniously demoted and dropped into combat. Cage is killed within minutes, managing to take an alpha alien down with him. He awakens back at the beginning of the same day and is forced to fight and die again... and again - as physical contact with the alien has thrown him into a time loop.",17.6264,/nBM9MMa2WCwvMG4IJ3eiGUdbPe6.jpg,2014-05-27,False,False,7.642,15494,"['Action', 'Science Fiction']"
False,/wYtEvBmpBRXPdwGgr1gcWiwJSI7.jpg,"[28, 27, 878]",460458,Resident Evil: Welcome to Raccoon City,en,Resident Evil: Welcome to Raccoon City,"Once the booming home of pharmaceutical giant Umbrella Corporation, Raccoon City is now a dying Midwestern town. The company’s exodus left the city a wasteland…with great evil brewing below the surface. When that evil is unleashed, the townspeople are forever…changed…and a small group of survivors must work together to uncover the truth behind Umbrella and make it through the night.",17.6212,/bArhvjRHl535XMaSh9VjInF2mSZ.jpg,2021-11-24,False,False,5.928,2783,"['Action', 'Horror', 'Science Fiction']"
False,/VuukZLgaCrho2Ar8Scl9HtV3yD.jpg,"[878, 28]",335983,Venom,en,Venom,"Investigative journalist Eddie Brock attempts a comeback following a scandal, but accidentally becomes the host of Venom, a violent, super powerful alien symbiote. Soon, he must rely on his newfound powers to protect the world from a shadowy organization looking for a symbiote of their own.",17.6105,/2uNW4WbgBXL25BAbXGLnLqX71Sw.jpg,2018-09-28,False,False,6.824,17583,"['Science Fiction', 'Action']"
False,/5jhG1lTgV0MS6tDkBMQSSitttTT.jpg,[18],1402,The Pursuit of Happyness,en,The Pursuit of Happyness,A struggling salesman takes custody of his son as he's poised to begin a life-changing professional career.,17.5845,/lBYOKAMcxIvuk9s9hMuecB9dPBV.jpg,2006-12-14,False,False,7.882,10856,['Drama']
False,/61MrK5U4w4MVL1vfwoG12zYPJ8B.jpg,"[28, 53]",615457,Nobody,en,Nobody,"Hutch Mansell, a suburban dad, overlooked husband, nothing neighbor — a ""nobody."" When two thieves break into his home one night, Hutch's unknown long-simmering rage is ignited and propels him on a brutal path that will uncover dark secrets he fought to leave behind.",17.5563,/oBgWY00bEFeZ9N25wWVyuQddbAo.jpg,2021-03-18,False,False,7.864,8699,"['Action', 'Thriller']"
False,/c6H7Z4u73ir3cIoCteuhJh7UCAR.jpg,"[878, 28, 12]",524434,Eternals,en,Eternals,"The Eternals are a team of ancient aliens who have been living on Earth in secret for thousands of years. When an unexpected tragedy forces them out of the shadows, they are forced to reunite against mankind’s most ancient enemy, the Deviants.",17.5378,/lFByFSLV5WDJEv3KabbdAF959F2.jpg,2021-11-03,False,False,6.753,9406,"['Science Fiction', 'Action', 'Adventure']"
False,/qVgLMRVNB5bHU0inmRa0ueShacN.jpg,"[28, 12, 878]",131634,The Hunger Games: Mockingjay - Part 2,en,The Hunger Games: Mockingjay - Part 2,"As the war between the Capitol and the districts reaches its peak, Katniss Everdeen embarks on a perilous mission to liberate Panem and confront President Snow. Joined by a team of trusted allies, she navigates deadly traps, shifting loyalties, and the heavy cost of rebellion, determined to bring freedom to her people and end the Hunger Games once and for all.",17.4438,/lImKHDfExAulp16grYm8zD5eONE.jpg,2015-11-18,False,False,6.897,13581,"['Action', 'Adventure', 'Science Fiction']"
False,/cMnVmutb5mVgIBeiMOncAbwNjvG.jpg,[27],439079,The Nun,en,The Nun,A priest with a dark past and a novice nearing her final vows are sent by the Vatican to Romania to investigate a nun's death and face a demonic force.,17.3941,/sFC1ElvoKGdHJIWRpNB3xWJ9lJA.jpg,2018-09-05,False,False,5.911,7302,['Horror']
False,/3WK7p9EdZmmvB1IbB2Vw9Rf4lXH.jpg,"[18, 10749]",296096,Me Before You,en,Me Before You,"Lou Clark, a directionless 26-year-old from the English countryside, takes a job at the local castle as a caregiver and companion to a wealthy young banker, Will Traynor. Wheelchair-bound from an accident two years prior, the once adventurous Will has all but given up — that is until Lou determines to show him that life is worth living.",17.3767,/Ia3dzj5LnCj1ZBdlVeJrbKJQxG.jpg,2016-06-01,False,False,7.931,13571,"['Drama', 'Romance']"
False,/wxr4Z6E83h14CogsZOzDm1vuDX3.jpg,"[878, 28, 12]",91314,Transformers: Age of Extinction,en,Transformers: Age of Extinction,"As humanity picks up the pieces after the battle of Chicago, a shadowy group reveals itself in an attempt to control the direction of history…while an ancient, powerful new menace sets Earth in its crosshairs. With help from Cade Yeager, Optimus Prime and the Autobots rise to meet their most fearsome challenge yet.",17.3743,/jyzrfx2WaeY60kYZpPYepSjGz4S.jpg,2014-06-25,False,False,5.974,8943,"['Science Fiction', 'Action', 'Adventure']"
False,/gTghF8ardwJ48XLHkiapWk3ZmSo.jpg,"[80, 35]",107,Snatch,en,Snatch,"Unscrupulous boxing promoters, violent bookies, a Russian gangster, incompetent amateur robbers, and supposedly Jewish jewellers fight to track down a priceless stolen diamond.",17.3639,/kJZoAHq1SLDdWjeNGtlHAnGpmFV.jpg,2000-09-01,False,False,7.829,10265,"['Crime', 'Comedy']"
False,/m5dA4JZsj78EBTa2D6imWOAebwB.jpg,[35],4247,Scary Movie,en,Scary Movie,"A familiar-looking group of teenagers find themselves being stalked by a more-than-vaguely recognizable masked killer! As the victims begin to pile up and the laughs pile on, none of your favorite scary movies escape the razor-sharp satire of this outrageously funny parody!",17.3411,/fVQFPRuw3yWXojYDJvA5EoFjUOY.jpg,2000-07-07,False,False,6.429,8134,['Comedy']
False,/qgch2rFskIxDMgwrD5lWTaB4nBl.jpg,"[12, 35, 14]",512200,Jumanji: The Next Level,en,Jumanji: The Next Level,"As the gang return to Jumanji to rescue one of their own, they discover that nothing is as they expect. The players will have to brave parts unknown and unexplored in order to escape the world’s most dangerous game.",17.2728,/jyw8VKYEiM1UDzPB7NsisUgBeJ8.jpg,2019-12-04,False,False,6.869,9598,"['Adventure', 'Comedy', 'Fantasy']"
False,/ePgD1cwmklyrFBjl6z96IuixuSY.jpg,"[18, 878, 53]",6479,I Am Legend,en,I Am Legend,"Robert Neville is a scientist who was unable to stop the spread of the terrible virus that was incurable and man-made. Immune, Neville is now the last human survivor in what is left of New York City and perhaps the world. For three years, Neville has faithfully sent out daily radio messages, desperate to find any other survivors who might be out there. But he is not alone.",17.25,/iPDkaSdKk2jRLTM65UOEoKtsIZ8.jpg,2007-12-12,False,False,7.223,17298,"['Drama', 'Science Fiction', 'Thriller']"
False,/uDR9UjSuykTL8g3N3bh3siZ4n3C.jpg,"[16, 10751, 35, 12]",80321,Madagascar 3: Europe's Most Wanted,en,Madagascar 3: Europe's Most Wanted,"Animal pals Alex, Marty, Melman, and Gloria are still trying to make it back to New York's Central Park Zoo. They are forced to take a detour to Europe to find the penguins and chimps who broke the bank at a Monte Carlo casino. When French animal-control officer Capitaine Chantel DuBois picks up their scent, Alex and company are forced to hide out in a traveling circus.",17.2413,/ekraj4ksvIKeuvQVEevEJkuybZd.jpg,2012-06-06,False,False,6.649,6717,"['Animation', 'Family', 'Comedy', 'Adventure']"
False,/hwwFyowfcbLRVmRBOkvnABBNIOs.jpg,"[12, 16, 35, 10751]",9487,A Bug's Life,en,A Bug's Life,"On behalf of ""oppressed bugs everywhere,"" an inventive ant named Flik hires a troupe of warrior bugs to defend his bustling colony from a horde of freeloading grasshoppers led by the evil-minded Hopper.",17.2324,/Ah3J9OJVc2CNCuH2zMydXy9fmIC.jpg,1998-11-25,False,False,6.983,9914,"['Adventure', 'Animation', 'Comedy', 'Family']"
False,/z7noaCJ4KtmhwHw7QcNtnMMo4Qy.jpg,"[28, 53, 80]",345887,The Equalizer 2,en,The Equalizer 2,"Robert McCall, who serves an unflinching justice for the exploited and oppressed, embarks on a relentless, globe-trotting quest for vengeance when his former partner is murdered.",17.1684,/cQvc9N6JiMVKqol3wcYrGshsIdZ.jpg,2018-07-19,False,False,6.794,6151,"['Action', 'Thriller', 'Crime']"
False,/gJbTXKNTL6O7r7PzF6ZRkJGBlPp.jpg,"[27, 9648, 53]",493922,Hereditary,en,Hereditary,"Following the death of the Leigh family matriarch, Annie and her children uncover disturbing secrets about their heritage. Their daily lives are not only impacted, but they also become entangled in a chilling fate from which they cannot escape, driving them to the brink of madness.",17.1526,/4GFPuL14eXi66V96xBWY73Y9PfR.jpg,2018-06-07,False,False,7.297,8883,"['Horror', 'Mystery', 'Thriller']"
False,/ihOJcrorpDQtHTzIOrobbOhpJsj.jpg,"[12, 28, 53, 878]",604,The Matrix Reloaded,en,The Matrix Reloaded,"The Resistance builds in numbers as humans are freed from the Matrix and brought to the city of Zion. Neo discovers his superpowers, including the ability to see the code inside the Matrix. With machine sentinels digging to Zion in 72 hours, Neo, Morpheus and Trinity must find the Keymaker to ultimately reach the Source.",17.1436,/aA5qHS0FbSXO8PxcxUIHbDrJyuh.jpg,2003-05-15,False,False,7.085,12302,"['Adventure', 'Action', 'Thriller', 'Science Fiction']"
False,/75nSb1fbWooipwcSU5bUttiOriI.jpg,"[16, 14, 18]",508883,The Boy and the Heron,ja,君たちはどう生きるか,"While the Second World War rages, the teenage Mahito, haunted by his mother's tragic death, is relocated from Tokyo to the serene rural home of his new stepmother Natsuko, a woman who bears a striking resemblance to the boy's mother.  As he tries to adjust, this strange new world grows even stranger following the appearance of a persistent gray heron, who perplexes and bedevils Mahito, dubbing him the ""long-awaited one.""",17.1265,/f4oZTcfGrVTXKTWg157AwikXqmP.jpg,2023-07-14,False,False,7.383,2805,"['Animation', 'Fantasy', 'Drama']"
False,/eENEf62tMXbhyVvdcXlnQz2wcuT.jpg,"[878, 28, 12]",580489,Venom: Let There Be Carnage,en,Venom: Let There Be Carnage,"After finding a host body in investigative reporter Eddie Brock, the alien symbiote must face a new enemy, Carnage, the alter ego of serial killer Cletus Kasady.",17.1095,/pzKsRuKLFmYrW5Q0q8E8G78Tcgo.jpg,2021-09-30,False,False,6.73,11413,"['Science Fiction', 'Action', 'Adventure']"
False,/ibKeXahq4JD63z6uWQphqoJLvNw.jpg,"[28, 878, 27]",345940,The Meg,en,The Meg,"A deep sea submersible pilot revisits his past fears in the Mariana Trench, and accidentally unleashes the seventy foot ancestor of the Great White Shark believed to be extinct.",17.1086,/eyWICPcxOuTcDDDbTMOZawoOn8d.jpg,2018-08-08,False,False,6.252,8378,"['Action', 'Science Fiction', 'Horror']"
False,/628Dep6AxEtDxjZoGP78TsOxYbK.jpg,"[28, 12, 53]",575264,Mission: Impossible - Dead Reckoning Part One,en,Mission: Impossible - Dead Reckoning Part One,"Ethan Hunt and his IMF team embark on their most dangerous mission yet: To track down a terrifying new weapon that threatens all of humanity before it falls into the wrong hands. With control of the future and the world's fate at stake and dark forces from Ethan's past closing in, a deadly race around the globe begins. Confronted by a mysterious, all-powerful enemy, Ethan must consider that nothing can matter more than his mission—not even the lives of those he cares about most.",17.1037,/NNxYkU70HPurnNCSiCjYAmacwm.jpg,2023-07-08,False,False,7.5,5362,"['Action', 'Adventure', 'Thriller']"
False,/co7oxvpWxgd6FZU24DnljDDHYQA.jpg,"[27, 878, 53]",1064028,Subservience,en,Subservience,"With his wife out sick, a struggling father brings home a lifelike AI, only to have his self-aware new help want everything her new family has to offer... Like the affection of her owner and she'll kill to get it.",17.0285,/gBenxR01Uy0Ev9RTIw6dVBPoyQU.jpg,2024-08-15,False,False,6.649,1109,"['Horror', 'Science Fiction', 'Thriller']"
False,/zbV32WKHFuEYLXLTpr0rmVjQn11.jpg,"[53, 28, 14]",1250,Ghost Rider,en,Ghost Rider,"In order to save his dying father, young stunt cyclist Johnny Blaze sells his soul to Mephistopheles and sadly parts from the pure-hearted Roxanne Simpson, the love of his life. Years later, Johnny's path crosses again with Roxanne, now a go-getting reporter, and also with Mephistopheles, who offers to release Johnny's soul if Johnny becomes the fabled, fiery 'Ghost Rider'.",17.0237,/4quwR1VwZouD0YF9AaD72kQAjxH.jpg,2007-01-15,False,False,5.621,6649,"['Thriller', 'Action', 'Fantasy']"
False,/fW4ZCoEZRBqLAJGFQ2g5AdAfPQR.jpg,"[10749, 10751, 16, 14]",10020,Beauty and the Beast,en,Beauty and the Beast,"Follow the adventures of Belle, a bright young woman who finds herself in the castle of a prince who's been turned into a mysterious beast. With the help of the castle's enchanted staff, Belle soon learns the most important lesson of all -- that true beauty comes from within.",17.0053,/hUJ0UvQ5tgE2Z9WpfuduVSdiCiU.jpg,1991-10-22,False,False,7.726,10886,"['Romance', 'Family', 'Animation', 'Fantasy']"
False,/4w6nQYAY0eb7B0VVRDXilXcgAUV.jpg,"[80, 27, 9648]",4232,Scream,en,Scream,"A year after the murder of her mother, a teenage girl is terrorized by a masked killer who targets her and her friends by using scary movies as part of a deadly game.",17.0005,/lr9ZIrmuwVmZhpZuTCW8D9g0ZJe.jpg,1996-12-20,False,False,7.4,8224,"['Crime', 'Horror', 'Mystery']"
False,/vFm4pF0BgaWPj0i2zEiZO6TqEQ0.jpg,"[53, 28]",260346,Taken 3,en,Taken 3,"Ex-government operative Bryan Mills finds his life is shattered when he's falsely accused of a murder that hits close to home. As he's pursued by a savvy police inspector, Mills employs his particular set of skills to track the real killer and exact his unique brand of justice.",16.9833,/vzvMXMypMq7ieDofKThsxjHj9hn.jpg,2014-12-16,False,False,6.3,6284,"['Thriller', 'Action']"
False,/uzzTystB8lL0mRDII5Sfs5HxgkI.jpg,"[35, 12, 14, 16, 10751]",10192,Shrek Forever After,en,Shrek Forever After,"A midlife-crisis burdened Shrek, longing for the days of when he felt like a real ogre, makes a pact with magic deal-maker Rumpelstiltskin. But when he's duped and sent to a twisted version of Far Far Away—where Rumpelstiltskin is king, ogres are hunted, and he and Fiona have never met—he sets out to restore his world and reclaim his true love.",16.9818,/6HrfPZtKcGmX2tUWW3cnciZTaSD.jpg,2010-05-16,False,False,6.414,8123,"['Comedy', 'Adventure', 'Fantasy', 'Animation', 'Family']"
False,/m8JTwHFwX7I7JY5fPe4SjqejWag.jpg,"[28, 12, 878]",640146,Ant-Man and the Wasp: Quantumania,en,Ant-Man and the Wasp: Quantumania,"Super-Hero partners Scott Lang and Hope van Dyne, along with with Hope's parents Janet van Dyne and Hank Pym, and Scott's daughter Cassie Lang, find themselves exploring the Quantum Realm, interacting with strange new creatures and embarking on an adventure that will push them beyond the limits of what they thought possible.",16.9773,/qnqGbB22YJ7dSs4o6M7exTpNxPz.jpg,2023-02-15,False,False,6.2,6086,"['Action', 'Adventure', 'Science Fiction']"
False,/zNnjHLDtV8Ti3aworltaeaLMov4.jpg,"[80, 18, 53]",242,The Godfather Part III,en,The Godfather Part III,"In the midst of trying to legitimize his business dealings in 1979 New York and Italy, aging mafia don, Michael Corleone seeks forgiveness for his sins while taking a young protege under his wing.",16.9772,/lm3pQ2QoQ16pextRsmnUbG2onES.jpg,1990-12-25,False,False,7.417,7050,"['Crime', 'Drama', 'Thriller']"
False,/eTvN54pd83TrSEOz6wbsXEJktCV.jpg,"[10752, 28, 53]",882569,Guy Ritchie's The Covenant,en,Guy Ritchie's The Covenant,"After an ambush, Afghan interpreter Ahmed goes to Herculean lengths to save US Army Sergeant John Kinley's life. When Kinley learns that Ahmed and his family were not given safe passage to America as promised, he must return to the war zone and repay his debt.",16.9439,/kVG8zFFYrpyYLoHChuEeOGAd6Ru.jpg,2023-04-19,False,False,7.719,3348,"['War', 'Action', 'Thriller']"
False,/9hk5iiycq7ukRAAXQiJT9HZX3SX.jpg,"[12, 878, 53, 28]",507086,Jurassic World Dominion,en,Jurassic World Dominion,"Four years after Isla Nublar was destroyed, dinosaurs now live—and hunt—alongside humans all over the world. This fragile balance will reshape the future and determine, once and for all, whether human beings are to remain the apex predators on a planet they now share with history's most fearsome creatures.",16.9305,/jbAvCACjLf1ZG0unB2tdmx5HAf1.jpg,2022-06-01,False,False,6.592,7274,"['Adventure', 'Science Fiction', 'Thriller', 'Action']"
False,/4P71rDf6roxVskbvdcbNayVMpXd.jpg,"[28, 12, 878]",14161,2012,en,2012,"Dr. Adrian Helmsley, part of a worldwide geophysical team investigating the effect on the earth of radiation from unprecedented solar storms, learns that the earth's core is heating up. He warns U.S. President Thomas Wilson that the crust of the earth is becoming unstable and that without proper preparations for saving a fraction of the world's population, the entire race is doomed. Meanwhile, writer Jackson Curtis stumbles on the same information. While the world's leaders race to build ""arks"" to escape the impending cataclysm, Curtis struggles to find a way to save his family. Meanwhile, volcanic eruptions and earthquakes of unprecedented strength wreak havoc around the world.",16.8839,/c2PkTPT5D9zB8SIm5wNlDAANEqM.jpg,2009-10-10,False,False,5.895,13019,"['Action', 'Adventure', 'Science Fiction']"
False,/wb34q3VgzHgL8frVMywrN3wXmqx.jpg,"[27, 35]",747,Shaun of the Dead,en,Shaun of the Dead,"Shaun lives a supremely uneventful life, which revolves around his girlfriend, his mother, and, above all, his local pub. This gentle routine is threatened when the dead return to life and make strenuous attempts to snack on ordinary Londoners.",16.8806,/dgXPhzNJH8HFTBjXPB177yNx6RI.jpg,2004-04-09,False,False,7.545,9619,"['Horror', 'Comedy']"
False,/c0fB9xk7D1aVb3Bg2rk2SVJcGn.jpg,"[18, 10752]",423,The Pianist,en,The Pianist,"The true story of pianist Władysław Szpilman's experiences in Warsaw during the Nazi occupation. When the Jews of the city find themselves forced into a ghetto, Szpilman finds work playing in a café; and when his family is deported in 1942, he stays behind, works for a while as a laborer, and eventually goes into hiding in the ruins of the war-torn city.",16.8743,/2hFvxCCWrTmCYwfy7yum0GKRi3Y.jpg,2002-09-17,False,False,8.37,10436,"['Drama', 'War']"
False,/stmYfCUGd8Iy6kAMBr6AmWqx8Bq.jpg,"[28, 878, 35, 10751]",454626,Sonic the Hedgehog,en,Sonic the Hedgehog,"Powered with incredible speed, Sonic The Hedgehog embraces his new home on Earth. That is, until Sonic sparks the attention of super-uncool evil genius Dr. Robotnik. Now it’s super-villain vs. super-sonic in an all-out race across the globe to stop Robotnik from using Sonic’s unique power for world domination.",16.8396,/aQvJ5WPzZgYVDrxLX4R6cLJCEaQ.jpg,2020-02-12,False,False,7.27,10576,"['Action', 'Science Fiction', 'Comedy', 'Family']"
False,/yDLFUmq4ublCJFktG3zpMb3tUfR.jpg,"[16, 18, 878]",35648,Roujin Z,ja,老人Z,"Mr. Takazawa, an elderly invalid who is cared for at his home by Haruko, a young nursing student, is chosen by the Japanese Ministry of Public Welfare to test the Z-001, a computerized hospital bed with robotic features that allegedly displays more efficiency and skills than any human nurse, but Haruko mistrusts a machine unable to consider human feelings.",16.8296,/kpJBEfjC9l7BFhmmGPmkNB8gl6h.jpg,1991-09-14,False,False,6.6,153,"['Animation', 'Drama', 'Science Fiction']"
False,/vadUKKQixxOKWkcuZ1SUEoBQeVG.jpg,[18],10867,Malena,it,Malèna,"12-year-old Renato experiences three significant events on the same day: the beginning of the Second World War, getting a bike, and witnessing the arrival of the gorgeous Malèna. Through his eyes, we see the curse of beauty and loneliness of Malena, whose husband is presumed dead, and, through his soul, we see his love for her.",16.8208,/3OyQTl0IGkbnjDxd3MhztfPE34g.jpg,2000-10-27,False,False,7.564,2823,['Drama']
False,/l2Lqkfjq1k5pG2gZXD4qSiyrJ0.jpg,"[35, 18]",318846,The Big Short,en,The Big Short,The men who made millions from a global economic meltdown.,16.8154,/scVEaJEwP8zUix8vgmMoJJ9Nq0w.jpg,2015-12-11,False,False,7.372,10082,"['Comedy', 'Drama']"
False,/pZfpUMEJzw9BZHtXuZzzOrRxtMa.jpg,"[12, 16, 10751, 14]",823219,Flow,lv,Straume,"A solitary cat, displaced by a great flood, finds refuge on a boat with various species and must navigate the challenges of adapting to a transformed world together.",16.7585,/z2sG41PxfL1hnL1mHbxzSREUtOf.jpg,2024-08-29,False,False,8.066,3050,"['Adventure', 'Animation', 'Family', 'Fantasy']"
False,/1TUg5pO1VZ4B0Q1amk3OlXvlpXV.jpg,"[12, 18, 10751, 16]",420818,The Lion King,en,The Lion King,"Simba idolizes his father, King Mufasa, and takes to heart his own royal destiny. But not everyone in the kingdom celebrates the new cub's arrival. Scar, Mufasa's brother—and former heir to the throne—has plans of his own. The battle for Pride Rock is ravaged with betrayal, tragedy and drama, ultimately resulting in Simba's exile. With help from a curious pair of newfound friends, Simba will have to figure out how to grow up and take back what is rightfully his.",16.7468,/dzBtMocZuJbjLOXvrl4zGYigDzh.jpg,2019-07-12,False,False,7.09,10898,"['Adventure', 'Drama', 'Family', 'Animation']"
False,/6qHI1IYj7QlLSCwHRzkL62X175s.jpg,[18],73,American History X,en,American History X,"Derek Vineyard is paroled after serving 3 years in prison for killing two African-American men. Through his brother, Danny Vineyard's narration, we learn that before going to prison, Derek was a skinhead and the leader of a violent white supremacist gang that committed acts of racial crime throughout L.A. and his actions greatly influenced Danny. Reformed and fresh out of prison, Derek severs contact with the gang and becomes determined to keep Danny from going down the same violent path as he did.",16.7144,/x2drgoXYZ8484lqyDj7L1CEVR4T.jpg,1998-07-01,False,False,8.324,12906,['Drama']
False,/oQPbZ5e6J9fuAyv4Gl0mMZMIyPI.jpg,"[28, 12, 53]",476669,The King's Man,en,The King's Man,"As a collection of history's worst tyrants and criminal masterminds gather to plot a war to wipe out millions, one man must race against time to stop them.",16.6601,/iMjSfMUuCkCE7z5fzGtjeDusPD3.jpg,2021-12-22,False,False,6.704,5214,"['Action', 'Adventure', 'Thriller']"
False,/zi2oYYNSSv7t44iSt5YrxHX9PYs.jpg,"[27, 18, 9648, 14, 53]",310131,The Witch,en,The Witch,"In 1630, a farmer relocates his family to a remote plot of land on the edge of a forest where strange, unsettling things happen. With suspicion and paranoia mounting, each family member's faith, loyalty and love are tested in shocking ways.",16.6459,/zap5hpFCWSvdWSuPGAQyjUv2wAC.jpg,2016-02-19,False,False,7.0,7878,"['Horror', 'Drama', 'Mystery', 'Fantasy', 'Thriller']"
False,/aJMhYOP80cVBtq5ku3uyqASF3Ol.jpg,"[28, 12, 35, 878]",607,Men in Black,en,Men in Black,"After a police chase with an otherworldly being, a New York City cop is recruited as an agent in a top-secret organization established to monitor and police alien activity on Earth: the Men in Black. Agent K and new recruit Agent J find themselves in the middle of a deadly plot by an intergalactic terrorist who has arrived on Earth to assassinate two ambassadors from opposing galaxies.",16.6437,/uLOmOF5IzWoyrgIF5MfUnh5pa1X.jpg,1997-07-02,False,False,7.228,15180,"['Action', 'Adventure', 'Comedy', 'Science Fiction']"
False,/7x4SNxO5HWArighxxFeet5sn3il.jpg,"[28, 14]",364,Batman Returns,en,Batman Returns,"The monstrous Penguin, who dwells in the sewers beneath Gotham, joins up with corrupt mayoral candidate Max Shreck to topple the Batman once and for all. But when Shreck's timid assistant Selina Kyle finds out, and Shreck tries to kill her, she's transformed into the sexy Catwoman. She teams up with the Penguin and Shreck to destroy Batman, but sparks fly unexpectedly when she confronts the caped crusader.",16.6068,/jKBjeXM7iBBV9UkUcOXx3m7FSHY.jpg,1992-06-19,False,False,6.951,7272,"['Action', 'Fantasy']"
False,/aQzXICKh3oaJanWSsSRJ2epB9Z5.jpg,"[18, 10749]",269955,Obsessed,ko,인간중독,"A secret, passionate affair happens in the summer of 1969 between Colonel Jin Pyeong, trapped in a loveless marriage with Soo Jin, and Jong Ga Heun, the Chinese-Korean wife of Captain Kyung Woo Jin.",16.6057,/XdVqGnvRqCQXalcJPDGIeDn7Kj.jpg,2014-05-14,False,False,6.679,84,"['Drama', 'Romance']"
False,/7s7WkAFPBsMTprYMbqbgKoppQsR.jpg,"[12, 28, 14]",1734,The Mummy Returns,en,The Mummy Returns,"Rick and Evelyn O’Connell, along with their 8-year-old son Alex, discover the key to the legendary Scorpion King’s might: the fabled Bracelet of Anubis. Unfortunately, a newly resurrected Imhotep has designs on the bracelet as well, and isn’t above kidnapping its new bearer, Alex, to gain control of Anubis’s otherworldly army.",16.5789,/kdJsW7hcy1lrj7tdMPycTAQPAiR.jpg,2001-05-04,False,False,6.416,7898,"['Adventure', 'Action', 'Fantasy']"
False,/qvyOfwTC3qdbzkqdXWSSEMHtjBZ.jpg,"[18, 35, 10749]",1064213,Anora,en,Anora,"A young sex worker from Brooklyn gets her chance at a Cinderella story when she meets and impulsively marries the son of an oligarch. Once the news reaches Russia, her fairytale is threatened as his parents set out to get the marriage annulled.",16.5589,/cgXk2tNYhJZLXdBDO5DidAVzQ82.jpg,2024-10-14,False,False,7.075,3435,"['Drama', 'Comedy', 'Romance']"
False,/oCFVYPXI4IfhtF3GapU2jkDicDI.jpg,"[12, 18]",8358,Cast Away,en,Cast Away,"Chuck Noland, a top international manager for FedEx, and Kelly, a Ph.D. student, are in love and heading towards marriage. Then Chuck's plane to Malaysia crashes at sea during a terrible storm. He's the only survivor, and finds himself marooned on a desolate island. With no way to escape, Chuck must find ways to survive in his new home.",16.5258,/7lLJgKnAicAcR5UEuo8xhSMj18w.jpg,2000-12-22,False,False,7.667,12544,"['Adventure', 'Drama']"
False,/a6cDxdwaQIFjSkXf7uskg78ZyTq.jpg,"[878, 28, 12, 53]",290859,Terminator: Dark Fate,en,Terminator: Dark Fate,"Decades after Sarah Connor prevented Judgment Day, a lethal new Terminator is sent to eliminate the future leader of the resistance. In a fight to save mankind, battle-hardened Sarah Connor teams up with an unexpected ally and an enhanced super soldier to stop the deadliest Terminator yet.",16.5053,/vqzNJRH4YyquRiWxCCOH0aXggHI.jpg,2019-10-23,False,False,6.421,5854,"['Science Fiction', 'Action', 'Adventure', 'Thriller']"
False,/y5tad0a4yRbxYgOHGllEIEeCCKt.jpg,"[16, 10749, 14, 10751]",10198,The Princess and the Frog,en,The Princess and the Frog,"A waitress, desperate to fulfill her dreams as a restaurant owner, is set on a journey to turn a frog prince back into a human being, but she has to face the same problem after she kisses him.",16.4977,/yprv5PbnEksoVj2v6XEnDBg9joR.jpg,2009-12-08,False,False,7.237,6275,"['Animation', 'Romance', 'Fantasy', 'Family']"
False,/tH2SoOS2HqOJCOImbeGkmKSdCMz.jpg,"[12, 18, 10751]",1265,Bridge to Terabithia,en,Bridge to Terabithia,"Jesse Aarons trained all summer to become the fastest runner in school. So he's very upset when newcomer Leslie Burke outruns him and everyone else. Despite this and other differences including that she's rich, he's poor, she's a city girl, and he's a country boy the two become fast friends. Together they create Terabithia, a land of monsters, trolls, ogres, and giants where they rule as king and queen.",16.4919,/3xFxGodKPMFLheS8rujFSmLfcq4.jpg,2007-02-15,False,False,7.4,5462,"['Adventure', 'Drama', 'Family']"
False,/pbMbDlOAkVuvnxovBA2ENin59xH.jpg,"[12, 10751, 14, 10749]",447277,The Little Mermaid,en,The Little Mermaid,"The youngest of King Triton’s daughters, and the most defiant, Ariel longs to find out more about the world beyond the sea, and while visiting the surface, falls for the dashing Prince Eric. With mermaids forbidden to interact with humans, Ariel makes a deal with the evil sea witch, Ursula, which gives her a chance to experience life on land, but ultimately places her life – and her father’s crown – in jeopardy.",16.4778,/ym1dxyOk4jFcSl4Q2zmRrA5BEEN.jpg,2023-05-18,False,False,6.253,3409,"['Adventure', 'Family', 'Fantasy', 'Romance']"
False,/3RFmTz5h2UuFWEV4oH00XICBR9y.jpg,"[18, 53, 80]",146233,Prisoners,en,Prisoners,"After his six-year-old daughter is abducted, a desperate father takes justice into his own hands when he loses faith in the detective leading the investigation, setting both men on a collision course as the search descends into obsession and moral compromise.",16.4647,/uhviyknTT5cEQXbn6vWIqfM4vGm.jpg,2013-09-19,False,False,8.1,13492,"['Drama', 'Thriller', 'Crime']"
False,/oFQilRMEq6yQbtMPxIYWpXeQ5ZN.jpg,"[80, 53]",291805,Now You See Me 2,en,Now You See Me 2,"One year after outwitting the FBI and winning the public’s adulation with their mind-bending spectacles, the Four Horsemen resurface only to find themselves face to face with a new enemy who enlists them to pull off their most dangerous heist yet.",16.4614,/A81kDB6a1K86YLlcOtZB27jriJh.jpg,2016-06-02,False,False,6.822,11797,"['Crime', 'Thriller']"
False,/hkAVgWvAMmM8tj9CDEvGqMdNQBE.jpg,"[35, 14]",72105,Ted,en,Ted,"John Bennett, a man whose childhood wish of bringing his teddy bear to life came true, now must decide between keeping the relationship with the bear or his girlfriend, Lori.",16.3983,/1QVZXQQHCEIj8lyUhdBYd2qOYtq.jpg,2012-06-29,False,False,6.456,13454,"['Comedy', 'Fantasy']"
False,/EnDlndEvw6Ptpp8HIwmRcSSNKQ.jpg,"[14, 35, 12]",425909,Ghostbusters: Afterlife,en,Ghostbusters: Afterlife,"When single mom Callie and her two kids Trevor and Phoebe arrive in a small Oklahoma town, they begin to discover their connection to the original Ghostbusters and the secret legacy their grandfather left behind.",16.3715,/sg4xJaufDiQl7caFEskBtQXfD4x.jpg,2021-11-18,False,False,7.3,5324,"['Fantasy', 'Comedy', 'Adventure']"
False,/f9X91dUckoRzOZlw4XBUOfkN9FC.jpg,"[35, 18, 10751]",788,Mrs. Doubtfire,en,Mrs. Doubtfire,"Loving but irresponsible dad Daniel Hillard, estranged from his exasperated spouse, is crushed by a court order allowing only weekly visits with his kids. When Daniel learns his ex needs a housekeeper, he gets the job -- disguised as a British nanny. Soon he becomes not only his children's best pal but the kind of parent he should have been from the start.",16.3654,/shHrSmXS5140o6sQzgzXxn3KqSm.jpg,1993-11-24,False,False,7.196,6790,"['Comedy', 'Drama', 'Family']"
False,/6ZnHQKcqQ8nmfP6woZu2v5EtXoW.jpg,"[12, 16, 35, 10751, 14]",11836,The SpongeBob SquarePants Movie,en,The SpongeBob SquarePants Movie,"There's trouble brewing in Bikini Bottom. Someone has stolen King Neptune's crown, and it looks like Mr. Krab, SpongeBob's boss, is the culprit. Though he's just been passed over for the promotion of his dreams, SpongeBob stands by his boss, and along with his best pal Patrick, sets out on a treacherous mission to Shell City to reclaim the crown and save Mr. Krab's life.",16.3057,/1rvzKV1d18EbDVaEd4VDzK3cgnY.jpg,2004-11-19,False,False,7.1,3303,"['Adventure', 'Animation', 'Comedy', 'Family', 'Fantasy']"
False,/4QLdZ2A8mkDWp2rpfgDrwmeCtUW.jpg,"[28, 12, 80]",47971,xXx: Return of Xander Cage,en,xXx: Return of Xander Cage,"Xander Cage is left for dead after an incident, though he secretly returns to action for a new, tough assignment with his handler Augustus Gibbons.",16.2892,/hba8zREJpP1AYhaXgb2oJLQeO0K.jpg,2017-01-13,False,False,6.128,9327,"['Action', 'Adventure', 'Crime']"
False,/tq8COKsI99Bivjd4CZIYVGoKcIx.jpg,"[18, 10749]",937287,Challengers,en,Challengers,"Tennis player turned coach Tashi has taken her husband, Art, and transformed him into a world-famous Major champion. To jolt him out of his recent losing streak, she signs him up for a ""Challenger"" event — close to the lowest level of pro tournament — where he finds himself standing across the net from his former best friend and Tashi's former boyfriend.",16.2798,/H6vke7zGiuLsz4v4RPeReb9rsv.jpg,2024-04-18,False,False,6.911,2846,"['Drama', 'Romance']"
False,/oG9dcGSSu13fjFp1Uly15ZXjRKV.jpg,"[16, 10751, 14, 12, 35, 10749]",11970,Hercules,en,Hercules,"Bestowed with superhuman strength, a young mortal named Hercules sets out to prove himself a hero in the eyes of his father, the great god Zeus. Along with his friends Pegasus, a flying horse, and Phil, a personal trainer, Hercules is tricked by the hilarious, hotheaded villain Hades, who's plotting to take over Mount Olympus!",16.2747,/dK9rNoC97tgX3xXg5zdxFisdfcp.jpg,1997-06-13,False,False,7.498,8099,"['Animation', 'Family', 'Fantasy', 'Adventure', 'Comedy', 'Romance']"
False,/3zCPI4JFc54xvLaJ71oI2KoP3az.jpg,"[80, 9648, 53]",1949,Zodiac,en,Zodiac,"The story follows the manhunt for the Zodiac Killer, a serial killer who terrorized the San Francisco Bay Area during the late 1960s and early 1970s, taunting police with letters, bloodstained clothing, and ciphers mailed to newspapers.",16.2615,/6YmeO4pB7XTh8P8F960O1uA14JO.jpg,2007-03-02,False,False,7.531,11885,"['Crime', 'Mystery', 'Thriller']"
False,/1m1c5gIWWkb1FEC9lzsoXHhhs7b.jpg,"[28, 18, 36, 10752]",197,Braveheart,en,Braveheart,"Enraged at the slaughter of Murron, his new bride and childhood love, Scottish warrior William Wallace slays a platoon of the local English lord's soldiers. This leads the village to revolt and, eventually, the entire country to rise up against English rule.",16.2546,/or1gBugydmjToAEq7OZY0owwFk.jpg,1995-05-24,False,False,7.943,11425,"['Action', 'Drama', 'History', 'War']"
False,/6Kn6qW3an3DkPl3MahWemTzrjCt.jpg,"[80, 18, 53]",11423,Memories of Murder,ko,살인의 추억,"A sadistic serial rapist and murderer of young women terrorizes a small province in 1980s South Korea. To prevent further crimes, three increasingly desperate detectives with conflicting methods race against time to unravel the violent mind of the killer in a futile effort to solve the case.",16.2202,/jcgUjx1QcupGzjntTVlnQ15lHqy.jpg,2003-04-25,False,False,8.1,4805,"['Crime', 'Drama', 'Thriller']"
False,/eNI7PtK6DEYgZmHWP9gQNuff8pv.jpg,"[878, 28, 12]",624860,The Matrix Resurrections,en,The Matrix Resurrections,"Plagued by strange memories, Neo's life takes an unexpected turn when he finds himself back inside the Matrix.",16.2141,/8c4a8kE7PizaGQQnditMmI1xbRp.jpg,2021-12-16,False,False,6.307,6719,"['Science Fiction', 'Action', 'Adventure']"
False,/qZYvF1M7y8Gfp4S6OBHbYfB0Lgc.jpg,"[28, 12, 14]",639933,The Northman,en,The Northman,"Prince Amleth is on the verge of becoming a man when his father is brutally murdered by his uncle, who kidnaps the boy's mother. Two decades later, Amleth is now a Viking who's on a mission to save his mother, kill his uncle and avenge his father.",16.2091,/aSSJMnHknzKjlZ6zybwD7eyJ4Po.jpg,2022-04-07,False,False,7.023,5275,"['Action', 'Adventure', 'Fantasy']"
False,/6aRuABAdhuuDypLGscM7HoEWHx4.jpg,"[18, 10752, 36]",14574,The Boy in the Striped Pyjamas,en,The Boy in the Striped Pyjamas,"When his family moves from their home in Berlin to a strange new house in Poland, young Bruno befriends Shmuel, a boy who lives on the other side of the fence where everyone seems to be wearing striped pajamas. Unaware of Shmuel's fate as a Jewish prisoner or the role his own Nazi father plays in his imprisonment, Bruno embarks on a dangerous journey inside the camp's walls.",16.196,/2C8QCXdMlojTxZjfBlINr4FWcb6.jpg,2008-05-07,False,False,7.818,7827,"['Drama', 'War', 'History']"
False,/kF8ljC7Y4p1UsmKBi2LxelZpqw.jpg,"[35, 14]",917496,Beetlejuice Beetlejuice,en,Beetlejuice Beetlejuice,"After a family tragedy, three generations of the Deetz family return home to Winter River. Still haunted by Betelgeuse, Lydia's life is turned upside down when her teenage daughter, Astrid, accidentally opens the portal to the Afterlife.",16.1917,/kKgQzkUCnQmeTPkyIwHly2t6ZFI.jpg,2024-09-04,False,False,6.921,3309,"['Comedy', 'Fantasy']"
False,/cjSB3ZjaMpaa9oHFyeYha3KG0mp.jpg,[35],4248,Scary Movie 2,en,Scary Movie 2,"A group of students visit a mansion called ""Hell House,"" and murderous high jinks ensue.",16.1835,/7Eb1JWK0Cb0rbfsYjwfc9g0PbQH.jpg,2001-07-04,False,False,5.85,5399,['Comedy']
False,/77ElMccPnTMPouRxSdbJ4nEjf69.jpg,"[35, 80]",115,The Big Lebowski,en,The Big Lebowski,"Jeffrey 'The Dude' Lebowski, a Los Angeles slacker who only wants to bowl and drink White Russians, is mistaken for another Jeffrey Lebowski, a wheelchair-bound millionaire, and finds himself dragged into a strange series of events involving nihilists, adult film producers, ferrets, errant toes, and large sums of money.",16.1261,/3bv6WAp6BSxxYvB5ozKFUYuRA8C.jpg,1998-03-06,False,False,7.834,12482,"['Comedy', 'Crime']"
False,/8uBTDGRcNHhYChcoazP5rleRME7.jpg,[35],8467,Dumb and Dumber,en,Dumb and Dumber,"Lloyd and Harry are two men whose stupidity is really indescribable. When Mary, a beautiful woman, loses an important suitcase with money before she leaves for Aspen, the two friends (who have found the suitcase) decide to return it to her. After some ""adventures"" they finally get to Aspen where, using the lost money they live it up and fight for Mary's heart.",16.1205,/4LdpBXiCyGKkR8FGHgjKlphrfUc.jpg,1994-12-16,False,False,6.7,6921,['Comedy']
False,/bHfGHipZ32Oec94FDJO4mWs3aZ5.jpg,[27],1034541,Terrifier 3,en,Terrifier 3,"Five years after surviving Art the Clown's Halloween massacre, Sienna and Jonathan are still struggling to rebuild their shattered lives. As the holiday season approaches, they try to embrace the Christmas spirit and leave the horrors of the past behind. But just when they think they're safe, Art returns, determined to turn their holiday cheer into a new nightmare. The festive season quickly unravels as Art unleashes his twisted brand of terror, proving that no holiday is safe.",16.112,/ju10W5gl3PPK3b7TjEmVOZap51I.jpg,2024-10-09,False,False,6.763,2036,['Horror']
False,/uD267eSiACfWLxp47t3gYymOQRj.jpg,"[16, 35, 10751, 878]",93456,Despicable Me 2,en,Despicable Me 2,Gru is recruited by the Anti-Villain League to help deal with a powerful new super criminal.,16.1075,/5Fh4NdoEnCjCK9wLjdJ9DJNFl2b.jpg,2013-06-26,False,False,6.948,12223,"['Animation', 'Comedy', 'Family', 'Science Fiction']"
False,/9QusGjxcYvfPD1THg6oW3RLeNn7.jpg,"[28, 12, 14]",297802,Aquaman,en,Aquaman,"Half-human, half-Atlantean Arthur Curry is taken on the journey of his lifetime to discover if he is worth of being a king.",16.0996,/ufl63EFcc5XpByEV2Ecdw6WJZAI.jpg,2018-12-07,False,False,6.864,15200,"['Action', 'Adventure', 'Fantasy']"
False,/ffQFnAUm2Uu4RU0nijpjPRf9TBT.jpg,"[18, 10749]",843,In the Mood for Love,cn,花樣年華,"In 1960s Hong Kong, two neighbors form an intimate bond after making a discovery about their spouses in this visually stunning tale of unrequited love.",16.0908,/iYypPT4bhqXfq1b6EnmxvRt6b2Y.jpg,2000-09-29,False,False,8.1,3370,"['Drama', 'Romance']"
False,/o375tDNib7tihlkWdtLW1fQhNL1.jpg,[27],760104,X,en,X,"In 1979, a group of young filmmakers set out to make an adult film in rural Texas, but when their reclusive, elderly hosts catch them in the act, the cast find themselves fighting for their lives.",16.0508,/lopZSVtXzhFY603E9OqF7O1YKsh.jpg,2022-03-17,False,False,6.708,4123,['Horror']
False,/eVHVwP71el20fofkCHo78ebQv7Q.jpg,"[80, 35, 28]",343668,Kingsman: The Golden Circle,en,Kingsman: The Golden Circle,"When an attack on the Kingsman headquarters takes place and a new villain rises, Eggsy and Merlin are forced to work together with the American agency known as the Statesman to save the world.",16.0494,/34xBL6BXNYFqtHO9zhcgoakS4aP.jpg,2017-09-20,False,False,6.94,11365,"['Crime', 'Comedy', 'Action']"
False,/tY98hSDUlDqfgjSI6dInHiytoKH.jpg,"[53, 878, 9648]",45612,Source Code,en,Source Code,"When decorated soldier Captain Colter Stevens wakes up in the body of an unknown man, he discovers he's part of a mission to find the bomber of a Chicago commuter train.",16.0406,/nTr0lvAzeQmUjgSgDEHTJpnrxTz.jpg,2011-03-30,False,False,7.311,9406,"['Thriller', 'Science Fiction', 'Mystery']"
False,/5KGrBXvE0cYDwqfEaymvNBVspkJ.jpg,[53],645710,The Voyeurs,en,The Voyeurs,"When Pippa and Thomas move into their dream apartment, they notice that their windows look directly into the apartment opposite – inviting them to witness the volatile relationship of the attractive couple across the street. But what starts as a simple curiosity turns into full-blown obsession with increasingly dangerous consequences.",16.0026,/8Y4XOIWhpOvSOEn8XrxbkH9yAXO.jpg,2021-08-25,False,False,6.543,1276,['Thriller']
False,/aGmsekNU5cMOkJMpbdRutkvmVMl.jpg,[35],45243,The Hangover Part II,en,The Hangover Part II,"The Hangover crew heads to Thailand for Stu's wedding. After the disaster of a bachelor party in Las Vegas last year, Stu is playing it safe with a mellow pre-wedding brunch. However, nothing goes as planned and Bangkok is the perfect setting for another adventure with the rowdy group.",15.992,/cKZu0Fdkj7dmwbfMpgDqVVCkLJQ.jpg,2011-05-25,False,False,6.512,11534,['Comedy']
False,/uNLIMPxknsV4n3IAEDpS1iqF5dm.jpg,"[14, 18, 10749]",162,Edward Scissorhands,en,Edward Scissorhands,A small suburban town receives a visit from a castaway unfinished science experiment named Edward.,15.9789,/e0FqKFvGPdQNWG8tF9cZBtev9Em.jpg,1990-12-07,False,False,7.72,14032,"['Fantasy', 'Drama', 'Romance']"
False,/6MKr3KgOLmzOP6MSuZERO41Lpkt.jpg,"[35, 80, 10751]",337404,Cruella,en,Cruella,"In 1970s London amidst the punk rock revolution, a young grifter named Estella is determined to make a name for herself with her designs. She befriends a pair of young thieves who appreciate her appetite for mischief, and together they are able to build a life for themselves on the London streets. One day, Estella’s flair for fashion catches the eye of the Baroness von Hellman, a fashion legend who is devastatingly chic and terrifyingly haute. But their relationship sets in motion a course of events and revelations that will cause Estella to embrace her wicked side and become the raucous, fashionable and revenge-bent Cruella.",15.9241,/hjS9mH8KvRiGHgjk6VUZH7OT0Ng.jpg,2021-05-26,False,False,7.965,10297,"['Comedy', 'Crime', 'Family']"
False,/xuLA0pii2IMJW2puT7EvJtgpg0H.jpg,"[28, 12, 10751, 35]",675353,Sonic the Hedgehog 2,en,Sonic the Hedgehog 2,"After settling in Green Hills, Sonic is eager to prove he has what it takes to be a true hero. His test comes when Dr. Robotnik returns, this time with a new partner, Knuckles, in search for an emerald that has the power to destroy civilizations. Sonic teams up with his own sidekick, Tails, and together they embark on a globe-trotting journey to find the emerald before it falls into the wrong hands.",15.9071,/6DrHO1jr3qVrViUO6s6kFiAGM7.jpg,2022-03-30,False,False,7.417,6015,"['Action', 'Adventure', 'Family', 'Comedy']"
False,/bk1TitfD4YIGrM6AvljonMCtfnl.jpg,"[878, 28]",695721,The Hunger Games: The Ballad of Songbirds & Snakes,en,The Hunger Games: The Ballad of Songbirds & Snakes,"64 years before he becomes the tyrannical president of Panem, Coriolanus Snow sees a chance for a change in fortunes when he mentors Lucy Gray Baird, the female tribute from District 12.",15.8717,/mBaXZ95R2OxueZhvQbcEWy2DqyO.jpg,2023-11-15,False,False,6.953,3670,"['Science Fiction', 'Action']"
False,/1RWLMyC9KcFfcaoViMiJGSSZzzr.jpg,"[28, 12, 878]",100402,Captain America: The Winter Soldier,en,Captain America: The Winter Soldier,"After the cataclysmic events in New York with The Avengers, Steve Rogers, aka Captain America is living quietly in Washington, D.C. and trying to adjust to the modern world. But when a S.H.I.E.L.D. colleague comes under attack, Steve becomes embroiled in a web of intrigue that threatens to put the world at risk. Joining forces with the Black Widow, Captain America struggles to expose the ever-widening conspiracy while fighting off professional assassins sent to silence him at every turn. When the full scope of the villainous plot is revealed, Captain America and the Black Widow enlist the help of a new ally, the Falcon. However, they soon find themselves up against an unexpected and formidable enemy—the Winter Soldier.",15.8522,/tVFRpFw3xTedgPGqxW0AOI8Qhh0.jpg,2014-03-20,False,False,7.7,20458,"['Action', 'Adventure', 'Science Fiction']"
False,/d72ROyJqXQtw2OupW0l15eicRAF.jpg,"[27, 12, 28]",7131,Van Helsing,en,Van Helsing,Famed monster slayer Gabriel Van Helsing is dispatched to Transylvania to assist the last of the Valerious bloodline in defeating Count Dracula. Anna Valerious reveals that Dracula has formed an unholy alliance with Dr. Frankenstein's monster and is hell-bent on exacting a centuries-old curse on her family.,15.8413,/gsFun8nATm52aGHeT8ueAel98nE.jpg,2004-05-03,False,False,6.426,6846,"['Horror', 'Adventure', 'Action']"
False,/AdBXP8e6K3FYdDrMx3Wr6WZqCYF.jpg,"[12, 14, 35]",493529,Dungeons & Dragons: Honor Among Thieves,en,Dungeons & Dragons: Honor Among Thieves,"A charming thief and a band of unlikely adventurers undertake an epic heist to retrieve a lost relic, but things go dangerously awry when they run afoul of the wrong people.",15.8344,/v7UF7ypAqjsFZFdjksjQ7IUpXdn.jpg,2023-03-23,False,False,7.359,4917,"['Adventure', 'Fantasy', 'Comedy']"
False,/7Wev9JMo6R5XAfz2KDvXb7oPMmy.jpg,"[9648, 53]",77,Memento,en,Memento,"Leonard Shelby is tracking down the man who raped and murdered his wife. The difficulty of locating his wife's killer, however, is compounded by the fact that he suffers from a rare, untreatable form of short-term memory loss. Although he can recall details of life before his accident, Leonard cannot remember what happened fifteen minutes ago, where he's going, or why.",15.8196,/nzlv62aC0octS5AklAiWpXLX9Z0.jpg,2000-10-11,False,False,8.173,16750,"['Mystery', 'Thriller']"
False,/nnmbJvYyDS1VkMOCbxSpdBi3WbJ.jpg,"[28, 18, 36]",1579,Apocalypto,en,Apocalypto,"Set in the Mayan civilization, when a man's idyllic presence is brutally disrupted by a violent invading force, he is taken on a perilous journey to a world ruled by fear and oppression where a harrowing end awaits him. Through a twist of fate and spurred by the power of his love for his woman and his family he will make a desperate break to return home and to ultimately save his way of life.",15.8025,/cRY25Q32kDNPFDkFkxAs6bgCq3L.jpg,2006-12-07,False,False,7.7,6663,"['Action', 'Drama', 'History']"
False,/5fxTB08O7CW1hAcN2MWOKodp1h1.jpg,"[18, 35]",615777,Babylon,en,Babylon,"A tale of outsized ambition and outrageous excess, tracing the rise and fall of multiple characters in an era of unbridled decadence and depravity during Hollywood's transition from silent films to sound films in the late 1920s.",15.7794,/wjOHjWCUE0YzDiEzKv8AfqHj3ir.jpg,2022-12-22,False,False,7.336,3922,"['Drama', 'Comedy']"
False,/bdI6U1mT0kCdTJ6TWtiFxQ42GSn.jpg,"[80, 18, 53]",242582,Nightcrawler,en,Nightcrawler,"When Lou Bloom, desperate for work, muscles into the world of L.A. crime journalism, he blurs the line between observer and participant to become the star of his own story. Aiding him in his effort is Nina, a TV-news veteran.",15.7709,/j9HrX8f7GbZQm1BrBiR40uFQZSb.jpg,2014-10-23,False,False,7.7,12048,"['Crime', 'Drama', 'Thriller']"
False,/t2SXZ7KLriaLyf5QT8Iar6fSOGp.jpg,"[10752, 28, 18]",929590,Civil War,en,Civil War,"In the near future, a group of war journalists attempt to survive while reporting the truth as the United States stands on the brink of civil war.",15.7442,/sh7Rg8Er3tFcN9BpKIPOMvALgZd.jpg,2024-04-10,False,False,6.845,4558,"['War', 'Action', 'Drama']"
False,/msnknPOg9dx86b0YozXOFP8PgBI.jpg,"[10751, 16, 12, 35]",270946,Penguins of Madagascar,en,Penguins of Madagascar,"Skipper, Kowalski, Rico and Private join forces with undercover organization The North Wind to stop the villainous Dr. Octavius Brine from destroying the world as we know it.",15.7362,/dXbpNrPDZDMEbujFoOxmMNQVMHa.jpg,2014-11-22,False,False,6.546,4575,"['Family', 'Animation', 'Adventure', 'Comedy']"
False,/iYdgEUE2W2aJkgqfSjf1x3gFfuV.jpg,"[28, 12, 878]",363088,Ant-Man and the Wasp,en,Ant-Man and the Wasp,"Just when his time under house arrest is about to end, Scott Lang once again puts his freedom at risk to help Hope van Dyne and Dr. Hank Pym dive into the quantum realm and try to accomplish, against time and any chance of success, a very dangerous rescue mission.",15.7062,/cFQEO687n1K6umXbInzocxcnAQz.jpg,2018-07-04,False,False,6.9,14488,"['Action', 'Adventure', 'Science Fiction']"
False,/oNoprEND25zXR6Fns8cIZUkuoMc.jpg,"[35, 80, 18]",308266,War Dogs,en,War Dogs,"Based on the true story of two young men, David Packouz and Efraim Diveroli, who won a $300 million contract from the Pentagon to arm America's allies in Afghanistan.",15.6965,/mDcPRjZC1bb6LavFU3gwsWdVfCM.jpg,2016-08-18,False,False,6.948,5683,"['Comedy', 'Crime', 'Drama']"
False,/6ELCZlTA5lGUops70hKdB83WJxH.jpg,"[28, 14, 12]",460465,Mortal Kombat,en,Mortal Kombat,"Washed-up MMA fighter Cole Young, unaware of his heritage, and hunted by Emperor Shang Tsung's best warrior, Sub-Zero, seeks out and trains with Earth's greatest champions as he prepares to stand against the enemies of Outworld in a high stakes battle for the universe.",15.6824,/nkayOAUBUu4mMvyNf9iHSUiPjF1.jpg,2021-04-07,False,False,7.036,7038,"['Action', 'Fantasy', 'Adventure']"
False,/irpJXGiVr539uuspcQcNdkhS2lq.jpg,"[16, 28, 35, 10751, 878]",38055,Megamind,en,Megamind,"After Megamind, a highly intelligent alien supervillain, defeats his long-time nemesis Metro Man, Megamind creates a new hero to fight, but must act to save the city when his ""creation"" becomes an even worse villain than he was.",15.6645,/uZ9ytt3sPTx62XTfN56ILSuYWRe.jpg,2010-10-28,False,False,7.04,7683,"['Animation', 'Action', 'Comedy', 'Family', 'Science Fiction']"
False,/qq9ELjoyllBUMkGisZvcj0fCd43.jpg,"[28, 14, 878]",9738,Fantastic Four,en,Fantastic Four,"During a space voyage, four scientists are altered by cosmic rays: Reed Richards gains the ability to stretch his body; Sue Storm can become invisible; Johnny Storm controls fire; and Ben Grimm is turned into a super-strong … thing. Together, these ""Fantastic Four"" must now thwart the evil plans of Dr. Doom and save the world from certain destruction.",15.6613,/4YMcYEFS8sFuW3soP1HVmgR3cSm.jpg,2005-06-29,False,False,5.811,10214,"['Action', 'Fantasy', 'Science Fiction']"
False,/eDLp4uFdqP1gpy9oMrutwH6Q64I.jpg,"[18, 53, 27]",44214,Black Swan,en,Black Swan,"A committed dancer struggles to maintain her sanity after winning the lead role in a production of Tchaikovsky's ""Swan Lake.""",15.6569,/viWheBd44bouiLCHgNMvahLThqx.jpg,2010-12-03,False,False,7.683,15870,"['Drama', 'Thriller', 'Horror']"
False,/2okfik8YwzSfdETpT5cUClSiGFO.jpg,"[16, 18]",1244492,Look Back,ja,ルックバック,"Popular, outgoing Fujino is celebrated by her classmates for her funny comics in the class newspaper. One day, her teacher asks her to share the space with Kyomoto, a truant recluse whose beautiful artwork sparks a competitive fervor in Fujino. What starts as jealousy transforms when Fujino realizes their shared passion for drawing.",15.634,/4f2EcNkp1Mvp9wE5w7HKxcmACWg.jpg,2024-06-28,False,False,8.177,665,"['Animation', 'Drama']"
False,/yvPbncYhMu9FfTjDhq0N5lgnVkO.jpg,"[35, 10749, 18]",4951,10 Things I Hate About You,en,10 Things I Hate About You,"On the first day at his new school, Cameron instantly falls for Bianca, the gorgeous girl of his dreams. The only problem is that Bianca is forbidden to date until her ill-tempered, completely un-dateable older sister Kat goes out, too. In an attempt to solve his problem, Cameron singles out the only guy who could possibly be a match for Kat: a mysterious bad boy with a nasty reputation of his own.",15.6313,/ujERk3aKABXU3NDXOAxEQYTHe9A.jpg,1999-03-30,False,False,7.596,9142,"['Comedy', 'Romance', 'Drama']"
False,/9XhZhoSnFJ3AjpfzdIiZVHLQIS4.jpg,"[28, 35, 80, 14]",9470,Kung Fu Hustle,cn,功夫,"It's the 1940s, and the notorious Axe Gang terrorizes Shanghai. Small-time criminals Sing and Bone hope to join, but they only manage to make lots of very dangerous enemies. Fortunately for them, kung fu masters and hidden strength can be found in unlikely places. Now they just have to take on the entire Axe Gang.",15.6296,/exbyTbrvRUDKN2mcNEuVor4VFQW.jpg,2004-02-10,False,False,7.5,3325,"['Action', 'Comedy', 'Crime', 'Fantasy']"
False,/4fLZUr1e65hKPPVw0R3PmKFKxj1.jpg,"[16, 35, 10751, 10749]",976573,Elemental,en,Elemental,"In a city where fire, water, land and air residents live together, a fiery young woman and a go-with-the-flow guy will discover something elemental: how much they have in common.",15.6116,/4Y1WNkd88JXmGfhtWR7dmDAo1T2.jpg,2023-06-14,False,False,7.594,5540,"['Animation', 'Comedy', 'Family', 'Romance']"
False,/2ndw55F40IkALzWyjCCza3M6nqM.jpg,[18],14,American Beauty,en,American Beauty,"Lester Burnham, a depressed suburban father in a mid-life crisis, decides to turn his hectic life around after developing an infatuation with his daughter's attractive friend.",15.5814,/wby9315QzVKdW9BonAefg8jGTTb.jpg,1999-09-15,False,False,7.997,13342,['Drama']
False,/aDnCTWpWMHcQxOeGWsITmoLuEGy.jpg,"[16, 35, 10751, 14, 27]",9297,Monster House,en,Monster House,"Monsters under the bed are scary enough, but what happens when an entire house is out to get you? Three teens aim to find out when they go up against a decrepit neighboring home and unlock its frightening secrets.",15.5803,/zCRPr4bkO3ae0U1134vJ39xZnAG.jpg,2006-06-30,False,False,6.711,4448,"['Animation', 'Comedy', 'Family', 'Fantasy', 'Horror']"
False,/4Mm5l3TcKGynSNto0eyRJgBrkJ7.jpg,"[18, 28, 53, 80, 9648]",10775,Infernal Affairs,cn,無間道,"Chan Wing Yan, a young police officer, has been sent undercover as a mole in the local mafia. Lau Kin Ming, a young mafia member, infiltrates the police force. Years later, their older counterparts, Chen Wing Yan and Inspector Lau Kin Ming, respectively, race against time to expose the mole within their midst.",15.575,/gix9thDBXfjJ8M7rYbihqbQGBcP.jpg,2002-12-12,False,False,7.805,1926,"['Drama', 'Action', 'Thriller', 'Crime', 'Mystery']"
False,/uy2trYgO8MOQfQXlvMaLhBnkUqg.jpg,"[18, 28, 53]",7485,Shooter,en,Shooter,"A top Marine sniper, Bob Lee Swagger, leaves the military after a mission goes horribly awry and disappears, living in seclusion. He is coaxed back into service after a high-profile government official convinces him to help thwart a plot to kill the President of the United States. Ultimately double-crossed and framed for the attempt, Swagger becomes the target of a nationwide manhunt. He goes on the run to track the real killer and find out who exactly set him up, and why, eventually seeking revenge against some of the most powerful and corrupt leaders in the free world.",15.5611,/2aWGxo1E5polpBjPvtBRkWp7qaS.jpg,2007-03-22,False,False,7.129,5620,"['Drama', 'Action', 'Thriller']"
False,/747dgDfL5d8esobk7h4odaOFhUq.jpg,"[80, 18, 53]",275,Fargo,en,Fargo,"Jerry, a small-town Minnesota car salesman is bursting at the seams with debt... but he's got a plan. He's going to hire two thugs to kidnap his wife in a scheme to collect a hefty ransom from his wealthy father-in-law. It's going to be a snap and nobody's going to get hurt... until people start dying. Enter Police Chief Marge, a coffee-drinking, parka-wearing - and extremely pregnant - investigator who'll stop at nothing to get her man. And if you think her small-time investigative skills will give the crooks a run for their ransom... you betcha!",15.5499,/rt7cpEr1uP6RTZykBFhBTcRaKvG.jpg,1996-03-08,False,False,7.849,9370,"['Crime', 'Drama', 'Thriller']"
False,/rNvn89IcEJPqRKxIgwTAPXl9qjJ.jpg,"[27, 35]",19994,Jennifer's Body,en,Jennifer's Body,"Jennifer, a gorgeous, seductive cheerleader takes evil to a whole new level after she's possessed by a sinister demon. Now it's up to her best friend to stop Jennifer's reign of terror before it's too late.",15.5396,/wrkjsGcFJxcQqR56kJUYAEKKg2T.jpg,2009-09-18,False,False,6.007,4398,"['Horror', 'Comedy']"
False,/lDVl2jf6VB8ODl1olZ6FLvOV1gX.jpg,"[53, 9648, 80]",915935,Anatomy of a Fall,fr,Anatomie d'une chute,"A woman is suspected of her husband's murder, and their blind son faces a moral dilemma as the sole witness.",15.5389,/1ho0d4LNZw3Y0voeKmSvPSgJOJ2.jpg,2023-08-23,False,False,7.512,3473,"['Thriller', 'Mystery', 'Crime']"
False,/cvH1gNIMRITdLzoWv1HNAbRyH3n.jpg,"[35, 10749]",2105,American Pie,en,American Pie,"At a high-school party, four friends find that losing their collective virginity isn't as easy as they had thought. But they still believe that they need to do so before college. To motivate themselves, they enter a pact to all ""score"" by their senior prom.",15.5241,/5P68by2Thn8wHAziyWGEw2O7hco.jpg,1999-07-09,False,False,6.616,8553,"['Comedy', 'Romance']"
False,/b9diKSmofRcgjbUxDrSPms82yAN.jpg,[18],9769,Lolita,en,Lolita,"Humbert Humbert is a middle-aged British novelist who is both appalled by and attracted to the vulgarity of American culture. When he comes to stay at the boarding house run by Charlotte Haze, he soon becomes obsessed with Lolita, the woman's teenaged daughter.",15.5026,/9INcC14WZjCMKGE360VXmklCLdZ.jpg,1997-09-27,False,False,7.097,2033,['Drama']
False,/kjQBrc00fB2RjHZB3PGR4w9ibpz.jpg,"[878, 28, 12]",670292,The Creator,en,The Creator,"Amid a future war between the human race and the forces of artificial intelligence, a hardened ex-special forces agent grieving the disappearance of his wife, is recruited to hunt down and kill the Creator, the elusive architect of advanced AI who has developed a mysterious weapon with the power to end the war—and mankind itself.",15.4809,/3dSivDtOuyxLDxPH4v2tcNG1fP7.jpg,2023-09-27,False,False,7.024,4165,"['Science Fiction', 'Action', 'Adventure']"
False,/oJ1MIABA0WF0a7MDVQnnMvBdex8.jpg,"[27, 35]",567609,Ready or Not,en,Ready or Not,A young bride's wedding night turns into her worst nightmare when her ridiculously rich in-laws force her to play a gruesome game of hide-and-seek.,15.4751,/oJD9KQFoObZmxAS1je56SIFVNJt.jpg,2019-08-21,False,False,7.095,5869,"['Horror', 'Comedy']"
False,/kJaRWmy1BGq3pHyE94LOTteiHer.jpg,"[28, 9648, 53]",2501,The Bourne Identity,en,The Bourne Identity,"Wounded to the brink of death and suffering from amnesia, Jason Bourne is rescued at sea by a fisherman. With nothing to go on but a Swiss bank account number, he starts to reconstruct his life, but finds that many people he encounters want him dead. However, Bourne realizes that he has the combat and mental skills of a world-class spy—but who does he work for?",15.4593,/aP8swke3gmowbkfZ6lmNidu0y9p.jpg,2002-06-14,False,False,7.486,10381,"['Action', 'Mystery', 'Thriller']"
False,/ifUfE79O1raUwbaQRIB7XnFz5ZC.jpg,"[27, 9648]",646385,Scream,en,Scream,"Twenty-five years after a streak of brutal murders shocked the quiet town of Woodsboro, a new killer has donned the Ghostface mask and begins targeting a group of teenagers to resurrect secrets from the town’s deadly past.",15.431,/nD4M4Bx457ryLuKYpxFwQ2IBJ5w.jpg,2022-01-12,False,False,6.7,4014,"['Horror', 'Mystery']"
False,/m0eJc9CwCy5nowYQdNEaxkHHmj4.jpg,"[14, 35]",310,Bruce Almighty,en,Bruce Almighty,"Bruce Nolan toils as a ""human interest"" television reporter in Buffalo, NY, but despite his high ratings and the love of his beautiful girlfriend, Bruce remains unfulfilled. At the end of the worst day in his life, he angrily ridicules God — and the Almighty responds, endowing Bruce with all of His divine powers.",15.411,/wqkWrOFtYnZSvIMu8Lsmz7WIvKC.jpg,2003-05-23,False,False,6.727,11729,"['Fantasy', 'Comedy']"
False,/7ZO9yoEU2fAHKhmJWfAc2QIPWJg.jpg,"[53, 28, 878]",766507,Prey,en,Prey,"When danger threatens her camp, the fierce and highly skilled Comanche warrior Naru sets out to protect her people. But the prey she stalks turns out to be a highly evolved alien predator with a technically advanced arsenal.",15.4079,/2FKjLRt7oK1bRRIrxgWmthbBdFh.jpg,2022-08-02,False,False,7.649,7976,"['Thriller', 'Action', 'Science Fiction']"
False,/4W6RYDNe4OByNryOCvJprrutm9h.jpg,"[10749, 14, 35]",137,Groundhog Day,en,Groundhog Day,"A cynical TV weatherman, along with his idealistic producer and his sardonic cameraman, is sent to report on Groundhog Day in the small town of Punxsutawney, where he finds himself repeating the same day over and over.",15.3935,/gCgt1WARPZaXnq523ySQEUKinCs.jpg,1993-02-11,False,False,7.636,9160,"['Romance', 'Fantasy', 'Comedy']"
False,/46Os8U0DEPmI0OnvKDxucl6SLVZ.jpg,[27],1008042,Talk to Me,en,Talk to Me,"When a group of friends discover how to conjure spirits using an embalmed hand, they become hooked on the new thrill, until one of them goes too far and unleashes terrifying supernatural forces.",15.3839,/kdPMUMJzyYAc4roD52qavX0nLIC.jpg,2023-07-26,False,False,7.14,3956,['Horror']
False,/ulMscezy9YX0bhknvJbZoUgQxO5.jpg,"[18, 878, 10752]",281338,War for the Planet of the Apes,en,War for the Planet of the Apes,"Caesar and his apes are forced into a deadly conflict with an army of humans led by a ruthless Colonel. After the apes suffer unimaginable losses, Caesar wrestles with his darker instincts and begins his own mythic quest to avenge his kind. As the journey finally brings them face to face, Caesar and the Colonel are pitted against each other in an epic battle that will determine the fate of both their species and the future of the planet.",15.3838,/3vYhLLxrTtZLysXtIWktmd57Snv.jpg,2017-07-11,False,False,7.225,9951,"['Drama', 'Science Fiction', 'War']"
False,/yir5430WblZSZuIMd9C6pIZerfA.jpg,"[28, 80]",339403,Baby Driver,en,Baby Driver,"After being coerced into working for a crime boss, a young getaway driver finds himself taking part in a heist doomed to fail.",15.3776,/tYzFuYXmT8LOYASlFCkaPiAFAl0.jpg,2017-06-28,False,False,7.444,17184,"['Action', 'Crime']"
False,/7FRraud59N3s10bbf9bfYjvwx3v.jpg,"[53, 9648]",402,Basic Instinct,en,Basic Instinct,"Catherine, a novelist with an insatiable sexual appetite, becomes a prime suspect when her boyfriend is brutally murdered -- a crime she had described in her latest story.",15.366,/76Ts0yoHk8kVQj9MMnoMixhRWoh.jpg,1992-03-20,False,False,6.949,4531,"['Thriller', 'Mystery']"
False,/1n00NlOGRFZVs8coBxyZLm5l4EC.jpg,"[28, 12, 878]",335988,Transformers: The Last Knight,en,Transformers: The Last Knight,"Humans and Transformers are at war. Optimus Prime is gone. The key to saving our future lies buried in the secrets of the past, in the hidden history of Transformers on Earth. Saving our world falls upon the shoulders of an unlikely alliance: Cade Yeager; Bumblebee; an English Lord; and an Oxford Professor.",15.3646,/s5HQf2Gb3lIO2cRcFwNL9sn1o1o.jpg,2017-06-16,False,False,6.065,6886,"['Action', 'Adventure', 'Science Fiction']"
False,/dLL90vskYFn1S89RZp5TUguK9wl.jpg,"[18, 80]",4982,American Gangster,en,American Gangster,"Loosely based on the criminal career of Frank Lucas, a gangster from La Grange, North Carolina, who smuggled heroin into the United States on American service planes returning from the Vietnam War, before being detained by a task force led by Newark Detective Richie Roberts.",15.363,/sX9idXDqRUxE5ffww3n3RV5gL55.jpg,2007-11-02,False,False,7.595,6228,"['Drama', 'Crime']"
False,/4mcOCiR06dqQ5eoEJcG3zvonjOa.jpg,"[878, 28, 53, 12]",294254,Maze Runner: The Scorch Trials,en,Maze Runner: The Scorch Trials,"Thomas and his fellow Gladers face their greatest challenge yet: searching for clues about the mysterious and powerful organization known as WCKD. Their journey takes them to the Scorch, a desolate landscape filled with unimaginable obstacles. Teaming up with resistance fighters, the Gladers take on WCKD’s vastly superior forces and uncover its shocking plans for them all.",15.333,/mYw7ZyejqSCPFlrT2jHZOESZDU3.jpg,2015-09-09,False,False,6.731,11238,"['Science Fiction', 'Action', 'Thriller', 'Adventure']"
False,/abirSHwWgKajV3hXhaIR5lcCIXe.jpg,"[18, 14, 10749]",399055,The Shape of Water,en,The Shape of Water,"An other-worldly story, set against the backdrop of Cold War era America circa 1962, where a mute janitor working at a lab falls in love with an amphibious man being held captive there and devises a plan to help him escape.",15.321,/9zfwPffUXpBrEP26yp0q1ckXDcj.jpg,2017-12-01,False,False,7.231,13072,"['Drama', 'Fantasy', 'Romance']"
False,/ddIkmH3TpR6XSc47jj0BrGK5Rbz.jpg,"[10752, 28, 18]",374720,Dunkirk,en,Dunkirk,"The story of the miraculous evacuation of Allied soldiers from Belgium, Britain, Canada and France, who were cut off and surrounded by the German army from the beaches and harbour of Dunkirk between May 26th and June 4th 1940 during World War II.",15.3209,/b4Oe15CGLL61Ped0RAS9JpqdmCt.jpg,2017-07-19,False,False,7.451,17969,"['War', 'Action', 'Drama']"
False,/59vDC1BuEQvti24OMr0ZvtAK6R1.jpg,"[14, 12, 16, 10751]",10191,How to Train Your Dragon,en,How to Train Your Dragon,"As the son of a Viking leader on the cusp of manhood, shy Hiccup Horrendous Haddock III faces a rite of passage: he must kill a dragon to prove his warrior mettle. But after downing a feared dragon, he realizes that he no longer wants to destroy it, and instead befriends the beast – which he names Toothless – much to the chagrin of his warrior father.",15.3176,/ygGmAO60t8GyqUo9xYeYxSZAR3b.jpg,2010-03-18,False,False,7.9,14717,"['Fantasy', 'Adventure', 'Animation', 'Family']"
False,/f2opsSUSiMdEp6AiY2sbC8QPd8S.jpg,"[878, 12, 16, 10751, 14]",9016,Treasure Planet,en,Treasure Planet,"When space galleon cabin boy Jim Hawkins discovers a map to an intergalactic ""loot of a thousand worlds,"" a cyborg cook named John Silver teaches him to battle supernovas and space storms on their journey to find treasure.",15.3167,/kNhZkR3UNbXfvESQo7mJpOi4tGd.jpg,2002-11-26,False,False,7.577,4727,"['Science Fiction', 'Adventure', 'Animation', 'Family', 'Fantasy']"
False,/2TPoqmatGDfBOiRxqNoL11ncCJe.jpg,"[27, 53, 35]",1111873,Abigail,en,Abigail,"A group of criminals kidnap a teenage ballet dancer, the daughter of a notorious gang leader, in order to obtain a ransom of $50 million, but over time, they discover that she is not just an ordinary girl. After the kidnappers begin to diminish, one by one, they discover, to their increasing horror, that they are locked inside with no normal little girl.",15.2764,/5gKKSoD3iezjoL7YqZONjmyAiRA.jpg,2024-04-16,False,False,6.645,2207,"['Horror', 'Thriller', 'Comedy']"
False,/einbto9qLXFx9QXxEHylaxDbKPx.jpg,"[18, 10749, 14]",122906,About Time,en,About Time,"The night after another unsatisfactory New Year's party, Tim's father reveals to him that the men in their family have the ability to travel through time. They can't change history, but they can change what happens and has happened in their own lives. Thus begins the start of a lesson in learning to appreciate life itself as it is, as it comes, and most importantly, the people living alongside us.",15.2579,/ls6zswrOZVhCXQBh96DlbnLBajM.jpg,2013-09-04,False,False,7.903,9497,"['Drama', 'Romance', 'Fantasy']"
False,/yxYUN3fBPJdTNdXC1l8L24XFPhX.jpg,"[35, 80, 28]",290250,The Nice Guys,en,The Nice Guys,A private eye investigates the apparent suicide of a fading porn star in 1970s Los Angeles and uncovers a conspiracy.,15.2364,/clq4So9spa9cXk3MZy2iMdqkxP2.jpg,2016-05-15,False,False,7.136,8909,"['Comedy', 'Crime', 'Action']"
False,/3HaqAPZ0C8n6Hd5T86U53yJlBAN.jpg,"[18, 10749]",1232449,Young Hearts,nl,Young Hearts,"14-year-old Elias increasingly feels like an outsider in his village. When he meets his new neighbour of the same age, Alexander, Elias is confronted with his burgeoning sexuality.",15.1947,/iGCtYxfuvXfy0BD5m6p7vKuPOxS.jpg,2024-10-26,False,False,8.573,313,"['Drama', 'Romance']"
False,/7NKfxJrQn053UJeLftlx4m4NTzo.jpg,"[27, 28]",36647,Blade,en,Blade,"The Daywalker known as ""Blade"" - a half-vampire, half-mortal man - becomes the protector of humanity against an underground army of vampires.",15.1845,/oWT70TvbsmQaqyphCZpsnQR7R32.jpg,1998-08-21,False,False,6.853,6960,"['Horror', 'Action']"
False,/83ownpZPvBHJD5UVNShzQfa3LaW.jpg,"[27, 53, 878]",1562,28 Weeks Later,en,28 Weeks Later,"Twenty-eight weeks after the spread of a deadly rage virus, the inhabitants of the British Isles have lost their battle against the onslaught, as the virus has killed everyone there. Six months later, a group of Americans dare to set foot on the Isles, convinced the danger has passed. But it soon becomes all too clear that the scourge continues to live, waiting to pounce on its next victims.",15.1751,/oix0aNv1lvW3nUGspUyvSIBlpbs.jpg,2007-04-26,False,False,6.591,5850,"['Horror', 'Thriller', 'Science Fiction']"
False,/IQyEvPTYvrzsa7qstRj6VLQupr.jpg,"[9648, 18, 80]",392044,Murder on the Orient Express,en,Murder on the Orient Express,Genius Belgian detective Hercule Poirot investigates the murder of an American tycoon aboard the Orient Express train.,15.1628,/7GtdJU6iAg6fjQu3E3zta3bIAQh.jpg,2017-11-03,False,False,6.706,10722,"['Mystery', 'Drama', 'Crime']"
False,/5mzr6JZbrqnqD8rCEvPhuCE5Fw2.jpg,"[28, 878, 27]",615656,Meg 2: The Trench,en,Meg 2: The Trench,An exploratory dive into the deepest depths of the ocean of a daring research team spirals into chaos when a malevolent mining operation threatens their mission and forces them into a high-stakes battle for survival.,15.1533,/4m1Au3YkjqsxF8iwQy0fPYSxE0h.jpg,2023-08-02,False,False,6.361,4107,"['Action', 'Science Fiction', 'Horror']"
False,/lU1fQews2gye23PocVE48CsTmOQ.jpg,"[28, 18, 10749, 53]",4588,"Lust, Caution",zh,色‧戒,"During World War II, a secret agent must seduce, then assassinate an official  who works for the Japanese puppet government in Shanghai. Her mission becomes clouded when she finds herself falling in love with the man she is assigned to kill.",15.1302,/6c1tqfJEBuIyhQC19SLlLQAUAvJ.jpg,2007-09-24,False,False,7.3,841,"['Action', 'Drama', 'Romance', 'Thriller']"
False,/rSEfKLHDZKiMQWsyJIfKr9D0CaC.jpg,"[35, 10749]",41630,No Strings Attached,en,No Strings Attached,"Emma is a busy doctor who sets up a seemingly perfect arrangement when she offers her best friend Adam a relationship with one rule: No strings attached. But when a fling becomes a thing, can sex friends stay best friends?",15.1067,/9C09L1U9S13J4Ut029Qhu0oLcTQ.jpg,2011-01-21,False,False,6.298,5074,"['Comedy', 'Romance']"
False,/wZS4xSfPtk1NPQnx9zsT5R2WhCu.jpg,"[16, 35, 878, 80, 10751]",438148,Minions: The Rise of Gru,en,Minions: The Rise of Gru,"A fanboy of a supervillain supergroup known as the Vicious 6, Gru hatches a plan to become evil enough to join them, with the backup of his followers, the Minions.",15.09,/wKiOkZTN9lUUUNZLmtnwubZYONg.jpg,2022-06-29,False,False,7.261,4173,"['Animation', 'Comedy', 'Science Fiction', 'Crime', 'Family']"
False,/zcySy6dnSmyqiichtDgO7AEeZoq.jpg,"[28, 18, 53]",254128,San Andreas,en,San Andreas,"In the aftermath of a massive earthquake in California, a rescue-chopper pilot makes a dangerous journey across the state in order to rescue his estranged daughter.",15.0688,/2Gfjn962aaFSD6eST6QU3oLDZTo.jpg,2015-05-27,False,False,6.251,9200,"['Action', 'Drama', 'Thriller']"
False,/fwrqW8Lp5VQuppFrODd4iJ8LySE.jpg,"[28, 12, 9648]",335787,Uncharted,en,Uncharted,"A young street-smart, Nathan Drake and his wisecracking partner Victor “Sully” Sullivan embark on a dangerous pursuit of “the greatest treasure never found” while also tracking clues that may lead to Nathan’s long-lost brother.",15.0522,/rJHC1RUORuUhtfNb4Npclx0xnOf.jpg,2022-02-10,False,False,6.872,7149,"['Action', 'Adventure', 'Mystery']"
False,/v8DepuF6gizphLzIyNZeQiB0hij.jpg,"[28, 12, 18, 10751]",38575,The Karate Kid,en,The Karate Kid,"12-year-old Dre Parker could've been the most popular kid in Detroit, but his mother's latest career move has landed him in China. Dre immediately falls for his classmate Mei Ying but the cultural differences make such a friendship impossible. Even worse, Dre's feelings make him an enemy of the class bully, Cheng. With no friends in a strange land, Dre has nowhere to turn but maintenance man Mr. Han, who is a kung fu master. As Han teaches Dre that kung fu is not about punches and parries, but maturity and calm, Dre realizes that facing down the bullies will be the fight of his life.",15.0514,/b1RBy3l297N0c7PHjlz35cClWju.jpg,2010-06-10,False,False,6.566,6706,"['Action', 'Adventure', 'Drama', 'Family']"
False,/q7vmCCmyiHnuKGMzHZlr0fD44b9.jpg,"[10749, 14, 10751, 18]",150689,Cinderella,en,Cinderella,"When her father unexpectedly passes away, young Ella finds herself at the mercy of her cruel stepmother and her daughters. Never one to give up hope, Ella's fortunes begin to change after meeting a dashing stranger in the woods.",15.0509,/j91LJmcWo16CArFOoapsz84bwxb.jpg,2015-03-06,False,False,6.824,7509,"['Romance', 'Fantasy', 'Family', 'Drama']"
False,/2shn4Kiq7qInZgKZhqM5BKie1zL.jpg,[99],489988,Three Identical Strangers,en,Three Identical Strangers,"New York, 1980. Three complete strangers accidentally discover that they're identical triplets, separated at birth. The 19-year-olds' joyous reunion catapults them to international fame, but also unlocks an extraordinary and disturbing secret that goes beyond their own lives – and could transform our understanding of human nature forever.",15.0369,/esPoJNMBsgWXahv8gILIl5K6sFk.jpg,2018-06-29,False,False,7.296,839,['Documentary']
False,/6nLdSON3ErniBZTXWG7WRqs5jGz.jpg,"[14, 10749, 53]",251,Ghost,en,Ghost,"After a young man is murdered, his spirit stays behind to warn his lover of impending danger, with the help of a reluctant psychic.",15.0124,/w9RaPHov8oM5cnzeE27isnFMsvS.jpg,1990-07-13,False,False,7.247,6201,"['Fantasy', 'Romance', 'Thriller']"
False,/qDG5SlGkWNsjSJWiGTBMFI8DpzA.jpg,"[878, 9648, 27]",70981,Prometheus,en,Prometheus,"A team of explorers discover a clue to the origins of mankind on Earth, leading them on a journey to the darkest corners of the universe. There, they must fight a terrifying battle to save the future of the human race.",15.009,/qsYQflQhOuhDpQ0W2aOcwqgDAeI.jpg,2012-05-30,False,False,6.61,13627,"['Science Fiction', 'Mystery', 'Horror']"
False,/ff2ti5DkA9UYLzyqhQfI2kZqEuh.jpg,"[28, 53]",245891,John Wick,en,John Wick,Ex-hitman John Wick comes out of retirement to track down the gangsters that took everything from him.,15.0085,/wXqWR7dHncNRbxoEGybEy7QTe9h.jpg,2014-10-16,False,False,7.463,21326,"['Action', 'Thriller']"
False,/wyvUmyzqGOBDyqLHRSukGDjI7bH.jpg,[18],50014,The Help,en,The Help,"Aibileen Clark is a middle-aged African-American maid who has spent her life raising white children and has recently lost her only son; Minny Jackson is an African-American maid who has often offended her employers despite her family's struggles with money and her desperate need for jobs; and Eugenia ""Skeeter"" Phelan is a young white woman who has recently moved back home after graduating college to find out her childhood maid has mysteriously disappeared. These three stories intertwine to explain how life in Jackson, Mississippi revolves around ""the help""; yet they are always kept at a certain distance because of racial lines.",15.003,/3kmfoWWEc9Vtyuaf9v5VipRgdjx.jpg,2011-08-09,False,False,8.205,9270,['Drama']
False,/skvI4rYFrKXS73BJxWGH54Omlvv.jpg,"[10751, 14, 12]",420809,Maleficent: Mistress of Evil,en,Maleficent: Mistress of Evil,"Maleficent and her goddaughter Aurora begin to question the complex family ties that bind them as they are pulled in different directions by impending nuptials, unexpected allies, and dark new forces at play.",14.9996,/vloNTScJ3w7jwNwtNGoG8DbTThv.jpg,2019-10-16,False,False,7.292,6608,"['Family', 'Fantasy', 'Adventure']"
False,/8qLen3NLCVSu1I9aqGWbTUIoBLQ.jpg,[35],2123,"Me, Myself & Irene",en,"Me, Myself & Irene","Rhode Island State Trooper Charlie Baileygates has a multiple personality disorder. One personality is crazy and aggressive, while the other is more friendly and laid back. Both of these personalities fall in love with the same woman named Irene after Charlie loses his medication.",14.9662,/rvRrcbLbpn7UJGRH1JupgHOeJFq.jpg,2000-06-22,False,False,6.629,4382,['Comedy']
False,/rbBe9WQ1OqCxzgwskOTnaY6JdUA.jpg,"[27, 9648, 53]",1933,The Others,en,The Others,"Grace is a woman who lives in an old house kept dark because her two children, Anne and Nicholas, have a rare sensitivity to light. When the family begins to suspect the house is haunted, Grace fights to protect her children at any cost in the face of strange events and disturbing visions.",14.9334,/p8g1vlTvpM6nr2hMMiZ1fUlKF0D.jpg,2001-08-02,False,False,7.6,7405,"['Horror', 'Mystery', 'Thriller']"
False,/egg7KFi18TSQc1s24RMmR9i2zO6.jpg,"[28, 12, 14]",464052,Wonder Woman 1984,en,Wonder Woman 1984,A botched store robbery places Wonder Woman in a global battle against a powerful and mysterious ancient force that puts her powers in jeopardy.,14.9292,/8UlWHLMpgZm9bx6QYh0NFoq67TZ.jpg,2020-12-16,False,False,6.351,9253,"['Action', 'Adventure', 'Fantasy']"
False,/voVkSwgFYv9GOpRNfUAwj6qYRTL.jpg,"[28, 53, 878]",296,Terminator 3: Rise of the Machines,en,Terminator 3: Rise of the Machines,"It's been 10 years since John Connor saved Earth from Judgment Day, and he's now living under the radar, steering clear of using anything Skynet can trace. That is, until he encounters T-X, a robotic assassin ordered to finish what T-1000 started. Good thing Connor's former nemesis, the Terminator, is back to aid the now-adult Connor … just like he promised.",14.9259,/vvevzdYIrk2636maNW4qeWmlPFG.jpg,2003-07-02,False,False,6.204,7475,"['Action', 'Thriller', 'Science Fiction']"
False,/zDIievPXqjfjLogXFqnnopU0OkK.jpg,"[16, 35, 10751, 12]",412117,The Secret Life of Pets 2,en,The Secret Life of Pets 2,"Max the terrier must cope with some major life changes when his owner gets married and has a baby. When the family takes a trip to the countryside, nervous Max has numerous run-ins with canine-intolerant cows, hostile foxes and a scary turkey. Luckily for Max, he soon catches a break when he meets Rooster, a gruff farm dog who tries to cure the lovable pooch of his neuroses.",14.9224,/s9xg4V5EDKiphgIksVJ9gewBM11.jpg,2019-05-24,False,False,6.948,3412,"['Animation', 'Comedy', 'Family', 'Adventure']"
False,/x3YFn10ehQKMRIJwIfiDAX8S9Xt.jpg,"[14, 28, 27]",561,Constantine,en,Constantine,"John Constantine has literally been to Hell and back. When he teams up with a policewoman to solve the mysterious suicide of her twin sister, their investigation takes them through the world of demons and angels that exists beneath the landscape of contemporary Los Angeles.",14.9045,/vPYgvd2MwHlxTamAOjwVQp4qs1W.jpg,2005-02-08,False,False,7.207,8537,"['Fantasy', 'Action', 'Horror']"
False,/m8t7K3LcAY7bpyQ7iQ5kGsrcjnh.jpg,"[14, 53, 9648, 27]",2668,Sleepy Hollow,en,Sleepy Hollow,"Skeptical young detective Ichabod Crane gets transferred to the hamlet of Sleepy Hollow, New York, where he is tasked with investigating the decapitations of three people – murders the townsfolk attribute to a legendary specter, The Headless Horseman.",14.8796,/1GuK965FLJxqUw9fd1pmvjbFAlv.jpg,1999-11-19,False,False,7.195,7568,"['Fantasy', 'Thriller', 'Mystery', 'Horror']"
False,/dTGECn8He16tZeBHQTLf6rVydE8.jpg,"[80, 53, 18]",302946,The Accountant,en,The Accountant,"As a math savant uncooks the books for a new client, the Treasury Department closes in on his activities and the body count starts to rise.",14.8777,/fceheXB5fC4WrLVuWJ6OZv9FXYr.jpg,2016-10-13,False,False,7.14,7581,"['Crime', 'Thriller', 'Drama']"
False,/yBov7O4eXDcBLDpZrOHZzFr8rIl.jpg,"[16, 35, 12, 10751]",459151,The Boss Baby: Family Business,en,The Boss Baby: Family Business,The Templeton brothers — Tim and his Boss Baby little bro Ted — have become adults and drifted away from each other. But a new boss baby with a cutting-edge approach and a can-do attitude is about to bring them together again … and inspire a new family business.,14.8739,/aQ7huOn3F0iJCJrFezS8p9WEsri.jpg,2021-07-01,False,False,7.324,2724,"['Animation', 'Comedy', 'Adventure', 'Family']"
False,/wRxLAw4l17LqiFcPLkobriPTZAw.jpg,"[28, 53, 80]",697843,Extraction 2,en,Extraction 2,"Back from the brink of death, highly skilled commando Tyler Rake takes on another dangerous mission: saving the imprisoned family of a ruthless gangster.",14.8186,/7gKI9hpEMcZUQpNgKrkDzJpbnNS.jpg,2023-06-09,False,False,7.385,3048,"['Action', 'Thriller', 'Crime']"
False,/xjotE7aFdZ0D8aGriYjFOtDayct.jpg,"[14, 12, 28, 10751, 10749]",102651,Maleficent,en,Maleficent,"A beautiful, pure-hearted young woman, Maleficent has an idyllic life growing up in a peaceable forest kingdom, until one day when an invading army threatens the harmony of the land. She rises to be the land's fiercest protector, but she ultimately suffers a ruthless betrayal – an act that begins to turn her heart into stone. Bent on revenge, Maleficent faces an epic battle with the invading King's successor and, as a result, places a curse upon his newborn infant Aurora. As the child grows, Maleficent realizes that Aurora holds the key to peace in the kingdom – and to Maleficent's true happiness as well.",14.8077,/ik8PugpL41s137RAWEGTAWu0dPo.jpg,2014-05-28,False,False,7.089,13932,"['Fantasy', 'Adventure', 'Action', 'Family', 'Romance']"
False,/jzWT0zd8U77fqWg5WgUfYaMzSFz.jpg,"[28, 878, 14]",526896,Morbius,en,Morbius,"Dangerously ill with a rare blood disorder, and determined to save others suffering his same fate, Dr. Michael Morbius attempts a desperate gamble. What at first appears to be a radical success soon reveals itself to be a remedy potentially worse than the disease.",14.8056,/Av8Z2jZhEm1FLkFzMThzz9hndJF.jpg,2022-03-30,False,False,5.902,4991,"['Action', 'Science Fiction', 'Fantasy']"
False,/84beTJf26mfhoasUlKSOiNSutyS.jpg,"[35, 18, 10749]",19404,Dilwale Dulhania Le Jayenge,hi,दिलवाले दुल्हनिया ले जायेंगे,"Raj is a rich, carefree, happy-go-lucky second generation NRI. Simran is the daughter of Chaudhary Baldev Singh, who in spite of being an NRI is very strict about adherence to Indian values. Simran has left for India to be married to her childhood fiancé. Raj leaves for India with a mission at his hands, to claim his lady love under the noses of her whole family. Thus begins a saga.",14.7842,/lfRkUr7DYdHldAqi3PwdQGBRBPM.jpg,1995-10-20,False,False,8.5,4621,"['Comedy', 'Drama', 'Romance']"
False,/57JocxmicOoAMhkUSmdKBlpZWMT.jpg,"[12, 28]",335977,Indiana Jones and the Dial of Destiny,en,Indiana Jones and the Dial of Destiny,"Finding himself in a new era, and approaching retirement, Indy wrestles with fitting into a world that seems to have outgrown him. But as the tentacles of an all-too-familiar evil return in the form of an old rival, Indy must don his hat and pick up his whip once more to make sure an ancient and powerful artifact doesn't fall into the wrong hands.",14.7709,/Af4bXE63pVsb2FtbW8uYIyPBadD.jpg,2023-06-25,False,False,6.496,4350,"['Adventure', 'Action']"
False,/yBv9RxlWPXRCvjMFsrmB1pxwWo6.jpg,"[53, 12, 28]",27578,The Expendables,en,The Expendables,"Barney Ross leads a band of highly skilled mercenaries including knife enthusiast Lee Christmas, a martial arts expert Yin Yang, heavy weapons specialist Hale Caesar, demolitionist Toll Road, and a loose-cannon sniper Gunner Jensen. When the group is commissioned by the mysterious Mr. Church to assassinate the dictator of a small South American island, Barney and Lee visit the remote locale to scout out their opposition and discover the true nature of the conflict engulfing the city.",14.7337,/j09ZkH6R4JWVylBcDai1laCmGw7.jpg,2010-08-07,False,False,6.252,8463,"['Thriller', 'Adventure', 'Action']"
False,/hjWxngV6tidwDkfJDEgMjHD2KEz.jpg,[18],976893,Perfect Days,ja,PERFECT DAYS,"Hirayama is content with his life as a toilet cleaner in Tokyo. Outside of his structured routine, he cherishes music on cassette tapes, books, and taking photos of trees. Through unexpected encounters, he reflects on finding beauty in the world.",14.7251,/tvUHVSTJV9ITON3oyHaWp7oaAc8.jpg,2023-11-10,False,False,7.821,2052,['Drama']
False,/ehzI1mVcnHqB58NqPyQwpMqcVoz.jpg,"[28, 80, 53]",168259,Furious 7,en,Furious 7,Deckard Shaw seeks revenge against Dominic Toretto and his family for his comatose brother.,14.7204,/ktofZ9Htrjiy0P6LEowsDaxd3Ri.jpg,2015-04-01,False,False,7.212,11485,"['Action', 'Crime', 'Thriller']"
False,/eezsbzYPbYKjjh6E1XHDBNlLynh.jpg,"[878, 28, 12, 35]",98566,Teenage Mutant Ninja Turtles,en,Teenage Mutant Ninja Turtles,"When a kingpin threatens New York City, a group of mutated turtle warriors must emerge from the shadows to protect their home.",14.7089,/azL2ThbJMIkts3ZMt3j1YgBUeDB.jpg,2014-08-07,False,False,5.932,7313,"['Science Fiction', 'Action', 'Adventure', 'Comedy']"
False,/viU23X3BIycUFf6TOlm9c7TxLgM.jpg,[35],8835,Legally Blonde,en,Legally Blonde,"Fashionable sorority queen Elle Woods has it all, but, she wants nothing more than to be Mrs. Warner Huntington III. But he dumps her before heading to Harvard Law School. Elle rallies all of her resources and gets into Harvard, determined to win him back. While there, she figures out that there is more to herself than just good looks.",14.7012,/9ohlMrJHQqKhfUKh7Zr3JQqHNLZ.jpg,2001-07-13,False,False,6.815,4718,['Comedy']
False,/bgkFOoXEQMRjKkCvgoj7smdGbuh.jpg,"[28, 12, 878]",157350,Divergent,en,Divergent,"In a world divided into factions based on personality types, Tris learns that she's been classified as Divergent and won't fit in. When she discovers a plot to destroy Divergents, Tris and the mysterious Four must find out what makes Divergents dangerous before it's too late.",14.7006,/aNh4Q3iuPKDMPi2SL7GgOpiLukX.jpg,2014-03-14,False,False,6.9,13714,"['Action', 'Adventure', 'Science Fiction']"
False,/mKIkGoyuR71qz6FdiEiOjxvBQcS.jpg,"[878, 53, 9648]",63,Twelve Monkeys,en,Twelve Monkeys,"In the year 2035, convict James Cole reluctantly volunteers to be sent back in time to discover the origin of a deadly virus that wiped out nearly all of the earth's population and forced the survivors into underground communities. But when Cole is mistakenly sent to 1990 instead of 1996, he's arrested and locked up in a mental hospital. There he meets psychiatrist Dr. Kathryn Railly and the son of a famous virus expert who may hold the key to the Army of the 12 Monkeys; thought to be responsible for unleashing the killer disease.",14.6943,/gt3iyguaCIw8DpQZI1LIN5TohM2.jpg,1995-12-29,False,False,7.613,9386,"['Science Fiction', 'Thriller', 'Mystery']"
False,/21YsCNMub5455NQCn3jh9SmRFyG.jpg,"[12, 18]",87827,Life of Pi,en,Life of Pi,"The story of an Indian boy named Pi, a zookeeper's son who finds himself in the company of a hyena, zebra, orangutan, and a Bengal tiger after a shipwreck sets them adrift in the Pacific Ocean.",14.6935,/iLgRu4hhSr6V1uManX6ukDriiSc.jpg,2012-11-20,False,False,7.413,14006,"['Adventure', 'Drama']"
False,/jXDselREPq8TOVGM4dzBBUM7xVk.jpg,"[28, 878, 12]",399579,Alita: Battle Angel,en,Alita: Battle Angel,"When Alita awakens with no memory of who she is in a future world she does not recognize, she is taken in by Ido, a compassionate doctor who realizes that somewhere in this abandoned cyborg shell is the heart and soul of a young woman with an extraordinary past.",14.6887,/xRWht48C2V8XNfzvPehyClOvDni.jpg,2019-01-31,False,False,7.275,10378,"['Action', 'Science Fiction', 'Adventure']"
False,/fbxZeJEcyf76oEQIGmotlclwmiH.jpg,"[16, 10751, 12, 878]",15512,Monsters vs Aliens,en,Monsters vs Aliens,"When Susan Murphy is unwittingly clobbered by a meteor full of outer space gunk on her wedding day, she mysteriously grows to 49-feet-11-inches. The military jumps into action and captures Susan, secreting her away to a covert government compound. She is renamed Ginormica and placed in confinement with a ragtag group of Monsters...",14.663,/hpHarddVj34j53T7NsoUGdKj4mP.jpg,2009-03-19,False,False,6.266,5123,"['Animation', 'Family', 'Adventure', 'Science Fiction']"
False,/1YnZchmaGc8dchgRPDpR1KGrixA.jpg,"[10749, 878, 18]",152601,Her,en,Her,"In the not so distant future, Theodore, a lonely writer, purchases a newly developed operating system designed to meet the user's every need. To Theodore's surprise, a romantic relationship develops between him and his operating system. This unconventional love story blends science fiction and romance in a sweet tale that explores the nature of love and the ways that technology isolates and connects us all.",14.6258,/eCOtqtfvn7mxGl6nfmq4b1exJRc.jpg,2013-12-18,False,False,7.836,15624,"['Romance', 'Science Fiction', 'Drama']"
False,/8ln5VUVk7gnNGIb2VNgw8nICDVt.jpg,"[16, 35, 10751]",35,The Simpsons Movie,en,The Simpsons Movie,"After Homer accidentally pollutes the town's water supply, Springfield is encased in a gigantic dome by the EPA and the Simpsons are declared fugitives.",14.6163,/s3b8TZWwmkYc2KoJ5zk77qB6PzY.jpg,2007-07-25,False,False,7.024,8718,"['Animation', 'Comedy', 'Family']"
False,/nvxrQQspxmSblCYDtvDAbVFX8Jt.jpg,"[35, 878, 18]",646380,Don't Look Up,en,Don't Look Up,Two astronomers go on a media tour to warn humankind of a planet-killing comet hurtling toward Earth. The response from a distracted world: Meh.,14.6072,/th4E1yqsE8DGpAseLiUrI60Hf8V.jpg,2021-12-08,False,False,7.055,9670,"['Comedy', 'Science Fiction', 'Drama']"
False,/t3HVA7XdVnQneMjI5hYjEhXmHY3.jpg,"[35, 10751, 14]",10830,Matilda,en,Matilda,"Matilda Wormwood is an brilliant and intelligent little girl. Unfortunately, her parents, Harry and Zinnia, fail to see that fact. As time passes, she finally starts school and has a kind teacher, loyal friends, and a terrifying, sadistic headmistress. As she becomes fed up with the constant cruelty, she discovers she has a special gift that she just might be able to use to outwit the unruly adults around her.",14.5948,/wYoDpWInsBEVSmWStnRH06ddoyk.jpg,1996-08-02,False,False,7.2,4947,"['Comedy', 'Family', 'Fantasy']"
False,/27jtaS1oCiLK5Y7P6iOXG2yj1Nc.jpg,[27],968051,The Nun II,en,The Nun II,"In 1956 France, a priest is violently murdered, and Sister Irene begins to investigate. She once again comes face-to-face with a powerful evil.",14.5907,/5gzzkR7y3hnY8AD1wXjCnVlHba5.jpg,2023-09-06,False,False,6.627,2577,['Horror']
False,/g9ClaS5EqU0Hk8WIbMNhld0Bk6f.jpg,"[53, 18, 9648]",1018,Mulholland Drive,en,Mulholland Drive,"Blonde Betty Elms has only just arrived in Hollywood to become a movie star when she meets an enigmatic brunette with amnesia. Meanwhile, as the two set off to solve the second woman's identity, filmmaker Adam Kesher runs into ominous trouble while casting his latest project.",14.5668,/x7A59t6ySylr1L7aubOQEA480vM.jpg,2001-06-06,False,False,7.8,7281,"['Thriller', 'Drama', 'Mystery']"
False,/1Ds7xy7ILo8u2WWxdnkJth1jQVT.jpg,"[28, 12, 35]",752623,The Lost City,en,The Lost City,"Reclusive author Loretta Sage writes about exotic places in her popular adventure novels that feature a handsome cover model named Alan. While on tour promoting her new book with Alan, Loretta gets kidnapped by an eccentric billionaire who hopes she can lead him to the ancient city's lost treasure that featured in her latest story. Alan, determined to prove he can be a hero in real life and not just on the pages of her books, sets off to rescue her.",14.559,/rnheO8cFvCYcmZsDrBoabJbKLFE.jpg,2022-03-23,False,False,6.44,4123,"['Action', 'Adventure', 'Comedy']"
False,/uMBByiSDpgFwWVegAtwwnuzvogJ.jpg,"[14, 18, 10749]",297,Meet Joe Black,en,Meet Joe Black,"Bill Parrish has it all - success, wealth and power. Days before his 65th birthday, he receives a visit from a mysterious stranger, Joe Black, who soon reveals himself as Death. In exchange for extra time, Bill agrees to serve as Joe's earthly guide. But will he regret his choice when Joe unexpectedly falls in love with Bill's beautiful daughter Susan?",14.5586,/fDPAjvfPMomkKF7cMRmL5Anak61.jpg,1998-11-12,False,False,7.37,5941,"['Fantasy', 'Drama', 'Romance']"
False,/qjGrUmKW78MCFG8PTLDBp67S27p.jpg,"[16, 28, 14]",635302,Demon Slayer -Kimetsu no Yaiba- The Movie: Mugen Train,ja,劇場版「鬼滅の刃」無限列車編,"Tanjiro Kamado, joined with Inosuke Hashibira, a boy raised by boars who wears a boar's head, and Zenitsu Agatsuma, a scared boy who reveals his true power when he sleeps, boards the Infinity Train on a new mission with the Fire Hashira, Kyojuro Rengoku, to defeat a demon who has been tormenting the people and killing the demon slayers who oppose it!",14.5287,/h8Rb9gBr48ODIwYUttZNYeMWeUU.jpg,2020-10-16,False,False,8.227,4675,"['Animation', 'Action', 'Fantasy']"
False,/8AAuJtCzaibYkbE0QVHc8EBsELB.jpg,"[14, 28, 12, 16, 10751]",82702,How to Train Your Dragon 2,en,How to Train Your Dragon 2,"Five years after uniting the dragons and Vikings of Berk, Hiccup and Toothless soar beyond their homeland, charting the vast unknown. During one of their adventures, the pair discover a secret cave that houses hundreds of wild dragons—and a mysterious dragon rider with a startling connection to Hiccup. And as the ruthless conqueror Drago Bludvist rises to seize control of both dragons and people alike, Hiccup must step into his role as a true leader and, alongside his friends and Toothless, protect Berk from a devastating war.",14.5141,/d13Uj86LdbDLrfDoHR5aDOFYyJC.jpg,2014-06-05,False,False,7.7,10667,"['Fantasy', 'Action', 'Adventure', 'Animation', 'Family']"
False,/lKkkogTlIQT8o83GFQZZ3CA9MzB.jpg,"[35, 10751, 14, 16]",6477,Alvin and the Chipmunks,en,Alvin and the Chipmunks,"A struggling songwriter named Dave Seville finds success when he comes across a trio of singing chipmunks: mischievous leader Alvin, brainy Simon, and chubby, impressionable Theodore.",14.5058,/3s3WvpKPXXeKAPketDDqiQTi20S.jpg,2007-12-13,False,False,5.841,4826,"['Comedy', 'Family', 'Fantasy', 'Animation']"
False,/zGLHX92Gk96O1DJvLil7ObJTbaL.jpg,"[14, 12]",338953,Fantastic Beasts: The Secrets of Dumbledore,en,Fantastic Beasts: The Secrets of Dumbledore,"Professor Albus Dumbledore knows the powerful, dark wizard Gellert Grindelwald is moving to seize control of the wizarding world. Unable to stop him alone, he entrusts magizoologist Newt Scamander to lead an intrepid team of wizards and witches. They soon encounter an array of old and new beasts as they clash with Grindelwald's growing legion of followers.",14.5019,/3c5GNLB4yRSLBby0trHoA1DSQxQ.jpg,2022-04-06,False,False,6.623,5248,"['Fantasy', 'Adventure']"
False,/6t8ES1d12OzWyCGxBeDYLHoaDrT.jpg,"[28, 12, 878]",330459,Rogue One: A Star Wars Story,en,Rogue One: A Star Wars Story,A rogue band of resistance fighters unite for a mission to steal the Death Star plans and bring a new hope to the galaxy.,14.46,/i0yw1mFbB7sNGHCs7EXZPzFkdA1.jpg,2016-12-14,False,False,7.509,16752,"['Action', 'Adventure', 'Science Fiction']"
False,/dDYpjrwh1wNVQk0rEpc9P81wQt4.jpg,"[10402, 18, 10749]",332562,A Star Is Born,en,A Star Is Born,"Seasoned musician Jackson Maine discovers — and falls in love with — struggling artist Ally. She has just about given up on her dream to make it big as a singer — until Jack coaxes her into the spotlight. But even as Ally's career takes off, the personal side of their relationship is breaking down, as Jack fights an ongoing battle with his own internal demons.",14.441,/wrFpXMNBRj2PBiN4Z5kix51XaIZ.jpg,2018-10-03,False,False,7.5,12386,"['Music', 'Drama', 'Romance']"
False,/qVGpxnjrGlHaSTCqTQI6viBDSfp.jpg,"[27, 53, 18]",346364,It,en,It,"In a small town in Maine, seven children known as The Losers Club come face to face with life problems, bullies and a monster that takes the shape of a clown called Pennywise.",14.4134,/9E2y5Q7WlCVNEhP5GiVTjhEhx1o.jpg,2017-09-06,False,False,7.2,20666,"['Horror', 'Thriller', 'Drama']"
False,/wOLTJxfv98miIQcn0oNXq9fIgXM.jpg,"[28, 53, 80, 35]",9737,Bad Boys,en,Bad Boys,"Marcus Burnett is a henpecked family man. Mike Lowrey is a footloose and fancy free ladies' man. Both Miami policemen, they have 72 hours to reclaim a consignment of drugs stolen from under their station's nose. To complicate matters, in order to get the assistance of the sole witness to a murder, they have to pretend to be each other.",14.4051,/x1ygBecKHfXX4M2kRhmFKWfWbJc.jpg,1995-04-07,False,False,6.832,7137,"['Action', 'Thriller', 'Crime', 'Comedy']"
False,/5jnoAA74Qwb5w6B9FMvnc20n6Ie.jpg,"[28, 12]",353081,Mission: Impossible - Fallout,en,Mission: Impossible - Fallout,"When an IMF mission ends badly, the world is faced with dire consequences. As Ethan Hunt takes it upon himself to fulfill his original briefing, the CIA begin to question his loyalty and his motives. The IMF team find themselves in a race against time, hunted by assassins while trying to prevent a global catastrophe.",14.4048,/AkJQpZp9WoNdj7pLYSj1L0RcMMN.jpg,2018-07-25,False,False,7.451,9370,"['Action', 'Adventure']"
False,/o1l6OCqA3pYDZHIc5L1s7CEzCMv.jpg,"[28, 35, 878]",608,Men in Black II,en,Men in Black II,"Kay and Jay reunite to provide our best, last and only line of defense against a sinister seductress who levels the toughest challenge yet to the MIB's untarnished mission statement – protecting Earth from the scum of the universe. It's been four years since the alien-seeking agents averted an intergalactic disaster of epic proportions. Now it's a race against the clock as Jay must convince Kay – who not only has absolutely no memory of his time spent with the MIB, but is also the only living person left with the expertise to save the galaxy – to reunite with the MIB before the earth submits to ultimate destruction.",14.3942,/enA22EPyzc2WQ1VVyY7zxresQQr.jpg,2002-07-03,False,False,6.39,10890,"['Action', 'Comedy', 'Science Fiction']"
False,/sra8XnL96OyLHENcglmZJg6HA8z.jpg,"[12, 28, 53]",954,Mission: Impossible,en,Mission: Impossible,"When Ethan Hunt, the leader of a crack espionage team whose perilous operation has gone awry with no explanation, discovers that a mole has penetrated the CIA, he's surprised to learn that he's the prime suspect. To clear his name, Hunt now must ferret out the real double agent and, in the process, even the score.",14.3851,/l5uxY5m5OInWpcExIpKG6AR3rgL.jpg,1996-05-22,False,False,7.029,10254,"['Adventure', 'Action', 'Thriller']"
False,/wAk0yKrhAmvsoMvlKs4QImhvK5X.jpg,"[28, 12, 14]",297761,Suicide Squad,en,Suicide Squad,"From DC Comics comes the Suicide Squad, an antihero team of incarcerated supervillains who act as deniable assets for the United States government, undertaking high-risk black ops missions in exchange for commuted prison sentences.",14.3839,/sk3FZgh3sRrmr8vyhaitNobMcfh.jpg,2016-08-03,False,False,5.916,22414,"['Action', 'Adventure', 'Fantasy']"
False,/3yXLkSTrVhG66MIAr3X6C4gjccw.jpg,"[12, 16, 35, 10751]",10527,Madagascar: Escape 2 Africa,en,Madagascar: Escape 2 Africa,"Alex, Marty, and other zoo animals find a way to escape from Madagascar when the penguins reassemble a wrecked airplane. The precariously repaired craft stays airborne just long enough to make it to the African continent. There the New Yorkers encounter members of their own species for the first time. Africa proves to be a wild place, but Alex and company wonder if it is better than their Central Park home.",14.3342,/agRbLOHgN46TQO4YdKR462iR7To.jpg,2008-10-30,False,False,6.5,7595,"['Adventure', 'Animation', 'Comedy', 'Family']"
False,/vsZLf5uog08pAnfsMuDWrsLWUUF.jpg,"[16, 12, 35]",501929,The Mitchells vs. the Machines,en,The Mitchells vs. the Machines,"A quirky, dysfunctional family's road trip is upended when they find themselves in the middle of the robot apocalypse and suddenly become humanity's unlikeliest last hope.",14.3295,/mI2Di7HmskQQ34kz0iau6J1vr70.jpg,2021-04-22,False,False,7.829,3489,"['Animation', 'Adventure', 'Comedy']"
False,/1PXwh3nJzgRkkYnqfWInJNypeL4.jpg,[18],37799,The Social Network,en,The Social Network,"In 2003, Harvard undergrad and computer programmer Mark Zuckerberg begins work on a new concept that eventually turns into the global social network known as Facebook. Six years later, Mark is one of the youngest billionaires ever, but his unprecedented success leads to both personal and legal complications when he ends up on the receiving end of two lawsuits, one involving his former friend.",14.3177,/n0ybibhJtQ5icDqTp8eRytcIHJx.jpg,2010-10-01,False,False,7.377,13501,['Drama']
False,/P82NAcEsLIYgQtrtn36tYsj41m.jpg,"[12, 16, 35, 10751]",748783,The Garfield Movie,en,The Garfield Movie,"Garfield, the world-famous, Monday-hating, lasagna-loving indoor cat, is about to have a wild outdoor adventure! After an unexpected reunion with his long-lost father – scruffy street cat Vic – Garfield and his canine friend Odie are forced from their perfectly pampered life into joining Vic in a hilarious, high-stakes heist.",14.3142,/p6AbOJvMQhBmffd0PIv0u8ghWeY.jpg,2024-04-30,False,False,6.952,1503,"['Adventure', 'Animation', 'Comedy', 'Family']"
False,/nF74HKjNe7X54XMcIc7ulK5InxR.jpg,[35],4256,Scary Movie 3,en,Scary Movie 3,"News anchorwoman Cindy Campbell has to investigate mysterious crop circles and killing video tapes, and help the President stop an alien invasion in the process.",14.2936,/8dLsax5KSwlCY5uWXETKjud5k6U.jpg,2003-10-24,False,False,5.981,4659,['Comedy']
False,/8hSjOHRY4OUEpqxszYbMdem8z9C.jpg,"[12, 35, 18, 14]",116745,The Secret Life of Walter Mitty,en,The Secret Life of Walter Mitty,A timid magazine photo manager who lives life vicariously through daydreams embarks on a true-life adventure when a negative goes missing.,14.2885,/iAo1hlzsPV9XpYcLQp6Ud065tGO.jpg,2013-12-18,False,False,7.23,8475,"['Adventure', 'Comedy', 'Drama', 'Fantasy']"
False,/dF2c20sRDgySZLaLS2OUerL07sz.jpg,"[12, 14, 18, 10749]",18239,The Twilight Saga: New Moon,en,The Twilight Saga: New Moon,"Forks, Washington resident Bella Swan is reeling from the departure of her vampire love, Edward Cullen, and finds comfort in her friendship with Jacob Black, a werewolf. But before she knows it, she's thrust into a centuries-old conflict, and her desire to be with Edward at any cost leads her to take greater and greater risks.",14.2881,/k2qTooPlHffgNABNWxeJdGMglPK.jpg,2009-11-18,False,False,5.984,9904,"['Adventure', 'Fantasy', 'Drama', 'Romance']"
False,/qDQEQbgP3v7B9IYLAUcYexNrVYP.jpg,"[28, 12, 16, 35, 10751, 878]",404368,Ralph Breaks the Internet,en,Ralph Breaks the Internet,"Video game bad guy Ralph and fellow misfit Vanellope von Schweetz must risk it all by traveling to the World Wide Web in search of a replacement part to save Vanellope's video game, Sugar Rush. In way over their heads, Ralph and Vanellope rely on the citizens of the internet — the netizens — to help navigate their way, including an entrepreneur named Yesss, who is the head algorithm and the heart and soul of trend-making site BuzzzTube.",14.2538,/iVCrhBcpDaHGvv7CLYbK6PuXZo1.jpg,2018-11-20,False,False,7.153,8269,"['Action', 'Adventure', 'Animation', 'Comedy', 'Family', 'Science Fiction']"
False,/lgBZlJ1LHQel5nneNQMoesmvc7l.jpg,"[28, 12, 10752]",1271,300,en,300,"A story very loosely based the 480 B.C. Battle of Thermopylae, where the King of Sparta led his army against the advancing Persians.",14.2512,/h7Lcio0c9ohxPhSZg42eTlKIVVY.jpg,2007-03-07,False,False,7.208,15085,"['Action', 'Adventure', 'War']"
False,/nVodCGKYLpqNC8YwQAbivKlWCgZ.jpg,"[28, 12, 14]",293167,Kong: Skull Island,en,Kong: Skull Island,"Explore the mysterious and dangerous home of the king of the apes as a team of explorers ventures deep inside the treacherous, primordial island.",14.2477,/r2517Vz9EhDhj88qwbDVj8DCRZN.jpg,2017-03-08,False,False,6.559,11339,"['Action', 'Adventure', 'Fantasy']"
False,/46FRuCeAn6TrS4F1P4F9zhyCpyo.jpg,[18],785084,The Whale,en,The Whale,A reclusive English teacher suffering from severe obesity attempts to reconnect with his estranged teenage daughter for one last chance at redemption.,14.2271,/jQ0gylJMxWSL490sy0RrPj1Lj7e.jpg,2022-12-09,False,False,7.753,4893,['Drama']
False,/uIk2g2bRkNwNywKZIhC5oIU94Kh.jpg,"[35, 10751, 14]",787699,Wonka,en,Wonka,"Willy Wonka – chock-full of ideas and determined to change the world one delectable bite at a time – is proof that the best things in life begin with a dream, and if you’re lucky enough to meet Willy Wonka, anything is possible.",14.2142,/qhb1qOilapbapxWQn9jtRCMwXJF.jpg,2023-12-06,False,False,7.034,4550,"['Comedy', 'Family', 'Fantasy']"
False,/uRZhr7zzaxeidLq2eYL59ulh4vn.jpg,"[10751, 16, 12, 35]",5559,Bee Movie,en,Bee Movie,"Barry B. Benson, a recent college graduate who wants more out of his life than making honey, decides to sue the human race after learning about the exploitation of bees at the hands of mankind. What will happen next?",14.2099,/tX2mgKFUkzFMZingSVD4vioZNz2.jpg,2007-10-28,False,False,6.1,5417,"['Family', 'Animation', 'Adventure', 'Comedy']"
False,/4SyDTF02R5BepqSdQmOaNCHObzF.jpg,"[12, 878]",329,Jurassic Park,en,Jurassic Park,"A wealthy entrepreneur secretly creates a theme park featuring living dinosaurs drawn from prehistoric DNA. Before opening day, he invites a team of experts and his two eager grandchildren to experience the park and help calm anxious investors. However, the park is anything but amusing as the security systems go off-line and the dinosaurs escape.",14.2086,/d9mtMGQDLANKieb9PbD3yK7xxzo.jpg,1993-06-11,False,False,8.0,18336,"['Adventure', 'Science Fiction']"
False,/olz8Xw3yOLpBAHKgPoSRwmomdM.jpg,"[53, 9648]",13448,Angels & Demons,en,Angels & Demons,"Harvard symbologist Robert Langdon is recruited by the Vatican to investigate the apparent return of the Illuminati – a secret, underground organization – after four cardinals are kidnapped on the night of the papal conclave.",14.2001,/tFZQAuulEOtFTp0gHbVdEXwGrYe.jpg,2009-04-20,False,False,6.728,7495,"['Thriller', 'Mystery']"
False,/wWqTMWkEw6HouLd1zPZbZWxtAPr.jpg,"[28, 878, 12]",399566,Godzilla vs. Kong,en,Godzilla vs. Kong,"In a time when monsters walk the Earth, humanity’s fight for its future sets Godzilla and Kong on a collision course that will see the two most powerful forces of nature on the planet collide in a spectacular battle for the ages.",14.1825,/pgqgaUx1cJb5oZQQ5v0tNARCeBp.jpg,2021-03-24,False,False,7.522,10815,"['Action', 'Science Fiction', 'Adventure']"
False,/jm1oD3eB08LImSwL1LrzF9AJQ5b.jpg,[18],376867,Moonlight,en,Moonlight,"The tender, heartbreaking story of a young man’s struggle to find himself, told across three defining chapters in his life as he experiences the ecstasy, pain, and beauty of falling in love, while grappling with his own sexuality.",14.1766,/qLnfEmPrDjJfPyyddLJPkXmshkp.jpg,2016-10-21,False,False,7.4,7678,['Drama']
False,/1hzH1Wu2xhXBNOWzw3RMwNTJX5q.jpg,"[28, 878]",240832,Lucy,en,Lucy,"A woman, accidentally caught in a dark deal, turns the tables on her captors and transforms into a merciless warrior evolved beyond human logic.",14.1738,/kRbpUTRNm6QbLQFPFWUcNC4czEm.jpg,2014-07-25,False,False,6.5,17372,"['Action', 'Science Fiction']"
False,/pgG6tzJzC8mjGqhaT8IWwEk00xf.jpg,"[28, 80, 53]",393,Kill Bill: Vol. 2,en,Kill Bill: Vol. 2,"The Bride unwaveringly continues on her roaring rampage of revenge against the band of assassins who had tried to kill her and her unborn child. She visits each of her former associates one-by-one, checking off the victims on her Death List Five until there's nothing left to do … but kill Bill.",14.1655,/2yhg0mZQMhDyvUQ4rG1IZ4oIA8L.jpg,2004-04-16,False,False,7.873,15435,"['Action', 'Crime', 'Thriller']"
False,/3q01ACG0MWm0DekhvkPFCXyPZSu.jpg,"[28, 35, 80]",573435,Bad Boys: Ride or Die,en,Bad Boys: Ride or Die,"After their late former Captain is framed, Lowrey and Burnett try to clear his name, only to end up on the run themselves.",14.1553,/oGythE98MYleE6mZlGs5oBGkux1.jpg,2024-06-05,False,False,7.313,3461,"['Action', 'Comedy', 'Crime']"
False,/vaRCS4CCFXcWz1j9GKd6rGLsQQ2.jpg,"[18, 10749]",1278,The Dreamers,en,The Dreamers,"When Isabelle and Theo invite Matthew to stay with them, what begins as a casual friendship ripens into a sensual voyage of discovery and desire in which nothing is off limits and everything is possible.",14.1432,/gBb7GGaFYPu7nEUYvC8G4LaJJN1.jpg,2003-10-10,False,False,7.181,3164,"['Drama', 'Romance']"
False,/D3eDUNEzJPBDG3TCJcR7RyRgTA.jpg,"[18, 28]",96721,Rush,en,Rush,"In the 1970s, a rivalry propels race car drivers Niki Lauda and James Hunt to fame and glory — until a horrible accident threatens to end it all.",14.1324,/95BDrWmcfJDEa2WCfjmLgi67jhi.jpg,2013-09-02,False,False,7.743,8034,"['Drama', 'Action']"
False,/s3FiHTdpQVpqIqdBxLLiy40wGut.jpg,"[16, 28, 12, 35, 10751]",140300,Kung Fu Panda 3,en,Kung Fu Panda 3,"While Po and his father are visiting a secret panda village, an evil spirit threatens all of China, forcing Po to form a ragtag army to fight back.",14.1246,/oajNi4Su39WAByHI6EONu8G8HYn.jpg,2016-01-23,False,False,6.94,6766,"['Animation', 'Action', 'Adventure', 'Comedy', 'Family']"
False,/AVWlQpVhpudyFsSh3OQIieHHYf.jpg,"[18, 80, 53]",889737,Joker: Folie à Deux,en,Joker: Folie à Deux,"While struggling with his dual identity, Arthur Fleck not only stumbles upon true love, but also finds the music that's always been inside him.",14.1175,/if8QiqCI7WAGImKcJCfzp6VTyKA.jpg,2024-10-01,False,False,5.404,3061,"['Drama', 'Crime', 'Thriller']"
False,/5lAMQMWpXMsirvtLLvW7cJgEPkU.jpg,"[16, 18, 10749]",378064,A Silent Voice: The Movie,ja,映画 聲の形,"Shouya Ishida starts bullying the new girl in class, Shouko Nishimiya, because she is deaf. But as the teasing continues, the rest of the class starts to turn on Shouya for his lack of compassion. When they leave elementary school, Shouko and Shouya do not speak to each other again... until an older, wiser Shouya, tormented by his past behaviour, decides he must see Shouko once more. He wants to atone for his sins, but is it already too late...?",14.1173,/tuFaWiqX0TXoWu7DGNcmX3UW7sT.jpg,2016-09-17,False,False,8.398,4684,"['Animation', 'Drama', 'Romance']"
False,/dZM71rHXh3Oo3WZlw8YpMMsoVB5.jpg,"[80, 18, 53]",1592,Primal Fear,en,Primal Fear,"Defense attorney Martin Vail takes on jobs for money and prestige rather than any sense of the greater good. His latest case involves an altar boy, accused of brutally murdering the archbishop of Chicago. Vail finds himself up against his ex-pupil and ex-lover, but as the case progresses and the Church's dark secrets are revealed, Vail finds that what appeared a simple case takes on a darker, more dangerous aspect.",14.1126,/qJf2TzE8nRTFbFMPJNW6c8mI0KU.jpg,1996-04-03,False,False,7.661,4151,"['Crime', 'Drama', 'Thriller']"
False,/7NRGAtu8E4343NSKwhkgmVRDINw.jpg,"[27, 53]",507089,Five Nights at Freddy's,en,Five Nights at Freddy's,"Recently fired and desperate for work, a troubled young man named Mike agrees to take a position as a night security guard at an abandoned theme restaurant: Freddy Fazbear's Pizzeria. But he soon discovers that nothing at Freddy's is what it seems.",14.1115,/7BpNtNfxuocYEVREzVMO75hso1l.jpg,2023-10-25,False,False,7.278,5183,"['Horror', 'Thriller']"
False,/8YNNyQiPZlF9qv5EGOUK20mnXVk.jpg,"[28, 878, 53]",262500,Insurgent,en,Insurgent,Beatrice Prior must confront her inner demons and continue her fight against a powerful alliance which threatens to tear her society apart.,14.1114,/dP5Fb6YRfzmCQtRbHOr2kO7tJW9.jpg,2015-03-18,False,False,6.36,10592,"['Action', 'Science Fiction', 'Thriller']"
False,/i4ZougHEyBAboDpi6jsaTUDTjUl.jpg,"[14, 53, 28, 12, 27]",282035,The Mummy,en,The Mummy,"Though safely entombed in a crypt deep beneath the unforgiving desert, an ancient queen whose destiny was unjustly taken from her is awakened in our current day, bringing with her malevolence grown over millennia, and terrors that defy human comprehension.",14.1101,/zxkY8byBnCsXodEYpK8tmwEGXBI.jpg,2017-06-06,False,False,5.521,7783,"['Fantasy', 'Thriller', 'Action', 'Adventure', 'Horror']"
False,/6al048Lat3eLVQOuKtc9h6Tu94d.jpg,"[28, 12, 878]",558,Spider-Man 2,en,Spider-Man 2,"Peter Parker is going through a major identity crisis. Burned out from being Spider-Man, he decides to shelve his superhero alter ego, which leaves the city suffering in the wake of carnage left by the evil Doc Ock. In the meantime, Parker still can't act on his feelings for Mary Jane Watson, a girl he's loved since childhood. A certain anger begins to brew in his best friend Harry Osborn as well...",14.105,/aGuvNAaaZuWXYQQ6N2v7DeuP6mB.jpg,2004-06-25,False,False,7.331,16907,"['Action', 'Adventure', 'Science Fiction']"
False,/e74H6yfw9qh8uEJP3yVUfWlMvxe.jpg,"[18, 10749]",109689,I Want You,es,Tengo ganas de ti,"After two years away, Hache returns to Barcelona seeking a fresh start. Falling for Gin while facing unresolved feelings for Babi, he must confront love, loss, and who he's becoming.",14.0993,/m7JUNQu5zRsmFeUWZrGoV0fTp0B.jpg,2012-06-22,False,False,7.46,1985,"['Drama', 'Romance']"
False,/coru98UcFBzJIU7bxZguxaePgu0.jpg,[35],8363,Superbad,en,Superbad,Two co-dependent high school seniors are forced to deal with separation anxiety after their plan to stage a booze-soaked party goes awry.,14.0978,/ek8e8txUyUwd2BNqj6lFEerJfbq.jpg,2007-08-17,False,False,7.274,8358,['Comedy']
False,/nFCUBRDF4C6RWopNo0nAfvMA6mm.jpg,[35],225886,Sex Tape,en,Sex Tape,"When Jay and Annie first got together, their romantic connection was intense – but ten years and two kids later, the flame of their love needs a spark.  To kick things up a notch, they decide – why not? – to make a video of themselves trying out every position in The Joy of Sex in one marathon three-hour session.  It seems like a great idea – until they discover that their most private video is no longer private.  With their reputations on the line, they know they’re just one click away from being laid bare to the world... but as their race to reclaim their video leads to a night they'll never forget, they'll find that their video will expose even more than they bargained for.",14.0946,/u2h7UnSHrbAA5WBoKhdH1rlDZfz.jpg,2014-07-17,False,False,5.405,4278,['Comedy']
False,/3TeGmKJfkik1D1rIoqGb1aR4k9c.jpg,"[12, 28, 878]",1893,Star Wars: Episode I - The Phantom Menace,en,Star Wars: Episode I - The Phantom Menace,"Anakin Skywalker, a young slave strong with the Force, is discovered on Tatooine. Meanwhile, the evil Sith have returned, enacting their plot for revenge against the Jedi.",14.0857,/6wkfovpn7Eq8dYNKaG5PY3q2oq6.jpg,1999-05-19,False,False,6.583,16206,"['Adventure', 'Action', 'Science Fiction']"
False,/wkA622CCN2X0uwpgqYEOnUYEDf5.jpg,"[28, 12, 53]",37724,Skyfall,en,Skyfall,"When Bond's latest assignment goes gravely wrong, agents around the world are exposed and MI6 headquarters is attacked. While M faces challenges to her authority and position from Gareth Mallory, the new Chairman of the Intelligence and Security Committee, it's up to Bond, aided only by field agent Eve, to locate the mastermind behind the attack.",14.0796,/d0IVecFQvsGdSbnMAHqiYsNYaJT.jpg,2012-10-24,False,False,7.266,16402,"['Action', 'Adventure', 'Thriller']"
False,/997ToEZvF2Obp9zNZbY5ELVnmrW.jpg,"[18, 10749]",537915,After,en,After,"Tessa Young is a dedicated student, dutiful daughter and loyal girlfriend to her high school sweetheart. Entering her first semester of college, Tessa's guarded world opens up when she meets Hardin Scott, a mysterious and brooding rebel who makes her question all she thought she knew about herself -- and what she wants out of life.",14.0585,/u3B2YKUjWABcxXZ6Nm9h10hLUbh.jpg,2019-04-11,False,False,7.105,8569,"['Drama', 'Romance']"
False,/sAnpF9jooAGWA8pwuMK4aX2uLvA.jpg,"[28, 18, 80, 53, 27]",1244244,Cloud,ja,Cloud クラウド,"Ryōsuke Yoshii, an ordinary reseller, carelessly earns grudges by people and becomes entangled in a life-threatening struggle.",14.0404,/8DQWjKkvg4o0vXsHoFKxwpvT4yp.jpg,2024-09-27,False,False,6.7,124,"['Action', 'Drama', 'Crime', 'Thriller', 'Horror']"
False,/arNhhBd88bP3Bjoe4HT8MFE1JQA.jpg,"[28, 35, 12]",1029575,The Family Plan,en,The Family Plan,"Dan Morgan is many things: a devoted husband, a loving father, a celebrated car salesman. He's also a former assassin. And when his past catches up to his present, he's forced to take his unsuspecting family on a road trip unlike any other.",14.0259,/jLLtx3nTRSLGPAKl4RoIv1FbEBr.jpg,2023-12-14,False,False,7.219,1983,"['Action', 'Comedy', 'Adventure']"
False,/n7p6UTAZtkeoHkwCO42BEQaMFJY.jpg,"[18, 878, 12]",644,A.I. Artificial Intelligence,en,A.I. Artificial Intelligence,"David, a robotic boy—the first of his kind programmed to love—is adopted as a test case by a Cybertronics employee and his wife. Though he gradually becomes their child, a series of unexpected circumstances make this life impossible for David.",14.0119,/wnUAcUrMRGPPZUDroLeZhSjLkuu.jpg,2001-06-29,False,False,7.068,6863,"['Drama', 'Science Fiction', 'Adventure']"
False,/6gI1dAkOaUQ6659OdRPsTLlsem5.jpg,"[16, 10751, 12, 35, 14]",137106,The Lego Movie,en,The Lego Movie,"An ordinary Lego mini-figure, mistakenly thought to be the extraordinary MasterBuilder, is recruited to join a quest to stop an evil Lego tyrant from conquering the universe.",14.0109,/lbctonEnewCYZ4FYoTZhs8cidAl.jpg,2014-02-06,False,False,7.431,8711,"['Animation', 'Family', 'Adventure', 'Comedy', 'Fantasy']"
False,/6c7j7MQCczzNVvcrNEiXbs8Kt2p.jpg,"[28, 18, 53]",9509,Man on Fire,en,Man on Fire,"Jaded ex-CIA operative John Creasy reluctantly accepts a job as the bodyguard for a 10-year-old girl in Mexico City. They clash at first, but eventually bond, and when she's kidnapped he's consumed by fury and will stop at nothing to save her life.",13.9896,/grCGLCcTHv9TChibzOwzUpykcjB.jpg,2004-04-23,False,False,7.466,5891,"['Action', 'Drama', 'Thriller']"
False,/7HR38hMBl23lf38MAN63y4pKsHz.jpg,"[18, 10749]",666277,Past Lives,en,Past Lives,"After decades apart, childhood friends Nora and Hae Sung are reunited in New York for one fateful weekend as they confront notions of destiny, love, and the choices that make a life.",13.9746,/k3waqVXSnvCZWfJYNtdamTgTtTA.jpg,2023-06-02,False,False,7.698,2456,"['Drama', 'Romance']"
False,/tgDSUwWMgypgmcBhRs9u30RLPNC.jpg,"[28, 35, 18, 53]",787,Mr. & Mrs. Smith,en,Mr. & Mrs. Smith,"A husband and wife struggle to keep their marriage alive until they realize they are both secretly working as assassins. Now, their respective assignments require them to kill each other.",13.9732,/kjD700RtyhveN3ZbOnSvUSne0Qj.jpg,2005-06-07,False,False,6.694,11495,"['Action', 'Comedy', 'Drama', 'Thriller']"
False,/wubUakLEAAnKeXmuTks5insTKQx.jpg,[27],37169,The Human Centipede (First Sequence),en,The Human Centipede (First Sequence),"During a stopover in Germany in the middle of a carefree road trip through Europe, two American girls find themselves alone at night when their car breaks down in the woods. Searching for help at a nearby villa, they are wooed into the clutches of a deranged retired surgeon, who has a very disturbed vision.",13.9679,/gMtjxIkEi0hnTV5lPHbgeZ4ZpUZ.jpg,2009-10-31,False,False,5.164,2468,['Horror']
False,/7xQk3HdCvkNmk3gblDGn9fVnbsT.jpg,"[12, 16, 35, 10751]",11619,Flushed Away,en,Flushed Away,"London high-society mouse, Roddy is flushed down the toilet by Sid, a common sewer rat. Hang on for a madcap adventure deep in the sewer bowels of Ratropolis, where Roddy meets the resourceful Rita, the rodent-hating Toad and his faithful thugs, Spike and Whitey.",13.9676,/ahVxu86XwxMp8RkartqY4B3mK9l.jpg,2006-10-22,False,False,6.342,4188,"['Adventure', 'Animation', 'Comedy', 'Family']"
False,/zZKmEmRDc7ZjFucPm2UGNgDRlDc.jpg,"[12, 35, 14]",353486,Jumanji: Welcome to the Jungle,en,Jumanji: Welcome to the Jungle,"Four teenagers in detention discover an old video game console with a game they’ve never heard of. When they decide to play, they are immediately sucked into the jungle world of Jumanji in the bodies of their avatars. They’ll have to complete the adventure of their lives filled with fun, thrills and danger or be stuck in the game forever!",13.9264,/pSgXKPU5h6U89ipF7HBYajvYt7j.jpg,2017-12-20,False,False,6.824,14764,"['Adventure', 'Comedy', 'Fantasy']"
False,/lywmuPU5Hr1Mnpb9UGeDbILmkTx.jpg,"[28, 53]",1637,Speed,en,Speed,Tensions run high when a crazed bomber rigs a Los Angeles bus with a device that will kill everyone on board if the vehicle's speed dips below fifty miles per hour.,13.9259,/82PkCE4R95KhHICUDF7G4Ly2z3l.jpg,1994-06-09,False,False,7.2,7056,"['Action', 'Thriller']"
False,/wKrxeY6lbu7KFBsWVcMH6M8avwr.jpg,"[10751, 16, 12, 35]",211672,Minions,en,Minions,"Minions Stuart, Kevin and Bob are recruited by Scarlet Overkill, a super-villain who, alongside her inventor husband Herb, hatches a plot to take over the world.",13.9256,/dr02BdCNAUPVU07aOodwPYv6HCf.jpg,2015-06-17,False,False,6.424,11304,"['Family', 'Animation', 'Adventure', 'Comedy']"
False,/fKPgObonYgPgCdu88yjV7Hpn7Dp.jpg,"[28, 80, 53]",273481,Sicario,en,Sicario,An idealistic FBI agent is enlisted by a government task force to aid in the escalating war against drugs at the border area between the U.S. and Mexico.,13.8778,/lz8vNyXeidqqOdJW9ZjnDAMb5Vr.jpg,2015-09-17,False,False,7.428,9859,"['Action', 'Crime', 'Thriller']"
False,/3avI4nJ3WNweQFHa2UwRMOO8cbL.jpg,"[18, 27, 80]",74997,The Human Centipede 2 (Full Sequence),en,The Human Centipede 2 (Full Sequence),"Inspired by the fictional Dr. Heiter, disturbed loner Martin dreams of creating a 12-person centipede and sets out to realize his sick fantasy.",13.8644,/9YEUMnMhIjD5ek4zIqOhLSnTnJS.jpg,2011-10-06,False,False,4.757,1490,"['Drama', 'Horror', 'Crime']"
False,/sZhY0BAsN1bMAPLIqMRqG1fqb3A.jpg,"[12, 16, 10751]",10009,Brother Bear,en,Brother Bear,"When an impulsive boy named Kenai is magically transformed into a bear, he must literally walk in another's footsteps until he learns some valuable life lessons. His courageous and often zany journey introduces him to a forest full of wildlife, including the lovable bear cub Koda, hilarious moose Rutt and Tuke, woolly mammoths and rambunctious rams.",13.8616,/otptPbEY0vBostmo95xwiiumMJm.jpg,2003-10-23,False,False,7.283,5862,"['Adventure', 'Animation', 'Family']"
False,/iXXPaQPfQowpQ5UvhsHLj9BgFhe.jpg,"[27, 878]",126889,Alien: Covenant,en,Alien: Covenant,"The crew of the colony ship Covenant, bound for a remote planet on the far side of the galaxy, discovers what they think is an uncharted paradise but is actually a dark, dangerous world.",13.8585,/zecMELPbU5YMQpC81Z8ImaaXuf9.jpg,2017-05-09,False,False,6.189,9667,"['Horror', 'Science Fiction']"
False,/tS3ByIQR6V61DaWhEIFbLSuLK5Q.jpg,"[12, 28, 878]",44912,Green Lantern,en,Green Lantern,"For centuries, a small but powerful force of warriors called the Green Lantern Corps has sworn to keep intergalactic order. Each Green Lantern wears a ring that grants him superpowers. But when a new enemy called Parallax threatens to destroy the balance of power in the Universe, their fate and the fate of Earth lie in the hands of the first human ever recruited.",13.8578,/fj21HwUprqjjwTdkKC1XZurRSpV.jpg,2011-06-14,False,False,5.196,7834,"['Adventure', 'Action', 'Science Fiction']"
False,/wH2RtKsUjGc3ycRvxqOSbzov0av.jpg,"[18, 10749]",45722,Don't Look Down,es,No mires para abajo,A sexy Spanish siren named Elvira schools a young man in tantric lovemaking.,13.8494,/s7igxMxtKQKHdnDxnSAJej7RTGp.jpg,2008-10-18,False,False,5.739,71,"['Drama', 'Romance']"
False,/9qxBNfI1QFbiZS62fsgaUd563t2.jpg,"[27, 9648]",293670,The Wailing,ko,곡성,A stranger arrives in a little village and soon after a mysterious sickness starts spreading. A policeman is drawn into the incident and is forced to solve the mystery in order to save his daughter.,13.8431,/lWE9ih9qgjx8HatYboP7fG0nri.jpg,2016-05-12,False,False,7.4,2156,"['Horror', 'Mystery']"
False,/6LVSrgm83UYWlrLTCVGmWhFKYO0.jpg,"[27, 53, 18]",474350,It Chapter Two,en,It Chapter Two,"27 years after overcoming the malevolent supernatural entity Pennywise, the former members of the Losers' Club, who have grown up and moved away from Derry, are brought back together by a devastating phone call.",13.8395,/zfE0R94v1E8cuKAerbskfD3VfUt.jpg,2019-09-04,False,False,6.8,9839,"['Horror', 'Thriller', 'Drama']"
False,/hoyAALgfmjMEK7O1wZ4r8wT91RP.jpg,"[18, 53, 80]",64690,Drive,en,Drive,"Driver is a skilled Hollywood stuntman who moonlights as a getaway driver for criminals. Though he projects an icy exterior, lately he's been warming up to a pretty neighbor named Irene and her young son, Benicio. When Irene's husband gets out of jail, he enlists Driver's help in a million-dollar heist. The job goes horribly wrong, and Driver must risk his life to protect Irene and Benicio from the vengeful masterminds behind the robbery.",13.8357,/602vevIURmpDfzbnv5Ubi6wIkQm.jpg,2011-09-15,False,False,7.6,13994,"['Drama', 'Thriller', 'Crime']"
False,/lRbDyjI7HEaXxflFQbYpqHRGFBJ.jpg,"[9648, 80, 53]",505026,Death on the Nile,en,Death on the Nile,Belgian sleuth Hercule Poirot's Egyptian vacation aboard a glamorous river steamer turns into a terrifying search for a murderer when a picture-perfect couple's idyllic honeymoon is tragically cut short.,13.8281,/kVr5zIAFSPRQ57Y1zE7KzmhzdMQ.jpg,2022-02-09,False,False,6.4,4356,"['Mystery', 'Crime', 'Thriller']"
False,/oq3IOr7QvEmei0eXsXacqaMPqlV.jpg,"[28, 35, 12]",4327,Charlie's Angels,en,Charlie's Angels,"The captivating crime-fighting trio who are masters of disguise, espionage and martial arts are back! When a devious mastermind embroils them in a plot to destroy individual privacy, the Angels, aided by their loyal sidekick Bosley, set out to bring down the bad guys. But when a terrible secret is revealed, it makes the Angels targets for assassination.",13.8192,/paDTaHGLxhacythNZCT86VPanm6.jpg,2000-11-02,False,False,5.853,4636,"['Action', 'Comedy', 'Adventure']"
False,/AfvIjhDu9p64jKcmohS4hsPG95Q.jpg,"[27, 53]",756999,The Black Phone,en,The Black Phone,"Finney Blake, a shy but clever 13-year-old boy, is abducted by a sadistic killer and trapped in a soundproof basement where screaming is of little use. When a disconnected phone on the wall begins to ring, Finney discovers that he can hear the voices of the killer’s previous victims. And they are dead set on making sure that what happened to them doesn’t happen to Finney.",13.8166,/p9ZUzCyy9wRTDuuQexkQ78R2BgF.jpg,2022-06-16,False,False,7.511,6069,"['Horror', 'Thriller']"
False,/vXzqV2RtJlT9WhNEM4NYWCEC6ZI.jpg,"[18, 10749]",142,Brokeback Mountain,en,Brokeback Mountain,"In 1960s Wyoming, two men develop a strong emotional and sexual relationship that endures as a lifelong connection complicating their lives as they get married and start families of their own.",13.7969,/aByfQOQBNa4CMFwIgq3QrqY2ZHh.jpg,2005-10-22,False,False,7.783,7722,"['Drama', 'Romance']"
False,/mRq6cmEk4jPSlEIqRYwP4dNNptR.jpg,"[18, 36, 53]",9829,United 93,en,United 93,"A real-time account of the events on United Flight 93, one of the planes hijacked on 9/11 that crashed near Shanksville, Pennsylvania when passengers foiled the terrorist plot.",13.7963,/r3mdSgsnpoi4UiUufdybhjha68t.jpg,2006-04-28,False,False,7.132,1691,"['Drama', 'History', 'Thriller']"
False,/jWq20KNbg5txb28tLxJl0yLYuxp.jpg,[35],76493,The Dictator,en,The Dictator,The heroic story of a dictator who risks his life to ensure that democracy would never come to the country he so lovingly oppressed.,13.7937,/n0W7kajF4GFMRk2c0wWwMQqTaDM.jpg,2012-05-15,False,False,6.246,6612,['Comedy']
False,/gcUOGVBi9iAJXqbEwoqkkuUsdCw.jpg,"[10402, 10749, 18]",382399,High Strung,en,High Strung,"When a hip hop violinist busking in the New York subway encounters a classical dancer on scholarship at the Manhattan Conservatory of the Arts, sparks fly. With the help of a hip hop dance crew they must find a common ground while preparing for a competition that could change their lives forever.",13.7757,/xfj4Vomg8h3I1hBHj4GfpduUfkv.jpg,2016-04-08,False,False,7.035,941,"['Music', 'Romance', 'Drama']"
False,/7WJjFviFBffEJvkAms4uWwbcVUk.jpg,"[14, 35, 12]",451048,Jungle Cruise,en,Jungle Cruise,"Dr. Lily Houghton enlists the aid of wisecracking skipper Frank Wolff to take her down the Amazon in his dilapidated boat. Together, they search for an ancient tree that holds the power to heal – a discovery that will change the future of medicine.",13.7749,/yKy9ELL8CON5sqDg4yIvBb5LTZL.jpg,2021-07-28,False,False,7.271,6305,"['Fantasy', 'Comedy', 'Adventure']"
False,/i8Q2Ei2dPliMLgPWYhRTxIDzh7r.jpg,[35],257211,The Intern,en,The Intern,"70-year-old widower Ben Whittaker has discovered that retirement isn't all it's cracked up to be. Seizing an opportunity to get back in the game, he becomes a senior intern at an online fashion site, founded and run by Jules Ostin.",13.7685,/u7o3TwUgukRzTIyPwdMVdqmMRMD.jpg,2015-09-23,False,False,7.226,7488,['Comedy']
False,/y3uOfZAYwLkbvhunswBCskNMrfI.jpg,"[35, 80, 9648]",661374,Glass Onion: A Knives Out Mystery,en,Glass Onion: A Knives Out Mystery,World-famous detective Benoit Blanc heads to Greece to peel back the layers of a mystery surrounding a tech billionaire and his eclectic crew of friends.,13.7667,/vDGr1YdrlfbU9wxTOdpf3zChmv9.jpg,2022-11-23,False,False,7.022,7158,"['Comedy', 'Crime', 'Mystery']"
False,/qwK9soQmmJ7kRdjLZVXblw3g7AQ.jpg,"[28, 12, 53, 80, 18]",7451,xXx,en,xXx,"Xander Cage is your standard adrenaline junkie with no fear and a lousy attitude. When the US Government ""recruits"" him to go on a mission, he's not exactly thrilled. His mission: to gather information on an organization that may just be planning the destruction of the world, led by the nihilistic Yorgi.",13.7543,/xeEw3eLeSFmJgXZzmF2Efww0q3s.jpg,2002-08-09,False,False,5.988,5027,"['Action', 'Adventure', 'Thriller', 'Crime', 'Drama']"
False,/4tdV5AeojEdbvn6VpeQrbuDlmzs.jpg,"[16, 18, 12, 14]",916224,Suzume,ja,すずめの戸締まり,"Suzume, 17, lost her mother as a little girl. On her way to school, she meets a mysterious young man. But her curiosity unleashes a calamity that endangers the entire population of Japan, and so Suzume embarks on a journey to set things right.",13.7415,/yStW1TXF5s7Tbtu9KjIZEaWl6HL.jpg,2022-11-11,False,False,7.887,1844,"['Animation', 'Drama', 'Adventure', 'Fantasy']"
False,/76J14zgwVWyOciri7X7F3DGP3TA.jpg,"[27, 878, 53]",5876,The Mist,en,The Mist,"After a violent storm, a dense cloud of mist envelops a small Maine town, trapping David Drayton and his five-year-old son in a local grocery store with other local residents. They soon discover that the mist conceals deadly horrors that threaten their lives, and worse, their sanity.",13.7386,/c4UgUKZjM0Qzy5t4hAXSOFHYsnb.jpg,2007-11-21,False,False,6.954,6084,"['Horror', 'Science Fiction', 'Thriller']"
False,/vffPZUYScdWtGU0UrccFIRX4LbV.jpg,"[18, 53, 28]",1372,Blood Diamond,en,Blood Diamond,"An ex-mercenary turned smuggler. A Mende fisherman. Amid the explosive civil war overtaking 1999 Sierra Leone, these men join for two desperate missions: recovering a rare pink diamond of immense value and rescuing the fisherman's son, conscripted as a child soldier into the brutal rebel forces ripping a swath of torture and bloodshed countrywide.",13.7325,/sYAUuiWpoXGKHxUfHyjTj7Apj2h.jpg,2006-12-08,False,False,7.559,8535,"['Drama', 'Thriller', 'Action']"
False,/cTGeY2fdf0eLubvEFZAGcr2PfLZ.jpg,"[35, 10751, 14]",10330,Freaky Friday,en,Freaky Friday,"Mother and daughter bicker over everything -- what Anna wears, whom she likes and what she wants to do when she's older. In turn, Anna detests Tess's fiancé. When a magical fortune cookie switches their personalities, they each get a peek at how the other person feels, thinks and lives.",13.7066,/y6kn3tUb4qrNZvV4TDIIjskZ9eV.jpg,2003-08-05,False,False,6.6,4368,"['Comedy', 'Family', 'Fantasy']"
False,/qA2TyqPldTtoTVY3LKrNIG5g6bH.jpg,"[18, 10749]",76,Before Sunrise,en,Before Sunrise,"An unexpected meeting on a train leads two travelers to spend an evening wandering through Vienna. As the night unfolds, they share stories and conversations about life and love, exploring new ideas while a quiet intimacy grows between them, knowing it may be their only night together.",13.7003,/kf1Jb1c2JAOqjuzA3H4oDM263uB.jpg,1995-01-27,False,False,7.969,4860,"['Drama', 'Romance']"
False,/lTyikzfGgRX5ZqIfVeT26APYfRL.jpg,"[35, 10752, 18]",515001,Jojo Rabbit,en,Jojo Rabbit,"Jojo, a lonely German boy during World War II has his world shaken when he learns that his single mother is hiding a Jewish girl in their home. Influenced by a buffoonish imaginary version of Adolf Hitler, he begins to question his beliefs and confront the conflict between propaganda and his own humanity.",13.6817,/1mqL7VG4Ix8wmxwypmCA1HTHBky.jpg,2019-10-18,False,False,8.0,10679,"['Comedy', 'War', 'Drama']"
False,/xFYpUmB01nswPgbzi8EOCT1ZYFu.jpg,"[12, 18, 28]",980489,Gran Turismo,en,Gran Turismo,The ultimate wish-fulfillment tale of a teenage Gran Turismo player whose gaming skills won him a series of Nissan competitions to become an actual professional racecar driver.,13.6748,/51tqzRtKMMZEYUpSYkrUE7v9ehm.jpg,2023-08-09,False,False,7.695,3567,"['Adventure', 'Drama', 'Action']"
False,/4jdduww9j5RyzO4ITRcuBFhqNN1.jpg,[18],965150,Aftersun,en,Aftersun,Sophie reflects on the shared joy and private melancholy of a holiday she took with her father twenty years earlier. Memories fill the gaps between camcorder footages as she tries to reconcile the father she knew with the troubled man she didn't.,13.6735,/evKz85EKouVbIr51zy5fOtpNRPg.jpg,2022-10-21,False,False,7.6,1970,['Drama']
False,/1PtzrpMbuYg9rfWpEkm6qwN63oW.jpg,"[18, 36, 53]",1852,World Trade Center,en,World Trade Center,"Two police officers struggle to survive when they become trapped beneath the rubble of the World Trade Center on September 11, 2001.",13.6707,/bfTiVc8kxq8uRXeblV3Ct35APGu.jpg,2006-08-09,False,False,6.1,1872,"['Drama', 'History', 'Thriller']"
False,/mRM2NB0i3wv4HqxXvwIjEVi4Qqq.jpg,"[12, 18, 28]",254,King Kong,en,King Kong,"In 1933 New York, an overly ambitious movie producer coerces his cast and hired ship crew to travel to mysterious Skull Island, where they encounter Kong, a giant ape who is immediately smitten with the leading lady.",13.6671,/6a2HY6UmD7XiDD3NokgaBAXEsD2.jpg,2005-12-12,False,False,6.901,8717,"['Adventure', 'Drama', 'Action']"
False,/9pkZesKMnblFfKxEhQx45YQ2kIe.jpg,"[27, 53]",381288,Split,en,Split,"Though Kevin has evidenced 23 personalities to his trusted psychiatrist, Dr. Fletcher, there remains one still submerged who is set to materialize and dominate all the others. Compelled to abduct three teenage girls led by the willful, observant Casey, Kevin reaches a war for survival among all of those contained within him — as well as everyone around him — as the walls between his compartments shatter apart.",13.6587,/lli31lYTFpvxVBeFHWoe5PMfW5s.jpg,2017-01-19,False,False,7.341,18621,"['Horror', 'Thriller']"
False,/abQxLSkGxpHyUxRjRXACt8NbiGf.jpg,"[18, 10749]",48650,Room in Rome,es,Habitación en Roma,"A hotel room in the center of Rome serves as the setting for Alba and Natasha, two sexy and recently acquainted women, to have a physical adventure that touches their very souls.",13.6421,/w90ItYf9qagQKVEBr1uFxPomAtf.jpg,2010-05-07,False,False,6.412,847,"['Drama', 'Romance']"
False,/wijltj1toRcicHlCn8Cpsp4yPXe.jpg,"[12, 16, 10751]",127380,Finding Dory,en,Finding Dory,Dory is reunited with her friends Nemo and Marlin in the search for answers about her past. What can she remember? Who are her parents? And where did she learn to speak Whale?,13.6354,/3UVe8NL1E2ZdUZ9EDlKGJY5UzE.jpg,2016-06-16,False,False,7.044,12843,"['Adventure', 'Animation', 'Family']"
False,/9V6Yq2ZVUmyAPcPyDcCBPnkluKF.jpg,"[53, 9648, 878]",51876,Limitless,en,Limitless,The life of an unsuccessful writer is transformed by a top-secret 'smart drug' that allows him to use 100% of his brain and become a perfect version of himself. His enhanced abilities soon attract shadowy forces that threaten his new life.,13.6234,/r8anWUCVK7MZEolcfPrM9eFkRO4.jpg,2011-03-17,False,False,7.203,11735,"['Thriller', 'Mystery', 'Science Fiction']"
False,/zGCfnZ3bCowMY9So9ZGpsyuOYl3.jpg,"[878, 28, 12, 53]",336843,Maze Runner: The Death Cure,en,Maze Runner: The Death Cure,"Thomas leads his group of escaped Gladers on their final and most dangerous mission yet. To save their friends, they must break into the legendary Last City, a WCKD-controlled labyrinth that may turn out to be the deadliest maze of all. Anyone who makes it out alive will get answers to the questions the Gladers have been asking since they first arrived in the maze.",13.6017,/s8K0US4tUEoOrQ1LDh0eppuwGDx.jpg,2018-01-10,False,False,7.078,8572,"['Science Fiction', 'Action', 'Adventure', 'Thriller']"
False,/qrnwOY3hpu3oVUUYKRgWJxTtMQ3.jpg,"[35, 10749]",930094,"Red, White & Royal Blue",en,"Red, White & Royal Blue","After an altercation between Alex, the president's son, and Britain's Prince Henry at a royal event becomes tabloid fodder, their long-running feud now threatens to drive a wedge in U.S./British relations. When the rivals are forced into a staged truce, their icy relationship begins to thaw and the friction between them sparks something deeper than they ever expected.",13.594,/dD3vhyDRCCT90hf4rldHU6Wu3Va.jpg,2023-07-27,False,False,7.933,1625,"['Comedy', 'Romance']"
False,/z9ft5HYHzWcasR6SGcgeluxTznB.jpg,"[16, 35, 10751, 10402]",335797,Sing,en,Sing,A koala named Buster recruits his best friend to help him drum up business for his theater by hosting a singing competition.,13.5876,/rwopfpHqPCYBSgBuZwkaXXqHp14.jpg,2016-11-23,False,False,7.123,8578,"['Animation', 'Comedy', 'Family', 'Music']"
False,/NqqLef2ITlK8olXT4iFuUXFwSh.jpg,"[27, 9648, 53]",840705,Blink Twice,en,Blink Twice,"When tech billionaire Slater King meets cocktail waitress Frida at his fundraising gala, he invites her to join him and his friends on a dream vacation on his private island. But despite the epic setting, beautiful people, ever-flowing champagne, and late-night dance parties, Frida can sense that there’s something sinister hiding beneath the island’s lush façade.",13.5761,/lZGOK0I2DJSRlEPNOAFTSNxSjDD.jpg,2024-08-21,False,False,6.681,2038,"['Horror', 'Mystery', 'Thriller']"
False,/kFI1oF6KVnLEbUT7yLIbKXeyvu.jpg,"[28, 12, 878]",602,Independence Day,en,Independence Day,"Strange phenomena surface around the globe. The skies ignite. Terror races through the world's major cities. As these extraordinary events unfold, it becomes increasingly clear that a force of incredible magnitude has arrived. Its mission: total annihilation over the Fourth of July weekend. The last hope to stop the destruction is an unlikely group of people united by fate and unimaginable circumstances.",13.5733,/p0BPQGSPoSa8Ml0DAf2mB2kCU0R.jpg,1996-07-02,False,False,6.917,10725,"['Action', 'Adventure', 'Science Fiction']"
False,/scQf03Fm3jeyv4FH04qvi4fp4wh.jpg,"[80, 35, 28]",402900,Ocean's Eight,en,Ocean's Eight,"Debbie Ocean, a criminal mastermind, gathers a crew of female thieves to pull off the heist of the century at New York's annual Met Gala.",13.5657,/MvYpKlpFukTivnlBhizGbkAe3v.jpg,2018-06-07,False,False,6.945,8983,"['Crime', 'Comedy', 'Action']"
False,/565DYYXgdRYMiETLi2EDx4p7s92.jpg,"[12, 16, 18, 10751]",9837,The Prince of Egypt,en,The Prince of Egypt,"The strong bond between two Royal Egyptian brothers is challenged when their chosen responsibilities set them at odds, with extraordinary consequences.",13.5454,/2xUjYwL6Ol7TLJPPKs7sYW5PWLX.jpg,1998-12-16,False,False,7.324,4431,"['Adventure', 'Animation', 'Drama', 'Family']"
False,/8dXR9R0NUo4eyS4hnYOsCywmo16.jpg,"[28, 80, 53]",4108,The Transporter,en,The Transporter,"Former Special Forces officer Frank Martin will deliver anything to anyone for the right price, and his no-questions-asked policy puts him in high demand. But when he realizes his latest cargo is alive, it sets in motion a dangerous chain of events. The bound and gagged Lai is being smuggled to France by a shady American businessman, and Frank works to save her as his own illegal activities are uncovered by a French detective.",13.5441,/dncJ81z1BahrT3ogLvlxOUC5n4u.jpg,2002-10-02,False,False,6.73,5996,"['Action', 'Crime', 'Thriller']"
False,/uLtVbjvS1O7gXL8lUOwsFOH4man.jpg,"[28, 878, 12]",118340,Guardians of the Galaxy,en,Guardians of the Galaxy,"Light years from Earth, 26 years after being abducted, Peter Quill finds himself the prime target of a manhunt after discovering an orb wanted by Ronan the Accuser.",13.5355,/r7vmZjiyZw9rpJMQJdXpjgiCOk9.jpg,2014-07-30,False,False,7.907,30298,"['Action', 'Science Fiction', 'Adventure']"
False,/85PMh0cKywekAJYDnRXfezYAmEc.jpg,"[53, 28, 12, 878]",44833,Battleship,en,Battleship,"When mankind beams a radio signal into space, a reply comes from ‘Planet G’, in the form of several alien crafts that splash down in the waters off Hawaii. Lieutenant Alex Hopper is a weapons officer assigned to the USS John Paul Jones, part of an international naval coalition which becomes the world's last hope for survival as they engage the hostile alien force of unimaginable strength. While taking on the invaders, Hopper must also try to live up to the potential that his brother, and his fiancée's father—an Admiral—expect of him.",13.5252,/9b0Im7SfedHiajTwzSL9zGyBI7M.jpg,2012-04-11,False,False,5.9,6165,"['Thriller', 'Action', 'Adventure', 'Science Fiction']"
False,/3vxlXdwBKztOJdgiZ2Qwasl9FY4.jpg,"[16, 12, 35, 10751]",46195,Rio,en,Rio,"Captured by smugglers when he was just a hatchling, a macaw named Blu never learned to fly and lives a happily domesticated life in Minnesota with his human friend, Linda. Blu is thought to be the last of his kind, but when word comes that Jewel, a lone female, lives in Rio de Janeiro, Blu and Linda go to meet her. Animal smugglers kidnap Blu and Jewel, but the pair soon escape and begin a perilous adventure back to freedom -- and Linda.",13.5065,/4nJxhUknKV8Gqdhov8pU1YWDYfb.jpg,2011-04-03,False,False,6.771,7334,"['Animation', 'Adventure', 'Comedy', 'Family']"
False,/5b5HrewiViLWEdMR4dmbd7ajQ8Q.jpg,"[53, 80]",163,Ocean's Twelve,en,Ocean's Twelve,"Despite pulling off one of the biggest heists in Las Vegas history and splitting the $160 million take, each of the infamous Ocean's crew have tried to go straight, lay low and live a legit life... but that's proven to be a challenge. Casino owner Terry Benedict demands that Danny Ocean return the money, plus millions more in interest. Unable to come up the cash, the crew is forced to come together to pull off another series of heists, this time in Rome, Paris, and Amsterdam – but a Europol agent is hot on their heels.",13.4954,/pE5anFf7nf6ah7V3VRezQ1KSovi.jpg,2004-12-09,False,False,6.566,8118,"['Thriller', 'Crime']"
False,/a0E1mbejev56Ii51hCnYUDj4tZS.jpg,"[16, 10751, 12]",37135,Tarzan,en,Tarzan,"Tarzan was a small orphan who was raised by an ape named Kala since he was a child. He believed that this was his family, but on an expedition Jane Porter is rescued by Tarzan. He then finds out that he's human. Now Tarzan must make the decision as to which family he should belong to...",13.4667,/bTvHlcqiOjGa3lFtbrTLTM3zasY.jpg,1999-06-17,False,False,7.407,7493,"['Animation', 'Family', 'Adventure']"
False,/cf4YmtSnNhdG7s9ERmXyaDEznEw.jpg,"[18, 10749]",64682,The Great Gatsby,en,The Great Gatsby,"Nick Carraway arrives in New York in 1922, an era of loose morals, glittering jazz and bootleg kings. Chasing his own American Dream, Nick encounters the mysterious millionaire Gatsby and his bewitching cousin Daisy. Soon, Nick is drawn into the captivating world of the super-rich, their illusions, loves and deceits. Bearing witness to this new world, Nick pens a tale of impossible love, incorruptible dreams and unforgettable tragedy -- mirroring our own times and struggles.​",13.4423,/nimh1rrDDLhgpG8XAYoUZXHYwb6.jpg,2013-05-09,False,False,7.346,13161,"['Drama', 'Romance']"
False,/4Nx40jwpoTHPjCWNGoaZ6kaoGxa.jpg,[18],255709,Hope,ko,소원,"After 8-year-old So-won narrowly survives a brutal sexual assault, her family labors to help her heal while coping with their own rage and grief.",13.4417,/x9yjkm9gIz5qI5fJMUTfBnWiB2o.jpg,2013-10-02,False,False,8.392,917,['Drama']
False,/vyOFlV1afDHb9MMwJVyON4qXbvC.jpg,"[12, 16, 18, 10751, 10749]",9732,The Lion King II: Simba's Pride,en,The Lion King II: Simba's Pride,"The circle of life continues for Simba, now fully grown and in his rightful place as the king of Pride Rock. Simba and Nala have given birth to a daughter, Kiara who's as rebellious as her father was. But Kiara drives her parents to distraction when she catches the eye of Kovu, the son of the evil lioness, Zira. Will Kovu steal Kiara's heart?",13.4226,/sWR1x6UCMCGN9xEf8RGhPS934X0.jpg,1998-10-24,False,False,6.941,4751,"['Adventure', 'Animation', 'Drama', 'Family', 'Romance']"
False,/6cpRpfD3isvluFwXDGSiDVyibPJ.jpg,"[10749, 18]",829560,The Next 365 Days,pl,Kolejne 365 dni,Laura and Massimo's relationship hangs in the balance as they try to overcome trust issues while a tenacious Nacho works to push them apart.,13.414,/8AWm7iMcsCI3DdGz4YEJtiMDp8Z.jpg,2022-08-18,False,False,6.371,1348,"['Romance', 'Drama']"
False,/w4hk4QG05nDuSgimpa7XAM6OyPX.jpg,"[878, 14, 28]",76757,Jupiter Ascending,en,Jupiter Ascending,"In a universe where human genetic material is the most precious commodity, an impoverished young Earth woman becomes the key to strategic maneuvers and internal strife within a powerful dynasty…",13.3999,/2NCcAZ3M3F0FxENYmammBknwpVn.jpg,2015-02-04,False,False,5.474,7239,"['Science Fiction', 'Fantasy', 'Action']"
False,/6RDgtEBzjuF7W25DVziXRABchpX.jpg,[27],109428,Evil Dead,en,Evil Dead,"Mia, a drug addict, is determined to kick the habit. To that end, she asks her brother, David, his girlfriend, Natalie and their friends Olivia and Eric to accompany her to their family's remote forest cabin to help her through withdrawal. Eric finds a mysterious Book of the Dead at the cabin and reads aloud from it, awakening an ancient demon. All hell breaks loose when the malevolent entity possesses Mia.",13.3942,/1gDV0Lm9y8ufIKzyf0h0GBgb9Zj.jpg,2013-04-05,False,False,6.663,5348,['Horror']
False,/v85FlkbMYKa5du1glm0YfYNsL2n.jpg,"[18, 10402, 10749]",776503,CODA,en,CODA,"As a CODA (Child of Deaf Adults), Ruby is the only hearing person in her deaf family. When the family's fishing business is threatened, Ruby finds herself torn between pursuing her love of music and her fear of abandoning her parents.",13.3706,/BzVjmm8l23rPsijLiNLUzuQtyd.jpg,2021-08-13,False,False,7.88,2706,"['Drama', 'Music', 'Romance']"
False,/th26RNksfM9nn7DPH06OqiV6BA2.jpg,"[28, 12, 14]",311324,The Great Wall,en,The Great Wall,European mercenaries searching for black powder become embroiled in the defense of the Great Wall of China against a horde of monstrous creatures.,13.3687,/p70dq1YxabemdZDm5K6Q8G10wSn.jpg,2016-12-16,False,False,6.034,5673,"['Action', 'Adventure', 'Fantasy']"
False,/157QuwzU58D5RtXmkBl5iNaxigN.jpg,"[18, 9648, 53]",411088,The Invisible Guest,es,Contratiempo,"Barcelona, Spain. Adrián Doria, a young and successful businessman accused of murder, meets one night with Virginia Goodman, an expert interrogation lawyer, in order to devise a defense strategy.",13.3554,/fptnZJbLzKUHeNlYrAynbyoL5YJ.jpg,2017-01-06,False,False,8.074,5125,"['Drama', 'Mystery', 'Thriller']"
False,/7OxGhxUYAdtuike29VMzEFxJx7y.jpg,"[35, 14]",2907,The Addams Family,en,The Addams Family,"When a man claiming to be long-lost Uncle Fester reappears after 25 years lost, the family plans a celebration to wake the dead. But the kids barely have time to warm up the electric chair before Morticia begins to suspect Fester is fraud when he can't recall any of the details of Fester's life.",13.355,/qFf8anju5f2epI0my8RdwwIXFIP.jpg,1991-11-22,False,False,7.1,5190,"['Comedy', 'Fantasy']"
False,/uqOuJ50EtTj7kkDIXP8LCg7G45D.jpg,"[18, 878]",264660,Ex Machina,en,Ex Machina,"Caleb, a coder at the world's largest internet company, wins a competition to spend a week at a private mountain retreat belonging to Nathan, the reclusive CEO of the company. But when Caleb arrives at the remote location he finds that he will have to participate in a strange and fascinating experiment in which he must interact with the world's first true artificial intelligence, housed in the body of a beautiful robot girl.",13.3495,/dmJW8IAKHKxFNiUnoDR7JfsK7Rp.jpg,2015-01-21,False,False,7.571,14578,"['Drama', 'Science Fiction']"
False,/s0OrExdg7i3RLR7oqzHRk4q2kL4.jpg,"[18, 35]",194662,Birdman or (The Unexpected Virtue of Ignorance),en,Birdman or (The Unexpected Virtue of Ignorance),"A fading actor best known for his portrayal of a popular superhero attempts to mount a comeback by appearing in a Broadway play. As opening night approaches, his attempts to become more altruistic, rebuild his career, and reconnect with friends and family prove more difficult than expected.",13.3376,/rHUg2AuIuLSIYMYFgavVwqt1jtc.jpg,2014-10-17,False,False,7.435,13825,"['Drama', 'Comedy']"
False,/7isarjYDEKZ5t1CgcvbuqEUby8P.jpg,[27],9532,Final Destination,en,Final Destination,"After a teenager has a terrifying vision of him and his friends dying in a plane crash, he prevents the accident only to have Death hunt them down, one by one.",13.3312,/1mXhlQMnlfvJ2frxTjZSQNnA9Vp.jpg,2000-03-17,False,False,6.641,6937,['Horror']
False,/hCJFWTPghXCwwSpvPpAoIB8318Q.jpg,"[18, 10749]",453,A Beautiful Mind,en,A Beautiful Mind,"From the heights of notoriety to the depths of depravity, John Forbes Nash Jr. experiences it all. As a brilliant but socially awkward mathematician, he made a groundbreaking discovery early in his career and stands on the brink of international acclaim. But as the handsome and arrogant Nash accepts secret work in cryptography, he becomes entangled in a mysterious conspiracy. His life takes a nightmarish turn and he soon finds himself on a painful and harrowing journey of self-discovery.",13.3215,/rEIg5yJdNOt9fmX4P8gU9LeNoTQ.jpg,2001-12-14,False,False,7.852,11378,"['Drama', 'Romance']"
False,/v2LilmCylr3bL9TCZSj6syjowZh.jpg,"[35, 18]",937278,A Man Called Otto,en,A Man Called Otto,"When a lively young family moves in next door, grumpy widower Otto Anderson meets his match in a quick-witted, pregnant woman named Marisol, leading to an unlikely friendship that turns his world upside down.",13.318,/130H1gap9lFfiTF9iDrqNIkFvC9.jpg,2022-12-28,False,False,7.748,3759,"['Comedy', 'Drama']"
False,/3dLjNqylxtfgKelBJse5OWqhggf.jpg,"[28, 12, 16, 10751, 14]",81188,Rise of the Guardians,en,Rise of the Guardians,"When an evil spirit known as Pitch lays down the gauntlet to take over the world, the immortal Guardians must join forces for the first time to protect the hopes, beliefs and imagination of children all over the world.",13.3002,/yfzmfWGjcmyugH6FZ13WcsUGiNj.jpg,2012-11-21,False,False,7.38,7284,"['Action', 'Adventure', 'Animation', 'Family', 'Fantasy']"
False,/7tJSulnvERJn6R9Ih2C2Uvpm8zy.jpg,"[16, 10751, 35]",881211,Snoopy Presents: For Auld Lang Syne,en,Snoopy Presents: For Auld Lang Syne,"After finding out her grandmother won't be visiting for Christmas, Lucy decides to cheer herself up by throwing the ultimate New Year's Eve party. Meanwhile, Charlie Brown tries to fulfill one of his resolutions before the clock strikes midnight.",13.2959,/p0ONYt2cw0vPEnZIoOHq1Ki7Ifm.jpg,2021-12-09,False,False,7.183,109,"['Animation', 'Family', 'Comedy']"
False,/sYLzRuEcwSz0L1Z92wQNrETHU9O.jpg,"[18, 14, 53]",503919,The Lighthouse,en,The Lighthouse,Two lighthouse keepers try to maintain their sanity while living on a remote and mysterious New England island in the 1890s.,13.2843,/yAKNmpcUweGH6WMCEWenwU9PsbE.jpg,2019-10-18,False,False,7.463,5772,"['Drama', 'Fantasy', 'Thriller']"
False,/gxSVZCUlDd8upT1G2wdrUdz2hxG.jpg,"[28, 80, 35]",8961,Bad Boys II,en,Bad Boys II,"Detectives Marcus Burnett and Mike Lowrey of the Miami Narcotics Task Force are tasked with stopping the flow of the drug Ecstasy into Miami. They track the drugs to the whacked-out Cuban drug lord Johnny Tapia, who is also involved in a bloody war with Russian and Haitian mobsters. If that isn't bad enough, there's tension between the two detectives when Marcus discovers that playboy Mike is secretly romancing Marcus’ sister, Syd.",13.2658,/yCvB5fG5aEPqa1St7ihY6KEAsHD.jpg,2003-07-18,False,False,6.658,6109,"['Action', 'Crime', 'Comedy']"
False,/rleTwPqymtOpeD2bR7asJGEmldV.jpg,"[10749, 35]",114,Pretty Woman,en,Pretty Woman,"Vivian is a carefree, streetwise diamond in the rough when she meets sophisticated billionaire Edward in a chance encounter that turns into a week-long business arrangement. But Vivian's energetic spirit challenges Edward's no-nonsense approach to life, and soon they are teaching each other – and falling in love!",13.2624,/oVKX1Pt1q7jXTkTk51mu2S0sAB0.jpg,1990-03-23,False,False,7.44,9168,"['Romance', 'Comedy']"
False,/ywWva4trKw7f3wtbz81Fe3FnrtC.jpg,"[12, 18, 37]",581,Dances with Wolves,en,Dances with Wolves,"Wounded Civil War soldier John Dunbar tries to commit suicide—and becomes a hero instead. As a reward, he's assigned to his dream post, a remote junction on the Western frontier, and soon makes unlikely friends with the local Sioux tribe.",13.2332,/hw0ZEHAaTqTxSXGVwUFX7uvanSA.jpg,1990-11-09,False,False,7.841,4822,"['Adventure', 'Drama', 'Western']"
False,/A99WMiz0ASpH9coOFrxSEuwTWx0.jpg,"[18, 35]",840430,The Holdovers,en,The Holdovers,"A curmudgeonly instructor at a New England prep school is forced to remain on campus during Christmas break to babysit the handful of students with nowhere to go. Eventually, he forms an unlikely bond with one of them — a damaged, brainy troublemaker — and with the school’s head cook, who has just lost a son in Vietnam.",13.2325,/VHSzNBTwxV8vh7wylo7O9CLdac.jpg,2023-10-27,False,False,7.645,2664,"['Drama', 'Comedy']"
False,/jIpagj2Dud9g3ZVJFvaWikEWsYz.jpg,"[28, 16, 878]",9323,Ghost in the Shell,ja,GHOST IN THE SHELL / 攻殻機動隊,"In the year 2029, the barriers of our world have been broken down by the net and by cybernetics, but this brings new vulnerability to humans in the form of brain-hacking. When a highly-wanted hacker known as 'The Puppetmaster' begins involving them in politics, Section 9, a group of cybernetically enhanced cops, are called in to investigate and stop the Puppetmaster.",13.2204,/9gC88zYUBARRSThcG93MvW14sqx.jpg,1995-11-18,False,False,7.9,4045,"['Action', 'Animation', 'Science Fiction']"
False,/sGzuQYSTwJvLBc2PnuSVLHhuFeh.jpg,"[53, 9648]",401981,Red Sparrow,en,Red Sparrow,"Prima ballerina Dominika Egorova faces a bleak and uncertain future after she suffers an injury that ends her career. She soon turns to Sparrow School, a secret intelligence service that trains exceptional young people to use their minds and bodies as weapons. Dominika emerges as the most dangerous Sparrow after completing the sadistic training process. As she comes to terms with her new abilities, she meets a CIA agent who tries to convince her that he is the only person she can trust.",13.1713,/cdefNr6aS00IwVbSlxdFJnfmzKh.jpg,2018-02-28,False,False,6.532,6467,"['Thriller', 'Mystery']"
False,/ugiV9SpJburMOPeIyjBJyAnO1So.jpg,"[12, 14, 10751]",32657,Percy Jackson & the Olympians: The Lightning Thief,en,Percy Jackson & the Olympians: The Lightning Thief,"Accident prone teenager, Percy discovers he's actually a demi-God, the son of Poseidon, and he is needed when Zeus' lightning is stolen. Percy must master his new found skills in order to prevent a war between the Gods that could devastate the entire world.",13.1679,/brzpTyZ5bnM7s53C1KSk1TmrMO6.jpg,2010-02-01,False,False,6.215,7947,"['Adventure', 'Fantasy', 'Family']"
False,/yXybBEC45p84D0Ky7GmQQYrclVr.jpg,"[28, 12, 14]",447404,Pokémon Detective Pikachu,en,Pokémon Detective Pikachu,"In a world where people collect pocket-size monsters (Pokémon) to do battle, a boy comes across an intelligent monster who seeks to be a detective.",13.1659,/uhWvnFgg3BNlcUz0Re1HfQqIcCD.jpg,2019-05-03,False,False,6.898,7512,"['Action', 'Adventure', 'Fantasy']"
False,/6UFnKzVzFqKDjs4iCVLJdneK3ch.jpg,"[28, 35, 878, 12, 14]",257344,Pixels,en,Pixels,Video game experts are recruited by the military to fight 1980s-era video game characters who've attacked New York.,13.1618,/d26S5EfVXLNxRXqyFy1yyl3qRq3.jpg,2015-07-16,False,False,5.788,8195,"['Action', 'Comedy', 'Science Fiction', 'Adventure', 'Fantasy']"
False,/ww1eIoywghjoMzRLRIcbJLuKnJH.jpg,"[28, 53, 80]",343611,Jack Reacher: Never Go Back,en,Jack Reacher: Never Go Back,"Years after resigning command of an elite military police unit, the nomadic, righter-of-wrongs Reacher is drawn back into the life he left behind when his friend and successor, Major Susan Turner is framed for espionage. Reacher will stop at nothing to prove her innocence and to expose the real perpetrators behind the killings of his former soldiers.",13.1613,/cOg3UT2NYWHZxp41vpxAnVCOC4M.jpg,2016-10-19,False,False,6.031,5474,"['Action', 'Thriller', 'Crime']"
False,/tKnmfO5lAyu8hpTZMyMaI4lhZpJ.jpg,"[27, 9648]",9358,Final Destination 2,en,Final Destination 2,"When Kimberly has a violent premonition of a highway pileup she blocks the freeway, keeping a few others meant to die, safe...Or are they? The survivors mysteriously start dying and it's up to Kimberly to stop it before she's next.",13.1474,/vnFgxRlLTA9fDNcGXLiHmgwmIEo.jpg,2003-01-31,False,False,6.3,5025,"['Horror', 'Mystery']"
False,/1lWeIA03iGXTlDv0yzsN0wUdT9T.jpg,[27],215,Saw II,en,Saw II,"The chilling and relentless Jigsaw killer returns to terrorize the city once again. When a gruesome murder victim emerges with unmistakable traces of Jigsaw's sinister methods, Detective Eric Matthews is thrust into a high-stakes investigation. To his surprise, apprehending Jigsaw seems almost too easy, but what he doesn't realize is that being caught is merely another piece of Jigsaw's intricate puzzle.",13.1439,/gTnaTysN8HsvVQqTRUh8m35mmUA.jpg,2005-10-28,False,False,6.609,6048,['Horror']
False,/yizL4cEKsVvl17Wc1mGEIrQtM2F.jpg,"[28, 878, 12]",588228,The Tomorrow War,en,The Tomorrow War,"The world is stunned when a group of time travelers arrive from the year 2051 to deliver an urgent message: Thirty years in the future, mankind is losing a global war against a deadly alien species. The only hope for survival is for soldiers and civilians from the present to be transported to the future and join the fight. Among those recruited is high school teacher and family man Dan Forester. Determined to save the world for his young daughter, Dan teams up with a brilliant scientist and his estranged father in a desperate quest to rewrite the fate of the planet.",13.1076,/34nDCQZwaEvsy4CFO5hkGRFDCVU.jpg,2021-09-03,False,False,7.521,4455,"['Action', 'Science Fiction', 'Adventure']"
False,/fGuhbAlDpvmNuC0vkz1vsIzYwsq.jpg,"[10749, 27]",6114,Bram Stoker's Dracula,en,Bram Stoker's Dracula,"Count Dracula, a 15th-century prince, is condemned to live off the blood of the living for eternity. Young lawyer Jonathan Harker is sent to Dracula's castle to finalise a land deal, but when the Count sees a photo of Harker's fiancée, Mina, the spitting image of his dead wife, he imprisons him and sets off for London to track her down.",13.1071,/jSxCIZXudp5q8wQO8VERGX8hRAl.jpg,1992-11-13,False,False,7.447,5921,"['Romance', 'Horror']"
False,/3YKGMZQ0pwQXSBSASeKlfPlkso7.jpg,"[28, 35]",228967,The Interview,en,The Interview,"Dave Skylark and his producer Aaron Rapaport run the celebrity tabloid show ""Skylark Tonight"". When they land an interview with a surprise fan, North Korean dictator Kim Jong-un, they are recruited by the CIA to turn their trip to Pyongyang into an assassination mission.",13.105,/tIDC4xT65l7a8qbgg8GvwD5g8c5.jpg,2014-12-25,False,False,6.2,6368,"['Action', 'Comedy']"
False,/6CLNOzMXO9bvapDD8gsdwkJU4wN.jpg,"[28, 18, 878]",124905,Godzilla,en,Godzilla,"Ford Brody, a Navy bomb expert, has just reunited with his family in San Francisco when he is forced to go to Japan to help his estranged father, Joe. Soon, both men are swept up in an escalating crisis when an ancient alpha predator arises from the sea to combat malevolent adversaries that threaten the survival of humanity. The creatures leave colossal destruction in their wake, as they make their way toward their final battleground: San Francisco.",13.1009,/tphkjmQq8WebuVwNXelmjLUXuPJ.jpg,2014-05-14,False,False,6.367,10007,"['Action', 'Drama', 'Science Fiction']"
False,/2fswjyrY3GEzeoVn6mF8pNeNcgf.jpg,"[18, 14, 10749]",4922,The Curious Case of Benjamin Button,en,The Curious Case of Benjamin Button,"Born under unusual circumstances, Benjamin Button springs into being as an elderly man in a New Orleans nursing home and ages in reverse. Twelve years after his birth, he meets Daisy, a child who flits in and out of his life as she grows up to be a dancer. Though he has all sorts of unusual adventures over the course of his life, it is his relationship with Daisy, and the hope that they will come together at the right time, that drives Benjamin forward.",13.0779,/26wEWZYt6yJkwRVkjcbwJEFh9IS.jpg,2008-12-25,False,False,7.602,14024,"['Drama', 'Fantasy', 'Romance']"
False,/a2n6bKD7qhCPCAEALgsAhWOAQcc.jpg,"[878, 53, 18]",49047,Gravity,en,Gravity,"Dr Ryan Stone, an engineer on her first space mission, and Matt Kowalski, an astronaut on his final expedition, have to survive in space after they are hit by debris while spacewalking.",13.0691,/kZ2nZw8D681aphje8NJi8EfbL1U.jpg,2013-10-03,False,False,7.172,16657,"['Science Fiction', 'Thriller', 'Drama']"
False,/620hnMVLu6RSZW6a5rwO8gqpt0t.jpg,"[16, 10751, 14, 18, 35]",508943,Luca,en,Luca,Luca and his best friend Alberto experience an unforgettable summer on the Italian Riviera. But all the fun is threatened by a deeply-held secret: they are sea monsters from another world just below the water’s surface.,13.0675,/9x4i9uKGXt8IiiIF5Ey0DIoY738.jpg,2021-06-17,False,False,7.773,9126,"['Animation', 'Family', 'Fantasy', 'Drama', 'Comedy']"
False,/xV1EfNSEg6id6juJPr1vM6p9x5X.jpg,"[18, 53, 80]",979,Irreversible,fr,Irréversible,A woman’s lover and her ex-boyfriend take justice into their own hands after she becomes the victim of a rapist. Because some acts can’t be undone. Because man is an animal. Because the desire for vengeance is a natural impulse. Because most crimes remain unpunished.,13.0604,/rxeDxo8FvZpLu6iplNpxdtAVnfu.jpg,2002-05-22,False,False,7.169,3432,"['Drama', 'Thriller', 'Crime']"
False,/cRXcuLS1z0820eZ4mOXF08VEdZR.jpg,"[12, 28, 35, 10749]",14324,Virgin Territory,en,Virgin Territory,"In Black Death era Tuscany, as in the Decameron, ten young Florentines take refuge from the plague. But instead of telling stories, they have lusty adventures, bawdy exchanges, romance, swordplay, randy nuns, Saracen pirates, and a sexy cow.",13.0546,/zofWP7ZKhoVTh2VUltaDo4LRQXc.jpg,2007-12-17,False,False,5.0,387,"['Adventure', 'Action', 'Comedy', 'Romance']"
False,/hm21I7yc6oYBogTloET3eXsVPlq.jpg,"[28, 35, 10752, 12]",799583,The Ministry of Ungentlemanly Warfare,en,The Ministry of Ungentlemanly Warfare,"During World War II, the British Army assigns a group of competent soldiers to carry out a mission against the Nazi forces behind enemy lines... A true story about a secret British WWII organization — the Special Operations Executive. Founded by Winston Churchill, their irregular warfare against the Germans helped to change the course of the war, and gave birth to modern black operations.",13.0486,/8aF0iAKH9MJMYAZdi0Slg77RYa2.jpg,2024-04-18,False,False,6.995,2055,"['Action', 'Comedy', 'War', 'Adventure']"
False,/12M3SvYO4WMdlXCajWklz1zUAly.jpg,"[53, 18]",296098,Bridge of Spies,en,Bridge of Spies,"During the Cold War, the Soviet Union captures U.S. pilot Francis Gary Powers after shooting down his U-2 spy plane. Sentenced to 10 years in prison, Powers' only hope is New York lawyer James Donovan, recruited by a CIA operative to negotiate his release. Donovan boards a plane to Berlin, hoping to win the young man's freedom through a prisoner exchange. If all goes well, the Russians would get Rudolf Abel, the convicted spy who Donovan defended in court.",13.0402,/fmOOjHAQzxr0c1sfcY4qkiSRBH6.jpg,2015-10-15,False,False,7.243,7422,"['Thriller', 'Drama']"
False,/hqyjzDRCs1N5gEsh2gklzPdsEFD.jpg,"[28, 53, 12]",56292,Mission: Impossible - Ghost Protocol,en,Mission: Impossible - Ghost Protocol,"Ethan Hunt and his team are racing against time to track down a dangerous terrorist named Hendricks, who has gained access to Russian nuclear launch codes and is planning a strike on the United States. An attempt to stop him ends in an explosion causing severe destruction to the Kremlin and the IMF to be implicated in the bombing, forcing the President to disavow them. No longer being aided by the government, Ethan and his team chase Hendricks around the globe, although they might still be too late to stop a disaster.",13.0355,/eRZTGx7GsiKqPch96k27LK005ZL.jpg,2011-12-07,False,False,7.116,11000,"['Action', 'Thriller', 'Adventure']"
False,/rl95VDEP3nsUQmGzE0S1S7y6T0N.jpg,"[10752, 28]",190859,American Sniper,en,American Sniper,"U.S. Navy SEAL Chris Kyle takes his sole mission—protect his comrades—to heart and becomes one of the most lethal snipers in American history. His pinpoint accuracy not only saves countless lives but also makes him a prime target of insurgents. Despite grave danger and his struggle to be a good husband and father to his family back in the States, Kyle serves four tours of duty in Iraq. However, when he finally returns home, he finds that he cannot leave the war behind.",13.0311,/i1U46OwMc6vlm7OoSUKfqUH615e.jpg,2014-12-25,False,False,7.408,13879,"['War', 'Action']"
False,/8oYykF1Qhrb8fC2qZqD71EzRywg.jpg,"[12, 10751, 14]",278927,The Jungle Book,en,The Jungle Book,"After a threat from the tiger Shere Khan, Mowgli, a man-cub fostered by wolves, is forced to flee the jungle, and he embarks on a journey of self-discovery with the help of the panther, Bagheera, and the free-spirited bear, Baloo.",13.0291,/2Epx7F9X7DrFptn4seqn4mzBVks.jpg,2016-04-07,False,False,6.878,8630,"['Adventure', 'Family', 'Fantasy']"
False,/6OnDSJThAbF6GxXNXNmcusGjBDy.jpg,[27],532408,The Boogeyman,en,The Boogeyman,"Still reeling from the tragic death of their mother, a teenage girl and her younger sister find themselves plagued by a sadistic presence in their house and struggle to get their grieving father to pay attention before it’s too late.",13.0244,/pYwZdnXVnVxAr7dx4MEK7tTK9gI.jpg,2023-05-31,False,False,6.382,1164,['Horror']
False,/vuglA60RqvpHK9rIcG8sXaiWw1L.jpg,"[18, 35, 10749]",11104,Chungking Express,cn,重慶森林,"Two melancholic Hong Kong policemen fall in love: one with a mysterious underworld figure, the other with a beautiful and ethereal server at a late-night restaurant.",13.0177,/43I9DcNoCzpyzK8JCkJYpHqHqGG.jpg,1994-07-14,False,False,8.0,2275,"['Drama', 'Comedy', 'Romance']"
False,/ggzzn1Hf4zBz1VVywpQhGtDxKtA.jpg,"[18, 80]",1607,A Bronx Tale,en,A Bronx Tale,"Set in the Bronx during the tumultuous 1960s, an adolescent boy is torn between his honest, working-class father and a violent yet charismatic crime boss. Complicating matters is the youngster's growing attraction - forbidden in his neighborhood - for a beautiful black girl.",13.0148,/sDbO6LmLYtyqAoFTPpRcMgPSCEO.jpg,1993-10-01,False,False,7.9,2999,"['Drama', 'Crime']"
False,/dh2QT3TPtAQf057yeLpNMuaJlmp.jpg,"[18, 10749]",266856,The Theory of Everything,en,The Theory of Everything,"Once a healthy, active young man, Hawking received an earth-shattering diagnosis at 21 years of age. With Jane fighting tirelessly by his side, Stephen embarks on his most ambitious scientific work, studying the very thing he now has precious little of – time.",13.0045,/7kwcLFNt887saoQAL7EY0XnW7VI.jpg,2014-11-07,False,False,7.823,11262,"['Drama', 'Romance']"
False,/vyrCniZsrXZAW08eECKIp1BMLPh.jpg,"[35, 18, 10749]",50646,"Crazy, Stupid, Love.",en,"Crazy, Stupid, Love.","Cal Weaver is living the American dream. He has a good job, a beautiful house, great children and a beautiful wife, named Emily. Cal's seemingly perfect life unravels, however, when he learns that Emily has been unfaithful and wants a divorce. Over 40 and suddenly single, Cal is adrift in the fickle world of dating. Enter, Jacob Palmer, a self-styled player who takes Cal under his wing and teaches him how to be a hit with the ladies.",13.0014,/p4RafgAPk558muOjnBMHhMArjS2.jpg,2011-07-29,False,False,7.278,9510,"['Comedy', 'Drama', 'Romance']"
False,/nuO8o9ltxhI7AZQxePavEZ4TyHa.jpg,"[28, 80, 18]",2034,Training Day,en,Training Day,"On his first day on the job as a narcotics officer, a rookie cop works with a rogue detective who isn't what he appears.",12.9943,/bUeiwBQdupBLQthMCHKV7zv56uv.jpg,2001-10-05,False,False,7.53,6827,"['Action', 'Crime', 'Drama']"
False,/x2wOlXuK4NzPDQ0OBZiJjNNOp6Y.jpg,"[28, 12, 878]",861,Total Recall,en,Total Recall,"Construction worker Douglas Quaid's obsession with the planet Mars leads him to visit Rekall, a virtual vacation company that manufactures memories. When something goes wrong during Quaid's memory implant procedure, his life turns upside down, leading him to question what is reality and what isn't.",12.9785,/wVbeL6fkbTKSmNfalj4VoAUUqJv.jpg,1990-06-01,False,False,7.328,6682,"['Action', 'Adventure', 'Science Fiction']"
False,/v8lPo8UWKyP2tIXD8N64HfNP4Pw.jpg,"[35, 10749]",1824,50 First Dates,en,50 First Dates,"Henry is a player skilled at seducing women. But when this veterinarian meets Lucy, a girl with a quirky problem when it comes to total recall, he realizes it's possible to fall in love all over again…and again, and again. That's because the delightful Lucy has no short-term memory, so Henry must woo her day after day until he finally sweeps her off her feet.",12.9752,/lzUI2Cg7OMfcUNv3f7MywYNBjs6.jpg,2004-02-13,False,False,6.876,7916,"['Comedy', 'Romance']"
False,/lqxxwTRk0l7CubY6JkJdhnwJEkn.jpg,"[18, 10749]",331482,Little Women,en,Little Women,Four sisters come of age in America in the aftermath of the Civil War.,12.9567,/yn5ihODtZ7ofn8pDYfxCmxh8AXI.jpg,2019-12-25,False,False,7.842,7003,"['Drama', 'Romance']"
False,/fGBJEfGjHmhg7nLAT0Jkcv9qV5e.jpg,"[18, 35, 10749]",43347,Love & Other Drugs,en,Love & Other Drugs,"Maggie is an alluring free spirit who won't let anyone – or anything – tie her down. But she meets her match in Jamie, whose relentless and nearly infallible charm serves him well with the ladies and the cutthroat world of pharmaceutical sales. Maggie and Jamie's evolving relationship takes them both by surprise, as they find themselves under the influence of the ultimate drug: love.",12.9471,/wZLM2uKJRYNchLmiCIjosX0rXy8.jpg,2010-11-22,False,False,7.042,5716,"['Drama', 'Comedy', 'Romance']"
False,/k4HIk81b03lLeNo7I0dHxD3VPKD.jpg,"[18, 16, 10751]",10545,The Hunchback of Notre Dame,en,The Hunchback of Notre Dame,"Isolated in the bell tower of Notre Dame, Quasimodo longs to experience the world beyond the cathedral walls, despite the wishes of his stern guardian, the Judge of Paris Claude Frollo. His first venture into the city leads him to Esmeralda, a fearless Romani woman whose defiance of Frollo's tyranny draws her—and Quasimodo—into his dangerous obsession.",12.942,/dmMBtXuFzZzLYgeQXkOkg98w2Ak.jpg,1996-06-21,False,False,7.135,5475,"['Drama', 'Animation', 'Family']"
False,/tb0uo01w2kDHiQwTszsLlSusAm4.jpg,"[28, 878, 27]",315011,Shin Godzilla,ja,シン・ゴジラ,"When a massive, gilled monster emerges from the deep and tears through the city, the government scrambles to save its citizens.  A rag-tag team of volunteers cuts through a web of red tape to uncover the monster's weakness and its mysterious ties to a foreign superpower.  But time is not on their side - the greatest catastrophe to ever befall the world is about to evolve right before their very eyes.",12.9374,/jPNShaWZMpVF0iQ7j1dvTuZLD20.jpg,2016-07-29,False,False,7.247,1645,"['Action', 'Science Fiction', 'Horror']"
False,/vDR2h5uQNgWyx3fsEVnEOcNFibZ.jpg,"[53, 80, 10770]",801335,Girl in the Basement,en,Girl in the Basement,"Sara is a teen girl who is looking forward to her 18th birthday to move away from her controlling father Don. But before she could even blow out the candles, Don imprisons her in the basement of their home.",12.9355,/tPP9n6r5QrIKPnshnJqE7klptj2.jpg,2021-02-27,False,False,7.574,892,"['Thriller', 'Crime', 'TV Movie']"
False,/jRZ3joUcg8YDCQYl4Tog5xhY6wk.jpg,"[28, 53]",36955,True Lies,en,True Lies,"A fearless, globe-trotting, terrorist-battling secret agent has his life turned upside down when he discovers his wife might be having an affair with a used car salesman while terrorists smuggle nuclear war heads into the United States.",12.9231,/pqdvCBDThAOjlA0XBzbNm7GvwpU.jpg,1994-07-15,False,False,7.1,4726,"['Action', 'Thriller']"
False,/rWYtghaUJSDvQm4jmXiCPXBHUdQ.jpg,"[16, 28, 35, 10751]",324849,The Lego Batman Movie,en,The Lego Batman Movie,"A cooler-than-ever Batman must face the usual villains as the Joker plots a takeover of Gotham City. But when Bruce Wayne accidentally adopts a teenage orphan who wishes to become his sidekick, he’s forced to give up his lone-vigilante ways and learn to work with others.",12.9193,/e1TliRWOdXQ73pRunbpFiGst6Kd.jpg,2017-02-08,False,False,7.26,5565,"['Animation', 'Action', 'Comedy', 'Family']"
False,/9kkzRKwGKTVWNFBMruCT3RKUrzx.jpg,[18],10549,Hamlet,en,Hamlet,"Hamlet, Prince of Denmark, returns home to find his father murdered and his mother now marrying the murderer... his uncle. Meanwhile, war is brewing.",12.9127,/ilurgUOp6SCl4cuhfjctj1qxlfZ.jpg,1996-12-25,False,False,7.3,528,['Drama']
False,/xUWf5xX0AnZgAnYXAMk03zTbsef.jpg,"[35, 10749, 18]",508,Love Actually,en,Love Actually,Eight very different couples deal with their love lives in various loosely interrelated tales all set during a frantic month before Christmas in London.,12.9085,/7QPeVsr9rcFU9Gl90yg0gTOTpVv.jpg,2003-09-07,False,False,7.099,7553,"['Comedy', 'Romance', 'Drama']"
False,/533xAMhhVyjTy8hwMUFEt5TuDfR.jpg,"[12, 28, 53, 878]",605,The Matrix Revolutions,en,The Matrix Revolutions,The human city of Zion defends itself against the massive invasion of the machines as Neo fights to end the war at another front while also opposing the rogue Agent Smith.,12.9,/qEWiBXJGXK28jGBAm8oFKKTB0WD.jpg,2003-11-05,False,False,6.758,11118,"['Adventure', 'Action', 'Thriller', 'Science Fiction']"
False,/iEFuHjqrE059SmflBva1JzDJutE.jpg,"[16, 14, 28, 10749, 10751]",496450,"Miraculous: Ladybug & Cat Noir, The Movie",fr,Miraculous - le film,"After a guardian of magical jewels turns an awkward girl and a popular boy into superheroes, they can never reveal their identities — even to each other. Deleted scenes",12.8918,/dQNJ8SdCMn3zWwHzzQD2xrphR1X.jpg,2023-07-05,False,False,7.6,983,"['Animation', 'Fantasy', 'Action', 'Romance', 'Family']"
False,/ni5cXCrrGzoiIEoIwOzGiIwMZlH.jpg,"[16, 18, 10751, 878, 12]",10386,The Iron Giant,en,The Iron Giant,"In the small town of Rockwell, Maine in October 1957, a giant metal machine befriends a nine-year-old boy and ultimately finds its humanity by unselfishly saving people from their own fears and prejudices.",12.8799,/k1Cv5CHJvqGWK1xJDUJz8DojFEy.jpg,1999-08-06,False,False,7.962,6365,"['Animation', 'Drama', 'Family', 'Science Fiction', 'Adventure']"
False,/wzfTG1obTazlGXiIcfRIviBZ1QU.jpg,"[28, 53, 10752]",7555,Rambo,en,Rambo,"In Thailand, ex-Green Beret John James Rambo joins a group of mercenaries to venture into war-torn neighboring Myanmar to rescue a group of Christian aid workers who have been kidnapped by a ruthless local infantry unit.",12.8735,/3mInub5c8o00H7EJ1TrjAqOzIuc.jpg,2008-01-24,False,False,6.705,4403,"['Action', 'Thriller', 'War']"
False,/ibJEhfV4CudcL3iaUgvhkBrfMCO.jpg,"[12, 28, 53]",36669,Die Another Day,en,Die Another Day,"James Bond is sent to investigate the connection between a North Korean terrorist and a diamond mogul, who is funding the development of an international space weapon.",12.8733,/bZmGqOhMhaLn8AoFMvFDct4tbrL.jpg,2002-11-17,False,False,6.0,3992,"['Adventure', 'Action', 'Thriller']"
False,/2Fk3AB8E9dYIBc2ywJkxk8BTyhc.jpg,"[53, 28, 878]",524047,Greenland,en,Greenland,"John Garrity, his estranged wife and their young son embark on a perilous journey to find sanctuary as a planet-killing comet hurtles toward Earth. Amid terrifying accounts of cities getting levelled, the Garritys experience the best and worst in humanity. As the countdown to the global apocalypse approaches zero, their incredible trek culminates in a desperate and last-minute flight to a possible safe haven.",12.8692,/bNo2mcvSwIvnx8K6y1euAc1TLVq.jpg,2020-07-29,False,False,7.12,5528,"['Thriller', 'Action', 'Science Fiction']"
False,/mOtKQlXdL5J4lwqcSFlkZmgmFeZ.jpg,"[16, 35, 10751, 37, 12]",44896,Rango,en,Rango,"When Rango, a lost family pet, accidentally winds up in the gritty, gun-slinging Western town of Dirt, the theater-loving lizard suddenly finds himself the newly appointed sheriff. Welcomed as the last hope the town has been waiting for, Rango is forced to play his new role to the hilt and uncover the truth behind a looming water crisis—before his act catches up with him.",12.8614,/A5MP1guV8pbruieG0tnpPIbaJtt.jpg,2011-03-02,False,False,6.919,7318,"['Animation', 'Comedy', 'Family', 'Western', 'Adventure']"
False,/1ClgfKeczI0d0KKuBs5qSIqUReT.jpg,"[12, 35, 14, 10751]",181533,Night at the Museum: Secret of the Tomb,en,Night at the Museum: Secret of the Tomb,"When the magic powers of The Tablet of Ahkmenrah begin to die out, Larry Daley spans the globe, uniting favorite and new characters while embarking on an epic quest to save the magic before it is gone forever.",12.8599,/xwgy305K6qDs3D20xUO4OZu1HPY.jpg,2014-12-17,False,False,6.229,6335,"['Adventure', 'Comedy', 'Fantasy', 'Family']"
False,/vM3A3G491bRzE22LVpKjpNHCzWJ.jpg,[27],257874,Beneath,en,Beneath,"A crew of coal miners becomes trapped 600 feet below ground after a disastrous collapse.  As the air grows more toxic and time runs out, they slowly descend into madness and begin to turn on one another.  Inspired by true events.",12.8595,/yDSClojlVVr2mcnWlQvkc6HSFtu.jpg,2013-10-08,False,False,5.4,178,['Horror']
False,/fa03pD2qYmms4ZMgAv7PMqfFiGO.jpg,[18],9475,Scent of a Woman,en,Scent of a Woman,"Charlie Simms is a student at a private preparatory school who comes from a poor family. To earn the money for his flight home to Gresham, Oregon for Christmas, Charlie takes a job over Thanksgiving looking after retired U.S. Army officer Lieutenant Colonel Frank Slade, a cantankerous middle-aged man who lives with his niece and her family.",12.8582,/4adI7IaveWb7EidYXfLb3MK3CgO.jpg,1992-12-23,False,False,7.793,4083,['Drama']
False,/4vSBj7BYsyuKCx96EJzGyp20WfY.jpg,"[35, 27]",593643,The Menu,en,The Menu,"A young couple travels to a remote island to eat at an exclusive restaurant where the chef has prepared a lavish menu, with some shocking surprises.",12.856,/fPtUgMcLIboqlTlPrq0bQpKK8eq.jpg,2022-11-17,False,False,7.182,6636,"['Comedy', 'Horror']"
False,/c1bejD7jTTf8qSUkcv32Gmv8N50.jpg,"[27, 878, 28]",924,Dawn of the Dead,en,Dawn of the Dead,"A group of survivors take refuge in a shopping mall after the world is taken over by aggressive, flesh-eating zombies.",12.8558,/ttquyxStEEctzghtA2f4PUGprDr.jpg,2004-03-19,False,False,7.09,4698,"['Horror', 'Science Fiction', 'Action']"
False,/zcbb4XArMpGSNUQUZTdemp2WOTs.jpg,"[80, 9648, 53]",395834,Wind River,en,Wind River,An FBI agent teams with the town's veteran game tracker to investigate a murder that occurred on a Native American reservation.,12.8544,/pySivdR845Hom4u4T2WNkJxe6Ad.jpg,2017-08-03,False,False,7.441,5953,"['Crime', 'Mystery', 'Thriller']"
False,/iZGiMD0p1M2AOmzKknFo5bkuz94.jpg,"[80, 18]",524,Casino,en,Casino,"In Las Vegas, two best friends--a casino executive and a Mafia enforcer--compete for a gambling empire and a fast-living, fast-loving socialite.",12.8478,/gziIkUSnYuj9ChCi8qOu2ZunpSC.jpg,1995-11-22,False,False,7.999,6726,"['Crime', 'Drama']"
False,/xBwtP27cx8WfjHJVFkpuV6F1RES.jpg,"[10752, 18]",49046,All Quiet on the Western Front,de,Im Westen nichts Neues,"Paul Baumer and his friends Albert and Muller, egged on by romantic dreams of heroism, voluntarily enlist in the German army. Full of excitement and patriotic fervour, the boys enthusiastically march into a war they believe in. But once on the Western Front, they discover the soul-destroying horror of World War I.",12.833,/2IRjbi9cADuDMKmHdLK7LaqQDKA.jpg,2022-10-07,False,False,7.743,4918,"['War', 'Drama']"
False,/ag66gJCiZ06q1GSJuQlhGLi3Udx.jpg,"[53, 27]",1138194,Heretic,en,Heretic,"Two young missionaries are forced to prove their faith when they knock on the wrong door and are greeted by a diabolical Mr. Reed, becoming ensnared in his deadly game of cat-and-mouse.",12.8307,/fr96XzlzsONrQrGfdLMiwtQjott.jpg,2024-10-31,False,False,6.963,2875,"['Thriller', 'Horror']"
False,/8J10PcjUuJlk3BG3BMHlUOiIUpM.jpg,"[18, 36, 10752, 28]",2024,The Patriot,en,The Patriot,"After proving himself on the field of battle in the French and Indian War, Benjamin Martin wants nothing more to do with such things, preferring the simple life of a farmer. But when his son Gabriel enlists in the army to defend their new nation, America, against the British, Benjamin reluctantly returns to his old life to protect his son.",12.829,/fWZd815QxUCUcrWQZwUkAp9ljG.jpg,2000-06-28,False,False,7.2,4481,"['Drama', 'History', 'War', 'Action']"
False,/7QabKu8tizoqy8qCZJXljdSpP4A.jpg,"[16, 35, 10751, 12, 14]",585083,Hotel Transylvania: Transformania,en,Hotel Transylvania: Transformania,"When Van Helsing's mysterious invention, the ""Monsterfication Ray,"" goes haywire, Drac and his monster pals are all transformed into humans, and Johnny becomes a monster. In their new mismatched bodies, Drac and Johnny must team up and race across the globe to find a cure before it's too late, and before they drive each other crazy.",12.8196,/teCy1egGQa0y8ULJvlrDHQKnxBL.jpg,2022-01-31,False,False,7.0,3098,"['Animation', 'Comedy', 'Family', 'Adventure', 'Fantasy']"
False,/aM6E4DBP6588q3tEr9hz41ls80q.jpg,[18],84892,The Perks of Being a Wallflower,en,The Perks of Being a Wallflower,"Pittsburgh, Pennsylvania, 1991. High school freshman Charlie is a wallflower, always watching life from the sidelines, until two senior students, Sam and her stepbrother Patrick, become his mentors, helping him discover the joys of friendship, music and love.",12.8136,/aKCvdFFF5n80P2VdS7d8YBwbCjh.jpg,2012-09-20,False,False,7.805,11440,['Drama']
False,/sy0vo1cmpKqwPRiMUiJ45jyLsX7.jpg,"[10751, 35, 14]",8871,How the Grinch Stole Christmas,en,How the Grinch Stole Christmas,The Grinch decides to rob Whoville of Christmas - but a dash of kindness from little Cindy Lou Who and her family may be enough to melt his heart...,12.8122,/1WZbbPApEivA421gCOluuzMMKCk.jpg,2000-11-17,False,False,6.781,8446,"['Family', 'Comedy', 'Fantasy']"
False,/zWqxBc6pdSIjklqWfZ70l5ce28P.jpg,"[16, 10751, 12, 35]",13053,Bolt,en,Bolt,"Bolt is the star of the biggest show in Hollywood. The only problem is, he thinks it's real. After he's accidentally shipped to New York City and separated from Penny, his beloved co-star and owner, Bolt must harness all his ""super powers"" to find a way home.",12.8069,/v5aC4nrzXFGJDWY4JO1eengXzqk.jpg,2008-11-21,False,False,6.553,6641,"['Animation', 'Family', 'Adventure', 'Comedy']"
False,/www52jvhbB0ppe9s0zxbf9EYox.jpg,"[878, 53, 28]",9693,Children of Men,en,Children of Men,"In 2027, in a chaotic world in which humans can no longer procreate, a former activist agrees to help transport a miraculously pregnant woman to a sanctuary at sea, where her child's birth may help scientists save the future of humankind.",12.7777,/k9IAS4TehZFcKi4HVByxZNPfqex.jpg,2006-09-22,False,False,7.615,8109,"['Science Fiction', 'Thriller', 'Action']"
False,/7WVRxZ7KZmzoHnUkAjnEFT4o6Dw.jpg,"[28, 53, 18]",5503,The Fugitive,en,The Fugitive,"Wrongfully convicted of murdering his wife and sentenced to death, Richard Kimble escapes from the law in an attempt to find the real killer and clear his name.",12.7702,/b3rEtLKyOnF89mcK75GXDXdmOEf.jpg,1993-08-06,False,False,7.49,4949,"['Action', 'Thriller', 'Drama']"
False,/rMvPXy8PUjj1o8o1pzgQbdNCsvj.jpg,"[28, 12, 53]",299054,Expend4bles,en,Expend4bles,"Armed with every weapon they can get their hands on and the skills to use them, The Expendables are the world’s last line of defense and the team that gets called when all other options are off the table. But new team members with new styles and tactics are going to give “new blood” a whole new meaning.",12.7701,/iwsMu0ehRPbtaSxqiaUDQB9qMWT.jpg,2023-09-15,False,False,6.039,1963,"['Action', 'Adventure', 'Thriller']"
False,/nSm9cij9VRrGDoZoS16CPnX0FqK.jpg,"[12, 18, 28, 10749, 14]",146,"Crouching Tiger, Hidden Dragon",zh,卧虎藏龍,"Two warriors in pursuit of a stolen sword and a notorious fugitive are led to an impetuous, physically-skilled, teenage nobleman's daughter, who is at a crossroads in her life.",12.7661,/iNDVBFNz4XyYzM9Lwip6atSTFqf.jpg,2000-07-06,False,False,7.437,3699,"['Adventure', 'Drama', 'Action', 'Romance', 'Fantasy']"
False,/kSeU4uk19t82k6Cao7hc6ktDYhF.jpg,"[27, 9648, 53]",913290,Barbarian,en,Barbarian,"In town for a job interview, a young woman arrives at her Airbnb late at night only to find that it has been mistakenly double-booked and a strange man is already staying there. Against her better judgement, she decides to stay the night anyway.",12.763,/idT5mnqPcJgSkvpDX7pJffBzdVH.jpg,2022-09-08,False,False,6.872,3495,"['Horror', 'Mystery', 'Thriller']"
False,/h3KN24PrOheHVYs9ypuOIdFBEpX.jpg,"[16, 10751, 12]",166428,How to Train Your Dragon: The Hidden World,en,How to Train Your Dragon: The Hidden World,"As Hiccup fulfills his dream of creating a peaceful dragon utopia, Toothless’ discovery of an untamed, elusive mate draws the Night Fury away. When danger mounts at home and Hiccup’s reign as village chief is tested, both dragon and rider must make impossible decisions to save their kind.",12.753,/xvx4Yhf0DVH8G4LzNISpMfFBDy2.jpg,2019-01-03,False,False,7.751,7285,"['Animation', 'Family', 'Adventure']"
False,/rVqY0Bo4Npf6EIONUROxjYAJfmD.jpg,"[12, 14, 10749, 10751]",420817,Aladdin,en,Aladdin,A kindhearted street urchin named Aladdin embarks on a magical adventure after finding a lamp that releases a wisecracking genie while a power-hungry Grand Vizier vies for the same lamp that has the power to make their deepest wishes come true.,12.7248,/ykUEbfpkf8d0w49pHh0AD2KrT52.jpg,2019-05-22,False,False,7.077,10805,"['Adventure', 'Fantasy', 'Romance', 'Family']"
False,/3fChciF2G1wXHsyTfJD9y7uN6Il.jpg,"[27, 18, 14]",628,Interview with the Vampire,en,Interview with the Vampire,"A vampire relates his epic life story of love, betrayal, loneliness, and dark hunger to an over-curious reporter.",12.7172,/t7NU8IcmcNBrlunCxiycX9JV7Rp.jpg,1994-11-11,False,False,7.4,6605,"['Horror', 'Drama', 'Fantasy']"
False,/lcITbesmy0IBO6TXTAgQHJE6Asx.jpg,"[18, 9648, 53]",619979,Deep Water,en,Deep Water,A well-to-do husband who allows his wife to have affairs in order to avoid a divorce becomes a prime suspect in the disappearance of her lovers.,12.6985,/6yRMyWwjuhKg6IU66uiZIGhaSc8.jpg,2022-03-17,False,False,5.829,1712,"['Drama', 'Mystery', 'Thriller']"
False,/tsSWHgaFlzzkp3o976juBZbmcs2.jpg,"[28, 80, 878]",754,Face/Off,en,Face/Off,"In order to foil a terrorist plot, an FBI agent undergoes facial transplant surgery and assumes the identity of a criminal mastermind. The plan turns sour when the criminal wakes up prematurely and seeks revenge.",12.6968,/69Xzn8UdPbVnmqSChKz2RTpoNfB.jpg,1997-06-27,False,False,7.061,6110,"['Action', 'Crime', 'Science Fiction']"
False,/rphor0XQcYO4CQoQ6auaQm3UPap.jpg,"[16, 18, 10751]",37797,Whisper of the Heart,ja,耳をすませば,"Shizuku lives a simple life, dominated by her love for stories and writing. One day she notices that all the library books she has have been previously checked out by the same person: ""Seiji Amasawa.""",12.6945,/5FROLD8zpWFs9ja7aYho1uOMJHg.jpg,1995-07-15,False,False,7.9,2350,"['Animation', 'Drama', 'Family']"
False,/8yPSYhooj8nyBbmV3GVdLDwuE7e.jpg,"[18, 10749]",1079091,It Ends with Us,en,It Ends with Us,"When a woman's first love suddenly reenters her life, her relationship with a charming, but abusive neurosurgeon is upended, and she realizes she must learn to rely on her own strength to make an impossible choice for her future.",12.6798,/AjV6jFJ2YFIluYo4GQf13AA1tqu.jpg,2024-08-07,False,False,6.948,2046,"['Drama', 'Romance']"
False,/bcT8CaBIj086WVD7K529h78eujb.jpg,"[12, 16, 35, 10751, 14]",508439,Onward,en,Onward,"In a suburban fantasy world, two teenage elf brothers embark on an extraordinary quest to discover if there is still a little magic left out there.",12.6796,/f4aul3FyD3jv3v4bul1IrkWZvzq.jpg,2020-02-29,False,False,7.634,6694,"['Adventure', 'Animation', 'Comedy', 'Family', 'Fantasy']"
False,/3eYkMSjWbvTaZso7ow5ub9ikNNq.jpg,"[16, 35, 10751]",7443,Chicken Run,en,Chicken Run,"The creators of Wallace & Gromit bring you an exciting and original story about a group of chickens determined to fly the coop–even if they can’t fly! It’s hardly poultry in motion when Rocky attempts to teach Ginger and her feathered friends to fly…but, with teamwork, determination and a little bit o’ cluck, the fearless flock plots one last attempt in a spectacular bid for freedom.",12.6749,/8XgmIsbpVamdhwcNVsYzohFZTtT.jpg,2000-06-23,False,False,6.9,5523,"['Animation', 'Comedy', 'Family']"
False,/dkfBKDUIWP1peEszdqK10MkMZCP.jpg,"[18, 80]",627,Trainspotting,en,Trainspotting,"Heroin addict Mark Renton stumbles through bad ideas and sobriety attempts with his unreliable friends --Sick Boy, Begbie, Spud and Tommy. He also has an underage girlfriend, Diane, along for the ride. After cleaning up and moving from Edinburgh to London, Mark finds he can't escape the life he left behind as Begbie and Sick Boy come knocking.",12.6624,/1jUC02qsqS2NxBMFarbIhcQtazV.jpg,1996-02-23,False,False,7.959,10656,"['Drama', 'Crime']"
False,/zMrk2G3XsnfYKiIp1NEfdtvDyBH.jpg,"[12, 14, 28]",337401,Mulan,en,Mulan,"When the Emperor of China issues a decree that one man per family must serve in the Imperial Chinese Army to defend the country from Huns, Hua Mulan, the eldest daughter of an honored warrior, steps in to take the place of her ailing father. She is spirited, determined and quick on her feet. Disguised as a man by the name of Hua Jun, she is tested every step of the way and must harness her innermost strength and embrace her true potential.",12.6619,/aKx1ARwG55zZ0GpRvU2WrGrCG9o.jpg,2020-09-04,False,False,6.818,7153,"['Adventure', 'Fantasy', 'Action']"
False,/msCHK5Kh1YbdZ0zPJ2nzPUhhSN9.jpg,"[14, 18, 9648]",141,Donnie Darko,en,Donnie Darko,"After narrowly escaping a bizarre accident, a troubled teenager is plagued by visions of a large bunny rabbit that manipulates him to commit a series of crimes.",12.6565,/j2AtZFsflxiluaNtajMTI0Avm8C.jpg,2001-01-19,False,False,7.759,13747,"['Fantasy', 'Drama', 'Mystery']"
False,/uifaXfJxjTMeNttw5u04nHx1G5w.jpg,"[28, 878, 53]",534,Terminator Salvation,en,Terminator Salvation,"All grown up in post-apocalyptic 2018, John Connor must lead the resistance of humans against the increasingly dominating militaristic robots. But when Marcus Wright appears, his existence confuses the mission as Connor tries to determine whether Wright has come from the future or the past -- and whether he's friend or foe.",12.6526,/gw6JhlekZgtKUFlDTezq3j5JEPK.jpg,2009-05-20,False,False,6.101,7237,"['Action', 'Science Fiction', 'Thriller']"
False,/sDiGcjWhSu42dCw0jQmBInAkDZ9.jpg,"[28, 53, 80]",379149,The Foreigner,en,The Foreigner,Quan is a humble London businessman whose long-buried past erupts in a revenge-fueled vendetta when the only person left for him to love – his teenage daughter – dies in an Irish Republican Army car bombing. His relentless search to find the terrorists leads to a cat-and-mouse conflict with a British government official whose own past may hold the clues to the identities of the elusive killers.,12.649,/rwM4hzrmc5HiWfQD9ls9DL4QgGl.jpg,2017-09-28,False,False,6.979,3023,"['Action', 'Thriller', 'Crime']"
False,/5TKGbYKEwGrJlHFfTQzaz1FC5AJ.jpg,"[35, 80, 18]",337170,American Made,en,American Made,"The true story of pilot Barry Seal, who transported contraband for the CIA and the Medellin cartel in the 1980s.",12.618,/23ILgoPSO5ShKcTZOuiTVfqFAUB.jpg,2017-08-18,False,False,6.901,5119,"['Comedy', 'Crime', 'Drama']"
False,/AfyuI3glMCBDFmNPj9PY6DwbgGp.jpg,"[16, 878, 18, 14, 28]",18491,Neon Genesis Evangelion: The End of Evangelion,ja,新世紀エヴァンゲリオン劇場版 Air／まごころを、君に,"SEELE orders an all-out attack on NERV, aiming to destroy the Evas before Gendo can advance his own plans for the Human Instrumentality Project. Shinji is pushed to the limits of his sanity as he is forced to decide the fate of humanity.",12.5987,/j6G24dqI4WgUtChhWjfnI4lnmiK.jpg,1997-07-19,False,False,8.259,1954,"['Animation', 'Science Fiction', 'Drama', 'Fantasy', 'Action']"
False,/gCIB3DdK00DyfwosVGf7pnFFdK3.jpg,"[28, 53]",399402,Hunter Killer,en,Hunter Killer,"Untested American submarine commander, Capt. Joe Glass of the USS Arkansas, is on the hunt for a U.S. sub in distress in the Arctic Ocean. He soon learns a secret Russian coup is in the offing, a conspiracy that threatens to dismantle the world order. With crew and country on the line, Glass must coordinate with an elite group of Navy SEALs to sneak through enemy waters, rescue the kidnapped Russian president, and hopefully prevent World War III.",12.5953,/a0j18XNVhP4RcW3wXwsqT0kVoQm.jpg,2018-10-19,False,False,6.909,2476,"['Action', 'Thriller']"
False,/85g84VtSf9tu1A9JqqruXEHspb7.jpg,"[28, 12, 9648]",10528,Sherlock Holmes,en,Sherlock Holmes,Eccentric consulting detective Sherlock Holmes and Doctor John Watson battle to bring down a new nemesis and unravel a deadly plot that could destroy England.,12.5884,/momkKuWburNTqKBF6ez7rvhYVhE.jpg,2009-12-23,False,False,7.222,15031,"['Action', 'Adventure', 'Mystery']"
False,/e8FC87nMR1Bv2Q8k79j6cAVcJo.jpg,"[10751, 35]",1268,Mr. Bean's Holiday,en,Mr. Bean's Holiday,"Mr. Bean wins a trip to Cannes where he unwittingly separates a young boy from his father and must help the two reunite. On the way he discovers France, bicycling and true love, among other things.",12.5801,/bSSx9Sq6irWwN9NTQmoT9KE8kXn.jpg,2007-03-22,False,False,6.402,3215,"['Family', 'Comedy']"
False,/qsxhnirlp7y4Ae9bd11oYJSX59j.jpg,"[10751, 16, 35, 14, 12, 10402]",446893,Trolls World Tour,en,Trolls World Tour,"Queen Poppy and Branch make a surprising discovery — there are other Troll worlds beyond their own, and their distinct differences create big clashes between these various tribes. When a mysterious threat puts all of the Trolls across the land in danger, Poppy, Branch, and their band of friends must embark on an epic quest to create harmony among the feuding Trolls to unite them against certain doom.",12.5643,/7W0G3YECgDAfnuiHG91r8WqgIOe.jpg,2020-03-11,False,False,7.224,2312,"['Family', 'Animation', 'Comedy', 'Fantasy', 'Adventure', 'Music']"
False,/o8ZS811VjYbBi4pRYwILLdWCVey.jpg,[35],109439,The Hangover Part III,en,The Hangover Part III,"This time, there's no wedding. No bachelor party. What could go wrong, right? But when the Wolfpack hits the road, all bets are off.",12.552,/vtxuPWkdllLNLVyGjKYa267ntuH.jpg,2013-05-23,False,False,6.213,9430,['Comedy']
False,/3sndNmvdF0R8AeyCmVoNv8LKtNy.jpg,"[878, 12, 28, 53]",70160,The Hunger Games,en,The Hunger Games,"In a dystopian society where the Capitol forces each district to send two young tributes to fight to the death in a televised spectacle, a girl volunteers to take her sister’s place, setting the stage for a struggle of survival and defiance.",12.539,/apa5G43Hha7kH7wJG0gkkHT7FA9.jpg,2012-03-12,False,False,7.2,23708,"['Science Fiction', 'Adventure', 'Action', 'Thriller']"
False,/4pLi4QMm0MZ9TSoF3l8qQmY9HNO.jpg,"[28, 35, 10752]",7446,Tropic Thunder,en,Tropic Thunder,"A group of self-absorbed actors set out to make the most expensive war film ever. After ballooning costs force the studio to cancel the movie, the frustrated director refuses to stop shooting, leading his cast into the jungles of Southeast Asia, where they encounter real bad guys.",12.5318,/zAurB9mNxfYRoVrVjAJJwGV3sPg.jpg,2008-08-09,False,False,6.727,7194,"['Action', 'Comedy', 'War']"
False,/phiRQhfwZZeMMn3osvQUmGYmJbp.jpg,"[27, 28, 80]",755,From Dusk Till Dawn,en,From Dusk Till Dawn,"After kidnapping a father and his two kids, the Gecko brothers head south to a seedy Mexican bar to hide out in safety, unaware of its notorious clientele.",12.5207,/sV3kIAmvJ9tPz4Lq5fuf9LLMxte.jpg,1996-01-19,False,False,7.05,6696,"['Horror', 'Action', 'Crime']"
False,/cdYj6HFpKp5NTmLiHHbNEGSmDT4.jpg,"[35, 10749]",9919,How to Lose a Guy in 10 Days,en,How to Lose a Guy in 10 Days,"It's the battle of wills, as Andie needs to prove she can dump a guy in 10 days, whereas Ben needs to prove he can win a girl in 10 days. Now, the clock is ticking—and the wildly entertaining comedy smash is off and running in this irresistible tale of sex, lies and outrageous romantic fireworks!",12.5129,/2dlftyPz7mTYbrsPvTogyFmYd7d.jpg,2003-02-07,False,False,6.9,4592,"['Comedy', 'Romance']"
False,/bYKeB9uUcPmvikjouEEQ86uvPw9.jpg,"[12, 28, 53]",956,Mission: Impossible III,en,Mission: Impossible III,"Retired from active duty, and training recruits for the Impossible Mission Force, agent Ethan Hunt faces the toughest foe of his career: Owen Davian, an international broker of arms and information, who's as cunning as he is ruthless. Davian emerges to threaten Hunt and all that he holds dear – including the woman Hunt loves.",12.5092,/vKGYCpmQyV9uHybWDzXuII8Los5.jpg,2006-04-25,False,False,6.766,7841,"['Adventure', 'Action', 'Thriller']"
False,/9lYpkcO7WuruOXB2mn8ppC6Ecaq.jpg,"[35, 10749]",9489,You've Got Mail,en,You've Got Mail,Book superstore magnate Joe Fox and independent book shop owner Kathleen Kelly fall in love in the anonymity of the Internet—both blissfully unaware that he's trying to put her out of business.,12.5046,/rJLUSpmdxSMqqEsyzeCni3vy1ca.jpg,1998-12-18,False,False,6.71,3748,"['Comedy', 'Romance']"
False,/ivJ5UzT6IzucLVfbZwCCwiJJoBz.jpg,"[18, 10749]",531428,Portrait of a Lady on Fire,fr,Portrait de la jeune fille en feu,"On an isolated island in Brittany at the end of the eighteenth century, a female painter is obliged to paint a wedding portrait of a young woman.",12.4822,/rUDuOKpkKBHxx41BScqKej72iT3.jpg,2019-09-06,False,False,8.089,3043,"['Drama', 'Romance']"
False,/lyBNJn16WIHIriX1bJVoOnv8U6Z.jpg,"[16, 10751, 10749]",15906,Barbie and the Magic of Pegasus,en,Barbie and the Magic of Pegasus,"Princess Annika escapes the clutches of the evil wizard, explores the wonders of Cloud Kingdom, and teams up with a magnificent winged horse - who turns out to be her sister, Princess Brietta - to defeat the wizard and break the spells that imprisoned her family.",12.4798,/wqKNLSzGN9lqnmtFFwu40g2eWgQ.jpg,2005-10-04,False,False,7.2,784,"['Animation', 'Family', 'Romance']"
False,/8vQBXqDbb30qNpBcNYwTesSg75.jpg,"[878, 12, 28, 18]",1927,Hulk,en,Hulk,"Bruce Banner, a genetics researcher with a tragic past, suffers massive radiation exposure in his laboratory that causes him to transform into a raging green monster when he gets angry.",12.4748,/UllIft2jLSBaay3zQyMV4GNdfy.jpg,2003-06-19,False,False,5.601,6457,"['Science Fiction', 'Adventure', 'Action', 'Drama']"
False,/kvdy0Ijjo2r9qsnWV4Dzx07qwnc.jpg,"[80, 14, 18]",1427,Perfume: The Story of a Murderer,en,Perfume: The Story of a Murderer,"Jean-Baptiste Grenouille, born in the stench of 18th century Paris, develops a superior olfactory sense, which he uses to create the world's finest perfumes. However, his work takes a dark turn as he tries to preserve scents in the search for the ultimate perfume.",12.4742,/2wrFrUej8ri5EpjgIkjKTAnr686.jpg,2006-09-13,False,False,7.376,5157,"['Crime', 'Fantasy', 'Drama']"
False,/djSAd6HUm66eVNC3PiZbYwOpD5A.jpg,"[14, 28, 12]",81005,Jack the Giant Slayer,en,Jack the Giant Slayer,"The story of an ancient war that is reignited when a young farmhand unwittingly opens a gateway between our world and a fearsome race of giants. Unleashed on the Earth for the first time in centuries, the giants strive to reclaim the land they once lost, forcing the young man, Jack into the battle of his life to stop them. Fighting for a kingdom, its people, and the love of a brave princess, he comes face to face with the unstoppable warriors he thought only existed in legend–and gets the chance to become a legend himself.",12.4714,/9jSI7saUX9Qz0JLh19jX2ulEwL7.jpg,2013-02-27,False,False,5.91,5349,"['Fantasy', 'Action', 'Adventure']"
False,/4GPCnwvTbsDleH5QIOyDLMsK8a2.jpg,"[28, 53, 878]",59967,Looper,en,Looper,"In the year 2044, time travel has not yet been invented but in 30 years it will have been. When the mob wants to get rid of someone, they will send their target into the past where a looper, a hired gun, like Joe is waiting to mop up. Joe is getting rich and life is good until the day the mob decides to close the loop, sending back Joe's future self for assassination.",12.4685,/sNjL6SqErDBE8OUZlrDLkexfsCj.jpg,2012-09-26,False,False,6.916,11185,"['Action', 'Thriller', 'Science Fiction']"
False,/1M2i4Mxd03elGOTmEkIvqrHfmyS.jpg,"[35, 18, 10749]",19913,(500) Days of Summer,en,(500) Days of Summer,"Tom, greeting-card writer and hopeless romantic, is caught completely off-guard when his girlfriend, Summer, suddenly dumps him. He reflects on their 500 days together to try to figure out where their love affair went sour, and in doing so, Tom rediscovers his true passions in life.",12.4599,/qXAuQ9hF30sQRsXf40OfRVl0MJZ.jpg,2009-07-17,False,False,7.306,11291,"['Comedy', 'Drama', 'Romance']"
False,/aqGVdM065tIcVmaMIeozk80lLf6.jpg,"[28, 12, 9648]",6637,National Treasure: Book of Secrets,en,National Treasure: Book of Secrets,"Benjamin Franklin Gates and Abigail Chase re-team with Riley Poole and, now armed with a stack of long-lost pages from John Wilkes Booth's diary, Ben must follow a clue left there to prove his ancestor's innocence in the assassination of Abraham Lincoln.",12.4524,/xxoIBbvmTj1ZttzV439jAvoovTw.jpg,2007-12-19,False,False,6.382,5674,"['Action', 'Adventure', 'Mystery']"
False,/u6QKT8EqpPHoPUng7aE90mWXigX.jpg,"[28, 878, 53]",274855,Geostorm,en,Geostorm,"After an unprecedented series of natural disasters threatened the planet, the world's leaders came together to create an intricate network of satellites to control the global climate and keep everyone safe. But now, something has gone wrong: the system built to protect Earth is attacking it, and it becomes a race against the clock to uncover the real threat before a worldwide geostorm wipes out everything and everyone along with it.",12.4506,/nrsx0jEaBgXq4PWo7SooSnYJTv.jpg,2017-10-12,False,False,6.129,5326,"['Action', 'Science Fiction', 'Thriller']"
False,/vsmlShNNHrYlERZaqMOsZ3YctoO.jpg,"[28, 53, 80]",1701,Con Air,en,Con Air,"Newly-paroled former US Army ranger Cameron Poe is headed back to his wife, but must fly home aboard a prison transport flight dubbed ""Jailbird"" taking the “worst of the worst” prisoners, a group described as “pure predators”, to a new super-prison. Poe faces impossible odds when the transport plane is skyjacked mid-flight by the most vicious criminals in the country led by the mastermind — genius serial killer Cyrus ""The Virus"" Grissom, and backed by black militant Diamond Dog and psychopath Billy Bedlam.",12.4422,/kOKjgrEzGOP92rVQ6srA9jtp60l.jpg,1997-06-05,False,False,6.784,4857,"['Action', 'Thriller', 'Crime']"
False,/kODNw6GJNdgldUMEhKPlCw8wQCr.jpg,[18],312221,Creed,en,Creed,"The former World Heavyweight Champion Rocky Balboa serves as a trainer and mentor to Adonis Johnson, the son of his late friend and former rival Apollo Creed.",12.4301,/1BfTsk5VWuw8FCocAhCyqnRbEzq.jpg,2015-11-25,False,False,7.406,8119,['Drama']
False,/4qxZJRYe4ezA5J1sidnV7vuaYaz.jpg,"[12, 28, 37]",333484,The Magnificent Seven,en,The Magnificent Seven,"Looking to mine for gold, greedy industrialist Bartholomew Bogue seizes control of the Old West town of Rose Creek. With their lives in jeopardy, Emma Cullen and other desperate residents turn to bounty hunter Sam Chisolm for help. Chisolm recruits an eclectic group of gunslingers to take on Bogue and his ruthless henchmen. With a deadly showdown on the horizon, the seven mercenaries soon find themselves fighting for more than just money once the bullets start to fly.",12.4292,/ezcS78TIjgr85pVdaPDd2rSPVNs.jpg,2016-09-14,False,False,6.499,6557,"['Adventure', 'Action', 'Western']"
False,/ayDMYGUNVvXS76wQgFwTiUIDNb5.jpg,"[10752, 36, 18]",300671,13 Hours: The Secret Soldiers of Benghazi,en,13 Hours: The Secret Soldiers of Benghazi,An American Ambassador is killed during an attack at a U.S. compound in Libya as a security team struggles to make sense out of the chaos.,12.422,/fZlAxZMo6BId1SiqyjLmkd7oUB7.jpg,2016-01-14,False,False,7.278,4063,"['War', 'History', 'Drama']"
False,/4pl165EUdvveHCr4J4YcHVA1MnD.jpg,"[80, 28, 878]",9739,Demolition Man,en,Demolition Man,"In 1996, brash L.A. detective John Spartan and maniac killer Simon Phoenix are both sentenced to decades in a cryogenic prison as punishment for a rescue mission gone wrong. When Phoenix escapes 36 years later to wreak havoc on the future, Spartan is awakened to capture his nemesis the old-fashioned way.",12.4218,/dq6AmlVFo92PRuoLCcIyFdoRuxf.jpg,1993-10-08,False,False,6.772,4264,"['Crime', 'Action', 'Science Fiction']"
False,/sFDntG0Z0Wjrsz26TVptfs5OSLT.jpg,"[18, 878]",83542,Cloud Atlas,en,Cloud Atlas,"A set of six nested stories spanning time between the 19th century and a distant post-apocalyptic future. Cloud Atlas explores how the actions and consequences of individual lives impact one another throughout the past, the present and the future. Action, mystery and romance weave through the story as one soul is shaped from a killer into a hero and a single act of kindness ripples across centuries to inspire a revolution in the distant future.  Based on the award winning novel by David Mitchell. Directed by Tom Tykwer and the Wachowskis.",12.4166,/8naVv2Xu3rWI5JKHz0vCujx6GaJ.jpg,2012-10-26,False,False,6.899,7680,"['Drama', 'Science Fiction']"
False,/uUa6jgSr5BQpcBhhaz1PV1JhSa4.jpg,"[12, 28, 878]",20526,TRON: Legacy,en,TRON: Legacy,"Sam Flynn, the tech-savvy and daring son of Kevin Flynn, investigates his father's disappearance and is pulled into The Grid. With the help of a mysterious program named Quorra, Sam quests to stop evil dictator Clu from crossing into the real world.",12.4125,/xcO8Uun0mfmE3N9CaiCy0tvjpiu.jpg,2010-12-14,False,False,6.549,8148,"['Adventure', 'Action', 'Science Fiction']"
False,/qvcOovScPoRalRxDy50rYSYFree.jpg,"[35, 10749]",10591,The Girl Next Door,en,The Girl Next Door,"Exceptionally ambitious high schooler Matthew has aspirations for a career in politics when he falls in love with his gorgeous 19-year-old neighbor, Danielle. But Matthew's bright future is jeopardized when he finds Danielle was once a porn star. As Danielle's past catches up with her, Matthew's love for her forces him to re-evaluate his goals.",12.3975,/5mVyFHSY2rSsNgD4NfEwV82HigU.jpg,2004-04-09,False,False,6.756,4178,"['Comedy', 'Romance']"
False,/ftRkFtAGuHngHnLiOxktq0aCVMF.jpg,"[28, 16, 35, 10751, 12]",324852,Despicable Me 3,en,Despicable Me 3,Gru and his wife Lucy must stop former '80s child star Balthazar Bratt from achieving world domination.,12.3927,/e72KCMHNkbZ6USRJmABeqwmaJ5n.jpg,2017-06-15,False,False,6.468,7783,"['Action', 'Animation', 'Comedy', 'Family', 'Adventure']"
False,/1MoeNacOltBWojkStjhT3svBTOK.jpg,"[878, 27]",340102,The New Mutants,en,The New Mutants,"Five young mutants, just discovering their abilities while held in a secret facility against their will, fight to escape their past sins and save themselves.",12.3909,/xiDGcXJTvu1lazFRYip6g1eLt9c.jpg,2020-08-26,False,False,6.0,3814,"['Science Fiction', 'Horror']"
False,/ouOojiypBE6CD1aqcHPVq7cJf2R.jpg,"[53, 28]",578701,Those Who Wish Me Dead,en,Those Who Wish Me Dead,"A young boy finds himself pursued by two assassins in the Montana wilderness, with a survival expert determined to protect him, and a forest fire threatening to consume them all.",12.3897,/xCEg6KowNISWvMh8GvPSxtdf9TO.jpg,2021-05-05,False,False,6.595,1912,"['Thriller', 'Action']"
False,/pXRAVmgcYnXGq6PAF7Hfe5P7QJR.jpg,"[878, 12, 28]",299687,The 5th Wave,en,The 5th Wave,16-year-old Cassie Sullivan tries to survive in a world devastated by the waves of an alien invasion that has already decimated the population and knocked mankind back to the Stone Age.,12.3835,/ja34BV577dtjWl2S5G1tB93IjYb.jpg,2016-01-14,False,False,5.947,6151,"['Science Fiction', 'Adventure', 'Action']"
False,/ncr6KR7bBF8cps6yZKiTAwClpn1.jpg,"[14, 35, 10751]",10439,Hocus Pocus,en,Hocus Pocus,"After 300 years of slumber, three sister witches are accidentally resurrected in Salem on Halloween night, and it is up to three kids and their newfound feline friend to put an end to the witches' reign of terror once and for all.",12.3731,/by4D4Q9NlUjFSEUA1yrxq6ksXmk.jpg,1993-07-16,False,False,7.034,3379,"['Fantasy', 'Comedy', 'Family']"
False,/sI6uCeF8mUlZx22mFfHSi9W3XQ9.jpg,"[10402, 35, 10749, 18]",843527,The Idea of You,en,The Idea of You,"40-year-old single mom Solène begins an unexpected romance with 24-year-old Hayes Campbell, the lead singer of August Moon, the hottest boy band on the planet. As they begin a whirlwind romance, it isn't long before Hayes' superstar status poses unavoidable challenges to their relationship, and Solène soon discovers that life in the glare of his spotlight might be more than she bargained for.",12.3719,/Y5P4Q3q8nrruZ9aD3wXeJS2Plg.jpg,2024-05-02,False,False,7.242,2027,"['Music', 'Comedy', 'Romance', 'Drama']"
False,/ziexSS07RmowuyqAdJMh1sGxjHg.jpg,"[28, 80, 18]",7220,The Punisher,en,The Punisher,"When undercover FBI agent Frank Castle's wife and son are slaughtered, he becomes 'the Punisher' -- a ruthless vigilante willing to go to any length to avenge his family.",12.3719,/7rmA1HwYp2GKM85BL0cVwCaosGr.jpg,2004-04-15,False,False,6.385,3280,"['Action', 'Crime', 'Drama']"
False,/7iEfnj3rfyunky6BzvnlwqfoEF0.jpg,"[12, 28, 53, 878]",563,Starship Troopers,en,Starship Troopers,"Set in the future, the story follows a young soldier named Johnny Rico and his exploits in the Mobile Infantry. Rico's military career progresses from recruit to non-commissioned officer and finally to officer against the backdrop of an interstellar war between mankind and an arachnoid species known as ""the Bugs.""",12.332,/cxCmv23O7p3hyHwqoktHYkZcGsY.jpg,1997-11-07,False,False,7.1,5702,"['Adventure', 'Action', 'Thriller', 'Science Fiction']"
False,/jPH8ROhZMLvP0owQCE1J6it7fN0.jpg,"[28, 80]",9654,The Italian Job,en,The Italian Job,"Charlie Croker pulled off the crime of a lifetime. The one thing that he didn't plan on was being double-crossed. Along with a drop-dead gorgeous safecracker, Croker and his team take off to re-steal the loot and end up in a pulse-pounding, pedal-to-the-metal chase that careens up, down, above and below the streets of Los Angeles.",12.3291,/eSkjK4kctyrWpFhxl35GPvSs6tI.jpg,2003-05-30,False,False,6.8,6185,"['Action', 'Crime']"
False,/accTIUygtg24TM7wT7uQMMdvYUW.jpg,[35],673593,Mean Girls,en,Mean Girls,"New student Cady Heron is welcomed into the top of the social food chain by the elite group of popular girls called ‘The Plastics,’ ruled by the conniving queen bee Regina George and her minions Gretchen and Karen. However, when Cady makes the major misstep of falling for Regina’s ex-boyfriend Aaron Samuels, she finds herself prey in Regina’s crosshairs. As Cady sets to take down the group’s apex predator with the help of her outcast friends Janis and Damian, she must learn how to stay true to herself while navigating the most cutthroat jungle of all: high school.",12.3283,/fbbj3viSUDEGT1fFFMNpHP1iUjw.jpg,2024-01-10,False,False,5.857,760,['Comedy']
False,/j9eOeLlTGoHoM8BNUJVNyWmIvCi.jpg,"[10749, 35]",1072790,Anyone but You,en,Anyone but You,"After an amazing first date, Bea and Ben’s fiery attraction turns ice cold — until they find themselves unexpectedly reunited at a destination wedding in Australia. So they do what any two mature adults would do: pretend to be a couple.",12.3199,/5qHoazZiaLe7oFBok7XlUhg96f2.jpg,2023-12-21,False,False,6.753,3217,"['Romance', 'Comedy']"
False,/dNFbrnF0mIBm0rClbfEFWTtsgMP.jpg,"[53, 80, 9648]",65754,The Girl with the Dragon Tattoo,en,The Girl with the Dragon Tattoo,"Disgraced journalist Mikael Blomkvist investigates the disappearance of a weary patriarch's niece from 40 years ago. He is aided by the pierced, tattooed, punk computer hacker named Lisbeth Salander. As they work together in the investigation, Blomkvist and Salander uncover immense corruption beyond anything they have ever imagined.",12.3145,/8bokS83zGdhaXgN9tjidUKmAftW.jpg,2011-12-14,False,False,7.387,7796,"['Thriller', 'Crime', 'Mystery']"
False,/iPqoeXEfByDN399PQQ42IJHV2kN.jpg,"[12, 14, 10749]",50619,The Twilight Saga: Breaking Dawn - Part 1,en,The Twilight Saga: Breaking Dawn - Part 1,Bella Swan and Edward Cullen's honeymoon phase is abruptly disrupted by betrayals and unforeseen tragedies that endanger their world.,12.3135,/qs8LsHKYlVRmJbFUiSUhhRAygwj.jpg,2011-11-16,False,False,6.185,9410,"['Adventure', 'Fantasy', 'Romance']"
False,/owAe5rRStnX7ibVAPmza3NCXjCy.jpg,"[80, 18, 53]",23168,The Town,en,The Town,A proficient group of thieves rob a bank and hold the manager hostage. Things begin to get complicated when one of the crew members falls in love with her.,12.2992,/3NIzyXkfylsjflRKSz8Fts3lXzm.jpg,2010-09-15,False,False,7.227,5826,"['Crime', 'Drama', 'Thriller']"
False,/44Yi72Ut3NchXewQzx814ViE2dy.jpg,"[28, 12, 53]",22832,Ninja Assassin,en,Ninja Assassin,"Ninja Assassin follows Raizo, one of the deadliest assassins in the world. Taken from the streets as a child, he was transformed into a trained killer by the Ozunu Clan, a secret society whose very existence is considered a myth. But haunted by the merciless execution of his friend by the Clan, Raizo breaks free from them and vanishes. Now he waits, preparing to exact his revenge.",12.2901,/ipJ4mgqse6uoTRsDyU3TXmva1rt.jpg,2009-09-29,False,False,6.748,1866,"['Action', 'Adventure', 'Thriller']"
False,/hmEbQB5UlcwobldcSDNlLZiUnmA.jpg,"[10752, 28, 18]",193756,Lone Survivor,en,Lone Survivor,"Four Navy SEALs on a covert mission to neutralize a high-level Taliban operative must make an impossible moral decision in the mountains of Afghanistan that leads them into an enemy ambush. As they confront unthinkable odds, the SEALs must find reserves of strength and resilience to fight to the finish.",12.2835,/zaBIrloyhGK7iNTZMb3f9SARsl8.jpg,2013-12-24,False,False,7.43,4868,"['War', 'Action', 'Drama']"
False,/1wj8H9gdtkb98Tl3zu0hrHfW0qw.jpg,"[16, 12, 10751]",381719,Peter Rabbit,en,Peter Rabbit,Peter Rabbit's feud with Mr. McGregor escalates to greater heights than ever before as they rival for the affections of the warm-hearted animal lover who lives next door.,12.27,/lugOvdaNpbVGQK9TyMRDiUbLtY6.jpg,2018-02-07,False,False,6.697,1979,"['Animation', 'Adventure', 'Family']"
False,/e6LS0VXLHc4JJLXnzPXX5Aslvrs.jpg,"[10752, 18, 36]",14097,9th Company,ru,9 рота,"Russian army recruits complete training and take their posting in late 1980s Afghanistan, where the insurgents are slowly gaining the upper hand.",12.2618,/yKPr5DbUZRPsdT1gOhUnTVsnplg.jpg,2005-09-19,False,False,6.654,321,"['War', 'Drama', 'History']"
False,/6XjMwQTvnICBz6TguiDKkDVHvgS.jpg,"[27, 878, 53]",762441,A Quiet Place: Day One,en,A Quiet Place: Day One,"As New York City is invaded by alien creatures who hunt by sound, a woman named Sam fights to survive with her cat.",12.2503,/hU42CRk14JuPEdqZG3AWmagiPAP.jpg,2024-06-26,False,False,6.632,3557,"['Horror', 'Science Fiction', 'Thriller']"
False,/sGXCYMzr1sCnGNVuRpB2TOWPWDA.jpg,"[28, 878, 53, 37]",49849,Cowboys & Aliens,en,Cowboys & Aliens,"A stranger stumbles into the desert town of Absolution with no memory of his past and a futuristic shackle around his wrist. With the help of mysterious beauty Ella and the iron-fisted Colonel Dolarhyde, he finds himself leading an unlikely posse of cowboys, outlaws, and Apache warriors against a common enemy from beyond this world in an epic showdown for survival.",12.243,/9uZsGCP4rvOHVGCpMpYq5gNCuNI.jpg,2011-07-29,False,False,5.707,5614,"['Action', 'Science Fiction', 'Thriller', 'Western']"
False,/6QmX2BDVr1hIOIPHqnxvp1C1ZZp.jpg,"[35, 28, 80]",339846,Baywatch,en,Baywatch,"Devoted lifeguard Mitch Buchannon butts heads with a brash new recruit. Together, they uncover a local criminal plot that threatens the future of the Bay.",12.2373,/6HE4xd8zloDqmjMZuhUCCw2UcY1.jpg,2017-05-25,False,False,6.079,8621,"['Comedy', 'Action', 'Crime']"
False,/nByMcYBhChTs2TF9fEFcTSsjme5.jpg,"[27, 878, 9648]",8413,Event Horizon,en,Event Horizon,"In 2047, a group of astronauts are sent to investigate and salvage the starship Event Horizon which disappeared mysteriously seven years before on its maiden voyage. However, it soon becomes evident that something sinister resides in its corridors.",12.2367,/qfluaDXv0cIdLwgQWzNB2piHL2q.jpg,1997-08-15,False,False,6.597,3468,"['Horror', 'Science Fiction', 'Mystery']"
False,/zywtNiaZ9r7azrcNdl2j0jOgrkw.jpg,"[35, 18]",594,The Terminal,en,The Terminal,"An Eastern European tourist unexpectedly finds himself stranded in JFK airport, and must take up temporary residence there.",12.2307,/cPB3ZMM4UdsSAhNdS4c7ps5nypY.jpg,2004-06-17,False,False,7.355,8952,"['Comedy', 'Drama']"
False,/mJSe5dxKu8Sq0GfdjdWVqdGvzfV.jpg,"[14, 27, 28]",60304,Hansel & Gretel: Witch Hunters,en,Hansel & Gretel: Witch Hunters,"After getting a taste for blood as children, Hansel and Gretel have become the ultimate vigilantes, hell-bent on retribution. Now, unbeknownst to them, Hansel and Gretel have become the hunted, and must face an evil far greater than witches... their past.",12.2268,/j343Rpj3WeNvP0SV80zveve70io.jpg,2013-01-17,False,False,6.11,7224,"['Fantasy', 'Horror', 'Action']"
False,/5AhpUb8CAP0jZ4Wrn7AsRUYjZxB.jpg,"[28, 35, 878]",41154,Men in Black 3,en,Men in Black 3,"Agents J and K are back...in time. J has seen some inexplicable things in his 15 years with the Men in Black, but nothing, not even aliens, perplexes him as much as his wry, reticent partner. But when K's life and the fate of the planet are put at stake, Agent J will have to travel back in time to put things right. J discovers that there are secrets to the universe that K never told him - secrets that will reveal themselves as he teams up with the young Agent K to save his partner, the agency, and the future of humankind.",12.2146,/90DdoEStzeObs96fsYf4GG544iN.jpg,2012-05-23,False,False,6.547,11194,"['Action', 'Comedy', 'Science Fiction']"
False,/dYb6kgvoGjUH59n2uB4eV9xqmKR.jpg,"[28, 53, 80]",27582,The Mechanic,en,The Mechanic,"Arthur Bishop is a 'mechanic' - an elite assassin with a strict code requiring professional perfection and total detachment. One of an elite group of assassins, Bishop may be the best in the business - with a unique talent for cleanly eliminating targets. When Harry McKenna, his close friend and mentor, is murdered, Harry's son comes to him with vengeance in his heart and a desire to learn Bishop's trade, signaling the birth of a deadly partnership.",12.2097,/k37axEHszFP9WOVvbozxF0r7X7g.jpg,2011-01-13,False,False,6.546,3711,"['Action', 'Thriller', 'Crime']"
False,/3NfM0sRwVLnsQkCd5YBPGvM9a5v.jpg,"[18, 53, 36]",80278,The Impossible,en,The Impossible,"In December 2004, close-knit family Maria, Henry and their three sons begin their winter vacation in Thailand. But the day after Christmas, the idyllic holiday turns into an incomprehensible nightmare when a terrifying roar rises from the depths of the sea, followed by a wall of black water that devours everything in its path. Though Maria and her family face their darkest hour, unexpected displays of kindness and courage ameliorate their terror.",12.1952,/k0DLCiDbnYywOHiISALbl2EH2NE.jpg,2012-09-09,False,False,7.377,6848,"['Drama', 'Thriller', 'History']"
False,/ovPpGP2173A2Ltksvk56W59pU4p.jpg,[35],18654,Caffeine,en,Caffeine,"A fanciful battle of the sexes ensues when the relationships of the staff and patrons of a quirky London café are unexpectedly turned upside down by sudden revelations of terribly embarrassing secrets having to do with their sexual misadventures. The food is not that good, but you can be yourselves and show yourselves for what you are: maniacs, perverts, gays, cheaters, violent old women, cross-dressers, whining singers, broken hearts... Come in, there is room!",12.1944,/9XOO0EkctFIxgUuy7YlJCV4kbnV.jpg,2006-08-10,False,False,5.7,63,['Comedy']
False,/9trZvBr44UGedUOiGo3jgSUw13e.jpg,"[878, 27]",300668,Annihilation,en,Annihilation,"A biologist signs up for a dangerous, secret expedition into a mysterious zone where the laws of nature don't apply.",12.1785,/4YRplSk6BhH6PRuE9gfyw9byUJ6.jpg,2018-02-22,False,False,6.449,9624,"['Science Fiction', 'Horror']"
False,/pxL08w7Eq0vKrQ3mJzYp0VHGaKG.jpg,"[28, 53, 878]",49530,In Time,en,In Time,"In the not-too-distant future, the aging gene has been switched off. To avoid overpopulation, time has become the currency and the way people pay for luxuries and necessities. The rich can live forever, while the rest struggle to negotiate for their immortality. A poor young man who suddenly comes into a fortune of time finds himself on the run from a corrupt police force known as the ""time keepers"".",12.1623,/3Mwj2sIONQckOZP3YwsUXF7U5I4.jpg,2011-10-27,False,False,6.969,12417,"['Action', 'Thriller', 'Science Fiction']"
False,/oGMomeS7bE43eN8SGJUaKvQnmud.jpg,[18],70,Million Dollar Baby,en,Million Dollar Baby,"Despondent over a painful estrangement from his daughter, trainer Frankie Dunn isn't prepared for boxer Maggie Fitzgerald to enter his life. But Maggie's determined to go pro and to convince Dunn and his cohort to help her.",12.1607,/jcfEqKdWF1zeyvECPqp3mkWLct2.jpg,2004-12-05,False,False,7.953,10577,['Drama']
False,/jhM3wgWUrrOkz9r4xwV5cV5RhI4.jpg,[878],17654,District 9,en,District 9,"Thirty years ago, aliens arrive on Earth. Not to conquer or give aid, but to find refuge from their dying planet. Separated from humans in a South African area called District 9, the aliens are managed by Multi-National United, which is unconcerned with the aliens' welfare but will do anything to master their advanced technology. When a company field agent contracts a mysterious virus that begins to alter his DNA, there is only one place he can hide: District 9.",12.1423,/tuGlQkqLxnodDSk6mp5c2wvxUEd.jpg,2009-08-05,False,False,7.479,10641,['Science Fiction']
False,/mIpCxBWNz6SHCQBe2K2PFr5MB7f.jpg,"[16, 10751, 35, 14]",62211,Monsters University,en,Monsters University,A look at the relationship between Mike and Sulley during their days at Monsters University — when they weren't necessarily the best of friends.,12.1368,/y7thwJ7z5Bplv6vwl6RI0yteaDD.jpg,2013-06-19,False,False,7.058,11536,"['Animation', 'Family', 'Comedy', 'Fantasy']"
False,/bVyFGnX8kt0XtJXdx2F1HyOkIic.jpg,"[28, 878, 12]",565770,Blue Beetle,en,Blue Beetle,"Recent college grad Jaime Reyes returns home full of aspirations for his future, only to find that home is not quite as he left it. As he searches to find his purpose in the world, fate intervenes when Jaime unexpectedly finds himself in possession of an ancient relic of alien biotechnology: the Scarab.",12.134,/mXLOHHc1Zeuwsl4xYKjKh2280oL.jpg,2023-08-16,False,False,6.619,3260,"['Action', 'Science Fiction', 'Adventure']"
False,/yFkUPqBuUnbhYbQL8VFpTrAT9za.jpg,"[18, 878, 9648]",686,Contact,en,Contact,"A radio astronomer receives the first extraterrestrial radio signal ever picked up on Earth. As the world powers scramble to decipher the message and decide upon a course of action, she must make some difficult decisions between her beliefs, the truth, and reality.",12.1284,/bCpMIywuNZeWt3i5UMLEIc0VSwM.jpg,1997-07-11,False,False,7.449,5183,"['Drama', 'Science Fiction', 'Mystery']"
False,/9UAKA6ceZi6TgQwTAAMt7DWwYPI.jpg,[18],7345,There Will Be Blood,en,There Will Be Blood,"Ruthless silver miner, turned oil prospector, Daniel Plainview, moves to oil-rich California. Using his son to project a trustworthy, family-man image, Plainview cons local landowners into selling him their valuable properties for a pittance. However, local preacher Eli Sunday suspects Plainview's motives and intentions, starting a slow-burning feud that threatens both their lives.",12.1264,/fa0RDkAlCec0STeMNAhPaF89q6U.jpg,2007-12-26,False,False,8.1,7697,['Drama']
False,/jovIEk4cAxWmA2dBcPrfhn3jzYN.jpg,"[27, 53, 9648]",82507,Sinister,en,Sinister,"True-crime writer Ellison Oswalt is in a slump; he hasn't had a best seller in more than 10 years and is becoming increasingly desperate for a hit. So, when he discovers the existence of a snuff film showing the deaths of a family, he vows to solve the mystery. He moves his own family into the victims' home and gets to work. However, when old film footage and other clues hint at the presence of a supernatural force, Ellison learns that living in the house may be fatal.",12.126,/nzx10sca3arCeYBAomHan4Q6wa1.jpg,2012-10-04,False,False,6.871,6214,"['Horror', 'Thriller', 'Mystery']"
False,/whnFKx0Y54Ktg6o2TiwbnQfXdZf.jpg,"[14, 27, 9648]",1086747,The Watchers,en,The Watchers,"A young artist gets stranded in an extensive, immaculate forest in western Ireland, where, after finding shelter, she becomes trapped alongside three strangers, stalked by mysterious creatures each night.",12.1114,/vZVEUPychdvZLrTNwWErr9xZFmu.jpg,2024-06-06,False,False,6.349,1717,"['Fantasy', 'Horror', 'Mystery']"
False,/qDVdTL1KqGmGLGsy7UPA3vksku7.jpg,"[28, 12, 53]",9802,The Rock,en,The Rock,"When vengeful General Francis X. Hummel seizes control of Alcatraz Island and threatens to launch missiles loaded with deadly chemical weapons into San Francisco, only a young FBI chemical weapons expert and notorious Federal prisoner have the skills to penetrate the impregnable island fortress and take him down.",12.1091,/eBcoxveWzzXQrCrwWMGAROcqgpP.jpg,1996-06-07,False,False,7.157,5369,"['Action', 'Adventure', 'Thriller']"
False,/lWcNlDMmZ6xJVoCZjhFxqVl0TIa.jpg,"[28, 80, 18, 36, 53]",388399,Patriots Day,en,Patriots Day,"In the aftermath of an unspeakable act of terror, Police Sergeant Tommy Saunders joins courageous survivors, first responders and investigators in a race against the clock to hunt down the Boston Marathon bombers before they strike again.",12.0984,/mIDxsJTrOC7NhgOo3GziiHyKfsQ.jpg,2016-12-12,False,False,7.063,2918,"['Action', 'Crime', 'Drama', 'History', 'Thriller']"
False,/g3hni0i9iAQ13jDGOFWavJFlojc.jpg,"[28, 53]",341013,Atomic Blonde,en,Atomic Blonde,An undercover MI6 agent is sent to Berlin during the Cold War to investigate the murder of a fellow agent and recover a missing list of double agents.,12.0909,/kV9R5h0Yct1kR8Hf8sJ1nX0Vz4x.jpg,2017-07-26,False,False,6.442,6771,"['Action', 'Thriller']"
False,/gdUqfMhx1pqOj4BoI3lYAl8zaln.jpg,"[35, 18, 10749]",229297,Magic in the Moonlight,en,Magic in the Moonlight,"Set in the 1920s French Riviera, a master magician is commissioned to try and expose a psychic as a fraud.",12.0831,/mNYZUVDj4ORSPHWinmqJbXyuG6W.jpg,2014-07-25,False,False,6.492,2201,"['Comedy', 'Drama', 'Romance']"
False,/1ZVlzOBYCggLzvVYHK7Im6LohjC.jpg,"[14, 10751, 35]",1593,Night at the Museum,en,Night at the Museum,"Chaos reigns at the natural history museum when night watchman Larry Daley accidentally stirs up an ancient curse, awakening Attila the Hun, an army of gladiators, a Tyrannosaurus rex and other exhibits.",12.0813,/pDsAAYf6Zn0yiAGJ6lYGs6hoZ4E.jpg,2006-12-20,False,False,6.6,11196,"['Fantasy', 'Family', 'Comedy']"
False,/qSP072apfe2EEcd5Qg9vGYy2OLw.jpg,"[12, 878, 28, 9648]",262504,Allegiant,en,Allegiant,Beatrice Prior and Tobias Eaton venture into the world outside of the fence and are taken into protective custody by a mysterious agency known as the Bureau of Genetic Welfare.,12.0754,/faq9JlF8znUGQ5p3En1W61Fi5p0.jpg,2016-03-09,False,False,6.105,7108,"['Adventure', 'Science Fiction', 'Action', 'Mystery']"
False,/cDtefl7KGnKrDziEUXetMnztvqr.jpg,"[28, 53]",1573,Die Hard 2,en,Die Hard 2,"One year after his heroics in Los Angeles, John McClane is an off-duty cop who is the wrong guy in the wrong place at the wrong time. On a snowy Christmas Eve, as he waits for his wife's plane to land at Washington Dulles International Airport, terrorists take over the air traffic control system in a plot to free a South American army general and drug smuggler being flown into the US to face drug charges. It's now up to McClane to take on the terrorists, while coping with an inept airport police chief, an uncooperative anti-terrorist squad, and the life of his wife and everyone else trapped in planes circling overhead.",12.0635,/ybki0UWO3OPhaM6MSniuKC7sy1R.jpg,1990-07-03,False,False,6.967,6586,"['Action', 'Thriller']"
False,/dcvbs8z0GEXslC1kCT77x19XDeR.jpg,"[10402, 18]",424694,Bohemian Rhapsody,en,Bohemian Rhapsody,"Singer Freddie Mercury, guitarist Brian May, drummer Roger Taylor and bass guitarist John Deacon take the music world by storm when they form the rock 'n' roll band Queen in 1970. Hit songs become instant classics. When Mercury's increasingly wild lifestyle starts to spiral out of control, Queen soon faces its greatest challenge yet – finding a way to keep the band together amid the success and excess.",12.0534,/lHu1wtNaczFPGFDTrjCSzeLPTKN.jpg,2018-10-24,False,False,7.95,18036,"['Music', 'Drama']"
False,/spYx9XQFODuqEVoPpvaJI1ksAVt.jpg,"[28, 53, 18]",522938,Rambo: Last Blood,en,Rambo: Last Blood,"After fighting his demons for decades, John Rambo now lives in peace on his family ranch in Arizona, but his rest is interrupted when Gabriela, the granddaughter of his housekeeper María, disappears after crossing the border into Mexico to meet her biological father. Rambo, who has become a true father figure for Gabriela over the years, undertakes a desperate and dangerous journey to find her.",12.0455,/kTQ3J8oTTKofAVLYnds2cHUz9KO.jpg,2019-09-18,False,False,6.537,4333,"['Action', 'Thriller', 'Drama']"
False,/5HLNp2zEsXezVoXtOfLJE29xaUI.jpg,"[80, 18, 53]",1830,Lord of War,en,Lord of War,"Yuri Orlov is a globetrotting arms dealer and, through some of the deadliest war zones, he struggles to stay one step ahead of a relentless Interpol agent, his business rivals and even some of his customers who include many of the world's most notorious dictators. Finally, he must also face his own conscience.",12.0367,/3MGQD4yXokufNlW1AyRXdiy7ytP.jpg,2005-09-16,False,False,7.348,5535,"['Crime', 'Drama', 'Thriller']"
False,/P4bGyJQF0shAcRku3I2perNUQR.jpg,"[28, 80]",23483,Kick-Ass,en,Kick-Ass,"Dave Lizewski is an unnoticed high school student and comic book fan who one day decides to become a super-hero, even though he has no powers, training or meaningful reason to do so.",12.0341,/iHMbrTHJwocsNvo5murCBw0CwTo.jpg,2010-03-26,False,False,7.123,12631,"['Action', 'Crime']"
False,/nkr43pY7ZzUt9b0kDFwJLVuDP8G.jpg,"[28, 12, 878]",188927,Star Trek Beyond,en,Star Trek Beyond,"The USS Enterprise crew explores the furthest reaches of uncharted space, where they encounter a mysterious new enemy who puts them and everything the Federation stands for to the test.",12.0269,/wI5VghYNYLktDRPUa5rrVcVA1h7.jpg,2016-07-07,False,False,6.8,7257,"['Action', 'Adventure', 'Science Fiction']"
False,/wO0MIGcA7w7tBI9Ey80Q4Z7qnPm.jpg,"[16, 10751, 18, 12]",995133,"The Boy, the Mole, the Fox and the Horse",en,"The Boy, the Mole, the Fox and the Horse","The unlikely friendship of a boy, a mole, a fox and a horse traveling together in the boy's search for home.",12.0266,/wAKBWRhMmBtrCCuqmFwPm2RGTph.jpg,2022-12-25,False,False,8.208,772,"['Animation', 'Family', 'Drama', 'Adventure']"
False,/rXrpYOveFl76ivMmyb2612T7Q8w.jpg,"[28, 35, 80]",64688,21 Jump Street,en,21 Jump Street,"When cops Schmidt and Jenko join the secret Jump Street unit, they use their youthful appearances to go undercover as high school students. They trade in their guns and badges for backpacks, and set out to shut down a dangerous drug ring. But, as time goes on, Schmidt and Jenko discover that high school is nothing like it was just a few years earlier -- and, what's more, they must again confront the teenage terror and anxiety they thought they had left behind.",12.0191,/8v3Sqv9UcIUC4ebmpKWROqPBINZ.jpg,2012-03-14,False,False,6.9,11260,"['Action', 'Comedy', 'Crime']"
False,/24DZfupDlhXeTchmcOkoGRhP5Vg.jpg,"[12, 28, 53]",955,Mission: Impossible II,en,Mission: Impossible II,"With computer genius Luther Stickell at his side and a beautiful thief on his mind, agent Ethan Hunt races across Australia and Spain to stop a former IMF agent from unleashing a genetically engineered biological weapon called Chimera. This mission, should Hunt choose to accept it, plunges him into the center of an international crisis of terrifying magnitude.",12.0191,/hfnrual76gPeNFduhD4xzHWpfTw.jpg,2000-05-24,False,False,6.138,7806,"['Adventure', 'Action', 'Thriller']"
False,/5WparwIlAtSZW0tcWbK2NHEZJC6.jpg,"[18, 36]",310307,The Founder,en,The Founder,"The true story of how Ray Kroc, a salesman from Illinois, met Mac and Dick McDonald, who were running a burger operation in 1950s Southern California. Kroc was impressed by the brothers’ speedy system of making the food and saw franchise potential. He maneuvered himself into a position to be able to pull the company from the brothers and create a billion-dollar empire.",12.013,/8gLIksu5ggdfBL1UbeTeonHquxl.jpg,2016-11-24,False,False,7.153,5528,"['Drama', 'History']"
False,/fIWsCpYR9iGDMSbMTSAzy8L7Kg5.jpg,"[12, 28, 53]",710,GoldenEye,en,GoldenEye,"When a powerful secret defense system is stolen, James Bond is assigned to stop a Russian crime syndicate from using it.",12.01,/z0ljRnNxIO7CRBhLEO0DvLgAFPR.jpg,1995-11-16,False,False,6.9,4473,"['Adventure', 'Action', 'Thriller']"
False,/vPJwn9pp5f58CqdaXU3eOSLoJkl.jpg,"[28, 35, 80]",5175,Rush Hour 2,en,Rush Hour 2,"It's vacation time for Carter as he finds himself alongside Lee in Hong Kong wishing for more excitement. While Carter wants to party and meet the ladies, Lee is out to track down a Triad gang lord who may be responsible for killing two men at the American Embassy. Things get complicated as the pair stumble onto a counterfeiting plot. The boys are soon up to their necks in fist fights and life-threatening situations. A trip back to the U.S. may provide the answers about the bombing, the counterfeiting, and the true allegiance of sexy customs agent Isabella.",12.0086,/aBQf2vMiCINeVC9v6BGVYKXurTh.jpg,2001-08-03,False,False,6.777,4769,"['Action', 'Comedy', 'Crime']"
False,/xoYEe7RvAHWC59Jbo1tdktB4v2a.jpg,"[35, 10749]",50546,Just Go with It,en,Just Go with It,"While romancing Palmer, a much younger schoolteacher, plastic surgeon Danny Maccabee enlists his loyal assistant Katherine to pretend to be his soon to be ex-wife, in order to cover up a careless lie. When more lies backfire, Katherine's kids become involved, and everyone heads off for a weekend in Hawaii that will change all their lives.",12.0057,/5nr4n667HD80Wr7dYmqhIYi6CHN.jpg,2011-02-10,False,False,6.705,6236,"['Comedy', 'Romance']"
False,/H40nWdJngUc6gtytMAbElm9HOu.jpg,[18],881,A Few Good Men,en,A Few Good Men,"When cocky military lawyer Lt. Daniel Kaffee and his co-counsel, Lt. Cmdr. JoAnne Galloway, are assigned to a murder case, they uncover a hazing ritual that could implicate high-ranking officials such as shady Col. Nathan Jessep.",12.0034,/rLOk4z9zL1tTukIYV56P94aZXKk.jpg,1992-12-11,False,False,7.561,4318,['Drama']
False,/jxDo3i2f6Ab1XeTWjdNDkkZYEju.jpg,"[35, 80]",138832,We're the Millers,en,We're the Millers,A veteran pot dealer creates a fake family as part of his plan to move a huge shipment of weed into the U.S. from Mexico.,11.9937,/qF2LJ0jwWrtXSuT4AFD5OS2IqaT.jpg,2013-08-07,False,False,6.839,9656,"['Comedy', 'Crime']"
False,/3eQnD9CIUerbXbgtFE1zJNvEVVo.jpg,"[12, 16, 35, 10751]",11430,The Lion King 1½,en,The Lion King 1½,Timon the meerkat and Pumbaa the warthog are best pals and the unsung heroes of the African savanna. This prequel to the smash Disney animated adventure takes you back -- way back -- before Simba's adventure began. You'll find out all about Timon and Pumbaa and tag along as they search for the perfect home and attempt to raise a rambunctious lion cub.,11.9875,/u2hN0WT7Dz46HfhQbr6uzSYfVW4.jpg,2004-10-28,False,False,6.586,3206,"['Adventure', 'Animation', 'Comedy', 'Family']"
False,/689yJyzzy6yGj359HrsT9KWyeWA.jpg,"[28, 12, 878]",49529,John Carter,en,John Carter,"John Carter is a war-weary, former military captain who's inexplicably transported to the mysterious and exotic planet of Barsoom (Mars) and reluctantly becomes embroiled in an epic conflict. It's a world on the brink of collapse, and Carter rediscovers his humanity when he realizes the survival of Barsoom and its people rests in his hands.",11.9749,/lCxz1Yus07QCQQCb6I0Dr3Lmqpx.jpg,2012-03-07,False,False,6.385,6283,"['Action', 'Adventure', 'Science Fiction']"
False,/2lBOQK06tltt8SQaswgb8d657Mv.jpg,"[10752, 18, 36]",530915,1917,en,1917,"At the height of the First World War, two young British soldiers must cross enemy territory and deliver a message that will stop a deadly attack on hundreds of soldiers.",11.9569,/iZf0KyrE25z1sage4SYFLCCrMi9.jpg,2019-12-25,False,False,7.984,13884,"['War', 'Drama', 'History']"
False,/1RDto0tLo8Fhq7OcwgDaM7nECb7.jpg,"[80, 18, 36]",398978,The Irishman,en,The Irishman,"Pennsylvania, 1956. Frank Sheeran, a war veteran of Irish origin who works as a truck driver, accidentally meets mobster Russell Bufalino. Once Frank becomes his trusted man, Bufalino sends him to Chicago with the task of helping Jimmy Hoffa, a powerful union leader related to organized crime, with whom Frank will maintain a close friendship for nearly twenty years.",11.9543,/mbm8k3GFhXS0ROd9AD1gqYbIFbM.jpg,2019-11-01,False,False,7.569,7707,"['Crime', 'Drama', 'History']"
False,/ohijjhvNqAPKTURQr6VIF7xuAjY.jpg,"[28, 12, 14]",338970,Tomb Raider,en,Tomb Raider,"Lara Croft, the fiercely independent daughter of a missing adventurer, must push herself beyond her limits when she finds herself on the island where her father disappeared.",11.9454,/s4Qn5LF6OwK4rIifmthIDtbqDSs.jpg,2018-03-05,False,False,6.362,8509,"['Action', 'Adventure', 'Fantasy']"
False,/uuBYYlbfiYD7ny5VNj46NG14ykR.jpg,"[878, 53, 27]",520763,A Quiet Place Part II,en,A Quiet Place Part II,"Following the events at home, the Abbott family now face the terrors of the outside world. Forced to venture into the unknown, they realize that the creatures that hunt by sound are not the only threats that lurk beyond the sand path.",11.9347,/4q2hz2m8hubgvijz8Ez0T2Os2Yv.jpg,2021-05-21,False,False,7.428,7627,"['Science Fiction', 'Thriller', 'Horror']"
False,/nHyri67CN6juBR6hmOefCn9oGf8.jpg,"[35, 28, 80]",27581,The Other Guys,en,The Other Guys,"Unlike their heroic counterparts on the force, desk-bound NYPD detectives Gamble and Hoitz garner no headlines as they work day to day. When a seemingly minor case turns out to be a big deal, the two cops get the opportunity to finally prove to their comrades that they have the right stuff.",11.9254,/wNEHNqo3MgHmj3BUiPSqqq5czcm.jpg,2010-08-06,False,False,6.3,4689,"['Comedy', 'Action', 'Crime']"
False,/uBHeAB2Ug9ELBzkMyls8CUjzn4i.jpg,"[28, 878, 53]",64635,Total Recall,en,Total Recall,"Factory worker Doug Quaid takes a virtual mind-trip vacation with the Rekall company, opting for implanted memories of being a spy. When the procedure goes wrong, Quaid becomes a wanted man by the police and joins forces with a rebel fighter to stop the evil Chancellor Cohaagen.",11.9238,/hVUxVVzZ0WvvPIpKwsMPMDOQyqi.jpg,2012-08-02,False,False,6.035,6006,"['Action', 'Science Fiction', 'Thriller']"
False,/vz45GHSnBNYRcyoZe3UCQ4HD4D4.jpg,"[28, 878, 18]",110415,Snowpiercer,ko,설국열차,"In a future where a failed global-warming experiment kills off most life on the planet, a class system evolves aboard the Snowpiercer; a train that travels around the globe via a perpetual-motion engine.",11.914,/kw6YQudA0TMcNmGUGy5XIw7zbnV.jpg,2013-08-01,False,False,6.9,10670,"['Action', 'Science Fiction', 'Drama']"
False,/PrMb3oeEluauy0q9ZO5xL33A6C.jpg,"[878, 28, 53]",180,Minority Report,en,Minority Report,"John Anderton is a top 'Precrime' cop in the late-21st century, when technology can predict crimes before they're committed. But Anderton becomes the quarry when another investigator targets him for a murder charge.",11.9129,/ccqpHq5tk5W4ymbSbuoy4uYOxFI.jpg,2002-06-20,False,False,7.4,9928,"['Science Fiction', 'Action', 'Thriller']"
False,/4QJtcL4D3abqdX6Snrk8ciRkroa.jpg,[27],663712,Terrifier 2,en,Terrifier 2,"A year after the Miles County massacre, Art the Clown is resurrected by a sinister entity. Art returns home, where he must hunt down and destroy teenage Sienna and her younger brother Jonathan on Halloween. As the body count rises, the siblings fight to stay alive while uncovering the true nature of Art's evil intent.",11.9112,/qEAlwXbYk6IHA4ztoS2XFFaa7Xo.jpg,2022-10-06,False,False,6.654,2581,['Horror']
False,/1fL2S8LKxCVE9KoPRBXeagmBtex.jpg,"[27, 53]",1114513,Speak No Evil,en,Speak No Evil,"When an American family is invited to spend the weekend at the idyllic country estate of a charming British family they befriended on vacation, what begins as a dream holiday soon warps into a snarled psychological nightmare.",11.9108,/dA4N6uWOnEMgbxXwFX7qX7adzs8.jpg,2024-09-11,False,False,7.1,2324,"['Horror', 'Thriller']"
False,/wwdzmWC1Ra9SqPBrtCyRNJ4oYUO.jpg,"[37, 28, 18, 53]",12106,The Quick and the Dead,en,The Quick and the Dead,"A mysterious woman comes to compete in a quick-draw elimination tournament, in a town taken over by a notorious gunman.",11.904,/jhEmrXJpP6F3cqwyLjvgBgxxxFA.jpg,1995-02-09,False,False,6.554,2035,"['Western', 'Action', 'Drama', 'Thriller']"
False,/sGqqnvOqJg2HDHrjtCPIlCwF4Mu.jpg,"[28, 53]",423204,Angel Has Fallen,en,Angel Has Fallen,"After a treacherous attack, Secret Service agent Mike Banning is charged with attempting to assassinate President Trumbull. Chased by his own colleagues and the FBI, Banning begins a race against the clock to clear his name.",11.8942,/fapXd3v9qTcNBTm39ZC4KUVQDNf.jpg,2019-08-21,False,False,6.611,3972,"['Action', 'Thriller']"
False,/u4d4vymNPo1UuJ6ihtyy9OQgco2.jpg,"[28, 80, 53]",944,Lethal Weapon 4,en,Lethal Weapon 4,"With personal crises and age weighing in on them, LAPD officers Riggs and Murtaugh must contend with a deadly Chinese crime lord trying to get his brother out of prison.",11.8869,/pTLliHRoG0Qwp6qycmrMB4bD3mr.jpg,1998-07-10,False,False,6.607,3066,"['Action', 'Crime', 'Thriller']"
False,/5M92Rtz6r01HLrN0TMrU8jCbyVm.jpg,"[28, 80, 53]",82675,Taken 2,en,Taken 2,"In Istanbul, retired CIA operative Bryan Mills and his wife are taken hostage by the father of a kidnapper Mills killed while rescuing his daughter.",11.886,/yzAlcuJhpnxRPjaj7AHBRbNPQCJ.jpg,2012-09-27,False,False,6.371,7264,"['Action', 'Crime', 'Thriller']"
False,/mfnkxXWuh2Br097Qteq8ieqKfev.jpg,"[16, 35, 10751, 14]",159824,Hotel Transylvania 2,en,Hotel Transylvania 2,"When the old-old-old-fashioned vampire Vlad arrives at the hotel for an impromptu family get-together, Hotel Transylvania is in for a collision of supernatural old-school and modern day cool.",11.8781,/3nFnrivNgipSKZ8LZJJbRSlAcTR.jpg,2015-09-21,False,False,6.8,6252,"['Animation', 'Comedy', 'Family', 'Fantasy']"
False,/sVkjgKq8cwKm95LCyfrLldLbQIG.jpg,"[28, 18, 14]",274857,King Arthur: Legend of the Sword,en,King Arthur: Legend of the Sword,"When the child Arthur’s father is murdered, Vortigern, Arthur’s uncle, seizes the crown. Robbed of his birthright and with no idea who he truly is, Arthur comes up the hard way in the back alleys of the city. But once he pulls the sword Excalibur from the stone, his life is turned upside down and he is forced to acknowledge his true legacy... whether he likes it or not.",11.8761,/9kKXH6eJpzoFGhCbTN3FVwSQK3n.jpg,2017-05-09,False,False,6.56,6183,"['Action', 'Drama', 'Fantasy']"
False,/fE7RqvVHbGHjBC9NjIjlLh2t4zK.jpg,"[28, 18, 53]",2502,The Bourne Supremacy,en,The Bourne Supremacy,"A CIA operation to purchase classified Russian documents is blown by a rival agent, who then shows up in the sleepy seaside village where Bourne and Marie have been living. The pair run for their lives and Bourne, who promised retaliation should anyone from his former life attempt contact, is forced to once again take up his life as a trained assassin to survive.",11.8637,/jupG9sFT64YwM8PSkwkUD2wHcYD.jpg,2004-07-23,False,False,7.334,8405,"['Action', 'Drama', 'Thriller']"
False,/tnwMCH4yLBY4qpe6Nr4n66u4U3f.jpg,"[28, 80, 53]",400535,Sicario: Day of the Soldado,en,Sicario: Day of the Soldado,Agent Matt Graver teams up with operative Alejandro Gillick to prevent Mexican drug cartels from smuggling terrorists across the United States border.,11.8629,/qcLYofEhNh51Sk1jUWjmKHLzkqw.jpg,2018-06-27,False,False,6.944,4186,"['Action', 'Crime', 'Thriller']"
False,/p96949hcwUG2BwE6MgKmw0uYNCx.jpg,"[12, 28]",217,Indiana Jones and the Kingdom of the Crystal Skull,en,Indiana Jones and the Kingdom of the Crystal Skull,"Set during the Cold War, the Soviets—led by sword-wielding Irina Spalko—are in search of a crystal skull which has supernatural powers related to a mystical Lost City of Gold. Indy is coerced to head to Peru at the behest of a young man whose friend—and Indy's colleague—Professor Oxley has been captured for his knowledge of the skull's whereabouts.",11.8432,/56As6XEM1flWvprX4LgkPl8ii4K.jpg,2008-05-21,False,False,6.024,9240,"['Adventure', 'Action']"
False,/doNIj6jX27hhfcbD6GEb22ydLSF.jpg,"[16, 35, 10751]",22794,Cloudy with a Chance of Meatballs,en,Cloudy with a Chance of Meatballs,"Inventor Flint Lockwood creates a machine that makes clouds rain food, enabling the down-and-out citizens of Chewandswallow to feed themselves. But when the falling food reaches gargantuan proportions, Flint must scramble to avert disaster. Can he regain control of the machine and put an end to the wild weather before the town is destroyed?",11.8347,/qhOhIKf7QEyQ5dMrRUqs5eTX1Oq.jpg,2009-09-17,False,False,6.7,6623,"['Animation', 'Comedy', 'Family']"
False,/dgoFyczFZjnmUh3lmUHhkpauXa1.jpg,"[80, 53]",26850,Under Suspicion,en,Under Suspicion,"In the late 1950s, British police officer Tony Aaron resigns from the force after sleeping with Hazel, wife of the man whose house he was supposed to guard. In his new job as a fake private investigator, he helps couples get divorces by photographing Hazel having ""affairs"" with the husband. When she is murdered during a job, Tony begins having an affair with the dead man's mistress, Angeline, while trying to prove his innocence.",11.8346,/wnAcBVWvcQzHQEqS8SXXX3YyHbA.jpg,1991-09-27,False,False,5.941,127,"['Crime', 'Thriller']"
False,/zT9iYKMtmU82Jo44WbiuMOW7jRi.jpg,"[28, 18]",307081,Southpaw,en,Southpaw,"Billy ""The Great"" Hope, the reigning junior middleweight boxing champion, has an impressive career, a loving wife and daughter, and a lavish lifestyle. However, when tragedy strikes, Billy hits rock bottom, losing his family, his house and his manager. He soon finds an unlikely savior in Tick Willis, a former fighter who trains the city's toughest amateur boxers. With his future on the line, Hope fights to reclaim the trust of those he loves the most.",11.8342,/kSQ49Fi3NVTqGGXILmxV2T2pdkG.jpg,2015-07-22,False,False,7.362,5929,"['Action', 'Drama']"
False,/vm8mhrjk5nQ562UQ0KbUzi0yOHr.jpg,"[28, 12, 878]",427641,Rampage,en,Rampage,"Primatologist Davis Okoye shares an unshakable bond with George, the extraordinarily intelligent, silverback gorilla who has been in his care since birth.  But a rogue genetic experiment gone awry mutates this gentle ape into a raging creature of enormous size.  To make matters worse, it’s soon discovered there are other similarly altered animals.  As these newly created alpha predators tear across North America, destroying everything in their path, Okoye teams with a discredited genetic engineer to secure an antidote, fighting his way through an ever-changing battlefield, not only to halt a global catastrophe but to save the fearsome creature that was once his friend.",11.8318,/MGADip4thVSErP34FAAfzFBTZ5.jpg,2018-04-11,False,False,6.467,7721,"['Action', 'Adventure', 'Science Fiction']"
False,/vjwuT8EzWY96W6nrJKZNI2WJU87.jpg,"[28, 53, 80]",8909,Wanted,en,Wanted,"Doormat Wesley Gibson is an office worker whose life is going nowhere. He meets an attractive woman named Fox and discovers that his recently murdered father - whom Wesley never knew - belonged to the Fraternity, a secret society of assassins which takes its orders from Fate itself. Fox and Sloan, the Fraternity's leader, teach Wesley, through intense training, to tap into dormant powers and hone his innate killing skills. Though he enjoys his newfound abilities, he begins to suspect that there is more to the Fraternity than meets the eye.",11.8195,/njy7Pz7ZHZceO7lNfGIHKphY8Hd.jpg,2008-06-19,False,False,6.531,7779,"['Action', 'Thriller', 'Crime']"
False,/5lWIYxYEqWi8j3ZloxXntw3ImBo.jpg,"[16, 35, 10751, 14]",360920,The Grinch,en,The Grinch,The Grinch hatches a scheme to ruin Christmas when the residents of Whoville plan their annual holiday celebration. But a certain little who might change things.,11.8173,/Al7DMUp8bqUN4JwXVNxfJYyv5cH.jpg,2018-11-08,False,False,6.862,4520,"['Animation', 'Comedy', 'Family', 'Fantasy']"
False,/vbcUqIQZl7q7O2op2NT0ZqTLXxH.jpg,"[14, 28, 18]",37958,Immortals,en,Immortals,"Theseus is a mortal man chosen by Zeus to lead the fight against the ruthless King Hyperion, who is on a rampage across Greece to obtain a weapon that can destroy humanity.",11.8078,/4SPPX5KIyaQ9O8n5rLvvUIiIhpF.jpg,2011-11-10,False,False,6.051,2897,"['Fantasy', 'Action', 'Drama']"
False,/qX5T5GVAcq2UKaaiAx5SZp1AtlY.jpg,"[80, 28, 878]",198184,Chappie,en,Chappie,"Every child comes into the world full of promise, and none more so than Chappie: he is gifted, special, a prodigy. Like any child, Chappie will come under the influence of his surroundings—some good, some bad—and he will rely on his heart and soul to find his way in the world and become his own man. But there's one thing that makes Chappie different from any one else: he is a robot.",11.8041,/uuDUpzlMFomdSfNWlpEPS9nVZWV.jpg,2015-03-04,False,False,6.791,8658,"['Crime', 'Action', 'Science Fiction']"
False,/nv6F6tz7r61DUhE7zgHwLJFcTYp.jpg,"[35, 10749, 80]",974635,Hit Man,en,Hit Man,A mild-mannered professor moonlighting as a fake hit man in police stings ignites a chain reaction of trouble when he falls for a potential client.,11.7933,/oil3EZwKFp3CWxZnfGfGglesvm9.jpg,2024-05-16,False,False,6.782,1752,"['Comedy', 'Romance', 'Crime']"
False,/dn3gbDpXPSwC6saMJOHkCiFA9jn.jpg,"[14, 12, 10751, 35]",974262,Descendants: The Rise of Red,en,Descendants: The Rise of Red,"After the Queen of Hearts incites a coup on Auradon, her rebellious daughter Red and Cinderella's perfectionist daughter Chloe join forces and travel back in time to try to undo the traumatic event that set Red's mother down her villainous path.",11.7931,/8fYluTtB3b3HKO7KQa5tzrvGaps.jpg,2024-07-11,False,False,6.739,529,"['Fantasy', 'Adventure', 'Family', 'Comedy']"
False,/5mbFEJStH59cNFcF7VkRgsSxMqK.jpg,"[28, 53, 878]",10483,Death Race,en,Death Race,"Terminal Island, New York: 2020. Overcrowding in the US penal system has reached a breaking point. Prisons have been turned over to a monolithic Weyland Corporation, which sees jails full of thugs as an opportunity for televised sport. Adrenalized inmates, a global audience hungry for violence and a spectacular, enclosed arena come together to form the 'Death Race', the biggest, most brutal event.",11.7665,/8ASwIBJSyUXUdlPLVjExnOghBar.jpg,2008-08-22,False,False,6.321,4260,"['Action', 'Thriller', 'Science Fiction']"
False,/jDz6RYN3nKYtlo7J9IMvGoJit7B.jpg,"[18, 12, 28, 36]",79,Hero,zh,英雄,"During China's Warring States period, a district prefect arrives at the palace of Qin Shi Huang, claiming to have killed the three assassins who had made an attempt on the king's life three years ago.",11.7584,/vxgZto2Cz7ILHAlmRXt50I2brB2.jpg,2002-12-19,False,False,7.501,2589,"['Drama', 'Adventure', 'Action', 'History']"
False,/xSfBWkAarrPwwfiGBAMt8wqxUUH.jpg,"[28, 12, 53]",138103,The Expendables 3,en,The Expendables 3,"Barney, Christmas and the rest of the team comes face-to-face with Conrad Stonebanks, who years ago co-founded The Expendables with Barney. Stonebanks subsequently became a ruthless arms trader and someone who Barney was forced to kill… or so he thought. Stonebanks, who eluded death once before, now is making it his mission to end The Expendables -- but Barney has other plans. Barney decides that he has to fight old blood with new blood, and brings in a new era of Expendables team members, recruiting individuals who are younger, faster and more tech-savvy. The latest mission becomes a clash of classic old-school style versus high-tech expertise in the Expendables’ most personal battle yet.",11.7531,/utS5euWHlEdKBNnEFwjpZ2oGuhF.jpg,2014-08-07,False,False,6.201,5452,"['Action', 'Adventure', 'Thriller']"
False,/bWOfRV1Ubk9SWEDZDDjsmIUCcbZ.jpg,"[35, 10402]",254470,Pitch Perfect 2,en,Pitch Perfect 2,"The Bellas are back, and they are better than ever. After being humiliated in front of none other than the President of the United States of America, the Bellas are taken out of the Aca-Circuit. In order to clear their name, and regain their status, the Bellas take on a seemingly impossible task: winning an international competition no American team has ever won. In order to accomplish this monumental task, they need to strengthen the bonds of friendship and sisterhood and blow away the competition with their amazing aca-magic! With all new friends and old rivals tagging along for the trip, the Bellas can hopefully accomplish their dreams.",11.7403,/fQaEGzFmvTYu3G641WV0Tg9auAt.jpg,2015-05-07,False,False,6.84,5583,"['Comedy', 'Music']"
False,/9xjUZjuYyehv2qnqMH0oR9nSTft.jpg,"[80, 18, 53]",9702,Bound by Honor,en,Bound by Honor,"Based on the true life experiences of poet Jimmy Santiago Baca, the film focuses on two Indigenous Latino American half-brothers Paco and Cruz, and their bi-racial (half-Indigenous Latino American and half-European American) cousin Miklo. It opens in 1972, as the three are members of an East L.A. gang known as the ""Vatos Locos"", and the story focuses on how a violent crime and the influence of narcotics alter their lives. Miklo is incarcerated and sent to San Quentin, where he makes a ""home"" for himself. Cruz becomes an exceptional artist, but a heroin addiction overcomes him with tragic results. Paco becomes a cop and an enemy to his ""carnal"", Miklo.",11.7299,/8t9ojZ7fyn5iTqKCVjGvJ6nMacN.jpg,1993-02-05,False,False,8.22,1629,"['Crime', 'Drama', 'Thriller']"
False,/kEuQWHte2erRpAICrYqkAZaZAAY.jpg,"[28, 878, 12]",415,Batman & Robin,en,Batman & Robin,"Batman and his sidekick Robin attempt to the foil the sinister schemes of a deranged set of new villains, most notably the melancholy Mr. Freeze, who wants to make Gotham City into an arctic region, and the sultry Poison Ivy, a botanical femme fatale. As the Dynamic Duo contend with these bad guys, a third hero, Batgirl, joins the ranks of the city's crime-fighters.",11.7256,/i7hEUpDuMN2LOrCEifFyGSHZQSY.jpg,1997-06-20,False,False,4.395,5546,"['Action', 'Science Fiction', 'Adventure']"
False,/ix9WYBqQ2xSZCgyeQ1vVdrbaFa4.jpg,"[28, 53]",107846,Escape Plan,en,Escape Plan,"Ray Breslin is the world's foremost authority on structural security. After analyzing every high security prison and learning a vast array of survival skills so he can design escape-proof prisons, his skills are put to the test. He's framed and incarcerated in a master prison he designed himself. He needs to escape and find the person who put him behind bars.",11.7246,/qOZPLflxDqKogu9v9hYw3lolxGs.jpg,2013-10-09,False,False,6.718,5734,"['Action', 'Thriller']"
False,/yqh3mb9jd3GTTs09ZlnW4mxS95z.jpg,"[10751, 35]",11674,101 Dalmatians,en,101 Dalmatians,"An evil, high-fashion designer plots to steal Dalmatian puppies in order to make an extravagant fur coat, but instead creates an extravagant mess.",11.7159,/8o2ADoAyG796UwTjwBFjPyBz0yG.jpg,1996-11-27,False,False,5.948,3724,"['Family', 'Comedy']"
False,/hsDyfAk2ml82IrpPC4AHvxvuTsn.jpg,"[18, 36, 10752]",8741,The Thin Red Line,en,The Thin Red Line,"The story of a group of men, an Army Rifle company called C-for-Charlie, who change, suffer, and ultimately make essential discoveries about themselves during the fierce World War II battle of Guadalcanal. It follows their journey, from the surprise of an unopposed landing, through the bloody and exhausting battles that follow, to the ultimate departure of those who survived.",11.7152,/seMydAaoxQP6F0xbE1jOcTmn5Jr.jpg,1998-12-23,False,False,7.438,3424,"['Drama', 'History', 'War']"
False,/jwBiY1kE5089i2WpfS1MHDYp3VO.jpg,"[18, 35]",391713,Lady Bird,en,Lady Bird,"Lady Bird McPherson, a strong willed, deeply opinionated, artistic 17 year old comes of age in Sacramento. Her relationship with her mother and her upbringing are questioned and tested as she plans to head off to college.",11.7052,/gl66K7zRdtNYGrxyS2YDUP5ASZd.jpg,2017-09-01,False,False,7.248,9168,"['Drama', 'Comedy']"
False,/wUwizGzbTk5CTiKBnE4Pq1MONwD.jpg,"[16, 12, 28, 10751, 14]",560057,The Sea Beast,en,The Sea Beast,"When a young girl stows away on the ship of a legendary sea monster hunter, they launch an epic journey into uncharted waters — and make history to boot.",11.7041,/9Zfv4Ap1e8eKOYnZPtYaWhLkk0d.jpg,2022-06-24,False,False,7.332,1773,"['Animation', 'Adventure', 'Action', 'Family', 'Fantasy']"
False,/kHJlXiwxcMAf9R934f0ncEBAMXg.jpg,"[10749, 18]",1252309,Tell Me What You Want,es,Pídeme lo que quieras,"After his father's death, Eric Zimmerman travels to Spain to oversee his company's branches. In Madrid, he falls for Judith and engage in an intense, erotic relationship full of exploration. However, Eric fears his secret may end their affair.",11.6995,/yZXYCiZQPB7Ui6D5206W1zDKv8P.jpg,2024-11-29,False,False,6.099,317,"['Romance', 'Drama']"
False,/ktPixrzD9Rbet7Co4uUWxyR9191.jpg,"[35, 10751, 10749]",9880,The Princess Diaries,en,The Princess Diaries,"A socially awkward but very bright 15-year-old girl being raised by a single mom discovers that she is the princess of a small European country because of the recent death of her long-absent father, who, unknown to her, was the crown prince of Genovia. She must make a choice between continuing the life of a San Francisco teen or stepping up to the throne.",11.6979,/7axhsbEzFan6HQQ1aMOy7w3CFRx.jpg,2001-08-03,False,False,6.962,5365,"['Comedy', 'Family', 'Romance']"
False,/8GGAXEXaTPMDGa0sCPyFcitvlD9.jpg,"[878, 28, 53]",169,Predator 2,en,Predator 2,A police chief in the war-torn streets of Los Angeles discovers that an extraterrestrial creature is hunting down residents - and that he is the next target.,11.6925,/83X4VwY9sdSJykskmsplIVG0a4h.jpg,1990-11-21,False,False,6.313,3988,"['Science Fiction', 'Action', 'Thriller']"
False,/deLWkOLZmBNkm8p16igfapQyqeq.jpg,"[14, 28, 12]",763215,Damsel,en,Damsel,A young woman's marriage to a charming prince turns into a fierce fight for survival when she's offered up as a sacrifice to a fire-breathing dragon.,11.6898,/AgHbB9DCE9aE57zkHjSmseszh6e.jpg,2024-03-07,False,False,6.98,2922,"['Fantasy', 'Action', 'Adventure']"
False,/rzsMWXQ7GaN60wIpg3yf01iBmXy.jpg,"[53, 18, 878]",450465,Glass,en,Glass,"In a series of escalating encounters, former security guard David Dunn uses his supernatural abilities to track Kevin Wendell Crumb, a disturbed man who has twenty-four personalities. Meanwhile, the shadowy presence of Elijah Price emerges as an orchestrator who holds secrets critical to both men.",11.6881,/svIDTNUoajS8dLEo7EosxvyAsgJ.jpg,2019-01-16,False,False,6.665,9256,"['Thriller', 'Drama', 'Science Fiction']"
False,/m6yveMsilptiQgFlpnprybTmo25.jpg,"[35, 10749]",35688,Why Did I Get Married Too?,en,Why Did I Get Married Too?,Four couples reunite for their annual vacation in order to socialize and to spend time analyzing their marriages. Their intimate week in the Bahamas is disrupted by the arrival of an ex-husband determined to win back his recently remarried wife.,11.6864,/ctWuunKnm8bcG8cz40wndtdvV0W.jpg,2010-04-02,False,False,6.593,177,"['Comedy', 'Romance']"
False,/nPWy5KISy7BbUOQcg588dflKzTL.jpg,"[27, 9648, 53]",576845,Last Night in Soho,en,Last Night in Soho,"A young girl, passionate about fashion design, is mysteriously able to enter the 1960s where she encounters her idol, a dazzling wannabe singer. But 1960s London is not what it seems, and time seems to be falling apart with shady consequences.",11.681,/n1ZRmjlk1BJTY7aASqACfPAaLn2.jpg,2021-10-21,False,False,7.3,4015,"['Horror', 'Mystery', 'Thriller']"
False,/2Y6Q7eYDXoolcHjYCAyJQlE2CVT.jpg,"[27, 18, 9648]",1813,The Devil's Advocate,en,The Devil's Advocate,"Aspiring Florida defense lawyer Kevin Lomax accepts a job at a New York law firm. With the stakes getting higher every case, Kevin quickly learns that his boss has something far more evil planned.",11.6796,/5ZzBGpxy55OQzHxKVY11IpY6a0o.jpg,1997-10-17,False,False,7.481,7032,"['Horror', 'Drama', 'Mystery']"
False,/pWmJBkdb0EMb3PSd2f9wjza0krb.jpg,"[28, 18, 878]",8656,Deep Impact,en,Deep Impact,"A seven-mile-wide space rock is hurtling toward Earth, threatening to obliterate the planet. Now, it's up to the president of the United States to save the world. He appoints a tough-as-nails veteran astronaut to lead a joint American-Russian crew into space to destroy the comet before impact. Meanwhile, an enterprising reporter uses her smarts to uncover the scoop of the century.",11.6734,/a3vQS7JKqlOb3MdVJHuTCP9s7Mg.jpg,1998-05-08,False,False,6.256,3459,"['Action', 'Drama', 'Science Fiction']"
False,/jdZM1Gs6DtRGvosgqaXRrIkvYX7.jpg,"[10749, 18]",762975,Purple Hearts,en,Purple Hearts,"An aspiring musician agrees to a marriage of convenience with a soon-to-deploy Marine, but a tragedy soon turns their fake relationship all too real.",11.6685,/4JyNWkryifWbWXJyxcWh3pVya6N.jpg,2022-07-29,False,False,8.042,2940,"['Romance', 'Drama']"
False,/6tuNQ16hC4Qp7wjTweKzUnnLBkI.jpg,"[27, 9648]",565,The Ring,en,The Ring,Journalist Rachel Keller investigates a strange videotape that may be behind the untimely deaths of four teenagers. There is an urban legend about this tape: the viewer will die seven days after watching it. Rachel tracks down the video... and watches it. Now she has just seven days to unravel the mystery of the Ring in order to save herself and her son.,11.6567,/AeRpUynJKDpJveklBJipOYrVxCS.jpg,2002-10-18,False,False,6.708,6866,"['Horror', 'Mystery']"
False,/1R4DZbEwWTPnRShBumJsOwsfAiB.jpg,"[28, 12, 878]",8247,Jumper,en,Jumper,"David Rice is a man who knows no boundaries, a Jumper, born with the uncanny ability to teleport instantly to anywhere on Earth. When he discovers others like himself, David is thrust into a dangerous and bloodthirsty war while being hunted by a sinister and determined group of zealots who have sworn to destroy all Jumpers. Now, David’s extraordinary gift may be his only hope for survival!",11.6401,/3pPZ9JhNz3VMmASVir5SMHvTDUU.jpg,2008-02-13,False,False,6.173,6421,"['Action', 'Adventure', 'Science Fiction']"
False,/dNplOw9U5IzlY7nNiaMS0JSVobp.jpg,"[35, 18]",1029955,Kinds of Kindness,en,Kinds of Kindness,"A triptych fable following a man without choice who tries to take control of his own life; a policeman who is alarmed that his wife who was missing-at-sea has returned and seems a different person; and a woman determined to find a specific someone with a special ability, who is destined to become a prodigious spiritual leader.",11.6342,/50lPmjIpDs8gKfgK7fPIeKzpllh.jpg,2024-05-30,False,False,6.5,1357,"['Comedy', 'Drama']"
False,/ytTQoYkdpsgtfDWrNFCei8Mfbxu.jpg,"[16, 10751, 12, 14, 35]",529203,The Croods: A New Age,en,The Croods: A New Age,"Searching for a safer habitat, the prehistoric Crood family discovers an idyllic, walled-in paradise that meets all of its needs. Unfortunately, they must also learn to live with the Bettermans -- a family that's a couple of steps above the Croods on the evolutionary ladder. As tensions between the new neighbors start to rise, a new threat soon propels both clans on an epic adventure that forces them to embrace their differences, draw strength from one another, and survive together.",11.6325,/tbVZ3Sq88dZaCANlUcewQuHQOaE.jpg,2020-11-25,False,False,7.438,4237,"['Animation', 'Family', 'Adventure', 'Fantasy', 'Comedy']"
False,/mJaIjahqXpWtDVMMLQr81yRNniG.jpg,"[53, 80, 18]",109091,The Counselor,en,The Counselor,A lawyer finds himself in far over his head when he attempts to get involved in drug trafficking.,11.6239,/aNiLkGnzVb5CorZHKk16w9S4COt.jpg,2013-10-25,False,False,5.291,2035,"['Thriller', 'Crime', 'Drama']"
False,/rvRGFevvZK48onX0PYI1eQLbuJd.jpg,[37],33,Unforgiven,en,Unforgiven,"William Munny is a retired, once-ruthless killer turned gentle widower and hog farmer. To help support his two motherless children, he accepts one last bounty-hunter mission to find the men who brutalized a prostitute. Joined by his former partner and a cocky greenhorn, he takes on a corrupt sheriff.",11.6226,/54roTwbX9fltg85zjsmrooXAs12.jpg,1992-08-07,False,False,7.914,5101,['Western']
False,/b96OdaJce7Zu70NYe8vmlfOQUUN.jpg,"[878, 28, 53]",346910,The Predator,en,The Predator,"When a young boy accidentally triggers the universe's most lethal hunters' return to Earth, only a ragtag crew of ex-soldiers and a disgruntled scientist can prevent the end of the human race.",11.6218,/a3eWGF6YPF7No5Rbtjc8QpDvz7l.jpg,2018-09-05,False,False,5.618,5267,"['Science Fiction', 'Action', 'Thriller']"
False,/e8CS8iisJ7PCJUwWUm0KLbsnKWl.jpg,"[27, 53]",9902,Wrong Turn,en,Wrong Turn,"Chris crashes into a carload of other young people, and the group of stranded motorists is soon lost in the woods of West Virginia, where they're hunted by three cannibalistic mountain men who are grossly disfigured by generations of inbreeding.",11.6188,/12G5V0dTmljnv7RFMT144dJ2chh.jpg,2003-05-30,False,False,6.401,3112,"['Horror', 'Thriller']"
False,/4ycpMe25LYpzGW42U9amyW9gM53.jpg,"[53, 18, 9648, 80]",322,Mystic River,en,Mystic River,The lives of three men who were childhood friends are shattered when one of them suffers a family tragedy.,11.5906,/hCHVDbo6XJGj3r2i4hVjKhE0GKF.jpg,2003-10-08,False,False,7.743,7677,"['Thriller', 'Drama', 'Mystery', 'Crime']"
False,/qkl57wzSFrpi2sRpoc2mZJbMuLP.jpg,"[14, 18, 10749]",50620,The Twilight Saga: Breaking Dawn - Part 2,en,The Twilight Saga: Breaking Dawn - Part 2,"After the birth of Renesmee, the Cullens gather other vampire clans in order to protect the child from a false allegation that puts the family in front of the Volturi.",11.5883,/7IGdPaKujv0BjI0Zd0m0a4CzEjJ.jpg,2012-11-13,False,False,6.451,9496,"['Fantasy', 'Drama', 'Romance']"
False,/sNnPbPopZxGO3s7Hd5qcqoMyLXl.jpg,"[28, 35, 53, 12]",739405,Operation Fortune: Ruse de Guerre,en,Operation Fortune: Ruse de Guerre,Special agent Orson Fortune and his team of operatives recruit one of Hollywood's biggest movie stars to help them on an undercover mission when the sale of a deadly new weapons technology threatens to disrupt the world order.,11.5829,/uo7vWfQUlVwueYTDRicXOJa8Oow.jpg,2023-01-04,False,False,6.469,2059,"['Action', 'Comedy', 'Thriller', 'Adventure']"
False,/rxMnmklIpunsNsRkQ7hw61ZJa84.jpg,"[28, 80, 53]",189,Sin City: A Dame to Kill For,en,Sin City: A Dame to Kill For,Some of Sin City's most hard-boiled citizens cross paths with a few of its more reviled inhabitants.,11.5829,/50kALxDX4mmzIRljbNbPY0u4cie.jpg,2014-08-20,False,False,6.401,4267,"['Action', 'Crime', 'Thriller']"
False,/eVIuBKpeLB8rkozkj8bVmxDuAsp.jpg,"[18, 37, 10749, 10752]",4476,Legends of the Fall,en,Legends of the Fall,"In early 20th-century Montana, Col. William Ludlow lives on a ranch in the wilderness with his sons, Alfred, Tristan, and Samuel. Eventually, the unconventional but close-knit family are bound by loyalty, tested by war, and torn apart by love, as told over the course of several decades in this epic saga.",11.5824,/89DRDb6mmNkIekqSeAzz13faQDt.jpg,1994-12-23,False,False,7.4,2939,"['Drama', 'Western', 'Romance', 'War']"
False,/t4V34FTYzZl0ZMdAXAK0T7DE3ie.jpg,"[28, 12, 16, 878, 53]",12244,9,en,9,"When 9 first comes to life, he finds himself in a post-apocalyptic world. All humans are gone, and it is only by chance that he discovers a small community of others like him taking refuge from fearsome machines that roam the earth intent on their extinction. Despite being the neophyte of the group, 9 convinces the others that hiding will do them no good.",11.5704,/3uqXGOH4BQ2CLJWkDJZ0PzbUzOn.jpg,2009-08-19,False,False,6.964,4014,"['Action', 'Adventure', 'Animation', 'Science Fiction', 'Thriller']"
False,/r2u2MOaOLWSi6onaAo37Vf39xGy.jpg,"[16, 10751, 14, 35]",1040148,"Ruby Gillman, Teenage Kraken",en,"Ruby Gillman, Teenage Kraken","Ruby Gillman, a sweet and awkward high school student, discovers she's a direct descendant of the warrior kraken queens. The kraken are sworn to protect the oceans of the world against the vain, power-hungry mermaids. Destined to inherit the throne from her commanding grandmother, Ruby must use her newfound powers to protect those she loves most.",11.5656,/8ChIb3WzYAcza1vrXR56v510MWk.jpg,2023-06-28,False,False,7.134,1140,"['Animation', 'Family', 'Fantasy', 'Comedy']"
False,/8lBViysvNJBPkl6zG1LVAaW3qhj.jpg,"[28, 12, 53]",206647,Spectre,en,Spectre,"A cryptic message from Bond’s past sends him on a trail to uncover a sinister organization. While M battles political forces to keep the secret service alive, Bond peels back the layers of deceit to reveal the terrible truth behind SPECTRE.",11.5639,/zj8ongFhtWNsVlfjOGo8pSr7PQg.jpg,2015-10-26,False,False,6.571,11478,"['Action', 'Adventure', 'Thriller']"
False,/qVzmXKKOTtd3szkiCheCNrfa394.jpg,"[18, 80, 53]",1538,Collateral,en,Collateral,Cab driver Max picks up a man who offers him $600 to drive him around. But the promise of easy money sours when Max realizes his fare is an assassin.,11.5492,/nV5316WUsVij8sVXLCF1g7TFitg.jpg,2004-08-04,False,False,7.248,6484,"['Drama', 'Crime', 'Thriller']"
False,/hbZT53Kng9UXWAq2oHaPPbp4B83.jpg,"[28, 12, 14, 35, 10749, 18]",21835,A Chinese Odyssey Part Two: Cinderella,cn,西遊記大結局之仙履奇緣,"This sequel to ""Pandora's Box"" continues director Jeffrey Lau's adaptation of the Buddhism saga ""Journey to the West"". Stranded five centuries in the past, Joker Monkey King must battle a variety of monsters, seductive women and super-powered villains to save the dying Pak Jing-Jing.",11.547,/ksloRonL1kOq4yErf9LOJ5qDhem.jpg,1995-02-04,False,False,7.7,271,"['Action', 'Adventure', 'Fantasy', 'Comedy', 'Romance', 'Drama']"
False,/yd750mff5FTjwMenmBMWRezbuSe.jpg,[35],8457,Drillbit Taylor,en,Drillbit Taylor,"Dealing with a sociopathic school bully, three high school freshmen hire a low-budget bodyguard to protect them, not realizing he is just a homeless beggar and petty thief looking for some easy cash.",11.5454,/shqO696kFnM8Z4ODa3JglcjP97u.jpg,2008-02-04,False,False,5.85,1137,['Comedy']
False,/5yrQsEuuqc4s8t8nszLxAAGQpR2.jpg,"[28, 53, 80]",13387,Transporter 3,en,Transporter 3,"Frank Martin puts the driving gloves on to deliver Valentina, the kidnapped daughter of a Ukrainian government official, from Marseilles to Odessa on the Black Sea. En route, he has to contend with thugs who want to intercept Valentina's safe delivery and not let his personal feelings get in the way of his dangerous objective.",11.5374,/o4w9VF3GRZuXe9NHHvZ07pJespl.jpg,2008-11-26,False,False,6.172,3778,"['Action', 'Thriller', 'Crime']"
False,/k7GM13qRYSour3lk90Dq1EwdpoW.jpg,"[18, 53, 9648]",2649,The Game,en,The Game,"In honor of his birthday, San Francisco banker Nicholas Van Orton, a financial genius and a cold-hearted loner, receives an unusual present from his younger brother, Conrad: a gift certificate to play a unique kind of game. In nary a nanosecond, Nicholas finds himself consumed by a dangerous set of ever-changing rules, unable to distinguish where the charade ends and reality begins.",11.5304,/4UOa079915QjiTA2u5hT2yKVgUu.jpg,1997-09-12,False,False,7.576,7569,"['Drama', 'Thriller', 'Mystery']"
False,/hUn13Hom8OWMYpR1ay0diwswwdP.jpg,"[80, 9648, 53]",2118,L.A. Confidential,en,L.A. Confidential,Three detectives in the corrupt and brutal L.A. police force of the 1950s use differing methods to uncover a conspiracy behind the shotgun slayings of the patrons at an all-night diner.,11.5286,/lWCgf5sD5FpMljjpkRhcC8pXcch.jpg,1997-09-19,False,False,7.807,5726,"['Crime', 'Mystery', 'Thriller']"
False,/cqXEwYFcwyKPZCKl1jAPaG3cMsl.jpg,"[878, 28, 12]",13475,Star Trek,en,Star Trek,"The fate of the galaxy rests in the hands of bitter rivals. One, James Kirk, is a delinquent, thrill-seeking Iowa farm boy. The other, Spock, a Vulcan, was raised in a logic-based society that rejects all emotion. As fiery instinct clashes with calm reason, their unlikely but powerful partnership is the only thing capable of leading their crew through unimaginable danger, boldly going where no one has gone before. The human adventure has begun again.",11.5205,/lV5OpzAss1z06YNagOVap1I35mH.jpg,2009-05-06,False,False,7.437,10718,"['Science Fiction', 'Action', 'Adventure']"
False,/yRutvYkM3OP8N9oqqfjSK1VC7fs.jpg,"[27, 878, 53]",762504,Nope,en,Nope,"Residents in a lonely gulch of inland California bear witness to an uncanny, chilling discovery.",11.5164,/AcKVlWaNVVVFQwro3nLXqPljcYA.jpg,2022-07-20,False,False,6.828,5169,"['Horror', 'Science Fiction', 'Thriller']"
False,/oihWVx3imvRKujnGmSDYhfG1gI5.jpg,"[35, 27]",19908,Zombieland,en,Zombieland,"Columbus has made a habit of running from what scares him. Tallahassee doesn't have fears. If he did, he'd kick their ever-living ass. In a world overrun by zombies, these two are perfectly evolved survivors. But now, they're about to stare down the most terrifying prospect of all: each other.",11.5091,/dUkAmAyPVqubSBNRjRqCgHggZcK.jpg,2009-10-02,False,False,7.26,13469,"['Comedy', 'Horror']"
False,/75UPGUm2Zm6M60szq1gQisDF4g.jpg,"[878, 53]",1954,The Butterfly Effect,en,The Butterfly Effect,"A young man struggles to access sublimated childhood memories. He finds a technique that allows him to travel back into the past, to occupy his childhood body and change history. However, he soon finds that every change he makes has unexpected consequences.",11.4992,/ea5iv7TWMh18fOKoRGgmtcg85Gx.jpg,2004-01-17,False,False,7.578,8510,"['Science Fiction', 'Thriller']"
False,/x5EUEv1N9g4BCX9GQXKvv3nqMVo.jpg,"[10752, 28, 36]",429351,12 Strong,en,12 Strong,A team of special forces head into Afghanistan in the aftermath of the September 11th attacks in an attempt to dismantle the Taliban.,11.4984,/37Qwani2g0jVPU7N4OkkTZ7aERz.jpg,2018-01-18,False,False,6.375,3257,"['War', 'Action', 'History']"
False,/cS45swrlrTJijH1RblBLe8LlW2p.jpg,"[80, 18, 53]",37094,Falling Down,en,Falling Down,An ordinary man frustrated with the various flaws he sees in society begins to psychotically and violently lash out against them.,11.4969,/7ujqyF96Zg3rfrsh9M0cEF0Yzqj.jpg,1993-02-26,False,False,7.399,4244,"['Crime', 'Drama', 'Thriller']"
False,/yiWfT2Bl1Nul3Xie39Ahs3FqSjA.jpg,"[12, 14, 18, 10749]",24021,The Twilight Saga: Eclipse,en,The Twilight Saga: Eclipse,"Bella once again finds herself surrounded by danger as Seattle is ravaged by a string of mysterious killings and a malicious vampire continues her quest for revenge. In the midst of it all, she is forced to choose between her love for Edward and her friendship with Jacob, knowing that her decision has the potential to ignite the ageless struggle between vampire and werewolf. With her graduation quickly approaching, Bella is confronted with the most important decision of her life.",11.4939,/dK4Gi1UdMiHzHc7r7CZQG4IQ9Sr.jpg,2010-06-23,False,False,6.187,9386,"['Adventure', 'Fantasy', 'Drama', 'Romance']"
False,/dCgrFY6uTqhEpyhe8MzP1oExyLt.jpg,"[80, 27, 53]",1032823,Trap,en,Trap,"A father and teen daughter attend a pop concert, where they realize they're at the center of a dark and sinister event.",11.4924,/jwoaKYVqPgYemFpaANL941EF94R.jpg,2024-07-31,False,False,6.221,3017,"['Crime', 'Horror', 'Thriller']"
False,/p2wRmV9WbzPLdgd1HoeqdZeuBXi.jpg,"[878, 28, 53]",929,Godzilla,en,Godzilla,"French nuclear tests irradiate an iguana into a giant monster that viciously attacks freighter ships in the Pacific Ocean. A team of experts, including Niko Tatopoulos, conclude that the oversized reptile is the culprit. Before long, the giant lizard is loose in Manhattan as the US military races to destroy the monster before it reproduces and it's spawn takes over the world.",11.4826,/xJVl1I95StraYAwaNbBkVoWE2qA.jpg,1998-05-20,False,False,5.657,4352,"['Science Fiction', 'Action', 'Thriller']"
False,/2sE6hrwfn9IV7eDlMvpIb9q1EWy.jpg,"[35, 10402, 10749]",114150,Pitch Perfect,en,Pitch Perfect,"College student Beca knows she does not want to be part of a clique, but that's exactly where she finds herself after arriving at her new school. Thrust in among mean gals, nice gals and just plain weird gals, Beca finds that the only thing they have in common is how well they sing together. She takes the women of the group out of their comfort zone of traditional arrangements and into a world of amazing harmonic combinations in a fight to the top of college music competitions.",11.4771,/gsFoJk9g8W3zgaipRrrURk7LbiF.jpg,2012-09-28,False,False,7.265,6991,"['Comedy', 'Music', 'Romance']"
False,/3mIVOqDbYeucnw09TpjgHvSjXfu.jpg,"[27, 53, 80]",300669,Don't Breathe,en,Don't Breathe,A group of teens break into a blind man's home thinking they'll get away with the perfect crime. They're wrong.,11.4765,/dSxHyPZ2nipSfvdft4IhQKjk5eZ.jpg,2016-06-08,False,False,7.019,8144,"['Horror', 'Thriller', 'Crime']"
False,/iiPBXynI88EgnpunHoUlBCnLpSE.jpg,"[9648, 53]",2832,Identity,en,Identity,"Complete strangers stranded at a remote desert motel during a raging storm soon find themselves the target of a deranged murderer. As their numbers thin out, the travelers begin to turn on each other, as each tries to figure out who the killer is.",11.4712,/sYgimsiBywqVwJI8H4sETke8m7v.jpg,2003-04-25,False,False,7.2,4531,"['Mystery', 'Thriller']"
False,/6ITVHoipvxAS8luzKtHTbPaHLtT.jpg,"[18, 35, 10749]",153,Lost in Translation,en,Lost in Translation,"Two lost souls visiting Tokyo -- the young, neglected wife of a photographer and a washed-up movie star shooting a TV commercial -- find an odd solace and pensive freedom to be real in each other's company, away from their lives in America.",11.4676,/3jCLmYDIIiSMPujbwygNpqdpM8N.jpg,2003-09-18,False,False,7.379,8311,"['Drama', 'Comedy', 'Romance']"
False,/9EnZD3ZWjpJy4IPoQkqTzxvZrso.jpg,"[12, 28, 9648]",2059,National Treasure,en,National Treasure,"Modern treasure hunters, led by archaeologist Ben Gates, search for a chest of riches rumored to have been stashed away by George Washington, Thomas Jefferson and Benjamin Franklin during the Revolutionary War. The chest's whereabouts may lie in secret clues embedded in the Constitution and the Declaration of Independence, and Gates is in a race to find the gold before his enemies do.",11.4566,/jKbZBMRFpF2EfFuvrsDZ2uQYsEQ.jpg,2004-11-19,False,False,6.653,7055,"['Adventure', 'Action', 'Mystery']"
False,/W034dd7w2malON26KWyZm4y37W.jpg,"[12, 28, 14]",1735,The Mummy: Tomb of the Dragon Emperor,en,The Mummy: Tomb of the Dragon Emperor,"Archaeologist Rick O'Connell travels to China, pitting him against an emperor from the 2,000-year-old Han dynasty who's returned from the dead to pursue a quest for world domination. This time, O'Connell enlists the help of his wife and son to quash the so-called 'Dragon Emperor' and his abuse of supernatural power.",11.4504,/A3acM1lX5PNWQa6r5qeMAJOxbnT.jpg,2008-07-01,False,False,5.52,4929,"['Adventure', 'Action', 'Fantasy']"
False,/uS18gs16EXfFJhjA11cXj4WWPMb.jpg,"[80, 53]",298,Ocean's Thirteen,en,Ocean's Thirteen,"Danny Ocean's team of criminals are back and composing a plan more personal than ever. When ruthless casino owner Willy Bank doublecrosses Reuben Tishkoff, causing a heart attack, Danny Ocean vows that he and his team will do anything to bring down Willy Bank along with everything he's got. Even if it means asking for help from an enemy.",11.4455,/pBsZs4zYUiUTemqbikTZ76iQRaU.jpg,2007-06-05,False,False,6.731,7077,"['Crime', 'Thriller']"
False,/6R9nT6m8wmzayV5XOQq3TRA6yZw.jpg,"[28, 35, 10749]",22538,Scott Pilgrim vs. the World,en,Scott Pilgrim vs. the World,"As bass guitarist for a garage-rock band, Scott Pilgrim has never had trouble getting a girlfriend; usually, the problem is getting rid of them. But when Ramona Flowers skates into his heart, he finds she has the most troublesome baggage of all: an army of ex-boyfriends who will stop at nothing to eliminate him from her list of suitors.",11.439,/g5IoYeudx9XBEfwNL0fHvSckLBz.jpg,2010-08-12,False,False,7.484,8869,"['Action', 'Comedy', 'Romance']"
False,/pwGmXVKUgKN13psUjlhC9zBcq1o.jpg,"[28, 14]",634492,Madame Web,en,Madame Web,"Forced to confront revelations about her past, paramedic Cassandra Webb forges a relationship with three young women destined for powerful futures...if they can all survive a deadly present.",11.4383,/rULWuutDcN5NvtiZi4FRPzRYWSh.jpg,2024-02-14,False,False,5.277,2704,"['Action', 'Fantasy']"
False,/uGs5Z7dMguf7kxWubGFcp9EhKcy.jpg,"[12, 28, 53]",10764,Quantum of Solace,en,Quantum of Solace,"Betrayed by Vesper, the woman he loved, 007 fights the urge to make his latest mission personal. Pursuing his determination to uncover the truth, Bond and M interrogate Mr. White, who reveals that the organization that blackmailed Vesper is far more complex and dangerous than anyone had imagined.",11.4364,/e3DXXLJHGqMx9yYpXsql1XNljmM.jpg,2008-10-29,False,False,6.344,8755,"['Adventure', 'Action', 'Thriller']"
False,/ctu2jbJ4NpQX2SKXdIMCYfwDCsO.jpg,"[28, 80, 53]",4824,The Jackal,en,The Jackal,"Hired by a powerful member of the Russian mafia to avenge an FBI sting that left his brother dead, a psychopathic hitman known only as The Jackal proves an elusive target for the people charged with the task of bringing him down: a deputy FBI director, a Russian MVK Major,  and a jailed IRA terrorist who can recognize him.",11.4252,/oXF26QmDEaRaH9Fbhs3NXtcnryx.jpg,1997-11-14,False,False,6.408,2208,"['Action', 'Crime', 'Thriller']"
False,/oQHF0Y4gCw6VdPmapjsbZoxY2ht.jpg,"[80, 18]",359940,"Three Billboards Outside Ebbing, Missouri",en,"Three Billboards Outside Ebbing, Missouri","After seven months have passed without a culprit in her daughter's murder case, Mildred Hayes makes a bold move, painting three signs leading into her town with a controversial message directed at Bill Willoughby, the town's revered chief of police. When his second-in-command Officer Jason Dixon, an immature mother's boy with a penchant for violence, gets involved, the battle between Mildred and Ebbing's law enforcement is only exacerbated.",11.4245,/bRYLt8fV82tdVoDppSFTZIcJiLN.jpg,2017-12-01,False,False,8.052,11175,"['Crime', 'Drama']"
False,/gwHVYWTYZIW6MM8EgFEiQEMWAAR.jpg,[35],61930,Bagnomaria,it,Bagnomaria,"In Pietrasanta all are excited for the annual party of summer end. Here we find four characters: Merigo, a naive guy passionate of bike; Pierre, son of the mayor; Simone, a pestiferous kid; Mario, lifeguard of ""Bagnomaria"".",11.4154,/7yxgsYHa1RCUYdnSyc73uazjgpT.jpg,1999-02-12,False,False,5.868,117,['Comedy']
False,/snlu32RmjldF9b068UURJg8sQtn.jpg,"[28, 80, 14]",414,Batman Forever,en,Batman Forever,"Batman faces off against two foes: the schizophrenic, horribly scarred former District Attorney Harvey Dent, aka Two-Face, and the Riddler, a disgruntled ex-Wayne Enterprises inventor seeking revenge against his former employer by unleashing his brain-sucking weapon on Gotham City's residents. As the caped crusader also copes with tortured memories of his parents' murder, he has a new romance, with psychologist Chase Meridian.",11.4103,/i0fJS8M5UKoETjjJ0zwUiKaR8tr.jpg,1995-06-16,False,False,5.462,5737,"['Action', 'Crime', 'Fantasy']"
False,/kMZIMqEXO5MFd5Y1Ha2jZZF4pvF.jpg,"[27, 9648]",882598,Smile,en,Smile,"After witnessing a bizarre, traumatic incident involving a patient, Dr. Rose Cotter starts experiencing frightening occurrences that she can't explain.",11.4096,/aPqcQwu4VGEewPhagWNncDbJ9Xp.jpg,2022-09-23,False,False,6.7,4245,"['Horror', 'Mystery']"
False,/86b0NGY1i0bt3ckhkcHxiCSMxk1.jpg,"[14, 27, 28, 53]",36586,Blade II,en,Blade II,"Blade forms an uneasy alliance with the vampire council in order to combat the Reapers, who are feeding on vampires.",11.4064,/wAn6VYamKbnOtfyTZ6arVtkMzDv.jpg,2002-03-22,False,False,6.573,5397,"['Fantasy', 'Horror', 'Action', 'Thriller']"
False,/5vDuLrjJXFS9PTF7Q1xzobmYKR9.jpg,"[12, 28, 878]",1895,Star Wars: Episode III - Revenge of the Sith,en,Star Wars: Episode III - Revenge of the Sith,"When the sinister Sith unveil a thousand-year-old plot to rule the galaxy, the Republic crumbles and from its ashes rises the evil Galactic Empire. Jedi hero Anakin Skywalker must choose a side.",11.3995,/xfSAoBEm9MNBjmlNcDYLvLSMlnq.jpg,2005-05-17,False,False,7.474,15294,"['Adventure', 'Action', 'Science Fiction']"
False,/ltt9yiCGmCQZunmxtkhtPxzmDzx.jpg,"[10751, 35, 12]",499701,Dora and the Lost City of Gold,en,Dora and the Lost City of Gold,"Dora, a girl who has spent most of her life exploring the jungle with her parents, now must navigate her most dangerous adventure yet: high school. Always the explorer, Dora quickly finds herself leading Boots (her best friend, a monkey), Diego, and a rag tag group of teens on an adventure to save her parents and solve the impossible mystery behind a lost Inca civilization.",11.3984,/xvYCZ740XvngXK0FNeSNVTJJJ5v.jpg,2019-08-08,False,False,6.618,1866,"['Family', 'Comedy', 'Adventure']"
False,/sDhABATFQX8nfTHShTfH8HeqKY1.jpg,"[80, 18, 53]",819,Sleepers,en,Sleepers,Two gangsters seek revenge on the state jail worker who during their stay at a youth prison sexually abused them. A sensational court hearing takes place to charge him for the crimes.,11.3906,/yUpiEk2EojS9ZEXb3nIQonQCYYF.jpg,1996-10-18,False,False,7.596,4032,"['Crime', 'Drama', 'Thriller']"
False,/u4UpRDi0w84aNrigr9p049rMHiy.jpg,"[35, 10751, 14, 10749]",4523,Enchanted,en,Enchanted,"The beautiful princess Giselle is banished by an evil queen from her magical, musical animated land and finds herself in the gritty reality of the streets of modern-day Manhattan. Shocked by this strange new environment that doesn't operate on a ""happily ever after"" basis, Giselle is now adrift in a chaotic world badly in need of enchantment. But when Giselle begins to fall in love with a charmingly flawed divorce lawyer who has come to her aid - even though she is already promised to a perfect fairy tale prince back home - she has to wonder: Can a storybook view of romance survive in the real world?",11.3897,/8KCNzCArLlvLdQoHx6npua2VSVc.jpg,2007-11-20,False,False,6.8,5817,"['Comedy', 'Family', 'Fantasy', 'Romance']"
False,/6KLKdhk9wZvJ6OcTzDCoxup0Kmh.jpg,[18],2567,The Aviator,en,The Aviator,"A biopic depicting the life of filmmaker and aviation pioneer Howard Hughes from 1927 to 1947, during which time he became a successful film producer and an aviation magnate, while simultaneously growing more unstable due to severe obsessive-compulsive disorder.",11.3873,/lx4kWcZc3o9PaNxlQpEJZM17XUI.jpg,2004-12-17,False,False,7.216,5996,['Drama']
False,/6oVyb2vnpXbc3fD47Hepe0HJ9uw.jpg,"[28, 18, 53]",787723,13 Minutes,en,13 Minutes,"As a new day begins in the small American town of Minninnewah, the residents start their day as ordinary as the next. Mother Nature, however, has other plans for them. Inhabitants have just 13 minutes to seek shelter before the largest tornado on record ravages the town, leaving them struggling to protect their loved ones and fighting for their lives. Left to deal with the aftermath, four families must overcome their differences and find strength in each other in order to survive.",11.3868,/oKng4fEr4QgS869UuWLSjAsR2rz.jpg,2021-10-29,False,False,5.827,304,"['Action', 'Drama', 'Thriller']"
False,/ewUqXnwiRLhgmGhuksOdLgh49Ch.jpg,"[12, 878, 35]",696806,The Adam Project,en,The Adam Project,"After accidentally crash-landing in 2022, time-traveling fighter pilot Adam Reed teams up with his 12-year-old self on a mission to save the future.",11.3843,/wFjboE0aFZNbVOF05fzrka9Fqyx.jpg,2022-03-11,False,False,6.985,5148,"['Adventure', 'Science Fiction', 'Comedy']"
False,/nazre7z7MoUwAqimnrSlMlfLR5t.jpg,"[18, 80, 53]",22803,Law Abiding Citizen,en,Law Abiding Citizen,A frustrated man decides to take justice into his own hands after a plea bargain sets one of his family's killers free. He targets not only the killer but also the district attorney and others involved in the deal.,11.3751,/fcEXcip7v0O1ndV4VUdFqJSqbOg.jpg,2009-10-15,False,False,7.396,5846,"['Drama', 'Crime', 'Thriller']"
False,/lVmcX3hlJqsUGkEOEZkRFiOQdLv.jpg,"[27, 9648]",4233,Scream 2,en,Scream 2,"Two years after the Woodsboro murders, Sidney Prescott acclimates to college life while someone donning the Ghostface costume begins a new string of killings.",11.3743,/dORlVasiaDkJXTqt9bdH7nFNs6C.jpg,1997-12-12,False,False,6.5,4889,"['Horror', 'Mystery']"
False,/rlVpm5r7vZYyU9JHWf9UGOVDo5M.jpg,[27],26466,Triangle,en,Triangle,"When Jess sets sail on a yacht with a group of friends, she cannot shake the feeling that there is something wrong.",11.3544,/cRlMrbc4Iof7vN0ZqHwJnMBYBLi.jpg,2009-10-16,False,False,6.91,3123,['Horror']
False,/87tmTU1NSR5EUGTKsF5rhLwZtZc.jpg,"[12, 18]",5915,Into the Wild,en,Into the Wild,"After graduating from Emory University in 1992, top student and athlete Christopher McCandless abandons his possessions, gives his entire $24,000 savings account to charity, and hitchhikes to Alaska to live in the wilderness.",11.3529,/jnLnLYP5pGDfri04gxtAqAvkHMw.jpg,2007-09-21,False,False,7.795,10336,"['Adventure', 'Drama']"
False,/ozsLB1HRCN6ZAmJN89pWtoiAwnb.jpg,"[28, 35, 80]",5174,Rush Hour 3,en,Rush Hour 3,"After a botched assassination attempt, the mismatched duo finds themselves in Paris, struggling to retrieve a precious list of names, as the murderous crime syndicate's henchmen try their best to stop them. Once more, Lee and Carter must fight their way through dangerous gangsters; however, this time, the past has come back to haunt Lee. Will the boys get the job done once and for all?",11.341,/mp9CzKxLa2i7yblMXUrzVfGqsCo.jpg,2007-08-08,False,False,6.5,3849,"['Action', 'Comedy', 'Crime']"
False,/3Q7gL6aLgxdIZY4gCLxtT53XfUS.jpg,"[9648, 18, 10749]",12531,The Apartment,fr,L'Appartement,"Max is a former playboy who has decided to settle down by marrying his current love, Muriel. However, when Max catches a glimpse of the great lost love of his life, he becomes obsessed with rekindling their relationship.",11.3381,/8EWKKGnAQPdTXhr2aRde1aLwPQn.jpg,1996-07-27,False,False,6.819,254,"['Mystery', 'Drama', 'Romance']"
False,/3sF2wc5SRQaBs0kC7Jhanz5NnbO.jpg,"[35, 80]",9072,Little Man,en,Little Man,"After leaving prison, dwarf criminal Calvin Sims joins his moron brother Percy in stealing an expensive huge diamond from a jewelry store for the mobster Walken. They are chased by the police, and Calvin hides the stone in the purse of executive Vanessa Edwards, whose husband Darryl Edwards wants to have a baby. Percy convinces Calvin to dress like a baby and be left in front of the Edwards' house to get inside the house and retrieve the diamond. Darryl and Vanessa keep Calvin for the weekend and decide to adopt him, while Walken threatens Darryl to get the stone back.",11.3352,/9KzPw1VN0pMBnq1KIqBaLI8LAB7.jpg,2006-08-31,False,False,5.942,1956,"['Comedy', 'Crime']"
False,/ithoU8bcAj5dIaKkhN4ybiiWhyK.jpg,"[10751, 35, 18]",13156,Secondhand Lions,en,Secondhand Lions,"The comedic adventures of an introverted boy left on the doorstep of a pair of reluctant, eccentric great-uncles, whose exotic remembrances stir the boy's spirit and re-ignite the men's lives.",11.3291,/mYIMMAma7DCACRfiGhHAybPAdKa.jpg,2003-09-19,False,False,7.237,860,"['Family', 'Comedy', 'Drama']"
False,/uUJp5I4IbzuhdUiEx4R9OAoFpbz.jpg,"[27, 9648]",951491,Saw X,en,Saw X,"Between the events of 'Saw' and 'Saw II', a sick and desperate John Kramer travels to Mexico for a risky and experimental medical procedure in hopes of a miracle cure for his cancer, only to discover the entire operation is a scam to defraud the most vulnerable. Armed with a newfound purpose, the infamous serial killer returns to his work, turning the tables on the con artists in his signature visceral way through devious, deranged, and ingenious traps.",11.3277,/u7Lp1Hi8aBS73jv4KRMIv5aK4ax.jpg,2023-09-27,False,False,7.151,2469,"['Horror', 'Mystery']"
False,/oQ024BtJgArg8WI4zfuc2vkCJno.jpg,"[18, 36]",363676,Sully,en,Sully,"On 15 January 2009, the world witnessed the 'Miracle on the Hudson' when Captain 'Sully' Sullenberger glided his disabled plane onto the Hudson River, saving the lives of all 155 souls aboard. However, even as Sully was being heralded by the public and the media for his unprecedented feat of aviation skill, an investigation was unfolding that threatened to destroy his reputation and career.",11.3265,/4vs83YcJ8TsabADDtaeCJ6ZTjYY.jpg,2016-09-07,False,False,7.205,7877,"['Drama', 'History']"
False,/yaIu82UiD9QZEkKCGrAd8VAmc0V.jpg,"[12, 28, 878]",9804,Waterworld,en,Waterworld,"In a futuristic world where the polar ice caps have melted and made Earth a liquid planet, a beautiful barmaid rescues a mutant seafarer from a floating island prison. They escape, along with her young charge, Enola, and sail off aboard his ship. But the trio soon becomes the target of a menacing pirate who covets the map to 'Dryland'—which is tattooed on Enola's back.",11.3224,/X4UyUO5jgzs3c5YafnmYKLKKYw.jpg,1995-07-28,False,False,6.238,4223,"['Adventure', 'Action', 'Science Fiction']"
False,/kT8orKwz2bmRdHBLnG44yucYtFy.jpg,"[28, 53]",204082,Homefront,en,Homefront,"Phil Broker, a retired DEA agent, leads a quiet life with his daughter Maddy, until a school bullying incident draws them into a conflict with Morgan “Gator” Bodine, a local crime boss.",11.3223,/v55tfjL3QGeabkXAMXPb4olwjL0.jpg,2013-11-12,False,False,6.951,3956,"['Action', 'Thriller']"
False,/y9jGaGNn1dQDhPkhMumXaLize73.jpg,"[878, 12, 28]",348350,Solo: A Star Wars Story,en,Solo: A Star Wars Story,"Through a series of daring escapades deep within a dark and dangerous criminal underworld, Han Solo meets his mighty future copilot Chewbacca and encounters the notorious gambler Lando Calrissian.",11.3145,/4oD6VEccFkorEBTEDXtpLAaz0Rl.jpg,2018-05-15,False,False,6.552,9500,"['Science Fiction', 'Adventure', 'Action']"
False,/f3ATwil5vmUeTsogBaMEKbBYBth.jpg,"[18, 10752, 9648]",46738,Incendies,fr,Incendies,"A mother's last wishes send twins Jeanne and Simon on a journey to Middle East in search of their tangled roots. Adapted from Wajdi Mouawad's acclaimed play, Incendies tells the powerful and moving tale of two young adults' voyage to the core of deep-rooted hatred, never-ending wars and enduring love.",11.2953,/yH6DAQVgbyj72S66gN4WWVoTjuf.jpg,2010-09-17,False,False,8.1,3460,"['Drama', 'War', 'Mystery']"
False,/zaX6d5GCtb2CmOH9jrHBl58xxBY.jpg,"[18, 36]",395991,Only the Brave,en,Only the Brave,Members of the Granite Mountain Hotshots battle deadly wildfires to save an Arizona town.,11.2943,/db5IkOJu9UHktrKroNktw1Z8ARY.jpg,2017-09-22,False,False,7.484,1947,"['Drama', 'History']"
False,/a2tys4sD7xzVaogPntGsT1ypVoT.jpg,"[53, 35, 80]",804150,Cocaine Bear,en,Cocaine Bear,"Inspired by a true story, an oddball group of cops, criminals, tourists and teens converge in a Georgia forest where a 500-pound black bear goes on a murderous rampage after unintentionally ingesting cocaine.",11.2938,/gOnmaxHo0412UVr1QM5Nekv1xPi.jpg,2023-02-22,False,False,5.986,2528,"['Thriller', 'Comedy', 'Crime']"
False,/eSVu1FvGPy86TDo4hQbpuHx55DJ.jpg,"[28, 12, 878]",700391,65,en,65,"65 million years ago, the only 2 survivors of a spaceship from Somaris that crash-landed on Earth, must fend off dinosaurs to reach the escape vessel in time before an imminent asteroid strike threatens to destroy the planet.",11.2926,/rzRb63TldOKdKydCvWJM8B6EkPM.jpg,2023-03-02,False,False,5.955,2965,"['Action', 'Adventure', 'Science Fiction']"
False,/e5lxpaVyazQX723A3svR17WxckP.jpg,[18],519465,Queen of Hearts,da,Dronningen,"Anne, a brilliant and dedicated advocacy lawyer specialising in society’s most vulnerable, children and young adults, lives what appears to be the picture-perfect life with her doctor-husband, Peter, and their twin daughters. When her estranged teenage stepson, Gustav, moves in with them, Anne’s escalating desire leads her down a dangerous rabbit hole which, once exposed, unleashes a sequence of events destined to destroy her world.",11.2894,/dfFVDIgovEfQZn53VRKLV2JQnRJ.jpg,2019-03-27,False,False,6.911,393,['Drama']
False,/yGOHbICOQwlJ20UjK8F2ChGJjvl.jpg,"[28, 53, 80]",1089,Point Break,en,Point Break,"In Los Angeles, a gang of bank robbers who call themselves The Ex-Presidents commit their crimes while wearing masks of Reagan, Carter, Nixon and Johnson. Believing that the members of the gang could be surfers, the F.B.I. sends young agent Johnny Utah to the beach undercover to mix with the surfers and gather information.",11.2801,/tlbERIghrQ4oofqlbF7H0K0EYnx.jpg,1991-07-12,False,False,7.2,4130,"['Action', 'Thriller', 'Crime']"
False,/5cCfqeUH2f5Gnu7Lh9xepY9TB6x.jpg,"[14, 12, 35]",967847,Ghostbusters: Frozen Empire,en,Ghostbusters: Frozen Empire,"The Spengler family returns to where it all started - the iconic New York City firehouse - to team up with the original Ghostbusters, who've developed a top-secret research lab to take busting ghosts to the next level. But when the discovery of an ancient artifact unleashes an evil force, Ghostbusters new and old must join forces to protect their home and save the world from a second Ice Age.",11.2781,/e1J2oNzSBdou01sUvriVuoYp0pJ.jpg,2024-03-20,False,False,6.4,2289,"['Fantasy', 'Adventure', 'Comedy']"
False,/9Ebn8atCcGk5OZrx4xmoTobAxoh.jpg,"[35, 10749]",1581,The Holiday,en,The Holiday,"Two women, one American and one British, swap homes at Christmastime following bad breakups. Each woman finds romance with a local man but realizes that the imminent return home may end the relationship.",11.2739,/h1ITOpvJN3Tw4Sy60w2QTfYMvdd.jpg,2006-12-05,False,False,7.099,5748,"['Comedy', 'Romance']"
False,/vmonG9lV1s3CtmOQmmWUO206Xay.jpg,"[14, 18]",7980,The Lovely Bones,en,The Lovely Bones,"After being brutally murdered, 14-year-old Susie Salmon watches from heaven over her grief-stricken family -- and her killer. As she observes their daily lives, she must balance her thirst for revenge with her desire for her family to heal.",11.2673,/kIa9CyK2yiE4CAy7RJPGe7lztse.jpg,2009-12-26,False,False,7.056,5068,"['Fantasy', 'Drama']"
False,/1Uh8yuXlFcMDpVHWZJidjanT06e.jpg,"[28, 80, 10749]",319,True Romance,en,True Romance,"Clarence marries hooker Alabama, steals cocaine from her pimp, and tries to sell it in Hollywood, while the owners of the coke try to reclaim it.",11.2596,/39lXk6ud6KiJgGbbWI2PUKS7y2.jpg,1993-09-09,False,False,7.538,3171,"['Action', 'Crime', 'Romance']"
False,/2eW8VlLXjUq4OKk8SYf5KTr91Kv.jpg,[35],4258,Scary Movie 5,en,Scary Movie 5,"Home with their newly-formed family, happy parents Dan and Jody are haunted by sinister, paranormal activities. Determined to expel the insidious force, they install security cameras and discover their family is being stalked by an evil dead demon.",11.2593,/vBqLLxE6GaAPhO6v9EFvFbLZ7Ap.jpg,2013-04-11,False,False,4.78,3164,['Comedy']
False,/s7vWRjcfRVMW8tBIxhC3UhKxRoo.jpg,"[10749, 53]",1097549,Babygirl,en,Babygirl,A high-powered CEO puts her career and family on the line when she begins a torrid affair with her much younger intern.,11.2467,/ilwO6elz3mLV9CToT7C8pjVeKX0.jpg,2024-12-25,False,False,5.72,1290,"['Romance', 'Thriller']"
False,/qiBILuWhv7ipF0pxiEqIJdkQzj8.jpg,"[28, 18, 9648, 53]",2503,The Bourne Ultimatum,en,The Bourne Ultimatum,"Bourne is brought out of hiding once again by reporter Simon Ross who is trying to unveil Operation Blackbriar, an upgrade to Project Treadstone, in a series of newspaper columns. Information from the reporter stirs a new set of memories, and Bourne must finally uncover his dark past while dodging The Company's best efforts to eradicate him.",11.2376,/15rMz5MRXFp7CP4VxhjYw4y0FUn.jpg,2007-08-03,False,False,7.443,8595,"['Action', 'Drama', 'Mystery', 'Thriller']"
False,/69USXLJEXcgMzlhZi7bmaCORxHn.jpg,"[35, 10751, 16]",587807,Tom & Jerry,en,Tom & Jerry,"Tom the cat and Jerry the mouse get kicked out of their home and relocate to a fancy New York hotel, where a scrappy employee named Kayla will lose her job if she can’t evict Jerry before a high-class wedding at the hotel. Her solution? Hiring Tom to get rid of the pesky mouse.",11.2253,/8XZI9QZ7Pm3fVkigWJPbrXCMzjq.jpg,2021-02-10,False,False,6.7,2621,"['Comedy', 'Family', 'Animation']"
False,/cxvr2IOTwHcQa3EqMoQ8RHCkqBG.jpg,"[12, 28, 878]",1894,Star Wars: Episode II - Attack of the Clones,en,Star Wars: Episode II - Attack of the Clones,"Following an assassination attempt on Senator Padmé Amidala, Jedi Knights Anakin Skywalker and Obi-Wan Kenobi investigate a mysterious plot into the heart of the Separatist movement and the beginning of the Clone Wars.",11.2181,/oZNPzxqM2s5DyVWab09NTQScDQt.jpg,2002-05-15,False,False,6.597,14684,"['Adventure', 'Action', 'Science Fiction']"
False,/48TM0HjZSRjIr4QMuDTsMWcz7gX.jpg,"[27, 9648]",588,Silent Hill,en,Silent Hill,"Rose, a desperate mother, takes her adopted daughter, Sharon, to the town of Silent Hill in an attempt to cure her of her ailment. After a violent car crash, Sharon disappears, and Rose embarks on a horrific journey to get her back and begins to uncover the truth behind the apocalyptic disaster that burned the town 30 years earlier.",11.2059,/r0bEDWO2w4a43K2xTNSF284qOsc.jpg,2006-04-21,False,False,6.647,5083,"['Horror', 'Mystery']"
False,/89ZSaf9Ofm7oDounnCOu4ktGI9e.jpg,"[27, 18, 53]",332567,The Shallows,en,The Shallows,"While surfing on a secluded beach, Nancy finds herself in the feeding grounds of a great white shark. Though stranded only 200 yards from shore, survival proves to be the ultimate test of wills, requiring all of her ingenuity, resourcefulness, and fortitude.",11.203,/bnBV7hZmLuA0Si5Aop481sPF2RY.jpg,2016-06-24,False,False,6.354,5430,"['Horror', 'Drama', 'Thriller']"
False,/pl2zr5efo9Dz1fi2gpsslGwEQm.jpg,"[28, 12, 14]",205584,Gods of Egypt,en,Gods of Egypt,A common thief joins a mythical god on a quest through Egypt.,11.2029,/hzH7fwaTyQNITLo40Hu3R7cVMqv.jpg,2016-02-25,False,False,5.695,4444,"['Action', 'Adventure', 'Fantasy']"
False,/9pBv1BOSloAUgAkF0meJWdnbV4Q.jpg,"[12, 10751, 14]",2454,The Chronicles of Narnia: Prince Caspian,en,The Chronicles of Narnia: Prince Caspian,"One year after their incredible adventures in the Lion, the Witch and the Wardrobe, Peter, Edmund, Lucy and Susan Pevensie return to Narnia to aid a young prince whose life has been threatened by the evil King Miraz. Now, with the help of a colorful cast of new characters, including Trufflehunter the badger and Nikabrik the dwarf, the Pevensie clan embarks on an incredible quest to ensure that Narnia is returned to its rightful heir.",11.1883,/qxz3WIyjZiSKUhaTIEJ3c1GcC9z.jpg,2008-05-15,False,False,6.637,6919,"['Adventure', 'Family', 'Fantasy']"
False,/sPantp0oQ9idos7Jdwko2r6ZOIa.jpg,[18],205587,The Judge,en,The Judge,"A successful lawyer returns to his hometown for his mother's funeral only to discover that his estranged father, the town's judge, is suspected of murder.",11.1781,/3K93GWotLXe4FqpErri0xkpLaD5.jpg,2014-10-08,False,False,7.329,4528,['Drama']
False,/8VjIXC2x8SHwAO52rfFpejKL4wc.jpg,"[27, 53]",424139,Halloween,en,Halloween,"Laurie Strode comes to her final confrontation with Michael Myers, the masked figure who has haunted her since she narrowly escaped his killing spree on Halloween night four decades ago.",11.1726,/f7JAX5EGk4GgsEnus6OxyzwpFp7.jpg,2018-10-18,False,False,6.56,5153,"['Horror', 'Thriller']"
False,/fozyUa1Zl9kMb1CxDIR6tybw8Jt.jpg,"[28, 12]",9342,The Mask of Zorro,en,The Mask of Zorro,"It has been twenty years since Don Diego de la Vega fought Spanish oppression in Alta California as the legendary romantic hero, Zorro. Having escaped from prison he transforms troubled bandit Alejandro into his successor, in order to foil the plans of the tyrannical Don Rafael Montero who robbed him of his freedom, his wife and his precious daughter.",11.1529,/bdMufwGDDzqu4kTSQwrKc5WR4bu.jpg,1998-07-16,False,False,6.581,4446,"['Action', 'Adventure']"
False,/o7JVhqMmrex1TPbmuxl8YXVlcfl.jpg,"[28, 35, 14]",287947,Shazam!,en,Shazam!,A boy is given the ability to become an adult superhero in times of need with a single magic word.,11.1425,/xnopI5Xtky18MPhK40cZAGAOVeV.jpg,2019-03-29,False,False,6.969,10429,"['Action', 'Comedy', 'Fantasy']"
False,/udYOmbW1JEZjVd726PWHlmptxPi.jpg,"[12, 10751, 9648, 878]",158852,Tomorrowland,en,Tomorrowland,"Bound by a shared destiny, a bright, optimistic teen bursting with scientific curiosity and a former boy-genius inventor jaded by disillusionment embark on a danger-filled mission to unearth the secrets of an enigmatic place somewhere in time and space that exists in their collective memory as ""Tomorrowland.""",11.1421,/kziYpr5Nfw60P0My8aj1sgCEqed.jpg,2015-05-19,False,False,6.31,7499,"['Adventure', 'Family', 'Mystery', 'Science Fiction']"
False,/bNiBuekwqwNKFGSqlJRDZIF4ADB.jpg,"[10402, 35]",2005,Sister Act,en,Sister Act,"When lively lounge singer Deloris sees her mobster beau commit murder, she is relocated for her protection. Set up in the guise of a nun in a California convent, she proceeds to upend the quiet lives of the resident sisters.",11.1359,/xZvVSZ0RTxIjblLV87vs7ADM12m.jpg,1992-05-28,False,False,6.837,3532,"['Music', 'Comedy']"
False,/o4mhrLxv6I70kvYA42qANGUF7ya.jpg,"[16, 12, 35, 10751]",153518,The Angry Birds Movie,en,The Angry Birds Movie,"An island populated entirely by happy, flightless birds or almost entirely. In this paradise, Red, a bird with a temper problem, speedy Chuck, and the volatile Bomb have always been outsiders. But when the island is visited by mysterious green piggies, it’s up to these unlikely outcasts to figure out what the pigs are up to.",11.1293,/iOH0fEFtV9z9rZp9zmBFGGeWicv.jpg,2016-05-11,False,False,6.294,4129,"['Animation', 'Adventure', 'Comedy', 'Family']"
False,/mDu3nkdjzkJ9loy3QyppGcLjaI7.jpg,[18],11321,Seven Pounds,en,Seven Pounds,An IRS agent with a fateful secret embarks on an extraordinary journey of redemption by forever changing the lives of seven strangers.,11.1263,/85zUipgVy2QbvAJ6djZXYaGckMv.jpg,2008-12-18,False,False,7.6,7384,['Drama']
False,/D2ppnImxdDinPEYJzmW2dZmnjA.jpg,[18],928358,Grand Jete,de,Grand Jeté,"Dance teacher and mother Nadja left her son Mario with her own mother when he was little. Now she has reappeared on his doorstep, seeking a closeness that knows fewer and fewer boundaries. An uncompromising film about family relationships.",11.1262,/awpPWrE5kqIURHotysiR2yBg9Ty.jpg,2022-09-20,False,False,4.86,50,['Drama']
False,/1cO6OQJxz7YhTZ4V1OlkYfebeJa.jpg,"[28, 878, 12]",95,Armageddon,en,Armageddon,"When an asteroid threatens to collide with Earth, NASA honcho Dan Truman determines the only way to stop it is to drill into its surface and detonate a nuclear bomb. This leads him to renowned driller Harry Stamper, who agrees to helm the dangerous space mission provided he can bring along his own hotshot crew. Among them is the cocksure A.J. who Harry thinks isn't good enough for his daughter, until the mission proves otherwise.",11.1249,/eTM3qtGhDU8cvjpoa6KEt5E2auU.jpg,1998-07-01,False,False,6.833,8827,"['Action', 'Science Fiction', 'Adventure']"
False,/A6d09KtZKdVGSg0gzsldjDwwvhD.jpg,"[12, 10751, 14]",241259,Alice Through the Looking Glass,en,Alice Through the Looking Glass,Alice Kingsleigh returns to Underland and faces a new adventure in saving the Mad Hatter.,11.1241,/kbGamUkYfgKIYIrU8kW5oc0NatZ.jpg,2016-05-25,False,False,6.568,6883,"['Adventure', 'Family', 'Fantasy']"
False,/503LUrI9juBk1rktOPzxyMUTDEu.jpg,"[28, 14, 27]",957452,The Crow,en,The Crow,"Soulmates Eric and Shelly are brutally murdered when the demons of her dark past catch up with them. Given the chance to save his true love by sacrificing himself, Eric sets out to seek merciless revenge on their killers, traversing the worlds of the living and the dead to put the wrong things right.",11.0918,/g8TbOXrNMuqq7AaKqdvqS2oG4ob.jpg,2024-08-21,False,False,5.8,1338,"['Action', 'Fantasy', 'Horror']"
False,/8HfjrSxfTVKmjNh8cJjbu5eXzcX.jpg,"[10751, 14, 28, 12]",420808,Peter Pan & Wendy,en,Peter Pan & Wendy,"Wendy Darling, a young girl afraid to leave her childhood home behind, meets Peter Pan, a boy who refuses to grow up. Alongside her brothers and a tiny fairy, Tinker Bell, she travels with Peter to the magical world of Neverland. There, she encounters an evil pirate captain, Captain Hook, and embarks on a thrilling adventure that will change her life forever.",11.0829,/9NXAlFEE7WDssbXSMgdacsUD58Y.jpg,2023-04-20,False,False,5.4,783,"['Family', 'Fantasy', 'Action', 'Adventure']"
False,/bsG8LkZx1ijrcf3fP6AvBlGTxkX.jpg,"[36, 18]",82695,Les Misérables,en,Les Misérables,"An adaptation of the successful stage musical based on Victor Hugo's classic novel set in 19th-century France. Jean Valjean, a man imprisoned for stealing bread, must flee a relentless policeman named Javert. The pursuit consumes both men's lives, and soon Valjean finds himself in the midst of the student revolutions in France.",11.0806,/6CuzBs2Lb8At7qQr64mLXg2RYRb.jpg,2012-12-18,False,False,7.294,5686,"['History', 'Drama']"
False,/9TW4zKd2FFZgqR8k5vf4oZofPMR.jpg,"[18, 80, 53]",602269,The Little Things,en,The Little Things,"Deputy Sheriff Joe ""Deke"" Deacon joins forces with Sgt. Jim Baxter to search for a serial killer who's terrorizing Los Angeles. As they track the culprit, Baxter is unaware that the investigation is dredging up echoes of Deke's past, uncovering disturbing secrets that could threaten more than his case.",11.0755,/tLO1aD1ghdtVMT32z2sRmzgYKYd.jpg,2021-01-28,False,False,6.358,2936,"['Drama', 'Crime', 'Thriller']"
False,/gQEfeFzEDhvz1YB3JXU2yUZspmH.jpg,"[80, 53, 28]",449443,Den of Thieves,en,Den of Thieves,A gritty crime saga which follows the lives of an elite unit of the LA County Sheriff's Dept. and the state's most successful bank robbery crew as the outlaws plan a seemingly impossible heist on the Federal Reserve Bank.,11.0685,/dAP5NpkrMMczir5dUPjRR6ywqgz.jpg,2018-01-18,False,False,6.875,3505,"['Crime', 'Thriller', 'Action']"
False,/5wDBVictj4wUYZ31gR5WzCM9dLD.jpg,"[16, 10751, 12, 14, 878]",877269,Strange World,en,Strange World,"A journey deep into an uncharted and treacherous land, where fantastical creatures await the legendary Clades—a family of explorers whose differences threaten to topple their latest, and by far most crucial, mission.",11.0672,/a9x70QUXs6uEwtin1SGNKoFXoia.jpg,2022-11-23,False,False,6.218,1463,"['Animation', 'Family', 'Adventure', 'Fantasy', 'Science Fiction']"
False,/oMaj75G2WFw66xI1TREg1hrToSg.jpg,"[28, 14, 878, 12]",268896,Pacific Rim: Uprising,en,Pacific Rim: Uprising,"It has been ten years since The Battle of the Breach and the oceans are still, but restless. Vindicated by the victory at the Breach, the Jaeger program has evolved into the most powerful global defense force in human history. The PPDC now calls upon the best and brightest to rise up and become the next generation of heroes when the Kaiju threat returns.",11.0528,/nFWhttU8PM50t25NPdy7PE7rv3G.jpg,2018-03-21,False,False,6.119,5485,"['Action', 'Fantasy', 'Science Fiction', 'Adventure']"
False,/gOeSj4YzwxZb6FgcYPRK2hEzTdt.jpg,"[18, 10751]",28178,Hachi: A Dog's Tale,en,Hachi: A Dog's Tale,"Professor Wilson discovers a lost Akita puppy on his way home. Despite objections from his wife, Hachi endears himself to the family and grows to be Parker's loyal companion. As their bond grows deeper, a beautiful relationship unfolds.",11.0498,/lsy3aEsEfYIHdLRk4dontZ4s85h.jpg,2009-06-08,False,False,8.002,7321,"['Drama', 'Family']"
False,/nSVwus6Vcnw06zqKAa1ioacrpUF.jpg,"[80, 35]",877817,Wolfs,en,Wolfs,"Hired to cover up a high-profile crime, a fixer soon finds his night spiralling out of control when he's forced to work with an unexpected counterpart.",11.0342,/vOX1Zng472PC2KnS0B9nRfM8aaZ.jpg,2024-09-20,False,False,6.5,1564,"['Crime', 'Comedy']"
False,/sC0b8iPUHfZdD8kseLiHw3N8gkp.jpg,"[27, 9648]",458723,Us,en,Us,"Husband and wife Gabe and Adelaide Wilson take their kids to their beach house expecting to unplug and unwind with friends. But as night descends, their serenity turns to tension and chaos when some shocking visitors arrive uninvited.",11.0341,/ux2dU1jQ2ACIMShzB3yP93Udpzc.jpg,2019-03-14,False,False,6.938,8286,"['Horror', 'Mystery']"
False,/cMkUwVCe6dpQnDqDwn0KwyBB2iv.jpg,"[10752, 28, 18]",9567,Tears of the Sun,en,Tears of the Sun,"Navy SEAL Lieutenant A.K. Waters and his elite squadron of tactical specialists are forced to choose between their duty and their humanity, between following orders by ignoring the conflict that surrounds them, or finding the courage to follow their conscience and protect a group of innocent refugees. When the democratic government of Nigeria collapses and the country is taken over by a ruthless military dictator, Waters, a fiercely loyal and hardened veteran is dispatched on a routine mission to retrieve a Doctors Without Borders physician.",11.0214,/fUnSSQukwTwBSdCbufEE36petLq.jpg,2003-03-07,False,False,6.898,2703,"['War', 'Action', 'Drama']"
False,/puAUfSiVrQO2DPKOobHFjqVcXPt.jpg,"[28, 35, 80]",34544,The A-Team,en,The A-Team,"A man who loves when a plan comes together, Col. Hannibal Smith leads a close-knit team of elite operatives and Iraq War veterans. Framed for a crime they didn't commit, Smith and his men, Capt. H.M. ‘Howling Mad’ Murdock , Sgt. Bosco ‘B.A.’ Baracus, and Lt. Templeton ‘Faceman’ Peck, break out and go rogue, using their special talents to clear their names and find the perpetrator. Hot on their trail is Capt. Charissa Sosa, who was once involved with a member of Smith's team and has sworn to capture them, no matter what it takes.",11.021,/bkAWEx5g5tvRPjtDQyvIZ7LRxQm.jpg,2010-06-09,False,False,6.421,5124,"['Action', 'Comedy', 'Crime']"
False,/dH7ia3vtkYCa3CBvDnvVjqm9uiQ.jpg,"[9648, 28, 878]",13183,Watchmen,en,Watchmen,"In a gritty and alternate 1985, the glory days of costumed vigilantes have been brought to a close by a government crackdown. But after one of the masked veterans is brutally murdered, an investigation into the killer is initiated. The reunited heroes set out to prevent their own destruction, but in doing so they uncover a sinister plot that puts all of humanity in grave danger.",11.0199,/aVURelN3pM56lFM7Dgfs5TixcIf.jpg,2009-03-04,False,False,7.354,10254,"['Mystery', 'Action', 'Science Fiction']"
False,/9T5D5RGuCsC6CeqYZJTv4rT4RPy.jpg,"[12, 27]",9392,The Descent,en,The Descent,"After a personal tragedy, Sarah joins her friends on a caving expedition in the Appalachian Mountains. But when a rockfall traps them deep underground, their adventure turns into a nightmare. As they search for a way out, the group discovers they are not alone—lurking in the darkness are savage, cave-dwelling creatures. With rising tension and dwindling trust, the women must fight to survive against both the predators and each other.",11.0183,/mxFPI4KYBk5ri9cPteIS8jiDFgj.jpg,2005-07-08,False,False,7.0,4576,"['Adventure', 'Horror']"
False,/zGZpy2u5yRczyRMOlNTEm8vJMCi.jpg,"[18, 10749]",77877,The Lucky One,en,The Lucky One,A Marine travels to Louisiana after serving three tours in Iraq and searches for the unknown woman he believes was his good luck charm during the war.,11.0125,/vF1ZuIkF9Z71VzVvG265xJUawb0.jpg,2012-04-19,False,False,7.181,3877,"['Drama', 'Romance']"
False,/blfZnm6StMPnTY35kaooPBCsSVp.jpg,"[27, 53]",238636,The Purge: Anarchy,en,The Purge: Anarchy,"One night per year, the government sanctions a 12-hour period in which citizens can commit any crime they wish -- including murder -- without fear of punishment or imprisonment. Leo, a sergeant who lost his son, plans a vigilante mission of revenge during the mayhem. However, instead of a death-dealing avenger, he becomes the unexpected protector of four innocent strangers who desperately need his help if they are to survive the night.",11.0106,/qwqHHZLZSUvMkAMQ47ymtfjEifY.jpg,2014-07-17,False,False,6.618,6811,"['Horror', 'Thriller']"
False,/sKvQUSyqsFq8e1ts6oo3Xp3dPH2.jpg,"[16, 12, 35, 14, 10751]",585511,Luck,en,Luck,"Suddenly finding herself in the never-before-seen Land of Luck, the unluckiest person in the world must unite with the magical creatures there to turn her luck around.",11.0052,/1HOYvwGFioUFL58UVvDRG6beEDm.jpg,2022-08-05,False,False,7.8,2109,"['Animation', 'Adventure', 'Comedy', 'Fantasy', 'Family']"
False,/2kVt8oj1cSz4GAP0Hi8SESOiH0T.jpg,"[28, 878, 12, 9648]",75612,Oblivion,en,Oblivion,"Jack Harper is one of the last few drone repairmen stationed on Earth. Part of a massive operation to extract vital resources after decades of war with a terrifying threat known as the Scavs, Jack’s mission is nearly complete. His existence is brought crashing down when he rescues a beautiful  stranger from a downed spacecraft. Her arrival triggers a chain of events that  forces him to question everything he knows and puts the fate of humanity in his hands.",10.9972,/bYLM3GpNUZnoFElPXp1zlhDPdtv.jpg,2013-04-10,False,False,6.691,11819,"['Action', 'Science Fiction', 'Adventure', 'Mystery']"
False,/ld7UTOGzZSxIMbuYsb6eQ6QdN4h.jpg,"[35, 14, 10749]",10096,13 Going on 30,en,13 Going on 30,"After total humiliation at her thirteenth birthday party, Jenna Rink wants to just hide until she's thirty. Thanks to some magic wishing dust, Jenna's prayer has been answered. With a knockout body, a fabulous wardrobe, an athlete boyfriend, a dream job, and superstar friends, this can't be a better life. But soon Jenna realizes that adult life isn’t as easy as she hoped for.",10.996,/iNZdSIfhSCMtRILDNyhLn8UKeSG.jpg,2004-04-13,False,False,6.777,5662,"['Comedy', 'Fantasy', 'Romance']"
False,/tHF5OIcguut0Y83BXzqHtGdJOAf.jpg,[18],7974,The Match Factory Girl,fi,Tulitikkutehtaan tyttö,"Iris is a shy and dowdy young woman stuck in a dead-end job at a match factory, who dreams of finding love at the local dancehall. Finding herself pregnant after a one-night stand and abandoned by the father, Iris finally decides the time has come to get even and she begins to plot her revenge.",10.9894,/zHfabvr3RKEbNfksFBs2Cder91i.jpg,1990-01-12,False,False,7.412,306,['Drama']
False,/8LYxSH8ZJzKbS3kNIELsVc05RNH.jpg,"[27, 18, 878]",287424,Maggie,en,Maggie,"There's a deadly zombie epidemic threatening humanity, but Wade, a small-town farmer and family man, refuses to accept defeat even when his daughter Maggie becomes infected. As Maggie's condition worsens and the authorities seek to eradicate those with the virus, Wade is pushed to the limits in an effort to protect her. Joely Richardson co-stars in this post-apocalyptic thriller.",10.9869,/twa9gXjocLM629sJrQYVtmF306R.jpg,2015-05-08,False,False,5.408,1711,"['Horror', 'Drama', 'Science Fiction']"
False,/cUqXHZtnptgvyAE1hN47Wsf3ami.jpg,[35],57214,Project X,en,Project X,"Three high school seniors throw a party to make a name for themselves. As the night progresses, things spiral out of control as word of the party spreads.",10.9726,/lUPDGT3lyRrq8SvWuNWG2DP64bR.jpg,2012-03-01,False,False,6.927,7036,['Comedy']
False,/k5mNW8qutywD3GhAuaq33qcQR2y.jpg,"[28, 35]",37834,Knight and Day,en,Knight and Day,"A fugitive couple goes on a glamorous and sometimes deadly adventure where nothing and no one – even themselves – are what they seem. Amid shifting alliances and unexpected betrayals, they race across the globe, with their survival ultimately hinging on the battle of truth vs. trust.",10.9725,/phhp52CZZJiGYmiOTp9ZBDkGHB3.jpg,2010-06-15,False,False,6.2,5031,"['Action', 'Comedy']"
False,/jtOvTVlkF8TlaOq94oNXRc9u2yp.jpg,"[12, 16, 10751, 14]",5255,The Polar Express,en,The Polar Express,"When a doubting young boy takes an extraordinary train ride to the North Pole, he embarks on a journey of self-discovery that shows him that the wonder of life never fades for those who believe.",10.9722,/eOoCzH0MqeGr2taUZO4SwG416PF.jpg,2004-11-10,False,False,6.725,7026,"['Adventure', 'Animation', 'Family', 'Fantasy']"
False,/63eAFgJtN6ZTyFFzlAOoZLhlYqc.jpg,"[28, 27, 878]",36648,Blade: Trinity,en,Blade: Trinity,"For years, Blade has fought against the vampires in the cover of the night. But now, after falling into the crosshairs of the FBI, he is forced out into the daylight, where he is driven to join forces with a clan of human vampire hunters he never knew existed—The Nightstalkers. Together with Abigail and Hannibal, two deftly trained Nightstalkers, Blade follows a trail of blood to the ancient creature that is also hunting him—the original vampire, Dracula.",10.9687,/6f7iXvPOnf83MaLB1JmPzUor1rr.jpg,2004-12-08,False,False,5.862,4457,"['Action', 'Horror', 'Science Fiction']"
False,/7mHeyU0a538bgguOeF57I8ZroSk.jpg,"[28, 12, 53]",324668,Jason Bourne,en,Jason Bourne,The most dangerous former operative of the CIA is drawn out of hiding to uncover hidden truths about his past.,10.968,/xA7N41glw17MBQtcWSm2eBlBRuG.jpg,2016-07-27,False,False,6.385,6361,"['Action', 'Adventure', 'Thriller']"
False,/chjkfyo57JexWo1YeIZRMk8wA4m.jpg,"[28, 18, 10752]",53182,300: Rise of an Empire,en,300: Rise of an Empire,"Greek general Themistocles attempts to unite all of Greece by leading the charge that will change the course of the war. Themistocles faces the massive invading Persian forces led by mortal-turned-god, Xerxes and Artemesia, the vengeful commander of the Persian navy.",10.9608,/wYDdWN1McB1Sio4z1dPSkb40Z78.jpg,2014-03-05,False,False,6.12,7116,"['Action', 'Drama', 'War']"
False,/mIBG74mhGEJnBubhYLkCtvplcNr.jpg,[27],437342,The First Omen,en,The First Omen,"When a young American woman is sent to Rome to begin a life of service to the church, she encounters a darkness that causes her to question her own faith and uncovers a terrifying conspiracy that hopes to bring about the birth of evil incarnate.",10.9574,/tnsDyNNkOxYUyjD8CNJoAla6YvY.jpg,2024-04-03,False,False,6.8,1390,['Horror']
False,/mDW6z7I6de6JbUgPOkAEZwKbg7G.jpg,"[16, 10751, 10402, 14, 35, 12]",901362,Trolls Band Together,en,Trolls Band Together,"When Branch's brother, Floyd, is kidnapped for his musical talents by a pair of nefarious pop-star villains, Branch and Poppy embark on a harrowing and emotional journey to reunite the other brothers and rescue Floyd from a fate even worse than pop-culture obscurity.",10.9504,/3ySgD2xwasTHOK6R9bNZiEwKgYo.jpg,2023-10-12,False,False,7.247,1031,"['Animation', 'Family', 'Music', 'Fantasy', 'Comedy', 'Adventure']"
False,/1zgugDjeC24ip242hEETR9CaUar.jpg,"[35, 27]",576004,Porno,en,Porno,"When a group of naive teens working at a movie theater in a small Christian town discover a mysterious film hidden in its basement, they unleash an alluring succubus who gives them a sex education…written in blood.",10.9356,/cnmR5lXN8xLDvvtqMviuRaKavnU.jpg,2019-06-28,False,False,5.986,433,"['Comedy', 'Horror']"
False,/xRxSLhhjPG2D8l0BXi0KdN4IvPt.jpg,"[12, 16, 35, 10751]",10315,Fantastic Mr. Fox,en,Fantastic Mr. Fox,"The Fantastic Mr. Fox, bored with his current life, plans a heist against the three local farmers. The farmers, tired of sharing their chickens with the sly fox, seek revenge against him and his family.",10.9212,/bOVr292mwn3jxr1e0NmUPM1rcjo.jpg,2009-10-14,False,False,7.8,6313,"['Adventure', 'Animation', 'Comedy', 'Family']"
False,/zmX7ObPaRfiCmY6LMalUb1bJDKj.jpg,"[16, 28, 12, 14, 10751]",527774,Raya and the Last Dragon,en,Raya and the Last Dragon,"Long ago, in the fantasy world of Kumandra, humans and dragons lived together in harmony. But when an evil force threatened the land, the dragons sacrificed themselves to save humanity. Now, 500 years later, that same evil has returned and it’s up to a lone warrior, Raya, to track down the legendary last dragon to restore the fractured land and its divided people.",10.9137,/5nVhgCzxKbK47OLIKxCR1syulOn.jpg,2021-03-03,False,False,7.792,7435,"['Animation', 'Action', 'Adventure', 'Fantasy', 'Family']"
False,/lbs1ood36hzj0O0cqW2a8MqptOh.jpg,"[28, 53, 80]",9335,Transporter 2,en,Transporter 2,"Professional driver, and former Special Forces officer, Frank Martin is living in Miami, where he is temporarily filling in for a friend as the chauffeur for a government narcotics control policy director and his family. The young boy in the family is targeted for kidnapping, and Frank immediately becomes involved in protecting the child and exposing the kidnappers.",10.9106,/cdm17vK8PxHfTi7ayZf6WKbOgUO.jpg,2005-08-03,False,False,6.334,4078,"['Action', 'Thriller', 'Crime']"
False,/dDVqfmCzSy3TKSmiS2pJ9QB5E3P.jpg,"[878, 18, 28]",315837,Ghost in the Shell,en,Ghost in the Shell,"In the near future, Major is the first of her kind: a human saved from a terrible crash, then cyber-enhanced to be a perfect soldier devoted to stopping the world's most dangerous criminals.",10.8796,/zCtL3UBgCoZzd7XTVGhvl6XY75E.jpg,2017-03-29,False,False,6.113,8738,"['Science Fiction', 'Drama', 'Action']"
False,/pSNwe7G9bESwlCBVurlwRs7fMZU.jpg,[35],4257,Scary Movie 4,en,Scary Movie 4,"Cindy finds out the house she lives in is haunted by a little boy and goes on a quest to find out who killed him and why. Also, Alien ""Tr-iPods"" are invading the world and she has to uncover the secret in order to stop them.",10.8793,/dEwlu8S0z1AibuX1weLwUyiRWFl.jpg,2006-04-12,False,False,5.498,3740,['Comedy']
False,/8WIufsaJgm7VWgAc5ALWdJ8v2kB.jpg,"[14, 27, 35]",766,Army of Darkness,en,Army of Darkness,"Ash, a handsome, shotgun-toting, chainsaw-armed department store clerk, is time warped backwards into England's Dark Ages, where he romances a beauty and faces legions of the undead.",10.8752,/xsgTuAtR2zSH8Umg3jWZcZjlDpe.jpg,1992-10-31,False,False,7.3,3670,"['Fantasy', 'Horror', 'Comedy']"
False,/1h57n9nFBNX48NMt4wL8V4VJsL6.jpg,"[10770, 18]",501624,Girl in the Bunker,en,Girl in the Bunker,"When Elizabeth is abducted by a fugitive sexual predator, she realizes she must take matters into her own hands and plot her escape. Based on a true story.",10.8689,/OKtXyFe0BwIlZ0BKXxFbez67sy.jpg,2018-01-12,False,False,7.07,50,"['TV Movie', 'Drama']"
False,/1Qd8vjISNiKNT2l5PxkJZpItyW3.jpg,"[53, 35, 9648]",484247,A Simple Favor,en,A Simple Favor,"Stephanie, a dedicated mother and popular vlogger, befriends Emily, a mysterious upper-class woman whose son Nicky attends the same school as Miles, Stephanie's son. When Emily asks her to pick Nicky up from school and then disappears, Stephanie undertakes an investigation that will dive deep into Emily's cloudy past.",10.8629,/aIYsjQM0piKc0ibPBCTWv3sqshj.jpg,2018-09-13,False,False,6.637,4691,"['Thriller', 'Comedy', 'Mystery']"
False,/enTZhfxAdgOCdFdbj52MR3F10yC.jpg,"[10749, 35]",509,Notting Hill,en,Notting Hill,London bookstore owner William Thacker's quiet life turns upside down when a chance encounter with famous actress Anna Scott sparks an unlikely romance challenged by their vastly different worlds.,10.8604,/hHRIf2XHeQMbyRb3HUx19SF5Ujw.jpg,1999-05-21,False,False,7.263,6885,"['Romance', 'Comedy']"
False,/1QmEcK0w2Ub4Hm094fHbZT8vA7o.jpg,"[16, 14, 10751]",12429,Ponyo,ja,崖の上のポニョ,"When Sosuke, a young boy who lives on a clifftop overlooking the sea, rescues a stranded goldfish named Ponyo, he discovers more than he bargained for. Ponyo is a curious, energetic young creature who yearns to be human, but even as she causes chaos around the house, her father, a powerful sorcerer, schemes to return Ponyo to the sea.",10.8556,/yp8vEZflGynlEylxEesbYasc06i.jpg,2008-07-19,False,False,7.8,4972,"['Animation', 'Fantasy', 'Family']"
False,/7Z7WVzJsSReG8B0CaPk0bvWD7tK.jpg,"[14, 16, 10751]",51739,Arrietty,ja,借りぐらしのアリエッティ,"14-year-old Arrietty and the rest of the Clock family live in peaceful anonymity as they make their own home from items ""borrowed"" from the house's human inhabitants. However, life changes for the Clocks when a human boy discovers Arrietty.",10.8553,/3lSRaSjDp2nkXMQkzzjpRi3035O.jpg,2010-07-16,False,False,7.68,3277,"['Fantasy', 'Animation', 'Family']"
False,/aKPCZwkSZy2ASLo0QKeYmcoplfA.jpg,"[9648, 35, 80]",445571,Game Night,en,Game Night,"Max and Annie's weekly game night gets kicked up a notch when Max's brother Brooks arranges a murder mystery party -- complete with fake thugs and federal agents. So when Brooks gets kidnapped, it's all supposed to be part of the game. As the competitors set out to solve the case, they start to learn that neither the game nor Brooks are what they seem to be. The friends soon find themselves in over their heads as each twist leads to another unexpected turn over the course of one chaotic night.",10.8541,/85R8LMyn9f2Lev2YPBF8Nughrkv.jpg,2018-02-15,False,False,6.849,6474,"['Mystery', 'Comedy', 'Crime']"
False,/uLXK1LQM28XovWHPao3ViTeggXA.jpg,"[80, 18, 53]",559969,El Camino: A Breaking Bad Movie,en,El Camino: A Breaking Bad Movie,"In the wake of his dramatic escape from captivity, Jesse Pinkman must come to terms with his past in order to forge some kind of future.",10.8396,/ePXuKdXZuJx8hHMNr2yM4jY2L7Z.jpg,2019-10-11,False,False,7.053,5852,"['Crime', 'Drama', 'Thriller']"
False,/b7xQ5fuyVO4c24igizCfPgF6n7q.jpg,"[10751, 18]",406997,Wonder,en,Wonder,"The story of August Pullman – a boy with facial differences – who enters fifth grade, attending a mainstream elementary school for the first time.",10.8396,/sONh3LYGFcVDTy8pm1tbSOB13Li.jpg,2017-11-13,False,False,8.098,8395,"['Family', 'Drama']"
False,/AtF7TESJEMmImBRUj9Z7HmW2ZH0.jpg,"[12, 35, 878]",196,Back to the Future Part III,en,Back to the Future Part III,"The final installment finds Marty digging the trusty DeLorean out of a mineshaft and looking for Doc in the Wild West of 1885. But when their time machine breaks down, the travelers are stranded in a land of spurs. More problems arise when Doc falls for pretty schoolteacher Clara Clayton, and Marty tangles with Buford Tannen.",10.8374,/crzoVQnMzIrRfHtQw0tLBirNfVg.jpg,1990-05-25,False,False,7.496,11811,"['Adventure', 'Comedy', 'Science Fiction']"
False,/gvUYIHWzq7r3KuzAaKvly2h0SjM.jpg,"[16, 35, 10751, 14]",400155,Hotel Transylvania 3: Summer Vacation,en,Hotel Transylvania 3: Summer Vacation,"Dracula, Mavis, Johnny and the rest of the Drac Pack take a vacation on a luxury Monster Cruise Ship, where Dracula falls in love with the ship’s captain, Ericka, who’s secretly a descendant of Abraham Van Helsing, the notorious monster slayer.",10.8344,/lzE5BwGQea1nek7TPXUuC5AZ6rq.jpg,2018-06-28,False,False,6.8,4798,"['Animation', 'Comedy', 'Family', 'Fantasy']"
False,/pnEMDuaZeDXUQPPhhGTo9QMfMeA.jpg,"[10752, 36]",853,Enemy at the Gates,en,Enemy at the Gates,A Russian and a German sniper play a game of cat-and-mouse during the Battle of Stalingrad in WWII.,10.8209,/cHRAbVdsCWFaQrswRsBP7Bn255W.jpg,2001-02-28,False,False,7.426,4175,"['War', 'History']"
False,/lx89oBeJIastndjbQxznnfSYpmR.jpg,"[12, 28, 18, 36]",796185,The Three Musketeers: D'Artagnan,fr,Les Trois Mousquetaires : D'Artagnan,"D'Artagnan, a spirited young Gascon, is left for dead after trying to save a noblewoman from being kidnapped. Once in Paris, he tries by all means to find his attackers, unaware that his quest will lead him to the very heart of a war where the future of France is at stake. Aided by King's Musketeers Athos, Porthos and Aramis, he faces the machinations of villainous Cardinal Richelieu and Milady de Winter, while falling in love with Constance, the Queen's confidante.",10.8205,/hfExJPcbBtDeFDEb7I1By72Drlr.jpg,2023-04-05,False,False,6.904,1460,"['Adventure', 'Action', 'Drama', 'History']"
False,/aa5P3DfHMD2Y5xotn2067A5OMAI.jpg,[35],193893,Let's Be Cops,en,Let's Be Cops,"Best pals Ryan and Justin are stalled in their respective careers -- a fact that is painfully driven home when they go to a college reunion. Dressed as police in the mistaken belief that they were to attend a costume party, Ryan and Justin find that the uniforms earn them much respect and attention. Although Justin is uncomfortable with the idea, Ryan decides to continue with the charade, putting them both in increasingly dangerous situations. When these newly-minted “heroes” get tangled in a real life web of mobsters and dirty detectives, they must put their fake badges on the line.",10.8199,/pf4FoUr2phn5WyZjU7rLXSiW1Ve.jpg,2014-08-13,False,False,6.5,3036,['Comedy']
False,/lrNKm3HNvGdZoAfiBKu7b04FLHN.jpg,[18],316029,The Greatest Showman,en,The Greatest Showman,"The story of American showman P.T. Barnum, founder of the circus that became the famous traveling Ringling Bros. and Barnum & Bailey Circus.",10.8176,/b9CeobiihCx1uG1tpw8hXmpi7nm.jpg,2017-12-20,False,False,7.853,10233,['Drama']
False,/bxT8jFcWNuWK5LmVo1oGhAm4dnZ.jpg,"[12, 28, 18]",1084736,The Count of Monte Cristo,fr,Le Comte de Monte-Cristo,"Edmond Dantès becomes the target of a sinister plot and is arrested on his wedding day for a crime he did not commit. After 14 years in the island prison of Château d’If, he manages a daring escape. Now rich beyond his dreams, he assumes the identity of the Count of Monte-Cristo and exacts his revenge on the three men who betrayed him.",10.8173,/sAT1P3FGhtJ68anUyJScnMu8t1l.jpg,2024-06-28,False,False,7.897,2133,"['Adventure', 'Action', 'Drama']"
False,/s7MXg9Srra1aptzaTkvtnHVYSF8.jpg,"[18, 10749]",19173,Diary of a Nymphomaniac,es,Diario de una ninfómana,"A chronicle of the life of a middle-class French girl's sexual adventures, her then fall into prostitution, and her ultimate redemption.",10.807,/yVYTeiFv7oQsSQF9OBRngg7ZqLg.jpg,2008-10-17,False,False,5.647,371,"['Drama', 'Romance']"
False,/ycABRSIK1Ff10Tc2A6WJHagp1Co.jpg,[18],334543,Lion,en,Lion,"A five-year-old Indian boy gets lost on the streets of Calcutta, thousands of kilometers from home. He survives many challenges before being adopted by a couple in Australia; 25 years later, he sets out to find his lost family.",10.8063,/kCELJH1tCmaRLqvwIgKDb09aEaw.jpg,2016-11-24,False,False,8.037,7060,['Drama']
False,/rm2oMykm5nX6SzXFr7TGHkO6r8Z.jpg,"[12, 878]",428078,Mortal Engines,en,Mortal Engines,"Many thousands of years in the future, Earth’s cities roam the globe on huge wheels, devouring each other in a struggle for ever diminishing resources. On one of these massive traction cities, the old London, Tom Natsworthy has an unexpected encounter with a mysterious young woman from the wastelands who will change the course of his life forever.",10.7999,/gLhYg9NIvIPKVRTtvzCWnp1qJWG.jpg,2018-11-27,False,False,6.251,5326,"['Adventure', 'Science Fiction']"
False,/5MyjGUa2piiEyNH4UcLp3YV9cwo.jpg,"[28, 18, 35]",504056,Big Brother,zh,大師兄,"A soldier-turned-high school teacher uses unusual methods to reach to a class of poor students, while dealing with a greedy entrepreneur and his gang of fighters as well as the government.",10.7993,/z6Y6uQn2fORr7o43EggQrTsp08o.jpg,2018-08-16,False,False,7.58,301,"['Action', 'Drama', 'Comedy']"
False,/xQyGkQ8ICa4lgifGr3oZjkm3AJ2.jpg,[18],804095,The Fabelmans,en,The Fabelmans,"Growing up in post-World War II era Arizona, young Sammy Fabelman aspires to become a filmmaker as he reaches adolescence, but soon discovers a shattering family secret and explores how the power of films can help him see the truth.",10.7968,/h7llKkqkkJtJrTOaDLuVeUYDQ7I.jpg,2022-11-11,False,False,7.558,2874,['Drama']
False,/tOkSenL74N23O4S7wjJSUHz7Aeh.jpg,"[80, 18, 53]",388,Inside Man,en,Inside Man,"When an armed, masked gang enter a Manhattan bank, lock the doors and take hostages, the detective assigned to effect their release enters negotiations preoccupied with corruption charges he is facing.",10.7937,/ffMUgkDZICNiyaws1Jkv8qG8uFW.jpg,2006-03-17,False,False,7.409,6555,"['Crime', 'Drama', 'Thriller']"
False,/1wZoVT9RJsZmNjg8CecXqSgFUd9.jpg,"[18, 10749]",12405,Slumdog Millionaire,en,Slumdog Millionaire,"A teenager reflects on his life after being accused of cheating on the Indian version of ""Who Wants to be a Millionaire?"".",10.7935,/5leCCi7ZF0CawAfM5Qo2ECKPprc.jpg,2008-11-12,False,False,7.726,11581,"['Drama', 'Romance']"
False,/qB9wshRySHgN2MibLOlsW6YalqD.jpg,"[9648, 53, 80]",945729,A Haunting in Venice,en,A Haunting in Venice,"Celebrated sleuth Hercule Poirot, now retired and living in self-imposed exile in Venice, reluctantly attends a Halloween séance at a decaying, haunted palazzo. When one of the guests is murdered, the detective is thrust into a sinister world of shadows and secrets.",10.7842,/l6iwxT0NbVw6QiF08YTIuTnXS82.jpg,2023-09-13,False,False,6.6,2950,"['Mystery', 'Thriller', 'Crime']"
False,/a66PKC32YVZISoqZtRQyz8c9Vx6.jpg,"[35, 18, 10749]",9390,Jerry Maguire,en,Jerry Maguire,"Jerry Maguire used to be a typical sports agent: willing to do just about anything he could to get the biggest possible contracts for his clients, plus a nice commission for himself. Then, one day, he suddenly has second thoughts about what he's really doing. When he voices these doubts, he ends up losing his job and all of his clients, save Rod Tidwell, an egomaniacal football player.",10.7821,/lABvGN7fDk5ifnwZoxij6G96t2w.jpg,1996-12-13,False,False,7.0,3875,"['Comedy', 'Drama', 'Romance']"
False,/pBdQ4iorzRV2G38mdS6rzrmUfMA.jpg,"[28, 10752, 53]",840326,Sisu,fi,Sisu,"When an ex-soldier who discovers gold in the Lapland wilderness tries to take the loot into the city, German soldiers led by a brutal SS officer battle him.",10.7815,/xgb30M1wL4nibyFvlHh3w4XlDYq.jpg,2022-09-09,False,False,7.388,2972,"['Action', 'War', 'Thriller']"
False,/nxxCPRGTzxUH8SFMrIsvMmdxHti.jpg,"[35, 14, 10751]",639720,IF,en,IF,"After discovering she can see everyone's imaginary friends, a girl embarks on a magical adventure to reconnect forgotten imaginary friends with their kids.",10.7815,/xbKFv4KF3sVYuWKllLlwWDmuZP7.jpg,2024-05-08,False,False,6.943,1692,"['Comedy', 'Fantasy', 'Family']"
False,/19SRSM2ybfVpCBxBFLXwyD18WkM.jpg,"[16, 10749, 35, 18, 14, 12]",21712,Mind Game,ja,マインド・ゲーム,"Nishi is a loser who has a crush on his childhood girlfriend. After an encounter with the Japanese mafia, he journeys to heaven and back, and ends up trapped in an even more unlikely place.",10.7808,/e5mV1iVcjg7nkpJrskQOnFCR4H9.jpg,2004-08-07,False,False,7.514,346,"['Animation', 'Romance', 'Comedy', 'Drama', 'Fantasy', 'Adventure']"
False,/7ZmZxar3bYORcl0TPA4oceyxcaE.jpg,"[16, 28, 35, 10751]",10555,Shark Tale,en,Shark Tale,"Oscar is a small fish whose big aspirations often get him into trouble. Meanwhile, Lenny is a great white shark with a surprising secret that no sea creature would guess: He's a vegetarian. When a lie turns Oscar into an improbable hero and Lenny becomes an outcast, the two form an unlikely friendship.",10.7736,/r08DpyPyhXcJTfNZAICNGMzcQ8l.jpg,2004-09-20,False,False,6.046,6832,"['Animation', 'Action', 'Comedy', 'Family']"
False,/32yqxyLlWcO81UCx51Jfq9aeJdA.jpg,"[53, 9648, 27]",631843,Old,en,Old,A group of families on a tropical holiday discover that the secluded beach where they are staying is somehow causing them to age rapidly – reducing their entire lives into a single day.,10.7715,/vclShucpUmPhdAOmKgf3B3Z4POD.jpg,2021-07-21,False,False,6.316,5031,"['Thriller', 'Mystery', 'Horror']"
False,/mY3CRicUMaX3Btxv8yspud75UJu.jpg,"[28, 12, 35]",848538,Argylle,en,Argylle,"When the plots of reclusive author Elly Conway's fictional espionage novels begin to mirror the covert actions of a real-life spy organization, quiet evenings at home become a thing of the past. Accompanied by her cat Alfie and Aidan, a cat-allergic spy, Elly races across the world to stay one step ahead of the killers as the line between Conway's fictional world and her real one begins to blur.",10.7698,/siduVKgOnABO4WH4lOwPQwaGwJp.jpg,2024-01-31,False,False,5.986,1832,"['Action', 'Adventure', 'Comedy']"
False,/s48CvFbWoWHhSPgz2wW9Rffw04q.jpg,"[35, 18, 10749]",254320,The Lobster,en,The Lobster,"In a dystopian near future, single people, according to the laws of The City, are taken to The Hotel, where they are obliged to find a romantic partner in forty-five days or are transformed into animals and sent off into The Woods.",10.7682,/7Y9ILV1unpW9mLpGcqyGQU72LUy.jpg,2015-10-15,False,False,7.021,7078,"['Comedy', 'Drama', 'Romance']"
False,/aTGvZ3F8QnAD8cPpJRaaqRRxFK6.jpg,"[28, 12, 14]",68735,Warcraft,en,Warcraft,"The peaceful realm of Azeroth stands on the brink of war as its civilization faces a fearsome race of invaders: orc warriors fleeing their dying home to colonize another. As a portal opens to connect the two worlds, one army faces destruction and the other faces extinction. From opposing sides, two heroes are set on a collision course that will decide the fate of their family, their people, and their home.",10.7569,/eGi5aoxaZveqNLtE7BZJCuWwR3G.jpg,2016-05-25,False,False,6.411,7447,"['Action', 'Adventure', 'Fantasy']"
False,/2U2h8PpsaWn90jdtyG0tu9ZxttZ.jpg,"[28, 12, 16, 35, 10751]",280217,The Lego Movie 2: The Second Part,en,The Lego Movie 2: The Second Part,"It's been five years since everything was awesome and the citizens are facing a huge new threat: LEGO DUPLO® invaders from outer space, wrecking everything faster than they can rebuild.",10.7553,/QTESAsBVZwjtGJNDP7utiGV37z.jpg,2019-02-06,False,False,6.646,2513,"['Action', 'Adventure', 'Animation', 'Comedy', 'Family']"
False,/m4MGxxEgAMqIX9x8MCg5pYeyYjU.jpg,"[18, 36]",45269,The King's Speech,en,The King's Speech,"The King's Speech tells the story of the man who became King George VI, the father of Queen Elizabeth II. After his brother abdicates, George ('Bertie') reluctantly assumes the throne. Plagued by a dreaded stutter and considered unfit to be king, Bertie engages the help of an unorthodox speech therapist named Lionel Logue. Through a set of unexpected techniques, and as a result of an unlikely friendship, Bertie is able to find his voice and boldly lead the country into war.",10.7533,/pVNKXVQFukBaCz6ML7GH3kiPlQP.jpg,2010-11-26,False,False,7.732,9511,"['Drama', 'History']"
False,/oV4ipwXDl1Vc1nq4HJfa5ta5I3u.jpg,"[53, 28, 878]",218043,Left Behind,en,Left Behind,A small group of survivors are left behind after millions of people suddenly vanish during the rapture and the world is plunged into chaos and destruction.,10.7521,/b9Q2WR62yB5Aq0hd6kyRFS9cc3Y.jpg,2014-10-03,False,False,4.303,1431,"['Thriller', 'Action', 'Science Fiction']"
False,/oo9GyiNKvR4CU1etuYl081UJ1LE.jpg,"[878, 28, 18, 53]",68724,Elysium,en,Elysium,"In the year 2159, two classes of people exist: the very wealthy who live on a pristine man-made space station called Elysium, and the rest, who live on an overpopulated, ruined Earth. Secretary Rhodes, a hard line government official, will stop at nothing to enforce anti-immigration laws and preserve the luxurious lifestyle of the citizens of Elysium. That doesn’t stop the people of Earth from trying to get in, by any means they can. When unlucky Max is backed into a corner, he agrees to take on a daunting mission that, if successful, will not only save his life, but could bring equality to these polarized worlds.",10.7488,/aRjuJuPXHtVs6YegfeeQWXGRs1E.jpg,2013-08-07,False,False,6.526,9811,"['Science Fiction', 'Action', 'Drama', 'Thriller']"
False,/rpsHpJj7FgnNBXhaO2KFthPwqH6.jpg,"[10749, 18, 35]",200727,"Love, Rosie",en,"Love, Rosie","Since the moment they met at age 5, Rosie and Alex have been best friends, facing the highs and lows of growing up side by side. A fleeting shared moment, one missed opportunity, and the decisions that follow send their lives in completely different directions. As each navigates the complexities of life, love, and everything in between, they always find their way back to each other - but is it just friendship, or something more?",10.7447,/2HOd431LX9ggqSpBIJ7qyYhATyo.jpg,2014-10-16,False,False,7.812,6567,"['Romance', 'Drama', 'Comedy']"
False,/gkT737kgnmI6jZyXbUBJRwVbGkW.jpg,"[12, 18, 10749, 28]",9476,A Knight's Tale,en,A Knight's Tale,"William Thatcher, a knight's peasant apprentice, gets a chance at glory when the knight dies suddenly mid-tournament. Posing as a knight himself, William won't stop until he's crowned tournament champion—assuming matters of the heart don't get in the way.",10.7425,/srb1XnrlDZHcdpjBKqUu4qAzxKU.jpg,2001-05-11,False,False,6.9,3501,"['Adventure', 'Drama', 'Romance', 'Action']"
False,/f4QIQvecRkKD5t7aPclyIr3SEP.jpg,"[53, 80, 27]",43947,I Spit on Your Grave,en,I Spit on Your Grave,"A beautiful woman from the city, Jennifer Hills, rents an isolated cabin in the country to write her latest novel. Soon, a group of local lowlifes subject her to a nightmare of degradation, rape, and violence.",10.7382,/sD5mBllYcBR5sQTyR2VGYhpHf6B.jpg,2010-06-17,False,False,6.511,2665,"['Thriller', 'Crime', 'Horror']"
False,/2NU8w8djgX6SzLrg7rN6yMXWAzC.jpg,[18],7863,Shine,en,Shine,"Pianist David Helfgott, driven by his father and teachers, has a breakdown. Years later he returns to the piano, to popular if not critical acclaim.",10.7366,/cbmThowj2XAW7lKlMAXmnhZvjGI.jpg,1996-08-15,False,False,7.37,725,['Drama']
False,/viBWzktrBmhzRw4ehmUIrrN4C0z.jpg,"[12, 18, 53]",44115,127 Hours,en,127 Hours,The true story of mountain climber Aron Ralston's remarkable adventure to save himself after a fallen boulder crashes on his arm and traps him in an isolated canyon in Utah.,10.7362,/h0RMdn0rfl9l5hWXz3tUh6QVkhi.jpg,2010-11-12,False,False,7.1,8278,"['Adventure', 'Drama', 'Thriller']"
False,/t9kQnqiaxQ8TLB25rTzDKLd0fdM.jpg,"[80, 53]",187,Sin City,en,Sin City,"Welcome to Sin City. This town beckons to the tough, the corrupt, the brokenhearted. Some call it dark… Hard-boiled. Then there are those who call it home — Crooked cops, sexy dames, desperate vigilantes. Some are seeking revenge, others lust after redemption, and then there are those hoping for a little of both. A universe of unlikely and reluctant heroes still trying to do the right thing in a city that refuses to care.",10.7283,/i66G50wATMmPrvpP95f0XP6ZdVS.jpg,2005-04-01,False,False,7.464,9058,"['Crime', 'Thriller']"
False,/gU5cR9LKtDD8YvzE7T7GvmzCEAA.jpg,"[28, 12, 14]",10196,The Last Airbender,en,The Last Airbender,"A century has passed since the Fire Nation declared war on the other three nations of air, water, and earth in its attempt for global domination. Aang, the long-lost Avatar, is found by Water Tribe siblings Katara and Sokka and must learn to master water, earth, and fire bending to defeat the Fire Nation and restore balance to the world.",10.7199,/zgwRTYWEEPivTwjB9S03HtmMcbM.jpg,2010-06-30,False,False,4.639,4359,"['Action', 'Adventure', 'Fantasy']"
False,/hJ1jUw8irCiWwQk7BElxF92BrlK.jpg,"[12, 18, 28]",147441,Exodus: Gods and Kings,en,Exodus: Gods and Kings,"The defiant leader Moses rises up against the Egyptian Pharaoh Ramses, setting 400,000 slaves on a monumental journey of escape from Egypt and its terrifying cycle of deadly plagues.",10.7158,/uaDj37JtvLan9tihxZ18e6qL33b.jpg,2014-12-03,False,False,5.884,4942,"['Adventure', 'Drama', 'Action']"
False,/cvq9cRMDJIGzNpHaPVGFftqPcLj.jpg,"[878, 53]",206487,Predestination,en,Predestination,"Predestination chronicles the life of a Temporal Agent sent on an intricate series of time-travel journeys designed to prevent future killers from committing their crimes. Now, on his final assignment, the Agent must stop the one criminal that has eluded him throughout time and prevent a devastating attack in which thousands of lives will be lost.",10.715,/38Xr1JnV1ZcLQ55zmdSp6n475cZ.jpg,2014-08-28,False,False,7.413,7317,"['Science Fiction', 'Thriller']"
False,/snobCf0u4ex9OKNNFuNQKmGe3gJ.jpg,"[16, 10751, 12, 35]",335777,The Nut Job 2: Nutty by Nature,en,The Nut Job 2: Nutty by Nature,"When the evil mayor of Oakton decides to bulldoze Liberty Park and build a dangerous amusement park in its place, Surly Squirrel and his ragtag group of animal friends need to band together to save their home, defeat the mayor, and take back the park.",10.6992,/xOfdQHNF9TlrdujyAjiKfUhxSXy.jpg,2017-08-11,False,False,6.2,484,"['Animation', 'Family', 'Adventure', 'Comedy']"
False,/zFyuN8vF2XNSzxIdACES0IyNrhK.jpg,"[16, 12, 10751, 14]",116711,Epic,en,Epic,A teenager finds herself transported to a deep forest setting where a battle between the forces of good and the forces of evil is taking place. She bands together with a rag-tag group characters in order to save their world—and ours.,10.6954,/81cSsWzjTfR3cJSqnTiHwy1eyPK.jpg,2013-05-15,False,False,6.564,3009,"['Animation', 'Adventure', 'Family', 'Fantasy']"
False,/zv1xOEQzebKyku349qDZ085FZlO.jpg,"[10752, 36, 18, 28, 10749]",676,Pearl Harbor,en,Pearl Harbor,"The lifelong friendship between Rafe McCawley and Danny Walker is put to the ultimate test when the two ace fighter pilots become entangled in a love triangle with beautiful Naval nurse Evelyn Johnson. But the rivalry between the friends-turned-foes is immediately put on hold when they find themselves at the center of Japan's devastating attack on Pearl Harbor on Dec. 7, 1941.",10.6925,/y8A0Cvp8WQmZ3bjbnsL53lY0dsC.jpg,2001-05-21,False,False,6.931,7171,"['War', 'History', 'Drama', 'Action', 'Romance']"
False,/oYiPf8oR2ZrjvGIVzGTw1BZihDP.jpg,"[9648, 18, 10749, 53, 10770]",153104,Wicked Minds,en,Wicked Minds,Holden returns home from college and is surprised to find his overpowering competitive father married to a much younger woman Lana. Holden quickly falls for the beauty and charisma of his step mother. A passionate affair begins between son and stepmother.,10.6736,/A6A15cDR8mpdOxW4y7UzFanzbM0.jpg,2003-03-01,False,False,6.407,54,"['Mystery', 'Drama', 'Romance', 'Thriller', 'TV Movie']"
False,/yVSgw4UyXWg0Edl7KMehdhhgIwL.jpg,"[878, 28, 53]",34851,Predators,en,Predators,A group of cold-blooded killers find themselves trapped on an alien planet to be hunted by extraterrestrial Predators.,10.6714,/wdniP8NDaJIydi1hMxhpbJMUfr6.jpg,2010-07-07,False,False,6.309,4783,"['Science Fiction', 'Action', 'Thriller']"
False,/npDrIM6ZbuD7nUxI7ZzNBxs4IRF.jpg,"[28, 12, 878]",54138,Star Trek Into Darkness,en,Star Trek Into Darkness,"When the crew of the Enterprise is called back home, they find an unstoppable force of terror from within their own organization has detonated the fleet and everything it stands for, leaving our world in a state of crisis.  With a personal score to settle, Captain Kirk leads a manhunt to a war-zone world to capture a one man weapon of mass destruction. As our heroes are propelled into an epic chess game of life and death, love will be challenged, friendships will be torn apart, and sacrifices must be made for the only family Kirk has left: his crew.",10.6698,/Aim3kVNh1MPIxPEFeJrl9e9Uf1a.jpg,2013-05-05,False,False,7.3,9866,"['Action', 'Adventure', 'Science Fiction']"
False,/nIxFtd6gcmGGvFxyb1z3mt46CrN.jpg,"[18, 878, 53]",10200,The Day the Earth Stood Still,en,The Day the Earth Stood Still,"A representative of an alien race that went through drastic evolution to survive its own climate change, Klaatu comes to Earth to assess whether humanity can prevent the environmental damage they have inflicted on their own planet. When barred from speaking to the United Nations, he decides humankind shall be exterminated so the planet can survive.",10.6681,/vBgFSYmG5tb7GsZ3tHR0WNaWaxA.jpg,2008-12-10,False,False,5.668,3876,"['Drama', 'Science Fiction', 'Thriller']"
False,/5n417Ff5GXOGCOKj3ZLMRAxEP0o.jpg,"[18, 9648]",249397,Nymphomaniac: Vol. II,en,Nymphomaniac: Vol. II,The continuation of Joe's sexually dictated life delves into the darker aspects of her adult life and what led to her being in Seligman's care.,10.6629,/iLUNqgNKuWn667kXCKztSxYbT3k.jpg,2013-12-25,False,False,6.7,3265,"['Drama', 'Mystery']"
False,/rcEDPOOOUTLFxLLQJggfLffbofe.jpg,"[16, 28, 14]",810693,Jujutsu Kaisen 0,ja,劇場版 呪術廻戦 0,"Yuta Okkotsu is a nervous high school student who is suffering from a serious problem—his childhood friend Rika has turned into a curse and won't leave him alone. Since Rika is no ordinary curse, his plight is noticed by Satoru Gojo, a teacher at Jujutsu High, a school where fledgling exorcists learn how to combat curses. Gojo convinces Yuta to enroll, but can he learn enough in time to confront the curse that haunts him?",10.6561,/23oJaeBh0FDk2mQ2P240PU9Xxfh.jpg,2021-12-24,False,False,8.103,1843,"['Animation', 'Action', 'Fantasy']"
False,/2Mq10FWFbxoYgsZysWlw7T9wSNe.jpg,"[10749, 18]",61979,Three Steps Above Heaven,es,Tres metros sobre el cielo,"Babi, a sheltered upper-class girl, and Hache, a reckless rebel obsessed with illegal motorcycle races, fall into a forbidden love that pulls them deeper into passion and risk.",10.6548,/xeWyY2s13dRlKOLk4E3TkXgM4sS.jpg,2010-12-03,False,False,7.735,3273,"['Romance', 'Drama']"
False,/aH63TQfTFgAT8tYZs0CjDsqfMo2.jpg,"[18, 35]",400928,Gifted,en,Gifted,"Frank, a single man raising his child prodigy niece Mary, is drawn into a custody battle with his mother.",10.6472,/7YB2YrMwIm1g8FyZtlvmVDfRnAT.jpg,2017-04-07,False,False,7.989,6066,"['Drama', 'Comedy']"
False,/zZZ1FDl5FPClZ9OnMrlaPA4Iuxv.jpg,"[28, 53, 878]",1635,The Island,en,The Island,"In 2019, Lincoln Six-Echo is a resident of a seemingly ""Utopian"" but contained facility. Like all of the inhabitants of this carefully-controlled environment, Lincoln hopes to be chosen to go to The Island — reportedly the last uncontaminated location on the planet. But Lincoln soon discovers that everything about his existence is a lie.",10.6431,/9MaZYEyFmQwNeDTxZGQEN8E0e4p.jpg,2005-07-21,False,False,6.695,6060,"['Action', 'Thriller', 'Science Fiction']"
False,/8gT3UKtglLVpu0YfccwbmXZ5Eis.jpg,"[18, 35]",20453,3 Idiots,hi,3 Idiots,"Rascal. Joker. Dreamer. Genius... You've never met a college student quite like ""Rancho."" From the moment he arrives at India's most prestigious university, Rancho's outlandish schemes turn the campus upside down—along with the lives of his two newfound best friends. Together, they make life miserable for ""Virus,"" the school’s uptight and heartless dean. But when Rancho catches the eye of the dean's daughter, Virus sets his sights on flunking out the ""3 idiots"" once and for all.",10.6367,/66A9MqXOyVFCssoloscw79z8Tew.jpg,2009-12-23,False,False,8.01,2829,"['Drama', 'Comedy']"
False,/smK3ud9IKSLVuRXdKauJ9p0DwNB.jpg,"[35, 80, 18]",2322,Sneakers,en,Sneakers,"When shadowy U.S. intelligence agents blackmail a reformed computer hacker and his eccentric team of security experts into stealing a code-breaking 'black box' from a Soviet-funded genius, they uncover a bigger conspiracy. Now, he and his 'sneakers' must save themselves and the world economy by retrieving the box from their blackmailers.",10.6323,/l2pIGwCvpZEpBuMb55YBl6A04Jv.jpg,1992-09-09,False,False,6.9,1098,"['Comedy', 'Crime', 'Drama']"
False,/evo3crueRIK9Eutb3lnDLVbD2xD.jpg,"[28, 53, 27]",514847,The Hunt,en,The Hunt,"Twelve strangers wake up in a clearing. They don't know where they are—or how they got there. In the shadow of a dark internet conspiracy theory, ruthless elitists gather at a remote location to hunt humans for sport. But their master plan is about to be derailed when one of the hunted turns the tables on her pursuers.",10.626,/wxPhn4ef1EAo5njxwBkAEVrlJJG.jpg,2020-03-11,False,False,6.653,3807,"['Action', 'Thriller', 'Horror']"
False,/9il7qNbeYnPMYlutsVYDsj4hRyb.jpg,"[18, 28]",480530,Creed II,en,Creed II,"Between personal obligations and training for his next big fight against an opponent with ties to his family's past, Adonis Creed is up against the challenge of his life.",10.6063,/v3QyboWRoA4O9RbcsqH8tJMe8EB.jpg,2018-11-21,False,False,7.034,5918,"['Drama', 'Action']"
False,/h5Bwxe6dTVFtAFkybkd1EAB4yUW.jpg,"[16, 10751, 35]",9982,Chicken Little,en,Chicken Little,"When the sky really is falling and sanity has flown the coop, who will rise to save the day? Together with his hysterical band of misfit friends, Chicken Little must hatch a plan to save the planet from alien invasion and prove that the world's biggest hero is a little chicken.",10.6038,/87FpA4b90eTaw3U6zmCNikoPLir.jpg,2005-11-04,False,False,5.922,4258,"['Animation', 'Family', 'Comedy']"
False,/xXHtSqFx8mLjzNGX9oCKQEx2yTa.jpg,"[35, 10749]",3981,What Women Want,en,What Women Want,"Advertising executive Nick Marshall is as cocky as they come, but what happens to a chauvinistic guy when he can suddenly hear what women are thinking? Nick gets passed over for a promotion, but after an accident enables him to hear women's thoughts, he puts his newfound talent to work against Darcy, his new boss, who seems to be infatuated with him.",10.603,/eqkBEMDk1316Yx5wVoabWY07JAi.jpg,2000-12-15,False,False,6.453,4532,"['Comedy', 'Romance']"
False,/p34WRcgkN2QIHcds5FtFiSpV3PC.jpg,"[28, 35, 80]",512195,Red Notice,en,Red Notice,"An Interpol-issued Red Notice is a global alert to hunt and capture the world's most wanted. But when a daring heist brings together the FBI's top profiler and two rival criminals, there's no telling what will happen.",10.5992,/lAXONuqg41NwUMuzMiFvicDET9Y.jpg,2021-11-04,False,False,6.7,6622,"['Action', 'Comedy', 'Crime']"
False,/5jCpCFrku6wmCZOYZWhHOC2j8IU.jpg,"[28, 53]",1669,The Hunt for Red October,en,The Hunt for Red October,"A new technologically-superior Soviet nuclear sub, the Red October, is heading for the U.S. coast under the command of Captain Marko Ramius. The American government thinks Ramius is planning to attack. Lone CIA analyst Jack Ryan has a different idea: he thinks Ramius is planning to defect, but he has only a few hours to find him and prove it - because the entire Russian naval and air commands are trying to find Ramius, too. The hunt is on!",10.5954,/yVl7zidse4KiWtGMqHFtZCx4X3N.jpg,1990-03-02,False,False,7.388,3757,"['Action', 'Thriller']"
False,/gHz4ZQytRs8YGrqFMwB3Vrr8pig.jpg,"[18, 10749, 878]",274870,Passengers,en,Passengers,"A spacecraft traveling to a distant colony planet and transporting thousands of people has a malfunction in its sleep chambers. As a result, two passengers are awakened 90 years early.",10.5895,/jK9S6HANSf2no64v1x1HxfcpmcA.jpg,2016-12-21,False,False,7.0,14488,"['Drama', 'Romance', 'Science Fiction']"
False,/9DclZBBDxMrbcqNS81Pjz8opZTW.jpg,"[27, 53, 80]",263472,Knock Knock,en,Knock Knock,"When a devoted husband and father is left home alone for the weekend, two stranded young women unexpectedly knock on his door for help. What starts out as a kind gesture results in a dangerous seduction and a deadly game of cat and mouse.",10.5815,/cUC4rUb1Cs2KMaZ6RD4uYUEEwls.jpg,2015-06-26,False,False,5.4,3578,"['Horror', 'Thriller', 'Crime']"
False,/8iZjnNSIH4teZERl0VjUeHHVrec.jpg,[27],157433,Pet Sematary,en,Pet Sematary,"Dr. Louis Creed and his wife, Rachel, move from Boston to Ludlow, in rural Maine, with their two young children. Hidden in the woods near the new family home, Ellie, their eldest daughter, discovers a mysterious cemetery where the pets of community members are buried.",10.5613,/7SPhr7Qj39vbnfF9O2qHRYaKHAL.jpg,2019-04-04,False,False,5.738,3502,['Horror']
False,/dZJcOyRonN0Kb7kJR3DE3esGn16.jpg,"[9648, 53, 18]",1050035,Monster,ja,怪物,"After an outburst at school involving her son, a concerned single mother demands answers, triggering a sequence of deepening suspicion and turmoil.",10.5596,/kvUJUyUGOhEoiWWNH04IXoExPE2.jpg,2023-06-02,False,False,7.934,957,"['Mystery', 'Thriller', 'Drama']"
False,/gnkBzJVH2zicIopP2fHf4kRElne.jpg,"[14, 35, 16, 878, 10751]",228161,Home,en,Home,"When Earth is taken over by the overly-confident Boov, an alien race in search of a new place to call home, all humans are promptly relocated, while all Boov get busy reorganizing the planet. But when one resourceful girl, Tip, manages to avoid capture, she finds herself the accidental accomplice of a banished Boov named Oh. The two fugitives realize there’s a lot more at stake than intergalactic relations as they embark on the road trip of a lifetime.",10.5547,/usFenYnk6mr8C62dB1MoAfSWMGR.jpg,2015-03-18,False,False,6.8,4317,"['Fantasy', 'Comedy', 'Animation', 'Science Fiction', 'Family']"
False,/m0yTFeh8vrsMP0fQDdYGSh4xthX.jpg,"[27, 9648]",8922,Jeepers Creepers,en,Jeepers Creepers,"On a desolate country highway, two homeward-bound teens are nearly run off the road by a maniac in a beat-up truck, and later spot him shoving what appears to be a body down a sewer pipe.",10.5538,/g410Y1U1ELbmJG14Zru3UAimm1G.jpg,2001-07-01,False,False,6.487,3413,"['Horror', 'Mystery']"
False,/qVyN9czTgRJ2SAA2BLXESzQEVgz.jpg,"[9648, 53, 27]",622,The Ninth Gate,en,The Ninth Gate,"A rare book dealer finds himself at the heart of a string of paranormal events when he is hired to find the last two copies of a text, The Nine Gates of the Kingdom of Shadows, capable of summoning the Devil.",10.5538,/rxw9l9YNL14ODdmAavUwHLBjiDo.jpg,1999-08-25,False,False,6.496,3460,"['Mystery', 'Thriller', 'Horror']"
False,/kg8na5u6qdCydm7cK7p2I0zQmgr.jpg,[35],9352,EuroTrip,en,EuroTrip,"When Scott learns that his longtime cyber-buddy from Berlin is a gorgeous young woman, he and his friends embark on a trip across Europe.",10.5471,/iLdO4PwbZCCQSa9rchZMwuJm9xe.jpg,2004-02-20,False,False,6.626,3085,['Comedy']
False,/Adlc8JMVEXOelFO6hYpIYcGBx2T.jpg,"[28, 878, 12, 35, 10751]",88751,Journey to the Center of the Earth,en,Journey to the Center of the Earth,"On a quest to find out what happened to his missing brother, a scientist, his nephew and their mountain guide discover a fantastic and dangerous lost world in the center of the earth.",10.5459,/kL55wY0s2H9JdwfjoWIp9plvYnl.jpg,2008-07-10,False,False,6.099,5291,"['Action', 'Science Fiction', 'Adventure', 'Comedy', 'Family']"
False,/l5KvxFVOru3Qyf3dl2asNw5g1MD.jpg,"[27, 28, 878]",1576,Resident Evil,en,Resident Evil,"When a virus leaks from a top-secret facility, turning all resident researchers into ravenous zombies and their lab animals into mutated hounds from hell, the government sends in an elite military task force to contain the outbreak.",10.5435,/1UKNef590A0ZaMnxsscIcWuK1Em.jpg,2002-03-15,False,False,6.672,7149,"['Horror', 'Action', 'Science Fiction']"
False,/xFADrLaDM7Lc9eJx9wI5pLqQVMB.jpg,"[18, 35, 10749]",81342,Delicacy,fr,La Délicatesse,A French woman mourning over the death of her husband three years prior is courted by a Swedish co-worker.,10.5417,/1pc9cMMt7Hs4z8fOOzsOLe3MjNX.jpg,2011-12-20,False,False,6.357,484,"['Drama', 'Comedy', 'Romance']"
False,/wJffMiCnrszaNclKggGixYWB7D7.jpg,"[27, 9648, 35]",22970,The Cabin in the Woods,en,The Cabin in the Woods,"Five friends set out for a weekend at a remote cabin in the woods, expecting nothing more than fun and relaxation. As night falls, they discover that something far more unsettling is at work and that nothing about their getaway is what it seems.",10.5382,/zZZe5wn0udlhMtdlDjN4NB72R6e.jpg,2012-04-12,False,False,6.656,8801,"['Horror', 'Mystery', 'Comedy']"
False,/3IJ8kG8i84PncXkSovu0PaZQfjM.jpg,"[28, 80, 53]",337339,The Fate of the Furious,en,The Fate of the Furious,"When a mysterious woman seduces Dom into the world of crime and a betrayal of those closest to him, the crew face trials that will test them as never before.",10.536,/dImWM7GJqryWJO9LHa3XQ8DD5NH.jpg,2017-04-12,False,False,6.8,10979,"['Action', 'Crime', 'Thriller']"
False,/9Z4msMhKvNp63sOB1ZvxPMPvqz3.jpg,"[35, 878, 12, 53]",7512,Idiocracy,en,Idiocracy,"To test its top-secret Human Hibernation Project, the Pentagon picks the most average European-Americans it can find - an Army private and a prostitute - and sends them to the year 2505 after a series of freak events. But when they arrive, they find a civilization so dumbed-down that they're the smartest people around.",10.535,/6cTHBq49ApwsJaRr3ojlY1cmiXk.jpg,2006-09-01,False,False,6.384,3790,"['Comedy', 'Science Fiction', 'Adventure', 'Thriller']"
False,/5d6m8CIBQcHeiwr6R5ou4wxO9Vn.jpg,"[18, 53]",340666,Nocturnal Animals,en,Nocturnal Animals,"Susan Morrow receives a book manuscript from her ex-husband – a man she left 20 years earlier – asking for her opinion of his writing. As she reads, she is drawn into the fictional life of Tony Hastings, a mathematics professor whose family vacation turns violent.",10.5307,/mdLDgQBD0va09npSQX5Zgo2evXM.jpg,2016-11-04,False,False,7.403,8439,"['Drama', 'Thriller']"
False,/uQqQvmptJLPTcWDrZXn22p7j7s3.jpg,"[28, 80, 53, 18]",395990,Death Wish,en,Death Wish,A mild-mannered father is transformed into a killing machine after his family is torn apart by a violent act.,10.5247,/g0eEEZAqMf98ULQnoiORuazjOpn.jpg,2018-03-01,False,False,6.2,2882,"['Action', 'Crime', 'Thriller', 'Drama']"
False,/qw6nuv56NW1JqzMoONlM84Iciwz.jpg,"[28, 12, 35]",463272,Johnny English Strikes Again,en,Johnny English Strikes Again,"Disaster strikes when a criminal mastermind reveals the identities of all active undercover agents in Britain. The secret service can now rely on only one man - Johnny English. Currently teaching at a minor prep school, Johnny springs back into action to find the mysterious hacker. For this mission to succeed, he’ll need all of his skills - what few he has - as the man with yesterday’s analogue methods faces off against tomorrow’s digital technology.",10.5202,/tCBxnZwLiY1BOKw3tH6AxHZdqPh.jpg,2018-08-30,False,False,6.286,2843,"['Action', 'Adventure', 'Comedy']"
False,/ackk6QMSECnqWC2H73lKXs8J5iY.jpg,"[12, 16, 14, 10751]",309809,The Little Prince,en,The Little Prince,"Based on the best-seller book 'The Little Prince', the movie tells the story of a little girl that lives with resignation in a world where efficiency and work are the only dogmas. Everything will change when accidentally she discovers her neighbor that will tell her about the story of the Little Prince that he once met.",10.5136,/je5Z7gbFTzrs3FPHINo9yGiHoVo.jpg,2015-07-29,False,False,7.621,3030,"['Adventure', 'Animation', 'Fantasy', 'Family']"
False,/syVAWAnY6fTBDDFntHsM8vFjKex.jpg,"[28, 80, 18, 53]",136797,Need for Speed,en,Need for Speed,"The film revolves around a local street-racer who partners with a rich and arrogant business associate, only to find himself framed by his colleague and sent to prison. After he gets out, he joins a New York-to-Los Angeles race to get revenge. But when the ex-partner learns of the scheme, he puts a massive bounty on the racer's head, forcing him to run a cross-country gauntlet of illegal racers in all manner of supercharged vehicles.",10.5132,/4ktdbrhCnAoDGLW36afjB717Sa.jpg,2014-03-12,False,False,6.451,4818,"['Action', 'Crime', 'Drama', 'Thriller']"
False,/niMCrXNVxEYXHSeQU0GPos0vdED.jpg,"[16, 14, 28]",620249,The Legend of Hei,zh,罗小黑战记,"When cat spirit Luo Xiaohei's home is deforested by humans, he must find a new one. He runs into a group of other spirit creatures who take him under their wing with dreams of reconquering the land they say is rightfully theirs. However, they run into a human known as Wuxian who separates Luo Xiaohei from the other spirits and the two go on a journey, with the cat spirit learning to control his abilities as well as forming his own thoughts on whether or not he should ally with the spirits or the humans.",10.5077,/nWdES36hGwADWWBGzvgT1Z3Xn86.jpg,2019-08-27,False,False,8.401,555,"['Animation', 'Fantasy', 'Action']"
False,/ciKBP3tgzUxp7sHFNZxofBXUS8k.jpg,"[28, 27, 53]",602223,The Forever Purge,en,The Forever Purge,All the rules are broken as a sect of lawless marauders decides that the annual Purge does not stop at daybreak and instead should never end as they chase a group of immigrants who they want to punish because of their harsh historical past.,10.5073,/lB068qa6bQ0QKYKyC2xnYGvYjl7.jpg,2021-06-30,False,False,6.9,2734,"['Action', 'Horror', 'Thriller']"
False,/qd4EKTuudkws9lW76Dn9C0tnuVA.jpg,"[878, 27]",536554,M3GAN,en,M3GAN,"A brilliant toy company roboticist uses artificial intelligence to develop M3GAN, a life-like doll programmed to emotionally bond with her newly orphaned niece. But when the doll's programming works too well, she becomes overprotective of her new friend with terrifying results.",10.5052,/d9nBoowhjiiYc4FBNtQkPY7c11H.jpg,2022-12-28,False,False,7.0,5005,"['Science Fiction', 'Horror']"
False,/tKVXRDeQogwQuS4O09Na7WMlrGd.jpg,"[16, 35, 10751]",9836,Happy Feet,en,Happy Feet,"Into the world of the Emperor Penguins, who find their soul mates through song, a penguin is born who cannot sing. But he can tap dance something fierce!",10.5022,/zP4CK9O70P8GDilfTkPm4lrmaks.jpg,2006-11-16,False,False,6.232,5587,"['Animation', 'Comedy', 'Family']"
False,/nNh7vHHISVAaziJEqAq0P9iL52w.jpg,"[27, 878, 9648]",395992,Life,en,Life,"The six-member crew of the International Space Station is tasked with studying a sample from Mars that may be the first proof of extra-terrestrial life, which proves more intelligent than ever expected.",10.4946,/wztfli5NgYDgurVgShNflvnyA3Z.jpg,2017-03-22,False,False,6.464,8107,"['Horror', 'Science Fiction', 'Mystery']"
False,/33pMXav77ICRnceEBLhL8lXTywv.jpg,"[36, 10752, 18]",753342,Napoleon,en,Napoleon,"An epic that details the checkered rise and fall of French Emperor Napoleon Bonaparte and his relentless journey to power through the prism of his addictive, volatile relationship with his wife, Josephine.",10.4881,/ytFOXyghxLzAM4KZyazDdEkM66q.jpg,2023-11-22,False,False,6.3,3261,"['History', 'War', 'Drama']"
False,/hMANgfPHR1tRObNp2oPiOi9mMlz.jpg,"[28, 12, 878]",424783,Bumblebee,en,Bumblebee,"On the run in the year 1987, Bumblebee finds refuge in a junkyard in a small Californian beach town. Charlie, on the cusp of turning 18 and trying to find her place in the world, discovers Bumblebee, battle-scarred and broken.  When Charlie revives him, she quickly learns this is no ordinary yellow VW bug.",10.4815,/fw02ONlDhrYjTSZV8XO6hhU3ds3.jpg,2018-11-22,False,False,6.732,6828,"['Action', 'Adventure', 'Science Fiction']"
False,/xXBnM6uSTk6qqCf0SRZKXcga9Ba.jpg,"[10752, 28, 18]",516486,Greyhound,en,Greyhound,"A first-time captain leads a convoy of allied ships carrying thousands of soldiers across the treacherous waters of the ""Black Pit"" to the front lines of WWII. With no air cover protection for 5 days, the captain and his convoy must battle the surrounding enemy Nazi U-boats in order to give the allies a chance to win the war.",10.4814,/kjMbDciooTbJPofVXgAoFjfX8Of.jpg,2020-07-09,False,False,7.4,3453,"['War', 'Action', 'Drama']"
False,/rHcBZ6ZKCe4FalWHyvBGsyMsh0k.jpg,"[18, 80]",396371,Molly's Game,en,Molly's Game,"Molly Bloom, a young skier and former Olympic hopeful becomes a successful entrepreneur (and a target of an FBI investigation) when she establishes a high-stakes, international poker game.",10.4812,/zrGQwKNmAz5awZI2V1k5M4eTTTN.jpg,2017-12-07,False,False,7.155,4114,"['Drama', 'Crime']"
False,/8urrLPW6HFaIuRhJ1G3iQ7usEo7.jpg,"[35, 14]",16996,17 Again,en,17 Again,"On the brink of a midlife crisis, 30-something Mike O'Donnell wishes he could have a ""do-over."" And that's exactly what he gets when he wakes up one morning to find he's 17 years old again. With his adult mind stuck inside the body of a teenager, Mike actually has the chance to reverse some decisions he wishes he'd never made. But maybe they weren't so bad after all.",10.4796,/yEcfFXEWpuXcfsR9nKESVCFneqV.jpg,2009-03-11,False,False,6.32,5524,"['Comedy', 'Fantasy']"
False,/ehumsuIBbgAe1hg343oszCLrAfI.jpg,"[16, 10751, 14, 12]",1022796,Wish,en,Wish,"Asha, a sharp-witted idealist, makes a wish so powerful that it is answered by a cosmic force – a little ball of boundless energy called Star. Together, Asha and Star confront a most formidable foe - the ruler of Rosas, King Magnifico - to save her community and prove that when the will of one courageous human connects with the magic of the stars, wondrous things can happen.",10.4794,/nesuSdJakNkf0zs7OfoasB6Clxf.jpg,2023-11-13,False,False,6.22,1833,"['Animation', 'Family', 'Fantasy', 'Adventure']"
False,/16aJtXO6lObbBUr11IvkjB1QD1f.jpg,"[18, 10749]",341174,Fifty Shades Darker,en,Fifty Shades Darker,"When a wounded Christian Grey tries to entice a cautious Ana Steele back into his life, she demands a new arrangement before she will give him another chance. As the two begin to build trust and find stability, shadowy figures from Christian’s past start to circle the couple, determined to destroy their hopes for a future together.",10.4793,/w3qa274gvca9t8pkUoG8nfQgTU3.jpg,2017-02-08,False,False,6.469,8008,"['Drama', 'Romance']"
False,/ap6Zc5NDOfbZaMhkRDyghbGeLf0.jpg,"[27, 14]",501170,Doctor Sleep,en,Doctor Sleep,"Still scarred by the trauma he endured as a child at the Overlook Hotel, Dan Torrance faces the ghosts of the past when he meets Abra, a courageous teen who desperately needs his help -- and who possesses a powerful extrasensory ability called the ""shine"".",10.4695,/p69QzIBbN06aTYqRRiCOY1emNBh.jpg,2019-10-30,False,False,7.148,5045,"['Horror', 'Fantasy']"
False,/sWi4SSeVPii4NU365Df9vzX1yOX.jpg,"[9648, 878]",2666,Dark City,en,Dark City,"A man struggles with memories of his past, including a wife he cannot remember, in a nightmarish world with no sun and run by beings with telekinetic powers who seek the souls of humans.",10.4673,/tNPEGju4DpTdbhBphNmZoEi9Bd3.jpg,1998-02-27,False,False,7.331,3334,"['Mystery', 'Science Fiction']"
False,/fZvAroq9Vb5hhyKT6TxsjxJW7nm.jpg,"[12, 28, 878]",72545,Journey 2: The Mysterious Island,en,Journey 2: The Mysterious Island,"Sean Anderson partners with his mom's boyfriend on a mission to find his grandfather, who is thought to be missing on a mythical island.",10.4667,/uFm2vnp9LhHx5MNo1Ego6O3vUhl.jpg,2012-01-19,False,False,6.154,4618,"['Adventure', 'Action', 'Science Fiction']"
False,/f9Atch0jlzcOT9RbF8UccqfNOpd.jpg,"[80, 53]",800158,The Killer,en,The Killer,"After a fateful miss, an assassin battles his employers, and himself, on an international manhunt he insists isn't personal.",10.4553,/ipkcgvN7h3yZnbYowthloHLKsf4.jpg,2023-10-25,False,False,6.581,2989,"['Crime', 'Thriller']"
False,/tweDJNQzBGgsWVF5MC8JhSAk07p.jpg,"[53, 878, 27]",570670,The Invisible Man,en,The Invisible Man,"When Cecilia's abusive ex takes his own life and leaves her his fortune, she suspects his death was a hoax. As a series of coincidences turn lethal, Cecilia works to prove that she is being hunted by someone nobody can see.",10.4552,/5EufsDwXdY2CVttYOk2WtYhgKpa.jpg,2020-02-26,False,False,7.083,6453,"['Thriller', 'Science Fiction', 'Horror']"
False,/h21dxRjtR7xOhyZljtSYeTETCht.jpg,"[10752, 36, 28, 12, 18, 10749]",1966,Alexander,en,Alexander,"Alexander, the King of Macedonia, leads his legions against the giant Persian Empire. After defeating the Persians, he leads his army across the then known world, venturing farther than any westerner had ever gone, all the way to India.",10.4445,/jrwQu72sGwGqwE8Ijne89PSIvhp.jpg,2004-11-21,False,False,5.961,3605,"['War', 'History', 'Action', 'Adventure', 'Drama', 'Romance']"
False,/4l65BWqJBl7hBwdIwp2nQdwsOuw.jpg,"[18, 36]",850165,The Iron Claw,en,The Iron Claw,"The true story of the inseparable Von Erich brothers, who made history in the intensely competitive world of professional wrestling in the early 1980s. Through tragedy and triumph, under the shadow of their domineering father and coach, the brothers seek larger-than-life immortality on the biggest stage in sports.",10.443,/s2VLjcykJfwplJNGT5iEeCA0mRx.jpg,2023-12-21,False,False,7.517,1343,"['Drama', 'History']"
False,/iNfDwioDBzqodomLbMfV8ZXj0yL.jpg,"[53, 878, 28]",8831,Timecop,en,Timecop,"In 2004, an officer for a security agency that regulates time travel must fend for his life against a shady politician who has a tie to his past.",10.4429,/bgxP6ws8ErBiarnb4S93vv0lkf4.jpg,1994-09-15,False,False,6.04,1383,"['Thriller', 'Science Fiction', 'Action']"
False,/fsJn2mPXMhauXsEpNTtFqDdjSQt.jpg,"[18, 28]",1246,Rocky Balboa,en,Rocky Balboa,"When he loses a highly publicized virtual boxing match to ex-champ Rocky Balboa, reigning heavyweight titleholder Mason Dixon retaliates by challenging the Italian Stallion to a 10-round exhibition bout. To the surprise of his son and friends, Rocky agrees to come out of retirement and face an opponent who's faster, stronger and thirty years his junior. Rocky takes on Dixon in what will become the greatest fight in boxing history!",10.4416,/byBlJvZwCqgtIwrZNv0pyE974jC.jpg,2006-12-20,False,False,6.885,3909,"['Drama', 'Action']"
False,/as3gvp4DIXVRlXsj5x7OWPQI5lI.jpg,"[35, 10749]",2770,American Pie 2,en,American Pie 2,"After a year apart - attending different schools, meeting different people - the guys rent a beach house and vow to make this the best summer ever. As it turns out, whether that will happen or not has a lot to do with the girls. Between the wild parties, outrageous revelations and yes, a trip to band camp, they discover that times change and people change, but in the end, it's all about sticking together.",10.4379,/854ZZxXdeabAs90mrV72NqShJqR.jpg,2001-08-10,False,False,6.267,5452,"['Comedy', 'Romance']"
False,/9a59H9qoAzMcj1NWurMgvg9iLaT.jpg,"[28, 12, 14]",1729,The Forbidden Kingdom,en,The Forbidden Kingdom,"An American teenager who is obsessed with Hong Kong cinema and kung-fu classics makes an extraordinary discovery in a Chinatown pawnshop: the legendary stick weapon of the Chinese sage and warrior, the Monkey King. With the lost relic in hand, the teenager unexpectedly finds himself travelling back to ancient China to join a crew of warriors from martial arts lore on a dangerous quest to free the imprisoned Monkey King.",10.4377,/z8chF1Z7hyuSVqLYTgElkQZh2VB.jpg,2008-04-17,False,False,6.654,1983,"['Action', 'Adventure', 'Fantasy']"
False,/3qfiZd8ETMk9MQsmhbOB5QAAx0l.jpg,"[16, 10751]",77950,Turbo,en,Turbo,The tale of an ordinary garden snail who dreams of winning the Indy 500.,10.4184,/inTKQni4YW8syrfgnXHwzmNeSo4.jpg,2013-07-11,False,False,6.3,3784,"['Animation', 'Family']"
False,/fesAgiKA0pc04vScDTAQe1f9nd4.jpg,"[12, 28, 53]",714,Tomorrow Never Dies,en,Tomorrow Never Dies,A deranged media mogul is staging international incidents to pit the world's superpowers against each other. Now James Bond must take on this evil mastermind in an adrenaline-charged battle to end his reign of terror and prevent global pandemonium.,10.4119,/gZm002w7q9yLOkltxT76TWGfdZX.jpg,1997-12-11,False,False,6.4,3546,"['Adventure', 'Action', 'Thriller']"
False,/2u1YBNBlSwvBReyvI7i5z5ykQXP.jpg,"[28, 53]",725201,The Gray Man,en,The Gray Man,"When a shadowy CIA agent uncovers damning agency secrets, he's hunted across the globe by a sociopathic rogue operative who's put a bounty on his head.",10.4025,/8cXbitsS6dWQ5gfMTZdorpAAzEH.jpg,2022-07-13,False,False,6.903,4448,"['Action', 'Thriller']"
False,/1nfymSGiadOvi6uOLskL2jAOmvh.jpg,"[35, 18, 14]",9339,Click,en,Click,"A married workaholic, Michael Newman doesn't have time for his wife and children, not if he's to impress his ungrateful boss and earn a well-deserved promotion. So when he meets Morty, a loopy sales clerk, he gets the answer to his prayers: a magical remote that allows him to bypass life's little distractions with increasingly hysterical results.",10.3929,/oL0k5JA53PyoHSZqKb3cNkhwBCE.jpg,2006-06-23,False,False,6.314,7761,"['Comedy', 'Drama', 'Fantasy']"
False,/o51GktmDgLPLYFXn7iZDQxmNHPF.jpg,"[27, 53]",298312,The Visit,en,The Visit,"A brother and sister are sent to their grandparents' remote Pennsylvania farm for a week, where they discover that the elderly couple is involved in something deeply disturbing.",10.3856,/mtMfKRCa2V5b7d9k4piogB72mcY.jpg,2015-09-10,False,False,6.319,5290,"['Horror', 'Thriller']"
False,/ifHgVh5c7B3mbq5CfkzwsyMRmpG.jpg,"[10749, 18, 35]",11013,Secretary,en,Secretary,"A young woman, recently released from a mental hospital, gets a job as a secretary to a demanding lawyer, where their employer-employee relationship turns into a sexual, sadomasochistic one.",10.3855,/8mHdYNKCmvjB1r87waCtEi9nvTt.jpg,2002-09-20,False,False,6.802,2006,"['Romance', 'Drama', 'Comedy']"
False,/pVVobDO8cezhVPvwD6EBUN0g3mt.jpg,"[14, 28, 878]",353491,The Dark Tower,en,The Dark Tower,A boy haunted by visions of a parallel world aids its disillusioned guardian in preventing the destruction of the nexus of universes known as the Dark Tower.,10.3839,/i9GUSgddIqrroubiLsvvMRYyRy0.jpg,2017-08-03,False,False,5.808,5666,"['Fantasy', 'Action', 'Science Fiction']"
False,/cJYerfZVf2rNwfGMK3MQ8lTbMnY.jpg,"[35, 14]",62213,Dark Shadows,en,Dark Shadows,Vampire Barnabas Collins is inadvertently freed from his tomb and emerges into the very changed world of 1972. He returns to Collinwood Manor to find that his once-grand estate and family have fallen into ruin.,10.3792,/fd9Ck4cxVlmtXsbeGtQW7WFuUFI.jpg,2012-05-09,False,False,6.106,7730,"['Comedy', 'Fantasy']"
False,/tfUotS2rLaIu7ieJPDonyDn5EqQ.jpg,"[35, 28]",10661,You Don't Mess with the Zohan,en,You Don't Mess with the Zohan,An Israeli counterterrorism soldier with a secretly fabulous ambition to become a Manhattan hairstylist. Zohan's desire runs so deep that he'll do anything -- including faking his own death and going head-to-head with an Arab cab driver -- to make his dreams come true.,10.3721,/gBhLQmpCPoKFMCGsulMbIFzrBID.jpg,2008-06-05,False,False,5.722,4172,"['Comedy', 'Action']"
False,/or5kDR8Ve3TtuPSdEf1X5NdQHyz.jpg,"[28, 12, 878]",166424,Fantastic Four,en,Fantastic Four,"Four young outsiders teleport to a dangerous universe, which alters their physical form in shocking ways. Their lives irrevocably upended, the team must learn to harness their daunting new abilities and work together to save Earth from a former friend turned enemy.",10.3684,/cDroz5qSlP8xZ6tOpeYoPkBvKyL.jpg,2015-08-05,False,False,4.434,6537,"['Action', 'Adventure', 'Science Fiction']"
False,/gEjNlhZhyHeto6Fy5wWy5Uk3A9D.jpg,"[27, 28, 53, 12]",581392,Peninsula,ko,반도,A soldier and his team battle hordes of post-apocalyptic zombies in the wastelands of the Korean Peninsula.,10.3635,/eeqvAzCccAZOhU3RfbvHB3s44S6.jpg,2020-07-15,False,False,6.7,2661,"['Horror', 'Action', 'Thriller', 'Adventure']"
False,/sqcqFzAj3IPSFprQSLHr5JOBU4m.jpg,"[12, 16, 35, 10751, 14]",228165,The SpongeBob Movie: Sponge Out of Water,en,The SpongeBob Movie: Sponge Out of Water,"Evil pirate Burger Beard is in search of the final page of a magical book that makes any evil plan he writes in it come true, but the final page happens to be the Krabby Patty secret formula. When Burger Beard endangers Bikini Bottom, SpongeBob, Patrick, Mr. Krabs, Squidward, Sandy, and Plankton must embark on a quest to retrieve the recipe and save their city...a quest that takes them to the surface world and transforms them into superheroes.",10.3627,/2WDmjUlSAPlA27i2OwEC7sRTFw3.jpg,2015-01-28,False,False,6.1,2600,"['Adventure', 'Animation', 'Comedy', 'Family', 'Fantasy']"
False,/2FYzxgLNuNVwncilzUeCGbOQzP7.jpg,"[35, 878, 28, 12]",479455,Men in Black: International,en,Men in Black: International,"The Men in Black have always protected the Earth from the scum of the universe. In this new adventure, they tackle their biggest, most global threat to date: a mole in the Men in Black organization.",10.3614,/dPrUPFcgLfNbmDL8V69vcrTyEfb.jpg,2019-06-12,False,False,5.89,5497,"['Comedy', 'Science Fiction', 'Action', 'Adventure']"
False,/4lWr2j3ZSEe8qlt3W3ma8TiiMQB.jpg,"[35, 14, 10751, 27]",531219,Roald Dahl's The Witches,en,Roald Dahl's The Witches,"In late 1967, a young orphaned boy goes to live with his loving grandma in the rural Alabama town of Demopolis. As the boy and his grandmother encounter some deceptively glamorous but thoroughly diabolical witches, she wisely whisks him away to a seaside resort. Regrettably, they arrive at precisely the same time that the world's Grand High Witch has gathered.",10.3596,/betExZlgK0l7CZ9CsCBVcwO1OjL.jpg,2020-10-26,False,False,6.337,3044,"['Comedy', 'Fantasy', 'Family', 'Horror']"
False,/8eRscFbRYl681zDfkjv1jjW1KAA.jpg,"[878, 28, 12]",1452,Superman Returns,en,Superman Returns,"Superman returns to discover his 5-year absence has allowed Lex Luthor to walk free, and that those he was closest to felt abandoned and have moved on. Luthor plots his ultimate revenge that could see millions killed and change the face of the planet forever, as well as ridding himself of the Man of Steel.",10.3553,/385XwTQZDpRX2d3kxtnpiLrjBXw.jpg,2006-06-28,False,False,5.824,4699,"['Science Fiction', 'Action', 'Adventure']"
False,/9KKT8qPAII0VJMpviThOTMLN0Wt.jpg,"[12, 28, 53, 14]",375588,Robin Hood,en,Robin Hood,A war-hardened Crusader and his Moorish commander mount an audacious revolt against the corrupt English crown.,10.3509,/AiRfixFcfTkNbn2A73qVJPlpkUo.jpg,2018-11-03,False,False,5.909,3213,"['Adventure', 'Action', 'Thriller', 'Fantasy']"
False,/3zBjU7mXlzxJKAStRzlNDZRGT0m.jpg,"[28, 80]",495764,Birds of Prey (and the Fantabulous Emancipation of One Harley Quinn),en,Birds of Prey (and the Fantabulous Emancipation of One Harley Quinn),"Harley Quinn joins forces with a singer, an assassin and a police detective to help a young girl who had a hit placed on her after she stole a rare diamond from a crime lord.",10.3508,/h4VB6m0RwcicVEZvzftYZyKXs6K.jpg,2020-02-05,False,False,6.866,10992,"['Action', 'Crime']"
False,/rsPjEr7o02mo8ex6wD2PbRwasUe.jpg,"[53, 878, 27]",2675,Signs,en,Signs,A family living on a farm finds mysterious crop circles in their fields which suggests something more frightening to come.,10.3447,/YtrIdrTxpRhvCnlw43dwOjfLqx.jpg,2002-08-02,False,False,6.732,6542,"['Thriller', 'Science Fiction', 'Horror']"
False,/lWybXICZZpxnSvWSOW53XxTERUg.jpg,"[10751, 16, 878, 14, 35]",2300,Space Jam,en,Space Jam,"With their freedom on the line, the Looney Tunes seek the help of NBA superstar Michael Jordan to win a basketball game against a team of moronic aliens.",10.3446,/4RN5El3Pj2W4gpwgiAGLVfSJv2g.jpg,1996-11-15,False,False,6.809,6555,"['Family', 'Animation', 'Science Fiction', 'Fantasy', 'Comedy']"
False,/9Xna1fmRkTyAfMSonokrwblYXUS.jpg,"[53, 80, 28]",265208,Wild Card,en,Wild Card,"When a Las Vegas bodyguard with lethal skills and a gambling problem gets in trouble with the mob, he has one last play… and it's all or nothing.",10.3442,/zN80Tlly8oMpKbVJv2TfRIj8dHG.jpg,2015-01-14,False,False,5.713,1991,"['Thriller', 'Crime', 'Action']"
False,/1wo90L3F7hA9h6cG5xfz3dB1IE6.jpg,"[53, 28, 35, 878]",10771,The Tuxedo,en,The Tuxedo,"Cabbie-turned-chauffeur Jimmy Tong learns there is really only one rule when you work for playboy millionaire Clark Devlin : Never touch Devlin's prized tuxedo. But when Devlin is temporarily put out of commission in an explosive accident, Jimmy puts on the tux and soon discovers that this extraordinary suit may be more black belt than black tie. Paired with a partner as inexperienced as he is, Jimmy becomes an unwitting secret agent.",10.3405,/lTMnOx7E2zEzIGY0og1KkfgYMhY.jpg,2002-09-27,False,False,5.736,2238,"['Thriller', 'Action', 'Comedy', 'Science Fiction']"
False,/aIyvMthA7UGV6ix6AUUM88ZXfeU.jpg,"[14, 10751, 35, 16]",77931,The Smurfs 2,en,The Smurfs 2,"The evil wizard Gargamel creates a couple of mischievous Smurf-like creatures called the Naughties that he hopes will let him harness the all-powerful, magical Smurf-essence. But when he discovers that only a real Smurf can give him what he wants, and only a secret spell that Smurfette knows can turn the Naughties into real Smurfs, Gargamel kidnaps Smurfette and brings her to Paris, where he has been winning the adoration of millions as the world¹s greatest sorcerer. It's up to Papa, Clumsy, Grouchy, and Vanity to return to our world, reunite with their human friends Patrick and Grace Winslow, and rescue her! Will Smurfette, who has always felt different from the other Smurfs, find a new connection with the Naughties Vexy and Hackus or will the Smurfs convince her that their love for her is True Blue?",10.3355,/tmjvgbEH4BKYFfHmWXjXrHgi8wT.jpg,2013-07-30,False,False,5.746,2413,"['Fantasy', 'Family', 'Comedy', 'Animation']"
False,/nQQIUwEEqa6sjPvnqcGbjJxbdit.jpg,"[27, 9648, 10749, 18, 53]",201085,Crimson Peak,en,Crimson Peak,"In the aftermath of a family tragedy, an aspiring author is torn between love for her childhood friend and the temptation of a mysterious outsider. Trying to escape the ghosts of her past, she is swept away to a house that breathes, bleeds… and remembers.",10.3332,/f9TOb5anVwZeSbYjU1qNxPk3KUk.jpg,2015-10-13,False,False,6.7,5349,"['Horror', 'Mystery', 'Romance', 'Drama', 'Thriller']"
False,/kQV9sV0IbastbU5FYxuYwxfMawz.jpg,"[35, 28, 14]",594767,Shazam! Fury of the Gods,en,Shazam! Fury of the Gods,"Billy Batson and his foster siblings, who transform into superheroes by saying ""Shazam!"", are forced to get back into action and fight the Daughters of Atlas, who they must stop from using a weapon that could destroy the world.",10.3237,/3GrRgt6CiLIUXUtoktcv1g2iwT5.jpg,2023-03-15,False,False,6.391,3782,"['Comedy', 'Action', 'Fantasy']"
False,/uTBNMyN3RjMGR1cmtE9RPTDlkZY.jpg,"[35, 10749]",9522,Wedding Crashers,en,Wedding Crashers,"John and his buddy Jeremy are emotional criminals who know how to use a woman's hopes and dreams for their own carnal gain. Their modus operandi: crashing weddings. Normally, they meet guests who want to toast the romantic day with a random hook-up. But when John meets Claire, he discovers what true love – and heartache – feels like.",10.3124,/lFM3lk2zVzC1YFnKm0r6LbFPyRu.jpg,2005-07-13,False,False,6.502,4826,"['Comedy', 'Romance']"
False,/iYLimHUF0C0R61v1ofg79SUIja9.jpg,"[16, 10751, 12, 35, 14]",41513,The Smurfs,en,The Smurfs,"When the evil wizard Gargamel chases the tiny blue Smurfs out of their village, they tumble from their magical world and into ours -- in fact, smack dab in the middle of Central Park. Just three apples high and stuck in the Big Apple, the Smurfs must find a way to get back to their village before Gargamel tracks them down.",10.3116,/vRhnslP2gW0QDym7BsMeSuioUfK.jpg,2011-07-29,False,False,5.755,4083,"['Animation', 'Family', 'Adventure', 'Comedy', 'Fantasy']"
False,/9bvn5SWwAK6qB79UevNi0jqhfke.jpg,[18],17903,A Frozen Flower,ko,쌍화점,"A despotic king orders his male lover to produce an heir for him with his Queen. But when they instead fall in love, will tragic consequences follow?",10.3088,/jvGmbNUh0eq9ShQmMSof0DXXHWY.jpg,2008-12-30,False,False,6.885,165,['Drama']
False,/9NSXdVHeSfSHUv49OzLispFcpz1.jpg,"[53, 80, 28]",560016,Monkey Man,en,Monkey Man,"Kid is an anonymous young man who ekes out a meager living in an underground fight club where, night after night, wearing a gorilla mask, he is beaten bloody by more popular fighters for cash. After years of suppressed rage, Kid discovers a way to infiltrate the enclave of the city’s sinister elite. As his childhood trauma boils over, his mysteriously scarred hands unleash an explosive campaign of retribution to settle the score with the men who took everything from him.",10.3075,/4lhR4L2vzzjl68P1zJyCH755Oz4.jpg,2024-04-03,False,False,6.856,1509,"['Thriller', 'Crime', 'Action']"
False,/h3weAFgg06GqchI2xDfufBgSFTj.jpg,[18],600354,The Father,en,The Father,"A man refuses all assistance from his daughter as he ages and, as he tries to make sense of his changing circumstances, he begins to doubt his loved ones, his own mind and even the fabric of his reality.",10.3059,/pr3bEQ517uMb5loLvjFQi8uLAsp.jpg,2020-12-23,False,False,8.093,3761,['Drama']
False,/iP0capCU4w5nxCDl398CH7yR1r9.jpg,"[12, 14, 28]",9543,Prince of Persia: The Sands of Time,en,Prince of Persia: The Sands of Time,"A rogue prince reluctantly joins forces with a mysterious princess and together, they race against dark forces to safeguard an ancient dagger capable of releasing the Sands of Time – gift from the gods that can reverse time and allow its possessor to rule the world.",10.3008,/siNGMLdOUNYLEGtlsnmQcpO2XZX.jpg,2010-05-19,False,False,6.311,7324,"['Adventure', 'Fantasy', 'Action']"
False,/uocpNfrP0Vvnf2UxykXuIR1HNUd.jpg,"[16, 18, 10751, 14]",17979,A Christmas Carol,en,A Christmas Carol,"Miser Ebenezer Scrooge is awakened on Christmas Eve by spirits who reveal to him his own miserable existence, what opportunities he wasted in his youth, his current cruelties, and the dire fate that awaits him if he does not change his ways. Scrooge is faced with his own story of growing bitterness and meanness, and must decide what his own future will hold: death or redemption.",10.2837,/xNwlAIdx1Ln28GRiQttUP9Gojy2.jpg,2009-11-04,False,False,6.9,4985,"['Animation', 'Drama', 'Family', 'Fantasy']"
False,/8g8WtAAEGRramjw9G4ivYQV8OaR.jpg,"[10749, 18]",4478,Indecent Proposal,en,Indecent Proposal,John Gage offers a down-on-his-luck yuppie husband $1 million for the opportunity to spend the night with the man's wife.,10.2826,/a39WoiTJEG5kNLIrr3kOMwg3LFg.jpg,1993-04-07,False,False,6.407,1669,"['Romance', 'Drama']"
False,/c5EmNhLQsTTKAyUHULnKYQjlloz.jpg,"[27, 9648]",41446,Scream 4,en,Scream 4,"Fifteen years after the original Woodsboro murders, Sidney Prescott returns home to promote her new book about surviving trauma, only for a new Ghostface killer to emerge, targeting a new group of teens.",10.2806,/3cf8p2qw9qnsaaFWc64AG6U05eT.jpg,2011-04-13,False,False,6.5,4297,"['Horror', 'Mystery']"
False,/xNNF4l1OVscJNchJc5xvejHzTDO.jpg,"[18, 10749]",370663,Below Her Mouth,en,Below Her Mouth,An unexpected affair quickly escalates into a heart-stopping reality for two women whose passionate connection changes their lives forever.,10.2635,/tPhBftWySbanfEialbsUzOuccgN.jpg,2017-02-10,False,False,6.813,1321,"['Drama', 'Romance']"
False,/65d0MccsiRSPTVicregKQL8owoo.jpg,"[35, 10749]",9603,Clueless,en,Clueless,"Shallow, rich and socially successful Cher is at the top of her Beverly Hills high school's pecking scale. Seeing herself as a matchmaker, Cher first coaxes two teachers into dating each other. Emboldened by her success, she decides to give hopelessly klutzy new student Tai a makeover. When Tai becomes more popular than she is, Cher realizes that her disapproving ex-stepbrother was right about how misguided she was -- and falls for him.",10.259,/8AwVTcgpTnmeOs4TdTWqcFDXEsA.jpg,1995-07-19,False,False,7.247,4922,"['Comedy', 'Romance']"
False,/4TnGcUsyd6ixuLWHaaEG5BGkAIp.jpg,"[18, 10749]",688,The Bridges of Madison County,en,The Bridges of Madison County,Photographer Robert Kincaid wanders into the life of housewife Francesca Johnson for four days in the 1960s.,10.251,/aCBrhOQjhG397GLkEZ49zReQEKX.jpg,1995-06-02,False,False,7.716,2436,"['Drama', 'Romance']"
False,/jmVWlCZ8hRtmrQGbKXXFHsrSohp.jpg,[18],103663,The Hunt,da,Jagten,"A teacher lives a lonely life, all the while struggling over his son’s custody. His life slowly gets better as he finds love and receives good news from his son, but his new luck is about to be brutally shattered by an innocent little lie.",10.2498,/jkixsXzRh28q3PCqFoWcf7unghT.jpg,2012-10-25,False,False,8.097,4978,['Drama']
False,/bTpjn4OEeoLEJYjRvEvkPfPQZdb.jpg,"[35, 80, 28]",1493,Miss Congeniality,en,Miss Congeniality,"When the local FBI office receives a letter from a terrorist known only as 'The Citizen', it's quickly determined that he's planning his next act at the Miss America beauty pageant. Because tough-as-nails Gracie Hart is the only female agent at the office, she's chosen to go undercover as the contestant from New Jersey.",10.2475,/pat3vKaRlB70he4ghwTMydR4TvP.jpg,2000-12-22,False,False,6.5,4338,"['Comedy', 'Crime', 'Action']"
False,/mMxbSeNEkiddadwyuHrU21621U.jpg,[35],49520,The Change-Up,en,The Change-Up,"Lifelong friends Dave and Mitch are envious of the other's life. Mitch thinks Dave has it all: a beautiful, loving family and a high-paying job at a prestigious law firm. But Dave thinks Mitch’s stress-free playboy life without obligation or consequence is the real dream come true. One fateful drunken night, they both admit that they wish they had the other’s life while peeing in a fountain when lightning strikes. The next morning, they wake up, hungover, in each other’s bodies! With time not on their side, Mitch and Dave comically struggle to avoid completely destroying each other’s lives before they can find a way to get their old ones back.",10.2433,/iV6ARQZyGpjygtzFMdWH9U1Lj9x.jpg,2011-08-05,False,False,6.16,3051,['Comedy']
False,/wfStsmeSW7MtvYhD9Ac6ETXdbmx.jpg,"[10751, 28, 35, 12, 878]",10054,Spy Kids,en,Spy Kids,"Carmen and Juni think their parents are boring. Little do they know that in their day, Gregorio and Ingrid Cortez were the top secret agents from their respective countries. They gave up that life to raise their children. Now, the disappearances of several of their old colleagues forces the Cortez' return from retirement. What they didn't count on was Carmen and Juni joining the ""family business.""",10.243,/j3rUkHIAAoKr6jU30q3Db4fcIF9.jpg,2001-03-18,False,False,5.819,3798,"['Family', 'Action', 'Comedy', 'Adventure', 'Science Fiction']"
False,/m0ObOaJBerZ3Unc74l471ar8Iiy.jpg,"[28, 14]",547016,The Old Guard,en,The Old Guard,Four undying warriors who've secretly protected humanity for centuries become targeted for their mysterious powers just as they discover a new immortal.,10.2411,/cjr4NWURcVN3gW5FlHeabgBHLrY.jpg,2020-07-09,False,False,7.087,4957,"['Action', 'Fantasy']"
False,/gtYmm8HeM6CneomZ98flixAGsBe.jpg,"[18, 53, 28]",3176,Battle Royale,ja,バトル・ロワイアル,"In the future, the Japanese government captures a class of ninth-grade students and forces them to kill each other under the revolutionary ""Battle Royale"" act.",10.2373,/aLGKAQKgzWpJ6egyWzzC11jXBRJ.jpg,2000-12-16,False,False,7.264,3944,"['Drama', 'Thriller', 'Action']"
False,/8QpzqK3nPGxpqpKqhe6QasTGBWQ.jpg,"[878, 12, 28]",406759,Moonfall,en,Moonfall,A mysterious force knocks the moon from its orbit around Earth and sends it hurtling on a collision course with life as we know it.,10.2323,/odVv1sqVs0KxBXiA8bhIBlPgalx.jpg,2022-02-02,False,False,6.284,3791,"['Science Fiction', 'Adventure', 'Action']"
False,/bwLQCW6LqmrJ6aJsevypcg93JCU.jpg,"[80, 18, 53]",1645,A Time to Kill,en,A Time to Kill,"A young lawyer defends a black man accused of murdering two white men who raped his 10-year-old daughter, sparking a rebirth of the KKK.",10.2247,/w8UCke112E9jrhjKcwG32kyhTx5.jpg,1996-07-24,False,False,7.392,3087,"['Crime', 'Drama', 'Thriller']"
False,/3m0j3hCS8kMAaP9El6Vy5Lqnyft.jpg,"[878, 27, 53]",1125510,The Platform 2,es,El hoyo 2,"After a mysterious leader imposes his law in a brutal system of vertical cells, a new arrival battles against a dubious food distribution method.",10.2244,/tvIpBg12IIA5Dr9Sjn38ygS1vQp.jpg,2024-09-27,False,False,5.56,1487,"['Science Fiction', 'Horror', 'Thriller']"
False,/eZzNdjNDvaSoyywy9ICg2UmFwul.jpg,"[18, 53]",974576,Conclave,en,Conclave,"After the unexpected death of the Pope, Cardinal Lawrence is tasked with managing the covert and ancient ritual of electing a new one. Sequestered in the Vatican with the Catholic Church’s most powerful leaders until the process is complete, Lawrence finds himself at the center of a conspiracy that could lead to its downfall.",10.2221,/m5x8D0bZ3eKqIVWZ5y7TnZ2oTVg.jpg,2024-10-25,False,False,7.189,3611,"['Drama', 'Thriller']"
False,/A7CYNTa3fWyU0t207XiecgriQv5.jpg,"[53, 18, 9648]",9741,Unbreakable,en,Unbreakable,"An ordinary man makes an extraordinary discovery when a train accident leaves his fellow passengers dead — and him unscathed. The answer to this mystery could lie with the mysterious Elijah Price, a man who suffers from a disease that renders his bones as fragile as glass.",10.2216,/mLuehrGLiK5zFCyRmDDOH6gbfPf.jpg,2000-11-22,False,False,7.146,10140,"['Thriller', 'Drama', 'Mystery']"
False,/smqQ71MIn1DSdSiQzCzCOV6rgRq.jpg,"[878, 53, 12]",435,The Day After Tomorrow,en,The Day After Tomorrow,"After paleoclimatologist Jack Hall is largely ignored by UN officials when presenting his environmental concerns about the beginning of a new Ice Age, his research proves true when a superstorm develops, setting off catastrophic natural disasters throughout the world. Trying to get to his son, Sam, who is trapped in New York City with his friend Laura and others, Jack and his crew must travel to get to Sam before it's too late.",10.2211,/Wr4HeYQRvwVCxzOV5TmGE7UkXq.jpg,2004-05-26,False,False,6.564,9125,"['Science Fiction', 'Thriller', 'Adventure']"
False,/nSV1NIAK0Sp5dM1oiobtqbJ8Jrv.jpg,"[27, 9648]",9286,Final Destination 3,en,Final Destination 3,"High school senior Wendy's premonition of a deadly rollercoaster ride saves her life and a lucky few, but not from death itself — which seeks out those who escaped their fate.",10.2155,/p7ARuNKUGPGvkBiDtIDvAzYzonX.jpg,2006-02-09,False,False,6.159,4734,"['Horror', 'Mystery']"
False,/srnI5CdeydB9E8WNOqblj0jRfSn.jpg,"[28, 53, 9648]",399035,The Commuter,en,The Commuter,"A businessman, on his daily commute home, gets unwittingly caught up in a criminal conspiracy that threatens not only his life but the lives of those around him.",10.2085,/rDeGK6FIUfVcXmuBdEORPAGPMNg.jpg,2018-01-11,False,False,6.367,4740,"['Action', 'Thriller', 'Mystery']"
False,/jJJQ1PPXUEchqyZ9YyWzgSNU39Z.jpg,"[28, 80, 53]",581528,"The Gangster, the Cop, the Devil",ko,악인전,"After barely surviving a brutal attack by a sadistic serial killer, crime boss Jang Dong-su is left humiliated. Determined to catch the killer known as K, he forms an uneasy alliance with Jung Tae-seok, a relentless and incorruptible detective who often disrupts his illegal business. However, while Jang Dong-su wants K dead, Jung Tae-suk is determined to bring him to justice. With a deal in place—whoever finds K first will decide his fate—the hunt begins, blurring the lines between crime and law.",10.2084,/oHlM4abRm6BzrRcz9Nup1uidw9H.jpg,2019-05-15,False,False,7.874,1571,"['Action', 'Crime', 'Thriller']"
False,/qbVCChwbGWDAgsCXKZxyjBrRiWx.jpg,"[28, 53]",1991,Death Proof,en,Death Proof,"Austin's hottest DJ, Jungle Julia, sets out into the night to unwind with her two friends Shanna and Arlene. Covertly tracking their moves is Stuntman Mike, a scarred rebel leering from behind the wheel of his muscle car, revving just feet away.",10.2084,/vtu6H4NWnQVqEp3aanUq3hNeeot.jpg,2007-05-22,False,False,6.8,5794,"['Action', 'Thriller']"
False,/a17F3zXnmuwqxfiDa46mtlosjrv.jpg,"[28, 12, 16, 35, 10751]",675445,PAW Patrol: The Movie,en,PAW Patrol: The Movie,Ryder and the pups are called to Adventure City to stop Mayor Humdinger from turning the bustling metropolis into a state of chaos.,10.1753,/jXavWyam2VPR6bOhLwwuP3K2Hw4.jpg,2021-08-09,False,False,7.306,1289,"['Action', 'Adventure', 'Animation', 'Comedy', 'Family']"
False,/9J3HHP3kQ5ZStyirJyWPWtvvrHY.jpg,"[878, 27, 53]",158015,The Purge,en,The Purge,"Given the country's overcrowded prisons, the U.S. government begins to allow 12-hour periods of time in which all illegal activity is legal. During one of these free-for-alls, a family must protect themselves from a home invasion.",10.1743,/46X1ei9uf13nkkr0OhWldGyr5Uh.jpg,2013-05-31,False,False,6.246,9005,"['Science Fiction', 'Horror', 'Thriller']"
False,/oiPUcD1IIZrYGTSIpvTmd3dRmPo.jpg,"[28, 53, 878]",500664,Upgrade,en,Upgrade,"A brutal mugging leaves Grey Trace paralyzed in the hospital and his beloved wife dead. A billionaire inventor soon offers Trace a cure — an artificial intelligence implant called STEM that will enhance his body. Now able to walk, Grey finds that he also has superhuman strength and agility — skills he uses to seek revenge against the thugs who destroyed his life.",10.1667,/woLGROUdPWdBnLVFKYdGD3kFkPY.jpg,2018-05-31,False,False,7.5,5240,"['Action', 'Thriller', 'Science Fiction']"
False,/g6Bppew6A1PxpHfraNroo0mRBcm.jpg,"[14, 12, 28]",57165,Wrath of the Titans,en,Wrath of the Titans,"Perseus tries to live a quieter life as a village fisherman while – dangerously weakened by humanity's lack of devotion – the gods are losing control of the long-imprisoned Titans and their ferocious leader, Kronos.",10.1666,/b9n2R3xZWQ8MVZgndQoV34stS0h.jpg,2012-03-28,False,False,5.773,4603,"['Fantasy', 'Adventure', 'Action']"
False,/xavGKawUyXPWAa6JTUkFzaRXMPF.jpg,"[28, 12, 53]",484641,Anna,en,Anna,Beneath Anna Poliatova's striking beauty lies a secret that will unleash her indelible strength and skill to become one of the world's most feared government assassins.,10.1665,/2U0oAVAE0lDRhNmJPPYhDW9kQ8t.jpg,2019-06-19,False,False,6.719,3091,"['Action', 'Adventure', 'Thriller']"
False,/i0Y0wP8H6SRgjr6QmuwbtQbS24D.jpg,"[28, 36, 18]",579974,RRR,te,రౌద్రం రణం రుధిరం,A fictional history of two legendary revolutionaries' journey away from home before they began fighting for their country in the 1920s.,10.1634,/u0XUBNQWlOvrh0Gd97ARGpIkL0.jpg,2022-03-24,False,False,7.714,1694,"['Action', 'History', 'Drama']"
False,/2Cpg8hUn60PK9CW9d5SWf605Ah8.jpg,"[16, 35, 28, 878]",614930,Teenage Mutant Ninja Turtles: Mutant Mayhem,en,Teenage Mutant Ninja Turtles: Mutant Mayhem,"After years of being sheltered from the human world, the Turtle brothers set out to win the hearts of New Yorkers and be accepted as normal teenagers through heroic acts. Their new friend April O'Neil helps them take on a mysterious crime syndicate, but they soon get in over their heads when an army of mutants is unleashed upon them.",10.1626,/gyh0eECE2IqrW8GWl3KoHBfc45j.jpg,2023-07-31,False,False,7.221,1667,"['Animation', 'Comedy', 'Action', 'Science Fiction']"
False,/iKqItVltY6r0eJeIRdIZV8IrBpz.jpg,"[28, 10752, 53]",969492,Land of Bad,en,Land of Bad,"When a Delta Force special ops mission goes terribly wrong, Air Force drone pilot Reaper has 48 hours to remedy what has devolved into a wild rescue operation. With no weapons and no communication other than the drone above, the ground mission suddenly becomes a full-scale battle when the team is discovered by the enemy.",10.1572,/h3jYanWMEJq6JJsCopy1h7cT2Hs.jpg,2024-02-09,False,False,7.285,1592,"['Action', 'War', 'Thriller']"
False,/k5MTAtE9CCi5TWA84qaFMYv3ajB.jpg,"[35, 10751, 10402]",1584,The School of Rock,en,The School of Rock,"Fired from his band and hard up for cash, guitarist and vocalist Dewey Finn finagles his way into a job as a fifth-grade substitute teacher at a private school, where he secretly begins teaching his straight-A students the finer points of rock 'n' roll and the power of sticking it to the man. But as the school’s stern principal closes in and the Battle of the Bands looms, Dewey must risk everything to prove that rock 'n' roll can change lives.",10.1529,/zXLXaepIBvFVLU25DH3wv4IPSbe.jpg,2003-10-03,False,False,7.09,6371,"['Comedy', 'Family', 'Music']"
False,/AsWuvFnzgmG6kZMIpJO7HZpvYRB.jpg,"[16, 35, 10751, 878, 12]",1267,Meet the Robinsons,en,Meet the Robinsons,"Lewis, a brilliant young inventor, is keen on creating a time machine to find his mother, who abandoned him in an orphanage. Things take a turn when he meets Wilbur Robinson and his family.",10.1528,/naya0zF4kT401Sx15AtwB9vpcJr.jpg,2007-03-23,False,False,6.947,3230,"['Animation', 'Comedy', 'Family', 'Science Fiction', 'Adventure']"
False,/rVDOeOccg0K9tXuw6b9uOG6q4mf.jpg,"[16, 18, 10751]",242828,When Marnie Was There,ja,思い出のマーニー,"Upon being sent to live with relatives in the countryside due to an illness, an emotionally distant adolescent girl becomes obsessed with an abandoned mansion and infatuated with a girl who lives there - a girl who may or may not be real.",10.1523,/vug1dvDI1tSa60Z8qjCuUE7ntkO.jpg,2014-07-19,False,False,7.919,2019,"['Animation', 'Drama', 'Family']"
False,/wghKvEjM7UzQzQcKnGbDjOyQO13.jpg,"[16, 12, 28, 14, 10402]",900667,One Piece Film Red,ja,ONE PIECE FILM RED,A new adventure begins for Luffy and his crew when mysterious pop superstar Uta unveils her identity — and launches a misguided plan for world peace.,10.1484,/8ibfhe4P7rhmn3lrPhOZzIJHA2B.jpg,2022-08-06,False,False,7.208,1154,"['Animation', 'Adventure', 'Action', 'Fantasy', 'Music']"
False,/j8isWEPL3PmmVh8ap3jm75qVF4p.jpg,"[28, 12, 16, 10751, 14]",14411,Sinbad: Legend of the Seven Seas,en,Sinbad: Legend of the Seven Seas,"The sailor of legend is framed by the goddess Eris for the theft of the Book of Peace, and must travel to her realm at the end of the world to retrieve it and save the life of his childhood friend Prince Proteus.",10.1351,/yiW2L1fDiBT7AeWXrykhTNtPrr8.jpg,2003-07-02,False,False,7.064,2292,"['Action', 'Adventure', 'Animation', 'Family', 'Fantasy']"
False,/evPzxMacNWsjkUKQO4NXKe5Rl6a.jpg,"[53, 18]",97630,Zero Dark Thirty,en,Zero Dark Thirty,"A chronicle of the decade-long hunt for al-Qaeda terrorist leader Osama bin Laden after the September 2001 attacks, and his death at the hands of the Navy S.E.A.L. Team 6 in May, 2011.",10.1334,/wNSdSSxowM3WIqmPJNg3RagYbwP.jpg,2012-12-19,False,False,6.991,5013,"['Thriller', 'Drama']"
False,/2QSZ4CPd8AoljAL76qM30dFft07.jpg,"[28, 53]",545609,Extraction,en,Extraction,A hardened gun-for-hire's latest mission becomes a soul-searching race to survive when he's sent into Bangladesh to rescue a drug lord's kidnapped son.,10.1216,/nygOUcBKPHFTbxsYRFZVePqgPK6.jpg,2020-04-23,False,False,7.283,6788,"['Action', 'Thriller']"
False,/btCaMm9aVW1PG485Ef8RMBBALzI.jpg,"[14, 28, 12]",258489,The Legend of Tarzan,en,The Legend of Tarzan,"Tarzan, having acclimated to life in London, is called back to his former home in the jungle to investigate the activities at a mining encampment.",10.1216,/eJrfz178xBGlxjDGxnBXTzWWa4w.jpg,2016-06-29,False,False,5.924,6622,"['Fantasy', 'Action', 'Adventure']"
False,/k23FPWl97XKpJ1oTaDyADzxWxs6.jpg,"[80, 18, 9648, 53]",169917,A Walk Among the Tombstones,en,A Walk Among the Tombstones,Private investigator Matthew Scudder is hired by a drug kingpin to find out who kidnapped and murdered his wife.,10.1153,/euPgyPsiNFp6gOBB7nUFxvN5ZaY.jpg,2014-09-18,False,False,6.343,3095,"['Crime', 'Drama', 'Mystery', 'Thriller']"
False,/hoQBa4EK6KFS31sPBND9zMjARfb.jpg,"[18, 10749]",454,Romeo + Juliet,en,Romeo + Juliet,"In this contemporary take on William Shakespeare's classic tragedy, the Montagues and Capulets have moved their ongoing feud to the sweltering suburb of Verona Beach, where Romeo and Juliet fall in love and secretly wed. Though the film is visually modern, the bard's dialogue remains.",10.1125,/dJCDUkXhfRdc4q8e4VCKEBbqzBT.jpg,1996-11-01,False,False,6.78,5450,"['Drama', 'Romance']"
False,/ebNcAJfWsSbbv7VhboAvpUdOduJ.jpg,"[28, 14, 53]",71676,Ghost Rider: Spirit of Vengeance,en,Ghost Rider: Spirit of Vengeance,"When the devil resurfaces with aims to take over the world in human form, Johnny Blaze reluctantly comes out of hiding to transform into the flame-spewing supernatural hero Ghost Rider -- and rescue a 10-year-old boy from an unsavory end.",10.1116,/xEoBT6lYfQNpSpTm8gJMTrQytiw.jpg,2011-12-10,False,False,5.02,4187,"['Action', 'Fantasy', 'Thriller']"
False,/dqTvzfXhUWPoBuIbQInOBmYvEL4.jpg,"[28, 80, 53]",241554,Run All Night,en,Run All Night,"Brooklyn mobster and prolific hit man Jimmy Conlon has seen better days. Longtime best friend of a mob boss, Jimmy is haunted by the sins of his past—as well as a dogged police detective who’s been one step behind Jimmy for 30 years. But when Jimmy’s estranged son becomes a target, Jimmy must make a choice between the crime family he chose and the real family he abandoned long ago. Now, with nowhere safe to turn, Jimmy has just one night to figure out exactly where his loyalties lie and to see if he can finally make things right.",10.0933,/iGvSMoPbWZWDnIhh54yiq3sW7wH.jpg,2015-03-11,False,False,6.438,3044,"['Action', 'Crime', 'Thriller']"
False,/ciM5RFsBoWEj0tbwJy42Hr76iRd.jpg,"[10751, 12, 16, 35, 14]",10501,The Road to El Dorado,en,The Road to El Dorado,"Stowing away after a failed con, a pair of swindlers end up on El Dorado, the fabled ""city of gold"", where they quickly get in over their heads when they are mistaken as gods by the inhabitants.",10.0926,/tQuqhUBACMcGqCvliHxpJreBfXC.jpg,2000-03-31,False,False,7.303,4222,"['Family', 'Adventure', 'Animation', 'Comedy', 'Fantasy']"
False,/lWNASscWXn32Asr9vkB1wq6cKvD.jpg,"[28, 12, 9648]",58574,Sherlock Holmes: A Game of Shadows,en,Sherlock Holmes: A Game of Shadows,"There is a new criminal mastermind at large (Professor Moriarty) and not only is he Holmes’ intellectual equal, but his capacity for evil and lack of conscience may give him an advantage over the detective.",10.0902,/2HsHurlnTOyU6yUS14gY6BQCyRs.jpg,2011-11-22,False,False,7.146,11146,"['Action', 'Adventure', 'Mystery']"
False,/d7JUXVvjvVCXWs1mlpyO5ESdWdT.jpg,"[35, 10749, 878]",587792,Palm Springs,en,Palm Springs,"When carefree Nyles and reluctant maid of honor Sarah have a chance encounter at a Palm Springs wedding, things get complicated when they find themselves unable to escape the venue, themselves, or each other.",10.0677,/gnAfqiV7yO3Jq9IntTmwkcaICqc.jpg,2020-07-10,False,False,7.338,3883,"['Comedy', 'Romance', 'Science Fiction']"
False,/gXyYOWAkk4FdQU3adK8WFj8nN9J.jpg,"[12, 16, 35, 10751, 14]",136799,Trolls,en,Trolls,"After the monstrous Bergens invade Troll Village, Princess Poppy, the happiest Troll ever born, and overly-cautious, curmudgeonly outcast Branch set off on a journey to rescue her friends. Their mission is full of adventure and mishaps, as this mismatched duo try to tolerate each other long enough to get the job done.",10.0677,/9VlK2j0THZWzhQPq0W3Oc0IIdBB.jpg,2016-10-13,False,False,6.622,3898,"['Adventure', 'Animation', 'Comedy', 'Family', 'Fantasy']"
False,/waMGsUEoHfYj3A1uRMUUgpBa71d.jpg,"[18, 10749]",8055,The Reader,en,The Reader,"The story of Michael Berg, a German lawyer who, as a teenager in the late 1950s, had an affair with an older woman, Hanna, who then disappeared only to resurface years later as one of the defendants in a war crimes trial stemming from her actions as a concentration camp guard late in the war. He alone realizes that Hanna is illiterate and may be concealing that fact at the expense of her freedom.",10.0658,/r0WURbmnhgKeBpHcpDULBgRedQM.jpg,2008-12-10,False,False,7.461,3472,"['Drama', 'Romance']"
False,/4gsnFDp3bsfFuDFot38F7sCVvBE.jpg,"[12, 35, 10751]",11459,Sky High,en,Sky High,"Set in a world where superheroes are commonly known and accepted, young Will Stronghold, the son of the Commander and Jetstream, tries to find a balance between being a normal teenager and an extraordinary being.",10.0644,/nBB0XNMwvYvWpo67EcxQqKMoMKf.jpg,2005-07-29,False,False,6.268,2534,"['Adventure', 'Comedy', 'Family']"
False,/97MOhHIgU6ZdLcB9DrAhx3WAqrU.jpg,[18],839369,May December,en,May December,"Twenty years after their notorious tabloid romance gripped the nation, a married couple buckles under the pressure when an actress arrives to do research for a film about their past.",10.0629,/zhV7B610l7hjlri4ywikJ18ONuq.jpg,2023-11-16,False,False,6.565,1082,['Drama']
False,/6ToGkmqn0KG0UGGGUAC1Ww0e5CM.jpg,"[80, 27, 9648]",1226578,Longlegs,en,Longlegs,"FBI Agent Lee Harker is a gifted new recruit assigned to the unsolved case of an elusive serial killer. As the case takes complex turns, unearthing evidence of the occult, Harker discovers a personal connection to the merciless killer and must race against time to stop him before he claims the lives of another innocent family.",10.0617,/1EwNyiiNFd863H4e8nWEzutnZD7.jpg,2024-07-10,False,False,6.518,2858,"['Crime', 'Horror', 'Mystery']"
False,/xcUf6yIheo78btFqihlRLftdR3M.jpg,"[10751, 35, 14, 12]",448119,Dolittle,en,Dolittle,"After losing his wife seven years earlier, the eccentric Dr. John Dolittle, famed doctor and veterinarian of Queen Victoria’s England, hermits himself away behind the high walls of Dolittle Manor with only his menagerie of exotic animals for company. But when the young queen falls gravely ill, a reluctant Dolittle is forced to set sail on an epic adventure to a mythical island in search of a cure, regaining his wit and courage as he crosses old adversaries and discovers wondrous creatures.",10.0617,/3Nt3v1uzUgfSuVARD1AnI9g9Zl9.jpg,2020-01-02,False,False,6.571,3949,"['Family', 'Comedy', 'Fantasy', 'Adventure']"
False,/uG1v9Hk1XKICd6IJChRR20mBh8i.jpg,"[16, 28, 12, 35, 10751]",431693,Spies in Disguise,en,Spies in Disguise,"Super spy Lance Sterling and scientist Walter Beckett are almost exact opposites. Lance is smooth, suave and debonair. Walter is… not. But what Walter lacks in social skills he makes up for in smarts and invention, creating the awesome gadgets Lance uses on his epic missions. But when events take an unexpected turn, Walter and Lance suddenly have to rely on each other in a whole new way.",10.0576,/z52xI0MnoX1rqySFJYnmBqHbXRn.jpg,2019-12-04,False,False,7.543,3047,"['Animation', 'Action', 'Adventure', 'Comedy', 'Family']"
False,/esArWR9sImBpEgq3sHCPyP5mcfd.jpg,"[35, 10749]",6557,27 Dresses,en,27 Dresses,Altruistic Jane finds herself facing her worst nightmare as her younger sister announces her engagement to the man Jane secretly adores.,10.0533,/rEfourJfgEyKiewwH8ZkUYt9AqE.jpg,2008-01-10,False,False,6.451,3505,"['Comedy', 'Romance']"
False,/g5haoqEqt5VwVwQKEkoXY9zqSxb.jpg,"[35, 10749]",232672,Blended,en,Blended,"Recently divorced mom Lauren and widowed dad Jim let their friends push them into a blind date, which goes disastrously wrong. Unsurprisingly, neither wants to see the other ever again. However, fate intervenes when both Jim and Lauren, unbeknownst to each other, purchase one-half of the same vacation package at a South African resort for families, during spring break. They and their children are forced to share the same romantic suite and participate in a slew of family activities together.",10.0532,/o2YrH9jS7CAfWjETHFeL0tth79E.jpg,2014-05-21,False,False,6.898,3894,"['Comedy', 'Romance']"
False,/tVZ8HBPmMF73sMrX1vEGkeAdq8b.jpg,"[10751, 16, 12]",14873,The Jungle Book 2,en,The Jungle Book 2,"Mowgli has been living in the man-village with his little stepbrother Ranjan and his best friend Shanti. But the man-cub still has that jungle rhythm in his heart, and he misses his old buddies Baloo and Bagheera. When Mowgli wanders back to the wild for some swingin' fun, he soon finds the man-eating tiger Shere Khan is lurking in the shadows and planning his revenge.",10.0437,/21GanxizOIL1CN0HLx7j3je8k87.jpg,2003-02-07,False,False,5.901,1221,"['Family', 'Animation', 'Adventure']"
False,/hPsCR1ny6GnctJkWqeJwihTDD7T.jpg,"[878, 18]",782,Gattaca,en,Gattaca,"Vincent is an all-too-human man who dares to defy a system obsessed with genetic perfection. He is an ""In-Valid"" who assumes the identity of a member of the genetic elite to pursue his goal of traveling into space with the Gattaca Aerospace Corporation.",10.0423,/eSKr5Fl1MEC7zpAXaLWBWSBjgJq.jpg,1997-07-09,False,False,7.568,7140,"['Science Fiction', 'Drama']"
False,/kYWk8TW5TkpCWkB0mkUm72N0lb8.jpg,"[9648, 27, 53]",838209,Exhuma,ko,파묘,"After tracing the origin of a disturbing supernatural affliction to a wealthy family's ancestral gravesite, a team of paranormal experts relocates the remains—and soon discovers what happens to those who dare to mess with the wrong grave.",10.0368,/6dasJ58GGFcC62H9KuukAryltUp.jpg,2024-02-22,False,False,7.669,811,"['Mystery', 'Horror', 'Thriller']"
False,/10wHo9VmDvBW9wtSZ26bgjm9GKY.jpg,"[27, 10752, 878]",438799,Overlord,en,Overlord,"On the eve of D-Day, a team of American paratroopers crash behind enemy lines and come face-to-face with a Nazi threat unlike any the world has ever seen.",10.0356,/l76Rgp32z2UxjULApxGXAPpYdAP.jpg,2018-11-01,False,False,6.7,3232,"['Horror', 'War', 'Science Fiction']"
False,/sXfN4ir91SfTeoWidIukQWane43.jpg,"[28, 35]",109414,This Is the End,en,This Is the End,"While attending a party at James Franco's house, Seth Rogen, Jay Baruchel and many other celebrities are faced with the apocalypse.",10.0326,/tNIW0NhX1hKvUsy6PQ80DOKUhkD.jpg,2013-06-12,False,False,6.233,7018,"['Action', 'Comedy']"
False,/vK8uTRjiNkJ7P2VINNLxYWiiw0z.jpg,"[35, 14]",11852,The Hot Chick,en,The Hot Chick,"Not only is Jessica Spencer the most popular girl in school -- she is also the meanest. But things change for the attractive teen when a freak accident involving a cursed pair of earrings and a chance encounter at a gas station causes her to switch bodies with Clive, a sleazy crook. Jessica, in the form of the repulsive Clive, struggles to adjust to this radical alteration and sets out to get her own body back before the upcoming prom.",10.031,/lnnGE4TKa05t20SZ2batuAhXCp4.jpg,2002-12-13,False,False,6.358,2250,"['Comedy', 'Fantasy']"
False,/iryef4LKiPQkvhNJS1EtLlay3br.jpg,"[28, 9648, 53, 878]",615173,The Witch: Part 2. The Other One,ko,마녀 2,"A girl wakes up in a huge secret laboratory, then accidentally meets another girl who is trying to protect her house from a gang. The mystery girl overthrows the gang with her unexpected powers, and laboratory staff set out to find her.",10.029,/9YTuscJXmr9Iua62amCgGSU8PDW.jpg,2022-06-15,False,False,7.436,479,"['Action', 'Mystery', 'Thriller', 'Science Fiction']"
False,/1N0MYYFvYwpM5fi3mjw4150ReoR.jpg,"[53, 878, 28, 12]",869,Planet of the Apes,en,Planet of the Apes,"After a spectacular crash-landing on an uncharted planet, brash astronaut Leo Davidson finds himself trapped in a savage world where talking apes dominate the human race. Desperate to find a way home, Leo must evade the invincible gorilla army led by Ruthless General Thade.",10.0266,/3ZWsuP5rExMSji7erxnb1P5SK6F.jpg,2001-07-26,False,False,5.779,4546,"['Thriller', 'Science Fiction', 'Action', 'Adventure']"
False,/fsHxHpREPdE299Bl7RvKb1HKk9U.jpg,"[18, 9648, 10749]",682507,Where the Crawdads Sing,en,Where the Crawdads Sing,"Abandoned by her family, Kya raises herself all alone in the marshes outside of her small town. When her former boyfriend is found dead, Kya is instantly branded by the local townspeople and law enforcement as the prime suspect for his murder.",10.0187,/n1el846gLDXfhOvrRCsyvaAOQWv.jpg,2022-07-14,False,False,7.51,2386,"['Drama', 'Mystery', 'Romance']"
False,/c0V8KAiuoWLXf7TfvwHK4yhIfb9.jpg,"[28, 35, 80]",136795,The Heat,en,The Heat,"Uptight and straight-laced, FBI Special Agent Sarah Ashburn is a methodical investigator with a reputation for excellence--and hyper-arrogance. Shannon Mullins, one of Boston P.D.'s ""finest,"" is foul-mouthed and has a very short fuse, and uses her gut instinct and street smarts to catch the most elusive criminals. Neither has ever had a partner, or a friend for that matter. When these two wildly incompatible law officers join forces to bring down a ruthless drug lord, they become the last thing anyone expected: buddies.",10.0181,/yERBa1y5zNUOTRKQPiDCPIc2fuv.jpg,2013-06-27,False,False,6.589,4270,"['Action', 'Comedy', 'Crime']"
False,/aRqTPOPt8BOHE0ngppM9jnuuaeS.jpg,"[28, 53]",1571,Live Free or Die Hard,en,Live Free or Die Hard,"John McClane is back and badder than ever, and this time he calls on the services of a young hacker in his bid to stop a ring of Internet terrorists intent on taking control of America's computer infrastructure.",10.0177,/31TT47YjBl7a7uvJ3ff1nrirXhP.jpg,2007-06-20,False,False,6.642,6511,"['Action', 'Thriller']"
False,/9fkYHcOtaz4cKmlDWw7tqUr5TUt.jpg,"[35, 80]",51540,Horrible Bosses,en,Horrible Bosses,"For Nick, Kurt and Dale, the only thing that would make the daily grind more tolerable would be to grind their intolerable bosses into dust. Quitting is not an option, so, with the benefit of a few-too-many drinks and some dubious advice from a hustling ex-con, the three friends devise a convoluted and seemingly foolproof plan to rid themselves of their respective employers... permanently.",10.0174,/uQkUwgyFHAm0jGQERPG6Z9o9Zbj.jpg,2011-07-08,False,False,6.574,6963,"['Comedy', 'Crime']"
False,/jUqDBi02CDjqrroC3Zl8hroBbSr.jpg,"[28, 878]",49049,Dredd,en,Dredd,"In the future, America is a dystopian wasteland. The latest scourge is Ma-Ma, a prostitute-turned-drug pusher with a dangerous new drug and aims to take over the city. The only possibility of stopping her is an elite group of urban police called Judges, who combine the duties of judge, jury and executioner to deliver a brutal brand of swift justice. But even the top-ranking Judge, Dredd, discovers that taking down Ma-Ma isn’t as easy as it seems in this explosive adaptation of the hugely popular comic series.",10.0168,/wLx65gtGVnUFCxceHWGszcruCZj.jpg,2012-09-07,False,False,6.9,5712,"['Action', 'Science Fiction']"
False,/6BQis8u6Q8U5J4EHqdyRRIE0njI.jpg,"[16, 35, 12, 28, 10751]",274862,The Lego Ninjago Movie,en,The Lego Ninjago Movie,"Six young ninjas are tasked with defending their island home of Ninjago. By night, they’re gifted warriors using their skill and awesome fleet of vehicles to fight villains and monsters. By day, they’re ordinary teens struggling against their greatest enemy....high school.",10.0166,/vUo0pNXGhp2ffTJxiStWt6fHL7F.jpg,2017-09-21,False,False,6.502,1208,"['Animation', 'Comedy', 'Adventure', 'Action', 'Family']"
False,/goMGTcitprGu7YD6VZS4lUUwzRA.jpg,"[12, 35, 16]",399174,Isle of Dogs,en,Isle of Dogs,"In the future, an outbreak of canine flu leads the mayor of a Japanese city to banish all dogs to an island used as a garbage dump. The outcasts must soon embark on an epic journey when a 12-year-old boy arrives on the island to find his beloved pet.",10.0128,/4C7ZHv5LUPq7XzxC3nq8mBr77sP.jpg,2018-03-23,False,False,7.847,5553,"['Adventure', 'Comedy', 'Animation']"
False,/nyt0jlofZyjhRqiQkEp0cdoKaS3.jpg,"[18, 28, 14]",64686,47 Ronin,en,47 Ronin,"Kai—an outcast—joins Oishi, the leader of 47 outcast samurai.  Together they seek vengeance upon the treacherous overlord who killed their master and banished their kind.  To restore honour to their homeland, the warriors embark upon a quest that challenges them with a series of trials that would destroy ordinary warriors.",10.0109,/xDHnmcroujCRG0ysYQaiswjbyHd.jpg,2013-12-06,False,False,6.213,4253,"['Drama', 'Action', 'Fantasy']"
False,/4kIRrW1AlHP5Idne8CPHeQt8nR5.jpg,"[16, 10751, 35, 14, 10749, 12]",550205,Wish Dragon,en,Wish Dragon,Determined teen Din is longing to reconnect with his childhood best friend when he meets a wish-granting dragon who shows him the magic of possibilities.,10.0103,/lnPf6hzANL6pVQTxUlsNYSuhT5l.jpg,2021-01-15,False,False,7.849,1561,"['Animation', 'Family', 'Comedy', 'Fantasy', 'Romance', 'Adventure']"
False,/mygq3cQkS4v1MoLxo22KABiK90l.jpg,"[18, 10749]",10995,The Lover,fr,L'Amant,"A poor French teenage girl engages in an illicit affair with a wealthy Chinese heir in 1920s Saigon. For the first time in her young life she has control, and she wields it deftly over her besotted lover throughout a series of clandestine meetings and torrid encounters.",10.009,/lgBGy8QaIFD9jQJWgi837czobEp.jpg,1992-01-22,False,False,7.012,779,"['Drama', 'Romance']"
False,/lxwCRTWWfCisuarrFFUhW43eBnW.jpg,"[18, 9648, 53]",6947,The Village,en,The Village,"When a willful young man tries to venture beyond his sequestered Pennsylvania hamlet, his actions set off a chain of chilling incidents that will alter the community forever.",10.006,/v7UvYtKfIVaHLaHwVgfalyrK7Ho.jpg,2004-07-30,False,False,6.495,4720,"['Drama', 'Mystery', 'Thriller']"
False,/jB98SrdXAYSbiprjIwc7WfVCuCV.jpg,[27],521029,Annabelle Comes Home,en,Annabelle Comes Home,"Determined to keep Annabelle from wreaking more havoc, demonologists Ed and Lorraine Warren bring the possessed doll to the locked artifacts room in their home, placing her “safely” behind sacred glass and enlisting a priest’s holy blessing. But an unholy night of horror awaits as Annabelle awakens the evil spirits in the room, who all set their sights on a new target—the Warrens' ten-year-old daughter, Judy, and her friends.",9.979,/qWsHMrbg9DsBY3bCMk9jyYCRVRs.jpg,2019-06-26,False,False,6.404,3925,['Horror']
False,/tya34K7D4jtDrVbvExyvTx97Aen.jpg,"[27, 878, 28, 12]",443791,Underwater,en,Underwater,"After an earthquake destroys their underwater station, six researchers must navigate two miles along the dangerous, unknown depths of the ocean floor to make it to safety in a race against time.",9.9781,/gzlbb3yeVISpQ3REd3Ga1scWGTU.jpg,2020-01-08,False,False,6.3,3609,"['Horror', 'Science Fiction', 'Action', 'Adventure']"
False,/wfabrzHzfYTdCj3iSCY7OEQbND0.jpg,"[18, 80, 36]",522212,Just Mercy,en,Just Mercy,"The powerful true story of Harvard-educated lawyer Bryan Stevenson, who goes to Alabama to defend the disenfranchised and wrongly condemned — including Walter McMillian, a man sentenced to death despite evidence proving his innocence. Bryan fights tirelessly for Walter with the system stacked against them.",9.9724,/2bDZl3PzFLFWe4gaFUQnnaslqT3.jpg,2019-12-25,False,False,7.843,2548,"['Drama', 'Crime', 'History']"
False,/e2oO1FPwMiDEi119rJJspYI6TiG.jpg,"[12, 27, 53]",9360,Anaconda,en,Anaconda,"A 'National Geographic' film crew is taken hostage by an insane hunter, who takes them along on his quest to capture the world's largest — and deadliest — snake.",9.9535,/33NysOnLpLZY0ewHTcfpalzAsRG.jpg,1997-04-11,False,False,5.283,2896,"['Adventure', 'Horror', 'Thriller']"
False,/eGljNfNCrPhFYG2RXXmmE0OKu5.jpg,"[18, 53, 80]",473033,Uncut Gems,en,Uncut Gems,"A charismatic New York City jeweler always on the lookout for the next big score makes a series of high-stakes bets that could lead to the windfall of a lifetime. Howard must perform a precarious high-wire act, balancing business, family, and encroaching adversaries on all sides in his relentless pursuit of the ultimate win.",9.9523,/6XN1vxHc7kUSqNWtaQKN45J5x2v.jpg,2019-08-30,False,False,7.172,5569,"['Drama', 'Thriller', 'Crime']"
False,/l9kUuYVqiZV1r6d4nKUKcQvtLR3.jpg,"[35, 10749]",10201,Yes Man,en,Yes Man,"Carl Allen, a guy whose life is going nowhere, signs up for a self-help program based on one simple covenant: say yes to everything…and anything.",9.952,/8Vk2nQF1kY34x53YnWd5zDaTht.jpg,2008-12-09,False,False,6.693,7569,"['Comedy', 'Romance']"
False,/5oCAo7LFj2x0yByfi5JYirGnK8I.jpg,"[28, 12, 18]",664,Twister,en,Twister,"An unprecedented series of violent tornadoes is sweeping across Oklahoma. Tornado chasers, headed by Dr. Jo Harding, attempt to release a groundbreaking device that will allow them to track them and create a more advanced warning system. They are joined by Jo's soon to be ex-husband Bill, a former tornado chaser himself, and his girlfriend Melissa.",9.9437,/d4ie3f6QTvNw40V770Uzo87SDZn.jpg,1996-05-10,False,False,6.6,3992,"['Action', 'Adventure', 'Drama']"
False,/kQVdpIPCqfpa24I8SQRiwOAbkLG.jpg,"[37, 80, 18]",338766,Hell or High Water,en,Hell or High Water,A divorced dad and his ex-con brother resort to a desperate scheme in order to save their family's farm in West Texas.,9.9413,/ljRRxqy2aXIkIBXLmOVifcOR021.jpg,2016-08-11,False,False,7.304,4997,"['Western', 'Crime', 'Drama']"
False,/3f5rBEc6ioRBO2CATDt4sKjEJnY.jpg,"[28, 80, 53, 12]",278924,Mechanic: Resurrection,en,Mechanic: Resurrection,"Arthur Bishop thought he had put his murderous past behind him when his most formidable foe kidnaps the love of his life. Now he is forced to travel the globe to complete three impossible assassinations, and do what he does best, make them look like accidents.",9.9377,/bG3Q6EFcngpPn7uPuQTzTuq9DgV.jpg,2016-08-25,False,False,6.1,3755,"['Action', 'Crime', 'Thriller', 'Adventure']"
False,/3fgcEjBNrhstYgPlG1c8WT7UpIN.jpg,"[16, 878, 53]",4977,Paprika,ja,パプリカ,"Dr. Atsuko Chiba is a research psychologist who uses a device called the DC Mini to enter her patients' dreams, wherein she adopts the alter-ego ""Paprika"". When the device is stolen, she must stop rogue elements from merging the dream and waking worlds.",9.9366,/nHJljo2Pi7XimYEgV9hvRchQWmg.jpg,2006-10-01,False,False,7.813,2982,"['Animation', 'Science Fiction', 'Thriller']"
False,/m2QvGozzKz5ux74gKocn4kFTGz1.jpg,"[18, 10749]",796,Cruel Intentions,en,Cruel Intentions,"Slaking a thirst for dangerous games, Kathryn challenges her stepbrother, Sebastian, to deflower their headmaster's daughter before the summer ends. If he succeeds, the prize is the chance to bed Kathryn. But if he loses, Kathryn will claim his most prized possession.",9.9362,/76cCsRtQ5MJBAqoigojXsLXLJwh.jpg,1999-03-05,False,False,6.824,3686,"['Drama', 'Romance']"
False,/snll1zUi2oxIah9qifXOvbfjcrG.jpg,"[27, 9648]",417384,Scary Stories to Tell in the Dark,en,Scary Stories to Tell in the Dark,"Mill Valley, Pennsylvania, Halloween night, 1968. After playing a joke on a school bully, Stella and her friends decide to sneak into a supposedly haunted house that once belonged to the powerful Bellows family, unleashing dark forces that they will be unable to control.",9.9342,/uy0dNFbhRhHBLwpOGpcTw9UEwdX.jpg,2019-08-08,False,False,6.489,2926,"['Horror', 'Mystery']"
False,/cYdHaKx6Ihj1BIvbxpCxIGXfZ02.jpg,"[10749, 18]",527641,Five Feet Apart,en,Five Feet Apart,"Seventeen-year-old Stella spends most of her time in the hospital as a cystic fibrosis patient. Her life is full of routines, boundaries and self-control — all of which get put to the test when she meets Will, an impossibly charming teen who has the same illness. There's an instant flirtation, though restrictions dictate that they must maintain a safe distance between them. As their connection intensifies, so does the temptation to throw the rules out the window and embrace that attraction.",9.9284,/kreTuJBkUjVWePRfhHZuYfhNE1T.jpg,2019-03-14,False,False,8.213,5982,"['Romance', 'Drama']"
False,/zMHyNxNt4zhL939XX8QLBW3gWfu.jpg,"[12, 18, 10752]",8619,Master and Commander: The Far Side of the World,en,Master and Commander: The Far Side of the World,"After an abrupt and violent encounter with a French warship inflicts severe damage upon his ship, a captain of the British Royal Navy begins a chase over two oceans to capture or destroy the enemy, though he must weigh his commitment to duty and ferocious pursuit of glory against the safety of his devoted crew, including the ship's thoughtful surgeon, his best friend.",9.9284,/7ZUHF6P0vcA5v1Gm8NbRYyd9w4N.jpg,2003-11-14,False,False,7.202,3661,"['Adventure', 'Drama', 'War']"
False,/90sDsHugeRU5dtTG3zEVIOXXl4L.jpg,"[35, 10749]",11631,Mamma Mia!,en,Mamma Mia!,A spirited young bride-to-be living with her single mother on a small Greek island secretly invites three of her mother's ex-boyfriends in hope of finding her biological father to walk her down the aisle.,9.9201,/xYLiCWmAMHJubx5jNZ7HuXKjAbV.jpg,2008-07-03,False,False,6.961,7168,"['Comedy', 'Romance']"
False,/o8u0NyEigCEaZHBdCYTRfXR8U4i.jpg,[27],396422,Annabelle: Creation,en,Annabelle: Creation,"Several years after the tragic death of their little girl, a doll maker and his wife welcome a nun and several girls from a shuttered orphanage into their home, soon becoming the target of the doll maker's possessed creation—Annabelle.",9.9173,/tb86j8jVCVsdZnzf8I6cIi65IeM.jpg,2017-08-03,False,False,6.608,6091,['Horror']
False,/7mQ13AV4qd6A43XxXfSoyYQMzhh.jpg,"[35, 28]",1094138,Jackpot!,en,Jackpot!,"In the near future, a 'Grand Lottery' has been established - the catch: kill the winner before sundown to legally claim their multi-billion dollar jackpot. When Katie Kim mistakenly finds herself with the winning ticket, she reluctantly joins forces with amateur lottery protection agent Noel Cassidy who must get her to sundown in exchange for a piece of her prize.",9.913,/7vv0NTaQGOO7M5ZMerp1vMFJsby.jpg,2024-08-13,False,False,6.348,840,"['Comedy', 'Action']"
False,/6OnoMgGFuZ921eV8v8yEyXoag19.jpg,"[28, 53]",1211957,The Painter,en,The Painter,"An ex-CIA operative is thrown back into a dangerous world when a mysterious woman from his past resurfaces. Now exposed and targeted by a relentless killer and a rogue black ops program, he must rely on skills he thought he left behind in a high-stakes game of survival.",9.9088,/UZ0ydgbXtnrq8xZCI5lHVXVcH9.jpg,2024-01-05,False,False,6.01,152,"['Action', 'Thriller']"
False,/lInQVVbPjKFGX7GDcxNMXALy2Y4.jpg,"[28, 10749, 80]",11220,Fallen Angels,cn,墮落天使,"An indifferent hitman, his infatuated business partner and an ex-convict search for love and meaning as their lives cross paths in Hong Kong.",9.9087,/yyM9BPdwttK5LKZSLvHae7QPKo1.jpg,1995-09-06,False,False,7.7,1369,"['Action', 'Romance', 'Crime']"
False,/2PlRuZUjqC58bqm6MOjOAraEdFA.jpg,"[28, 53, 80, 18]",62835,Colombiana,en,Colombiana,"After witnessing her parents’ murder as a child in Bogota, Cataleya Restrepo grows up to be a stone-cold assassin. She works for her uncle as a hitman by day, but her personal time is spent engaging in vigilante murders that she hopes will lead her to her ultimate target: the mobster responsible for her parents' death.",9.9002,/rEdGDgRB3gducezNSIyx2lbKQy4.jpg,2011-07-27,False,False,6.647,2953,"['Action', 'Thriller', 'Crime', 'Drama']"
False,/n4CvA50GBtIPrSqCl8nMNZCliYI.jpg,"[18, 36]",7214,Coach Carter,en,Coach Carter,"Based on a true story, in which Richmond High School head basketball coach Ken Carter made headlines in 1999 for benching his undefeated team due to poor academic results.",9.8994,/y3HOTTyM5nLsdUzXFtFCohG28qj.jpg,2005-01-14,False,False,7.586,3397,"['Drama', 'History']"
False,/bdmyvEdrmnj7J3RWaKXEOwYggRv.jpg,"[18, 53, 878]",39538,Contagion,en,Contagion,"As an epidemic of a lethal airborne virus - that kills within days - rapidly grows, the worldwide medical community races to find a cure and control the panic that spreads faster than the virus itself.",9.8966,/qL0IooP0bjXy0KXl9KEyPo22ll0.jpg,2011-09-08,False,False,6.654,6713,"['Drama', 'Thriller', 'Science Fiction']"
False,/fdzpbJ0xdyjMUY4DqN6cOpESA1X.jpg,[27],949423,Pearl,en,Pearl,"Trapped on her family’s isolated farm, Pearl must tend to her ailing father under the bitter and overbearing watch of her devout mother. Lusting for a glamorous life like she’s seen in the movies, Pearl’s ambitions, temptations, and repressions collide.",9.8915,/z5uIG81pXyHKg7cUFIu84Wjn4NS.jpg,2022-09-16,False,False,7.235,2735,['Horror']
False,/vDFhaKEMKPIUePtQH2nOwSHfgPy.jpg,"[35, 14, 27]",9374,Death Becomes Her,en,Death Becomes Her,"Madeline is married to Ernest, who was once her arch-rival Helen's fiancé. After recovering from a mental breakdown, Helen vows to kill Madeline and steal back Ernest. Unfortunately for everyone, the introduction of a magic potion causes things to be a great deal more complicated than a mere murder plot.",9.8702,/kkWxyyyWFK5KNk9WVwQuGEC9H9H.jpg,1992-07-30,False,False,6.8,3077,"['Comedy', 'Fantasy', 'Horror']"
False,/b8hPBW0NJmiIVzvQjT3CwIpAdzl.jpg,"[16, 12, 10751, 18, 37]",9023,Spirit: Stallion of the Cimarron,en,Spirit: Stallion of the Cimarron,A captured mustang remains determined to return to his herd no matter what.,9.8662,/jTS4o0Yj1RoA2OGzl8USZyAJqYK.jpg,2002-05-24,False,False,7.708,5018,"['Animation', 'Adventure', 'Family', 'Drama', 'Western']"
False,/ovtTn2GkzOYsMvAVWl6Bt0jN4Ye.jpg,"[18, 14, 35]",837335,La Chimera,it,La chimera,"Everyone has their own Chimera, something they try to achieve but never manage to find. For Arthur, the Chimera looks like the woman he lost, Beniamina. In an adventurous journey between the living and the dead, between forests and cities, between celebrations and solitudes, the intertwined destinies of these characters unfold, all in search of the Chimera.",9.8655,/dV6SYHmmFLXQU7oKRfK4pOFCX6M.jpg,2023-10-12,False,False,7.307,626,"['Drama', 'Fantasy', 'Comedy']"
False,/39OxcFZjX4uc6vYzexUh5qXghxE.jpg,"[12, 14, 35, 10751]",879,Hook,en,Hook,"The boy who wasn't supposed to grow up—Peter Pan—does just that, becoming a soulless corporate lawyer whose workaholism could cost him his wife and kids. During his trip to see Granny Wendy in London, the vengeful Capt. Hook kidnaps Peter's kids and forces Peter to return to Neverland.",9.8582,/a6rB1lGXoGms7gWxRfJneQmAjNV.jpg,1991-04-10,False,False,6.845,5869,"['Adventure', 'Fantasy', 'Comedy', 'Family']"
False,/qJaR9AZx2Qq2oJ3krnSO0Z5ne5I.jpg,"[12, 18, 35]",1878,Fear and Loathing in Las Vegas,en,Fear and Loathing in Las Vegas,"Raoul Duke and his attorney Dr. Gonzo drive a red convertible across the Mojave desert to Las Vegas with a suitcase full of drugs to cover a motorcycle race. As their consumption of drugs increases at an alarming rate, the stoned duo trash their hotel room and fear legal repercussions. Duke begins to drive back to L.A., but after an odd run-in with a cop, he returns to Sin City and continues his wild drug binge.",9.855,/tisNLcMkxryU2zxhi0PiyDFqhm0.jpg,1998-05-22,False,False,7.2,5175,"['Adventure', 'Drama', 'Comedy']"
False,/5AIAnucJKZ3sHpm7r1ykFVIoUHK.jpg,"[878, 53]",1272,Sunshine,en,Sunshine,"Fifty years into the future, the sun is dying, and Earth is threatened by arctic temperatures. A team of astronauts is sent to revive the Sun — but the mission fails. Seven years later, a new team is sent to finish the mission as mankind’s last hope.",9.8454,/oKGGeJ8qvm0UmClz43VJ31fzPP7.jpg,2007-04-05,False,False,6.973,4423,"['Science Fiction', 'Thriller']"
False,/2pOd80PQSJ9cUbli7PDeX59q3vQ.jpg,"[27, 9648]",397243,The Autopsy of Jane Doe,en,The Autopsy of Jane Doe,"Father and son coroners receive a mysterious unidentified corpse with no apparent cause of death. As they attempt to examine the ""Jane Doe,"" they discover increasingly bizarre clues that hold the key to her terrifying secrets.",9.8301,/6K0wjP8kPCiPYy9PtXBGuypyt5I.jpg,2016-12-21,False,False,6.843,4881,"['Horror', 'Mystery']"
False,/iZiYzix7sMS0NEWsHURSzHF1wxt.jpg,"[16, 35, 10751]",10715,Looney Tunes: Back in Action,en,Looney Tunes: Back in Action,"Fed up with all the attention going to Bugs Bunny, Daffy Duck quits Hollywood, teams up with recently-fired stuntman Damien Drake Jr. and embarks on a round-the-world adventure, along with Bugs and The VP of Warner Bros. Their mission? Find Damien's father, and the missing blue diamond... and stay one step ahead of The Acme Corp., who wants the diamond for their own purposes.",9.8298,/q0kntpdsHA0QdYjpQdNBqrVTdQq.jpg,2003-11-14,False,False,6.38,1659,"['Animation', 'Comedy', 'Family']"
False,/xuwPmDMHslcx71T7zHc9YqF2Ny3.jpg,"[12, 35, 37]",8584,Shanghai Noon,en,Shanghai Noon,"Chon Wang, a clumsy imperial guard, trails Princess Pei Pei when she's kidnapped from the Forbidden City and transported to America. Wang follows her captors to Nevada, where he teams up with an unlikely partner, outcast outlaw Roy O'Bannon, and tries to spring the princess from her imprisonment.",9.8279,/b0WwWRcDiDahkah5vZ0KjB4N9ZZ.jpg,2000-05-26,False,False,6.4,2856,"['Adventure', 'Comedy', 'Western']"
False,/hwUxHPkuUleJeoick4uZsrKDXxF.jpg,"[16, 878, 10751, 12]",718789,Lightyear,en,Lightyear,Legendary Space Ranger Buzz Lightyear embarks on an intergalactic adventure alongside a group of ambitious recruits and his robot companion Sox.,9.8208,/ox4goZd956BxqJH6iLwhWPL9ct4.jpg,2022-06-15,False,False,6.862,3939,"['Animation', 'Science Fiction', 'Family', 'Adventure']"
False,/peJmavN1H3Js9SiqQbPNs8Hgwgr.jpg,"[53, 28, 18, 80]",763285,Ambulance,en,Ambulance,"Decorated veteran Will Sharp, desperate for money to cover his wife's medical bills, asks for help from his adoptive brother Danny. A charismatic career criminal, Danny instead offers him a score: the biggest bank heist in Los Angeles history: $32 million.",9.8128,/hUbgg3mMSbY9PlpTxBo4IFUVSd6.jpg,2022-03-16,False,False,6.625,2546,"['Thriller', 'Action', 'Drama', 'Crime']"
False,/cpAgb6knQT3BZ7VtP9uyIg5kNRd.jpg,[18],21966,Blood and Bones,ja,血と骨,"In 1923, teenager Kim Shun-Pei moves from Cheju Island, in South Korea, to Osaka, in Japan. Along the years, he becomes a cruel, greedy and violent man and builds a factory of kamaboko, processed seafood products, in his poor Korean-Japanese community exploiting his employees.",9.8128,/zngpZqvE9sLbHEGGXcotQVJ7BJV.jpg,2004-11-06,False,False,6.6,57,['Drama']
False,/Sb2cLe2xW5OATkZZJBbGrB6qjl.jpg,"[12, 35, 10749, 16, 10751]",15789,A Goofy Movie,en,A Goofy Movie,"Goofy’s teenage son Max is desperate to impress his crush and fit in at school. After well-meaning but ignorant Goofy suddenly whisks him away on a cross-country road trip—messing up Max’s first date plans in the process—Goofy’s old-school parenting and Max’s desire for independence lead to a vacation of hilarious mishaps, as they both learn to see eye to eye and listen to each other.",9.8127,/bycmMhO3iIoEDzP768sUjq2RV4T.jpg,1995-04-05,False,False,7.039,1966,"['Adventure', 'Comedy', 'Romance', 'Animation', 'Family']"
False,/7bDfeFS4utVf2LNN5lr2pnVgRTb.jpg,"[35, 12, 10751, 80]",11212,Baby's Day Out,en,Baby's Day Out,"Baby Bink couldn't ask for more: he has adoring (if somewhat sickly-sweet) parents, lives in a huge mansion, and he's just about to appear in the social pages of the paper. Unfortunately, not everyone in the world is as nice as Baby Bink's parents—especially the three enterprising kidnappers who pretend to be photographers from the newspaper. Successfully kidnapping Baby Bink, they have a harder time keeping hold of the rascal, who not only keeps one step ahead of them, but seems to be more than a little bit smarter than the three bumbling criminals.",9.8034,/21U2jwl36hoTHsXB3fDuIQkcchu.jpg,1994-07-01,False,False,6.419,1509,"['Comedy', 'Adventure', 'Family', 'Crime']"
False,/ize3ZieqSy0TCWljmVoEiy8fSFS.jpg,"[16, 18, 14, 10749]",568160,Weathering with You,ja,天気の子,"The summer of his high school freshman year, Hodaka runs away from his remote island home to Tokyo, and quickly finds himself pushed to his financial and personal limits. The weather is unusually gloomy and rainy every day, as if taking its cue from his life. After many days of solitude, he finally finds work as a freelance writer for a mysterious occult magazine. Then, one day, Hodaka meets Hina on a busy street corner. This bright and strong-willed girl possesses a strange and wonderful ability: the power to stop the rain and clear the sky.",9.8001,/qgrk7r1fV4IjuoeiGS5HOhXNdLJ.jpg,2019-07-19,False,False,7.972,2711,"['Animation', 'Drama', 'Fantasy', 'Romance']"
False,/xQc51OBY9UNF2fQKyAOXZE7az2w.jpg,"[9648, 53, 28]",13027,Eagle Eye,en,Eagle Eye,"Jerry Shaw and Rachel Holloman are two strangers whose lives are suddenly thrown into turmoil by a mysterious woman they have never met. Threatening their lives and family, the unseen caller uses everyday technology to control their actions and push them into increasing danger. As events escalate, Jerry and Rachel become the country's most-wanted fugitives and must figure out what is happening to them.",9.7991,/9KCOv0hL37IN3tWG3j86eZg3xDH.jpg,2008-09-25,False,False,6.507,3226,"['Mystery', 'Thriller', 'Action']"
False,/s2bqHApZlliCuwgyHod0qucrYqZ.jpg,"[28, 12, 878]",2164,Stargate,en,Stargate,"An interstellar teleportation device, found in Egypt, leads to a planet with humans resembling ancient Egyptians who worship the god Ra.",9.7988,/4T6Po0XnZlevmhfPh3ZfEs5butR.jpg,1994-10-28,False,False,7.035,3969,"['Action', 'Adventure', 'Science Fiction']"
False,/446lXnrT0vSIkeClW8bCN8KrnxN.jpg,"[28, 53]",9208,Broken Arrow,en,Broken Arrow,"When rogue stealth-fighter pilot Vic Deakins deliberately drops off the radar while on maneuvers, the Air Force ends up with two stolen nuclear warheads -- and Deakins's co-pilot, Riley Hale, is the military's only hope for getting them back. Traversing the deserted canyons of Utah, Hale teams with park ranger Terry Carmichael to put Deakins back in his box.",9.7986,/iBPMwYYJFvdCBkXrwV75peo5Lz2.jpg,1996-02-09,False,False,6.067,1737,"['Action', 'Thriller']"
False,/ikr0UILfvRerzMNoBTtJtyuWAEV.jpg,"[878, 27, 28]",8078,Alien Resurrection,en,Alien Resurrection,"Two hundred years after Lt. Ripley died, a group of scientists clone her, hoping to breed the ultimate weapon. But the new Ripley is full of surprises … as are the new aliens. Ripley must team with a band of smugglers to keep the creatures from reaching Earth.",9.7978,/9aRDMlU5Zwpysilm0WCWzU2PCFv.jpg,1997-11-12,False,False,6.171,5752,"['Science Fiction', 'Horror', 'Action']"
False,/2b3PSB97qrxQduzquYihf7u3uwV.jpg,"[28, 12, 37]",1656,The Legend of Zorro,en,The Legend of Zorro,"Despite trying to keep his swashbuckling to a minimum, a threat to California's pending statehood causes the adventure-loving Don Alejandro de la Vega and his wife, Elena, to take action.",9.7855,/93iEBX1QbsxAv8eSybe8lhLXY1A.jpg,2005-10-24,False,False,6.119,3171,"['Action', 'Adventure', 'Western']"
False,/mKOBdgaEFguADkJhfFslY7TYxIh.jpg,"[28, 878, 35]",365177,Borderlands,en,Borderlands,"Returning to her home planet, an infamous bounty hunter forms an unexpected alliance with a team of unlikely heroes. Together, they battle monsters and dangerous bandits to protect a young girl who holds the key to unimaginable power.",9.7804,/4JGoZu1ZKFpMJTWAP35PCfkMgu8.jpg,2024-08-07,False,False,5.538,1573,"['Action', 'Science Fiction', 'Comedy']"
False,/oHsiqHajO9v8YTuonvcMCkxtpSq.jpg,"[35, 10751]",9714,Home Alone 3,en,Home Alone 3,"9-year-old Alex Pruitt is home alone with the chicken pox. Turns out, due to a mix-up among nefarious spies, Alex was given a toy car concealing a top-secret microchip. Now Alex must fend off the spies as they try to break into his house to get it back.",9.7747,/6uOadrCfle0n2LOOxHbgWEdnrm2.jpg,1997-12-12,False,False,5.281,3364,"['Comedy', 'Family']"
False,/rhc8Mtuo3Kh8CndnlmTNMF8o9pU.jpg,"[53, 28]",1005331,Carry-On,en,Carry-On,An airport security officer races to outsmart a mysterious traveler forcing him to let a dangerous item slip onto a Christmas Eve flight.,9.7706,/sjMN7DRi4sGiledsmllEw5HJjPy.jpg,2024-12-05,False,False,6.874,2917,"['Thriller', 'Action']"
False,/o2SeAw8ARPB1D8oudCRJcxW3w60.jpg,"[27, 53]",13186,Wrong Turn 2: Dead End,en,Wrong Turn 2: Dead End,Retired military commander Colonel Dale Murphy hosts the simulated post-apocalyptic reality show where participants are challenged to survive a remote West Virginia wasteland. But the show turns into a nightmarish showdown when each realizes they are being hunted by an inbred family of cannibals determined to make them all dinner!,9.7612,/ow3IMhTVLryZuCEoQznVTTmFYuu.jpg,2007-08-25,False,False,6.178,1612,"['Horror', 'Thriller']"
False,/iloUOSs3Rcq3aMr04CrGRWVVBkq.jpg,"[35, 18]",747188,Asteroid City,en,Asteroid City,"In an American desert town circa 1955, the itinerary of a Junior Stargazer/Space Cadet convention is spectacularly disrupted by world-changing events.",9.7576,/hfo7pvL9Fys7rocfL4VOzw9qDEQ.jpg,2023-06-08,False,False,6.461,2615,"['Comedy', 'Drama']"
False,/lFDeRoh5gowXWf0O3ayEAUxePcw.jpg,"[53, 18, 9648, 10749, 36]",2057,Original Sin,en,Original Sin,"A young man is plunged into a life of subterfuge, deceit and mistaken identity in pursuit of a femme fatale whose heart is never quite within his grasp.",9.7528,/xvTtsdvvVr1NYlVJxWZibzhaEt5.jpg,2001-05-08,False,False,6.135,924,"['Thriller', 'Drama', 'Mystery', 'Romance', 'History']"
False,/2UYxVugjbaPHH5f3cEQveufe75Y.jpg,"[28, 35]",10040,Miss Congeniality 2: Armed and Fabulous,en,Miss Congeniality 2: Armed and Fabulous,"After her triumph at the Miss United States pageant, FBI agent Gracie Hart becomes an overnight sensation — and the new ""face of the FBI"". But it's time to spring into action again when the pageant's winner, Cheryl, and emcee, Stan, are abducted.",9.7482,/gcYoIHND3ugn2VH1cNHHNQasEyI.jpg,2005-03-11,False,False,5.739,2014,"['Action', 'Comedy']"
False,/aTovumsNlDjof7YVoU5nW2RHaYn.jpg,"[27, 53]",616820,Halloween Ends,en,Halloween Ends,"Four years after the events of Halloween in 2018, Laurie has decided to liberate herself from fear and rage and embrace life. But when a young man is accused of killing a boy he was babysitting, it ignites a cascade of violence and terror that will force Laurie to finally confront the evil she can’t control, once and for all.",9.7464,/q06saepaXeBdkMibuN4R2fXmgIw.jpg,2022-10-12,False,False,6.021,2086,"['Horror', 'Thriller']"
False,/cxj7Fi2r1fjE8iM2jynhx4YF1Jb.jpg,"[35, 10751, 10749]",11247,A Cinderella Story,en,A Cinderella Story,"Routinely exploited by her wicked stepmother, the downtrodden Samantha Montgomery is excited about the prospect of meeting her Internet beau at the school's Halloween dance.",9.7438,/ukwP7gDPWxj1R1dW5iN3mnxkL3D.jpg,2004-07-16,False,False,6.594,3438,"['Comedy', 'Family', 'Romance']"
False,/djPXXv9pPyTLGl9kMPCTyiBmIA5.jpg,"[37, 28]",11969,Tombstone,en,Tombstone,"Legendary marshal Wyatt Earp, now a weary gunfighter, joins his brothers Morgan and Virgil to pursue their collective fortune in the thriving mining town of Tombstone. But Earp is forced to don a badge again and get help from his notorious pal Doc Holliday when a gang of renegade brigands and rustlers begins terrorizing the town.",9.7428,/wGFCvylul8iEQhJOKfwZGGvXMzA.jpg,1993-12-25,False,False,7.582,2546,"['Western', 'Action']"
False,/gdQk5g4TC95957Xs4xGbcOBnG56.jpg,"[35, 12, 14, 878, 28]",11551,Small Soldiers,en,Small Soldiers,"When missile technology is used to enhance toy action figures, the toys soon begin to take their battle programming too seriously.",9.7408,/2nuUjSzHsoYlRvTPmLo7m7gCQry.jpg,1998-07-10,False,False,6.568,2405,"['Comedy', 'Adventure', 'Fantasy', 'Science Fiction', 'Action']"
False,/oc3be3waruLd0PB9h4bomN7Le3v.jpg,"[12, 10751, 14]",10140,The Chronicles of Narnia: The Voyage of the Dawn Treader,en,The Chronicles of Narnia: The Voyage of the Dawn Treader,"This time around Edmund and Lucy Pevensie, along with their pesky cousin Eustace Scrubb find themselves swallowed into a painting and on to a fantastic Narnian ship headed for the very edges of the world.",9.7287,/pP27zlm9yeKrCeDZLFLP2HKELot.jpg,2010-12-02,False,False,6.444,6010,"['Adventure', 'Family', 'Fantasy']"
False,/ruXhaYwgUGAzpLN3GfbG032ETaw.jpg,[18],299710,Being 14,fr,À 14 ans,"The lives and turbulent adventures of a bunch of fourteen-year-old teenagers, through the eyes of three young girls - Sarah, Jade and Louise - with one last year to go before high school.",9.7201,/l8st7M90EBpGz5CpL12SFvswc56.jpg,2015-02-25,False,False,4.1,65,['Drama']
False,/wTvDGO0xGMmnScqjuiDeWU7PkcB.jpg,"[10749, 14, 18]",293863,The Age of Adaline,en,The Age of Adaline,"After 29-year-old Adaline recovers from a nearly lethal accident, she inexplicably stops growing older. As the years stretch on and on, Adaline keeps her secret to herself  until she meets a man who changes her life.",9.7151,/3XFuCS6wBfpSnUQboLd1JtkJqe0.jpg,2015-04-16,False,False,7.467,7193,"['Romance', 'Fantasy', 'Drama']"
False,/nuDMG0uTaiWFVD6XfHPruum5JOL.jpg,"[35, 14]",1624,Liar Liar,en,Liar Liar,"Forced by his son's birthday wish, fast-talking attorney and habitual liar Fletcher Reede must tell the truth for the next 24 hours.",9.7023,/p1habYSdC7oD3WygQ5lynU5G5rV.jpg,1997-03-21,False,False,6.719,6403,"['Comedy', 'Fantasy']"
False,/7JqWWLCajnt6XWCrRlgvtsYP0u6.jpg,"[28, 18]",678512,Sound of Freedom,en,Sound of Freedom,"The story of Tim Ballard, a former US government agent, who quits his job in order to devote his life to rescuing children from global sex traffickers.",9.6932,/qA5kPYZA7FkVvqcEfJRoOy4kpHg.jpg,2023-07-03,False,False,7.952,2836,"['Action', 'Drama']"
False,/jU8MC5uSgBkZXyZYGtZgMsMsfeN.jpg,"[53, 80, 18]",320,Insomnia,en,Insomnia,Two Los Angeles homicide detectives are dispatched to a northern town where the sun doesn't set to investigate the methodical murder of a local teen.,9.6899,/riVXh3EimGO0y5dgQxEWPRy5Itg.jpg,2002-05-24,False,False,6.953,5528,"['Thriller', 'Crime', 'Drama']"
False,/kMe4TKMDNXTKptQPAdOF0oZHq3V.jpg,"[12, 9648, 80]",497582,Enola Holmes,en,Enola Holmes,"While searching for her missing mother, intrepid teen Enola Holmes uses her sleuthing skills to outsmart big brother Sherlock and help a runaway lord.",9.6811,/riYInlsq2kf1AWoGm80JQW5dLKp.jpg,2020-09-22,False,False,7.216,6820,"['Adventure', 'Mystery', 'Crime']"
False,/3lf6YCItKcF3Wrrs7tp1PL0eyOT.jpg,"[35, 10751, 16, 14, 10402]",23398,Alvin and the Chipmunks: The Squeakquel,en,Alvin and the Chipmunks: The Squeakquel,"Pop sensations Alvin, Simon and Theodore end up in the care of Dave Seville's twenty-something nephew Toby. The boys must put aside music super stardom to return to school, and are tasked with saving the school's music program by winning the $25,000 prize in a battle of the bands. But the Chipmunks unexpectedly meet their match in three singing chipmunks known as The Chipettes - Brittany, Eleanor and Jeanette. Romantic and musical sparks are ignited when the Chipmunks and Chipettes square off.",9.6747,/A2tgUeWadVJs1g6zOCZgKRs8uWC.jpg,2009-12-21,False,False,5.7,3190,"['Comedy', 'Family', 'Animation', 'Fantasy', 'Music']"
False,/a0xTB1vBxMGt6LGG4N7k1wO9lfL.jpg,"[28, 12, 35]",458897,Charlie's Angels,en,Charlie's Angels,"Elena Houghlin is a scientist, engineer and inventor of Calisto -- a sustainable energy source that will revolutionize the way people use power. It will be ready as soon as she works out the last issue, if not it could be turned into a dangerous weapon. But when the cutting edge technology is pushed to an investor before she can do that, Elena turns to the Townsend Agency for help. Now, it's up to the Angels -- Jane, Sabina, and the newly recruited Elena -- to retrieve Calisto before it can be transformed into a weapon of mass destruction.",9.6744,/1DPUFG6QnGqzpvEaDEv7TaepycM.jpg,2019-11-14,False,False,6.359,3209,"['Action', 'Adventure', 'Comedy']"
False,/zRx1HyM1wF6wqEvxV12Ha2WrvlJ.jpg,"[12, 14, 28]",18823,Clash of the Titans,en,Clash of the Titans,"Born of a god but raised as a man, Perseus is helpless to save his family from Hades, vengeful god of the underworld. With nothing to lose, Perseus volunteers to lead a dangerous mission to defeat Hades before he can seize power from Zeus and unleash hell on earth. Battling unholy demons and fearsome beasts, Perseus and his warriors will only survive if Perseus accepts his power as a god, defies fate and creates his own destiny.",9.6679,/6iHYLipwEyZUPNO8MM3l1yHDaFE.jpg,2010-03-26,False,False,5.923,6842,"['Adventure', 'Fantasy', 'Action']"
False,/9ys3pySjmZiONZWAy8QhOxv5SDH.jpg,"[35, 10749]",9655,She's the Man,en,She's the Man,"Viola Hastings is in a real jam. Complications threaten her scheme to pose as her twin brother, Sebastian, and take his place at a new boarding school. She falls in love with her handsome roommate, Duke, who loves beautiful Olivia, who has fallen for Sebastian! As if that were not enough, Viola's twin returns from London ahead of schedule but has no idea that his sister has already replaced him on campus.",9.6635,/8exPgs8jLGh26BGSrAyHa9MeFyO.jpg,2006-03-17,False,False,6.804,3367,"['Comedy', 'Romance']"
False,/e782pDRAlu4BG0ahd777n8zfPzZ.jpg,"[16, 14, 12, 18]",555604,Guillermo del Toro's Pinocchio,en,Guillermo del Toro's Pinocchio,"During the rise of fascism in Mussolini's Italy, a wooden boy brought magically to life struggles to live up to his father's expectations.",9.6623,/vx1u0uwxdlhV2MUzj4VlcMB0N6m.jpg,2022-11-09,False,False,7.996,3457,"['Animation', 'Fantasy', 'Adventure', 'Drama']"
False,/8rft8A9nH43IReybFtYt21ezfMK.jpg,[99],899082,Harry Potter 20th Anniversary: Return to Hogwarts,en,Harry Potter 20th Anniversary: Return to Hogwarts,"An enchanting making-of story told through all-new in-depth interviews and cast conversations, inviting fans on a magical first-person journey through one of the most beloved film franchises of all time.",9.6609,/jntLBq0MLR3hrwKaTQswxACRPMs.jpg,2022-01-01,False,False,7.308,3572,['Documentary']
False,/7N7CtZftqEvgojR3QloukU0oWPg.jpg,"[12, 35, 10751]",516729,Paddington in Peru,en,Paddington in Peru,"Paddington travels to Peru to visit his beloved Aunt Lucy, who now resides at the Home for Retired Bears. With the Brown Family in tow, a thrilling adventure ensues when a mystery plunges them into an unexpected journey through the Amazon rainforest and up to the mountain peaks of Peru.",9.6592,/1ffZAucqfvQu36x1C49XfOdjuOG.jpg,2024-11-08,False,False,6.8,748,"['Adventure', 'Comedy', 'Family']"
False,/ks2C2Ap2W79L5QiVQ7jVp5mmIna.jpg,"[35, 27]",273477,Scouts Guide to the Zombie Apocalypse,en,Scouts Guide to the Zombie Apocalypse,"Three scouts and lifelong friends join forces with one badass cocktail waitress to become the world’s most unlikely team of heroes.  When their peaceful town is ravaged by a zombie invasion, they’ll fight for the badge of a lifetime and put their scouting skills to the test to save mankind from the undead.",9.6529,/lUKvvSnjFlazrdh6wyHxHrdMknD.jpg,2015-10-23,False,False,6.602,2198,"['Comedy', 'Horror']"
False,/tCsYQTkQx7vknDmTw666K1XxAdx.jpg,"[28, 18, 53, 80]",348893,Boyka: Undisputed IV,en,Boyka: Undisputed IV,"In the fourth installment of the fighting franchise, Boyka is shooting for the big leagues when an accidental death in the ring makes him question everything he stands for. When he finds out the wife of the man he accidentally killed is in trouble, Boyka offers to fight in a series of impossible battles to free her from a life of servitude.",9.6503,/7QGdIJWWTkPhVjpQ0zA6z69khod.jpg,2016-08-01,False,False,7.225,1498,"['Action', 'Drama', 'Thriller', 'Crime']"
False,/cFnyfWHL6HjOOVal6lp8e5gqibK.jpg,"[18, 10749]",4584,Sense and Sensibility,en,Sense and Sensibility,"The Dashwood sisters, sensible Elinor and passionate Marianne, learn that their prospects of marriage seem doomed by their family's sudden loss of fortune. After Henry Dashwood dies unexpectedly, his estate must pass on by law to his son. These circumstances leave Mr. Dashwood's wife and daughters without a home and with barely enough money to live on. As Elinor and Marianne struggle to find romantic fulfillment in a society obsessed with financial and social status, they must learn to mix sense with sensibility in their dealings with both money and men.",9.6479,/9YdQ73YmvInxpXZVNjEKePw9tRO.jpg,1995-12-13,False,False,7.412,1887,"['Drama', 'Romance']"
False,/gxJnDz2W566PRdYKCaJrp1FpRRI.jpg,"[28, 12, 36, 18]",20662,Robin Hood,en,Robin Hood,"When soldier Robin happens upon the dying Robert of Loxley, he promises to return the man's sword to his family in Nottingham. There, he assumes Robert's identity; romances his widow, Marion; and draws the ire of the town's sheriff and King John's henchman, Godfrey.",9.6465,/9NS5QGOfck24yL3bZqWeW06PgPC.jpg,2010-05-12,False,False,6.398,5142,"['Action', 'Adventure', 'History', 'Drama']"
False,/tUbwMOYP4cuGL1sQ0edz5943rBY.jpg,"[16, 28, 12, 878]",1159311,My Hero Academia: You're Next,ja,僕のヒーローアカデミア THE MOVIE ユアネクスト,"In a society devastated by the effects of an all-out war between heroes and villains, a mysterious giant fortress suddenly appears, engulfing towns and people one after another. Then, a man reminiscent of All Might, the 'symbol of peace', stands in front of Izuku and his friends...",9.6461,/tTrI6PwqzxkgO3dvQ7BEKXM7SYR.jpg,2024-08-02,False,False,7.259,241,"['Animation', 'Action', 'Adventure', 'Science Fiction']"
False,/bdDTda15ZPbNumwkKa9eH9RplIe.jpg,"[28, 27, 878]",8914,Deep Blue Sea,en,Deep Blue Sea,"Researchers on the undersea lab Aquatica have genetically altered the brains of captive sharks to develop a cure for Alzheimer's disease. But there's an unexpected side effect: the sharks got smarter, faster, and more dangerous. After a big storm damages their remote research facility, they must fight for their lives.",9.6427,/fyn0zyCI4kIlbDoHH0Hzv09hDC5.jpg,1999-07-28,False,False,5.997,2736,"['Action', 'Horror', 'Science Fiction']"
False,/wjQXZTlFM3PVEUmKf1sUajjygqT.jpg,"[878, 28, 12]",581726,Infinite,en,Infinite,"Evan McCauley has skills he never learned and memories of places he has never visited. Self-medicated and on the brink of a mental breakdown, a secret group that call themselves “Infinites” come to his rescue, revealing that his memories are real.",9.6421,/niw2AKHz6XmwiRMLWaoyAOAti0G.jpg,2021-09-09,False,False,6.554,2213,"['Science Fiction', 'Action', 'Adventure']"
False,/sBecqcXgrLRiwufYr6apGnYA70k.jpg,"[35, 10749]",9778,Serendipity,en,Serendipity,"Although already in relationships, two strangers realize they have genuine chemistry after a chance encounter – but part company soon after. Years later, they each yearn to reunite, despite being destined for the altar. But to give true love a chance, they have to find one another again.",9.6414,/4jS66Qmq2Ru5S2YzHVknGd4xJyT.jpg,2001-10-05,False,False,6.98,2209,"['Comedy', 'Romance']"
False,/fBvSfLetWlAMevQVHa0nBDV1Fon.jpg,"[28, 53]",1572,Die Hard: With a Vengeance,en,Die Hard: With a Vengeance,"New York detective John McClane is back and kicking bad-guy butt in the third installment of this action-packed series, which finds him teaming with civilian Zeus Carver to prevent the loss of innocent lives. McClane thought he'd seen it all, until a genius named Simon engages McClane, his new ""partner"" -- and his beloved city -- in a deadly game that demands their concentration.",9.6406,/buqmCdFQEWwEpL3agGgg2GVjN2d.jpg,1995-05-19,False,False,7.284,6838,"['Action', 'Thriller']"
False,/jOqOduY1tLhXgVZo7ypCtDVr0mM.jpg,"[18, 9648, 53]",489999,Searching,en,Searching,"After David Kim's 16-year-old daughter goes missing, a local investigation is opened and a detective is assigned to the case. But 37 hours later and without a single lead, David decides to search the one place no one has looked yet, where all secrets are kept today: his daughter's laptop.",9.6403,/yuAPCsCGJGSxA7YOW4elF5JNrzK.jpg,2018-08-24,False,False,7.566,4364,"['Drama', 'Mystery', 'Thriller']"
False,/5ZDM988DfYLFPBqy4CNvQ9AXnp4.jpg,"[35, 37]",188161,A Million Ways to Die in the West,en,A Million Ways to Die in the West,"As a cowardly farmer begins to fall for the mysterious new woman in town, he must put his new-found courage to the test when her husband, a notorious gun-slinger, announces his arrival.",9.6372,/n9SicwnoNGWBwE75le27sUhCLMm.jpg,2014-05-22,False,False,6.052,4518,"['Comedy', 'Western']"
False,/kdyYOwpKvvD2fSbwfnMM2YPAzfq.jpg,"[80, 35, 28]",187017,22 Jump Street,en,22 Jump Street,"After making their way through high school (twice), big changes are in store for officers Schmidt and Jenko when they go deep undercover at a local college. But when Jenko meets a kindred spirit on the football team, and Schmidt infiltrates the bohemian art major scene, they begin to question their partnership. Now they don't have to just crack the case - they have to figure out if they can have a mature relationship. If these two overgrown adolescents can grow from freshmen into real men, college might be the best thing that ever happened to them.",9.6334,/850chzYHYbT3IISl6Q7dbBuFP2B.jpg,2014-06-05,False,False,6.825,8715,"['Crime', 'Comedy', 'Action']"
False,/kTrgxhRSj2sun89bDbnGCPBiey6.jpg,"[16, 10751, 35]",378236,The Emoji Movie,en,The Emoji Movie,"Gene, a multi-expressional emoji, sets out on a journey to become a normal emoji.",9.6264,/60bTx5z9zL1AqCjZ0gmWoRMJ6Bb.jpg,2017-07-23,False,False,5.4,3383,"['Animation', 'Family', 'Comedy']"
False,/zZiflZpuaZerugtfdyXcg6dcylD.jpg,"[16, 18, 36, 10749]",149870,The Wind Rises,ja,風立ちぬ,"A lifelong love of flight inspires Japanese aviation engineer Jiro Horikoshi, whose storied career includes the creation of the A-6M World War II fighter plane.",9.6249,/jfwSexzlIzaOgxP9A8bTA6t8YYb.jpg,2013-07-20,False,False,7.785,3479,"['Animation', 'Drama', 'History', 'Romance']"
False,/nxZDr6UZIhgYJev4yUzWTPZXQ3G.jpg,"[18, 36]",1101448,Unstoppable,en,Unstoppable,"With the unwavering love and support of his devoted mother Judy and the encouragement of his coaches, Anthony Robles fights through adversity to earn a spot on the Arizona State Wrestling team. But it will demand everything he has, physically and mentally, to achieve his ultimate quest to become an NCAA Champion.",9.6248,/xanYKxuFkDPrMngvm1NSHVGOEjS.jpg,2024-12-06,False,False,5.285,177,"['Drama', 'History']"
False,/a9JUSUszMgdxHxmbtd6xqRr4CV8.jpg,[18],216919,Deseo,es,Deseo,"Eight short stories of seduction and illicit encounters between lovers, filled with humor and eroticism, which use a circular structure located in the cosmopolitan atmosphere of a colonial city of Mexico.",9.6105,/df6rkcD37S1RN34vHuA3dSs0uJp.jpg,2013-09-13,False,False,6.536,274,['Drama']
False,/4TMkOnI6rCYxqD059aeeQSBv5mc.jpg,"[16, 80, 9648, 28]",1209217,Detective Conan: The Million-Dollar Pentagram,ja,名探偵コナン 100万ドルの五稜星（みちしるべ）,"A message has arrived from Kid the Phantom Thief, that he will steal a Japanese sword belonging to wealthy Onoe Family in Hakodate, Hokkaido. Conan and Heiji Hattori, who happened to be in Hakodate, are on the case to capture Kid. Coincidentally the family lawyer of Onoe is found murdered in the warehouse district, apparently slaughtered by a Japanese sword. The suspect is an investor/arms dealer who is said to be after Onoe family’s hidden treasure. In the North among cherry blossoms, the exciting hunt for treasure begins!",9.6095,/ctboIRYQHYJMge6M6fgcwrhREsj.jpg,2024-04-12,False,False,6.89,82,"['Animation', 'Crime', 'Mystery', 'Action']"
False,/ynnarxTMs8jWKV9GK0SpUhGNCgH.jpg,"[53, 80, 18]",8848,The Bank Job,en,The Bank Job,"Terry is a small-time car dealer trying to leave his shady past behind and start a family. Martine is a beautiful model from Terry's old neighbourhood who knows that Terry is no angel. When Martine proposes a foolproof plan to rob a bank, Terry recognises the danger but realises this may be the opportunity of a lifetime.",9.6057,/bfXjFTytfFTdo9WeO7lYqzkHG7g.jpg,2008-02-28,False,False,6.856,2708,"['Thriller', 'Crime', 'Drama']"
False,/w8VDpCcKezdBbXJEWMHwttI35mU.jpg,"[27, 53]",4513,30 Days of Night,en,30 Days of Night,"This is the story of an isolated Alaskan town that is plunged into darkness for a month each year when the sun sinks below the horizon. As the last rays of light fade, the town is attacked by a bloodthirsty gang of vampires bent on an uninterrupted orgy of destruction. Only the small town's husband-and-wife Sheriff team stand between the survivors and certain destruction.",9.6046,/7LwSrvFA0gz1KAlcrGcinoQPene.jpg,2007-10-17,False,False,6.44,3170,"['Horror', 'Thriller']"
False,/rT7Kn7aT5owqpPSRSbxUmqRNz4w.jpg,"[14, 28, 53]",12437,Underworld: Rise of the Lycans,en,Underworld: Rise of the Lycans,"A prequel to the first two Underworld films, this fantasy explains the origins of the feud between the Vampires and the Lycans. Aided by his secret love, Sonja, courageous Lucian leads the Lycans in battle against brutal Vampire king Viktor. Determined to break the king's enslavement of his people, Lucian faces off against the Death Dealer army in a bid for Lycan independence.",9.6002,/yW9gF7rGn8EoV8B8rxOx1xjxVZf.jpg,2009-01-22,False,False,6.539,4051,"['Fantasy', 'Action', 'Thriller']"
False,/n6ggvrNiiDBGcymaomQPeVsIfUg.jpg,"[53, 80, 9648]",16995,State of Play,en,State of Play,"When a congressional aide is killed, a Washington, D.C. journalist starts investigating the case involving the Representative, his old college friend.",9.5974,/mWsfeSFUM3NxWa62UrA9IIn240B.jpg,2009-04-17,False,False,6.809,2214,"['Thriller', 'Crime', 'Mystery']"
False,/4RriqSJFCQkYpRhxFnQGh3sxZYY.jpg,"[28, 35, 10752]",9595,Hot Shots!,en,Hot Shots!,"The gang that created Airplane! and The Naked Gun sets its sights on Top Gun in this spoof. Topper Harley is a talented but unstable fighter pilot with an axe to grind: clearing the family name. His mission is to avenge his father and save a mission sabotaged by greedy weapons manufacturers. He also gets involved in a relationship with Ramada Thompson, a woman with an unusually talented stomach. Hot Shots! makes fun of a variety of other films, from Dances with Wolves to The Fabulous Baker Boys.",9.5947,/koLIB5263emHxewmwgBBK26vjeS.jpg,1991-07-31,False,False,6.585,2540,"['Action', 'Comedy', 'War']"
False,/3Wej7JW8Ikrzbm6h0lmSdeOYMmu.jpg,"[35, 10749]",6957,The 40 Year-Old Virgin,en,The 40 Year-Old Virgin,"Andy Stitzer has a pleasant life with a nice apartment and a job stamping invoices at an electronics store. But at age 40, there's one thing Andy hasn't done, and it's really bothering his sex-obsessed male co-workers: Andy is still a virgin. Determined to help Andy get laid, the guys make it their mission to de-virginize him. But it all seems hopeless until Andy meets small business owner Trish, a single mom.",9.5804,/mVeoqL37gzhMXQVpONi9DGOQ3tZ.jpg,2005-08-11,False,False,6.428,7422,"['Comedy', 'Romance']"
False,/ie8OSgIHEl6yQiGJ90dsyBWOpQA.jpg,"[16, 14, 12, 28]",839033,The Lord of the Rings: The War of the Rohirrim,en,The Lord of the Rings: The War of the Rohirrim,"A sudden attack by Wulf, a clever and traitorous lord of Rohan seeking vengeance for the death of his father, forces Helm Hammerhand, the King of Rohan, and his people to make a daring last stand in the ancient stronghold of the Hornburg.",9.5767,/23WCoDo6wzBfzbX7BGTNwVUqZfi.jpg,2024-12-05,False,False,6.518,934,"['Animation', 'Fantasy', 'Adventure', 'Action']"
False,/bJyb7Bk9PLUslPggangniTBLzHO.jpg,"[28, 18, 10749]",619,The Bodyguard,en,The Bodyguard,"A former Secret Service agent grudgingly takes an assignment to protect a pop idol who's threatened by a crazed fan. At first, the safety-obsessed bodyguard and the self-indulgent diva totally clash. But before long, all that tension sparks fireworks of another sort, and the love-averse tough guy is torn between duty and romance.",9.5713,/ihWF0uY1xnKqw9YK7ZHNLUZOhcO.jpg,1992-11-25,False,False,6.705,3348,"['Action', 'Drama', 'Romance']"
False,/mjYU7EwVeOtM39ArdWHZk78VhYm.jpg,"[28, 53]",117263,Olympus Has Fallen,en,Olympus Has Fallen,"When the White House (Secret Service Code: ""Olympus"") is captured by a terrorist mastermind and the President is kidnapped, disgraced former Presidential guard Mike Banning finds himself trapped within the building. As the national security team scrambles to respond, they are forced to rely on Banning's inside knowledge to help retake the White House, save the President and avert an even bigger disaster.",9.5635,/u3GTFGwesNBNd0t1hiLaEk1iqZU.jpg,2013-03-20,False,False,6.4,7203,"['Action', 'Thriller']"
False,/maeox8nZYIxAAE4SdyLA0VOXe1x.jpg,"[16, 10751, 12, 14]",13179,Tinker Bell,en,Tinker Bell,"Journey into the secret world of Pixie Hollow and hear Tinker Bell speak for the very first time as the astonishing story of Disney's most famous fairy is finally revealed in the all-new motion picture ""Tinker Bell.""",9.5607,/3Ma0r1n8kfH7UaQMS7bJ9KsYUjT.jpg,2008-09-11,False,False,6.956,1625,"['Animation', 'Family', 'Adventure', 'Fantasy']"
False,/yl9waUJoMTp1NnraBn4KWHuUSsx.jpg,"[53, 9648]",87516,Oldboy,en,Oldboy,A man has only three and a half days and limited resources to discover why he was imprisoned in a nondescript room for 20 years without any explanation.,9.5591,/iX93YdBrZA1EpGbphmjf4ARj1Za.jpg,2013-11-14,False,False,5.9,2187,"['Thriller', 'Mystery']"
False,/8s4h9friP6Ci3adRGahHARVd76E.jpg,"[10751, 35, 12, 16, 878]",379686,Space Jam: A New Legacy,en,Space Jam: A New Legacy,"When LeBron and his young son Dom are trapped in a digital space by a rogue A.I., LeBron must get them home safe by leading Bugs, Lola Bunny and the whole gang of notoriously undisciplined Looney Tunes to victory over the A.I.'s digitized champions on the court. It's Tunes versus Goons in the highest-stakes challenge of his life.",9.5499,/5bFK5d3mVTAvBCXi5NPWH0tYjKl.jpg,2021-07-08,False,False,6.621,4287,"['Family', 'Comedy', 'Adventure', 'Animation', 'Science Fiction']"
False,/d7HubNeMNg3KOXgmeIOFNhsSTJC.jpg,"[28, 80, 53]",76640,The Last Stand,en,The Last Stand,"Ray Owens is sheriff of the quiet US border town of Sommerton Junction after leaving the LAPD following a bungled operation. Following his escape from the FBI, a notorious drug baron, his gang, and a hostage are heading toward Sommerton Junction where the police are preparing to make a last stand to intercept them before they cross the border. Owens is reluctant to become involved but ultimately joins in with the law enforcement efforts.",9.5485,/3tP4r47v8v6mEj5X5RuG9y8Frbh.jpg,2013-01-12,False,False,6.098,3067,"['Action', 'Crime', 'Thriller']"
False,/eAIHqfS3kXm7kZl4j7ZBfdegyEz.jpg,"[53, 28, 80]",38700,Bad Boys for Life,en,Bad Boys for Life,"Marcus and Mike are forced to confront new threats, career changes, and midlife crises as they join the newly created elite team AMMO of the Miami police department to take down the ruthless Armando Armas, the vicious leader of a Miami drug cartel.",9.5407,/y95lQLnuNKdPAzw9F9Ab8kJ80c3.jpg,2020-01-15,False,False,7.105,8877,"['Thriller', 'Action', 'Crime']"
False,/qFq2Ixo3XApoTp1H7JCTgLfGwVk.jpg,"[18, 36, 80]",338803,The Treacherous,ko,간신,"The story of Joseon's tyrant king Yeonsan who exploits the populace for his own carnal pleasures, his seemingly loyal retainer who controls him and all court dealings, and a woman who seeks vengeance.",9.5379,/1YpS9sXZ8bRrmPwULftGbfwImnR.jpg,2015-05-21,False,False,6.092,92,"['Drama', 'History', 'Crime']"
False,/AmN8ozRE0AbMGgZhqBu4fUjZkRt.jpg,"[12, 18, 36, 28]",11362,The Count of Monte Cristo,en,The Count of Monte Cristo,"Young sailor Edmond Dantès is wrongfully imprisoned, escapes, finds treasure, and reinvents himself as the wealthy Count of Monte Cristo to exact revenge on those who betrayed him.",9.5333,/ifMgDAUXVQLY4DeOu3VTTi55jSP.jpg,2002-01-23,False,False,7.685,2110,"['Adventure', 'Drama', 'History', 'Action']"
False,/qCPLtXrTB10UsgAFxsWOB44gDPu.jpg,"[14, 878, 12]",412656,Chaos Walking,en,Chaos Walking,"Two unlikely companions embark on a perilous adventure through the badlands of an unexplored planet as they try to escape a dangerous and disorienting reality, where all inner thoughts are seen and heard by everyone.",9.5238,/xAYGdGBGptNkisXRpmhZSry6SPF.jpg,2021-02-24,False,False,6.5,2686,"['Fantasy', 'Science Fiction', 'Adventure']"
False,/2VN9umruwVZsT1Pr1NMCV71HpUu.jpg,"[14, 28, 53]",9495,The Crow,en,The Crow,"Exactly one year after young rock guitarist Eric Draven and his fiancée are brutally killed by a ruthless gang of criminals, Draven, watched over by a hypnotic crow, returns from the grave to exact revenge.",9.5218,/rMMB3v6jYHjsvXRNJYESacoTD7j.jpg,1994-05-11,False,False,7.532,4667,"['Fantasy', 'Action', 'Thriller']"
False,/2EyK8wpLdYFaS35o0worjqsiuZn.jpg,"[12, 14]",68737,Seventh Son,en,Seventh Son,"John Gregory, who is a seventh son of a seventh son and also the local spook, has protected the country from witches, boggarts, ghouls and all manner of things that go bump in the night. However John is not young anymore, and has been seeking an apprentice to carry on his trade. Most have failed to survive. The last hope is a young farmer's son named Thomas Ward.",9.5158,/7Q8DfXSjcFSSQDOxz1Sk865wNqI.jpg,2014-12-12,False,False,5.5,2706,"['Adventure', 'Fantasy']"
False,/kmt9XmhmX36sJduuDVFlTgEWh9U.jpg,"[28, 53, 80]",943,Lethal Weapon 3,en,Lethal Weapon 3,Riggs and Murtaugh pursue a former officer who uses his knowledge of police procedure and policies to steal and sell confiscated guns and ammunition to local street gangs.,9.5139,/8FnOudDHPOY7MFJnvQMR1qpuyek.jpg,1992-05-15,False,False,6.727,3362,"['Action', 'Thriller', 'Crime']"
False,/kuLk79GQq8WQb8fZxc6MtvIhPaC.jpg,"[28, 12, 18]",8367,Robin Hood: Prince of Thieves,en,Robin Hood: Prince of Thieves,"Nobleman crusader Robin of Locksley breaks out of a Jerusalem prison with the help of Moorish fellow prisoner Azeem and travels back home to England. But upon arrival he discovers his dead father in the ruins of his family estate, killed by the vicious sheriff of Nottingham, Robin and Azeem join forces with outlaws Little John and Will Scarlett to save the kingdom from the sheriff's villainy.",9.5136,/hbRnWUNJkKKVN5mkcuC5ooqjE4e.jpg,1991-06-14,False,False,6.852,3693,"['Action', 'Adventure', 'Drama']"
False,/dVRkhmtDn3EiyhX6c9SfL7klCoU.jpg,"[18, 80, 53]",505192,Shoplifters,ja,万引き家族,"In the outskirts of Tokyo, a poor but close-knit group living on the fringes of society survives through shoplifting and odd jobs. When Osamu and his son take in a neglected young girl, their already fragile existence begins to unravel. As the family grows attached to her, buried secrets surface, forcing them to confront the true meaning of love, belonging, and what makes a family.",9.5083,/4nfRUOv3LX5zLn98WS1WqVBk9E9.jpg,2018-06-02,False,False,7.829,2369,"['Drama', 'Crime', 'Thriller']"
False,/y319VH0gIFie6KEO5L4nHhxxQUw.jpg,"[53, 80, 9648]",9437,Kiss the Girls,en,Kiss the Girls,"Forensic psychologist and detective Alex Cross travels to North Carolina and teams with escaped kidnap victim Kate McTiernan to hunt down ""Casanova,"" a serial killer who abducts strong-willed women and forces them to submit to his demands. The trail leads to Los Angeles, where the duo discovers that the psychopath may not be working alone.",9.5083,/a4P8PD9kvN0IZnDzsyurVs2WaJX.jpg,1997-09-29,False,False,6.5,1954,"['Thriller', 'Crime', 'Mystery']"
False,/5xegGPhCSVMKbyh6zeT6Th0BWLB.jpg,"[10752, 36, 18]",522162,Midway,en,Midway,"The story of the Battle of Midway, and the leaders and soldiers who used their instincts, fortitude and bravery to overcome massive odds.",9.5024,/hj8pyoNnynGeJTAbl7jcLZO8Uhx.jpg,2019-11-06,False,False,7.099,2805,"['War', 'History', 'Drama']"
False,/3L3DUwfRLW18OUiLSdmovfICyY3.jpg,"[35, 27, 878]",9362,Tremors,en,Tremors,"Val McKee and Earl Bassett are in a fight for their lives when they discover that their desolate town has been infested with gigantic, man-eating creatures that live below the ground.",9.5016,/cA4ggkZ3r1d5r9hOAUWC8x5ul2i.jpg,1990-01-19,False,False,6.949,3695,"['Comedy', 'Horror', 'Science Fiction']"
False,/ec4m0EvVlEtVl5aySdw6ab9uG0b.jpg,"[16, 12, 14]",11621,Porco Rosso,ja,紅の豚,"In Italy in the 1930s, sky pirates in biplanes terrorize wealthy cruise ships as they sail the Adriatic Sea. The only pilot brave enough to stop the scourge is the mysterious Porco Rosso, a former World War I flying ace who was somehow turned into a pig during the war. As he prepares to battle the pirate crew's American ace, Porco Rosso enlists the help of spunky girl mechanic Fio Piccolo and his longtime friend Madame Gina.",9.5007,/8mIvSvnVBApfORL9N6S38Q7wD6A.jpg,1992-07-18,False,False,7.793,3814,"['Animation', 'Adventure', 'Fantasy']"
False,/jlUTfePS1XRyMpgZvjFvDk7yEi0.jpg,"[18, 9648, 53]",37233,The Firm,en,The Firm,"Mitch McDeere is a young man with a promising future in Law. About to sit his Bar exam, he is approached by 'The Firm' and made an offer he doesn't refuse. Seduced by the money and gifts showered on him, he is totally oblivious to the more sinister side of his company. Then, two Associates are murdered. The FBI contact him, asking him for information and suddenly his life is ruined. He has a choice - work with the FBI, or stay with the Firm. Either way he will lose his life as he knows it. Mitch figures the only way out is to follow his own plan...",9.4987,/kFexXCzidkm4LwlgZqxsJsDQB5v.jpg,1993-06-30,False,False,6.747,2402,"['Drama', 'Mystery', 'Thriller']"
False,/k3TOt50cHvTLXWYPnXP0szhiXB8.jpg,"[80, 53, 18]",241,Natural Born Killers,en,Natural Born Killers,Two victims of traumatized childhoods become lovers and serial murderers irresponsibly glorified by the mass media.,9.4922,/fEKZwT91gxvkAoyPgpNXo8W5fu0.jpg,1994-08-26,False,False,7.049,3909,"['Crime', 'Thriller', 'Drama']"
False,/6KaCzcVKsdxlsTIq35xAix5U3Nb.jpg,"[28, 18, 53]",137094,Jack Ryan: Shadow Recruit,en,Jack Ryan: Shadow Recruit,"Jack Ryan, as a young covert CIA analyst, uncovers a Russian plot to crash the U.S. economy with a terrorist attack.",9.4904,/m7HcLUodrD4lM4s0Hui1tzO2pjO.jpg,2014-01-15,False,False,6.1,3180,"['Action', 'Drama', 'Thriller']"
False,/zWvOs6lepfOI0dPa1ANVcdbkBuY.jpg,"[878, 28, 12]",80274,Ender's Game,en,Ender's Game,"Based on the classic novel by Orson Scott Card, Ender's Game is the story of the Earth's most gifted children training to defend their homeplanet in the space wars of the future.",9.4888,/pVcRI5YKnkkgaAD876jBeKb189d.jpg,2013-10-24,False,False,6.594,6413,"['Science Fiction', 'Action', 'Adventure']"
False,/dXDFWWxiEb6tg4ojMWQJrSI0Tun.jpg,"[53, 27]",49797,I Saw the Devil,ko,악마를 보았다,"Kyung-chul is a dangerous psychopath who kills for pleasure. Soo-hyeon, a top-secret agent, decides to track down the murderer himself. He promises himself that he will do everything in his power to take vengeance against the killer, even if it means that he must become a monster himself.",9.4868,/zp5NrmYp80axIGiEiYPmm1CW6uH.jpg,2010-08-12,False,False,7.806,3153,"['Thriller', 'Horror']"
False,/3HmLKhahTxX2ALTWlagr92pZrU7.jpg,[18],462,Erin Brockovich,en,Erin Brockovich,"A twice-divorced mother of three who sees an injustice, takes on the bad guy and wins -- with a little help from her push-up bra. Erin goes to work for an attorney and comes across medical records describing illnesses clustered in one nearby town. She starts investigating and soon exposes a monumental cover-up.",9.484,/eMs20iUQyZVs05Ck7Q0LNnRsstr.jpg,2000-03-17,False,False,7.429,3757,['Drama']
False,/4IRHnS9Ljvb4tGI2SGaSiQikcaE.jpg,"[28, 53, 80]",2019,Hard Target,en,Hard Target,"When a woman's father goes missing, she enlists a local to aid in her search.  The pair soon discover that her father has died at the hands of a wealthy sportsman who hunts homeless men as a form of recreation.",9.4832,/mXCM7pmUFUGp7QzSmare3RITe6n.jpg,1993-04-27,False,False,6.5,1387,"['Action', 'Thriller', 'Crime']"
False,/oZqounvawm4hDxpDGDHLmVBGJBr.jpg,"[878, 53]",13811,Knowing,en,Knowing,A teacher opens a time capsule that has been dug up at his son's elementary school; in it are some chilling predictions -- some that have already occurred and others that are about to -- that lead him to believe his family plays a role in the events that are about to unfold.,9.482,/OG0mxQt4YaNIWiz8EKJSHe9lPh.jpg,2009-03-19,False,False,6.265,5981,"['Science Fiction', 'Thriller']"
False,/ef9dYKxDe2isgNhoJsGrt9yjXPz.jpg,"[28, 14, 10752]",856289,Creation of the Gods I: Kingdom of Storms,zh,封神第一部：朝歌风云,"Based on the most well-known classical fantasy novel of China, Fengshenyanyi, the trilogy is a magnificent eastern high fantasy epic that recreates the prolonged mythical wars between humans, immortals and monsters, which happened more than three thousand years ago.",9.4818,/6VOV2wU3WEyN0H1QtrbAS6whXPc.jpg,2023-07-15,False,False,7.1,500,"['Action', 'Fantasy', 'War']"
False,/h5BvesqaxL7V3vl1CmaR8waGyiM.jpg,"[35, 14, 27, 10751]",442062,Goosebumps 2: Haunted Halloween,en,Goosebumps 2: Haunted Halloween,"Be careful what you wish for. With their after school junk business, best friends Sonny and Sam hope to find treasure in other people’s trash. But when cleaning out the old Stine house, they open a locked book that frees a supernatural nightmare – Slappy! Now, with the help of Sonny’s sister Sarah, they’re in a race against time to get the sinister dummy and all the creatures he’s brought to life back into the pages before he unleashes total pandemonium!",9.4775,/t2wy38iiMpB8WsgJi3lYeDnGh2H.jpg,2018-10-11,False,False,6.102,1669,"['Comedy', 'Fantasy', 'Horror', 'Family']"
False,/vQNknPEVSAui6IL6eUlDBPfUzcW.jpg,"[53, 18]",884,Crash,en,Crash,A car crash victim inexplicably finds himself aroused by car accidents and becomes involved with an underground subculture of like-minded souls.,9.475,/gpai5oUFyFGLHOCsYTvVMqlbY7A.jpg,1996-07-17,False,False,6.49,1428,"['Thriller', 'Drama']"
False,/zsgdVbuEwqZbnUN9qLGEMBYf2Zo.jpg,"[14, 28, 53]",277,Underworld,en,Underworld,"Vampires and werewolves have waged a nocturnal war against each other for centuries. But all bets are off when a female vampire warrior named Selene, who's famous for her strength and werewolf-hunting prowess, becomes smitten with a peace-loving male werewolf, Michael, who wants to end the war.",9.4743,/zsnQ41UZ3jo1wEeemF0eA9cAIU0.jpg,2003-09-19,False,False,6.86,6782,"['Fantasy', 'Action', 'Thriller']"
False,/bjIPzixuWnOzxDG25WaXKuy9lYZ.jpg,"[28, 35, 80, 53]",522931,Hitman's Wife's Bodyguard,en,Hitman's Wife's Bodyguard,"The world’s most lethal odd couple – bodyguard Michael Bryce and hitman Darius Kincaid – are back on another life-threatening mission. Still unlicensed and under scrutiny, Bryce is forced into action by Darius's even more volatile wife, the infamous international con artist Sonia Kincaid. As Bryce is driven over the edge by his two most dangerous protectees, the trio get in over their heads in a global plot and soon find that they are all that stand between Europe and a vengeful and powerful madman.",9.4734,/6zwGWDpY8Zu0L6W4SYWERBR8Msw.jpg,2021-06-14,False,False,6.624,2692,"['Action', 'Comedy', 'Crime', 'Thriller']"
False,/mysDkqI25jW2qpbm44IB8qQyfYv.jpg,"[10749, 18]",93685,Swingers,nl,Swingers,"Despite Diana's insecure nature, she and her husband Julian agree with the idea to sexually experiment with another couple. They put out an ad on the net to which the well experienced Alex and Timo react. We follow Diana and Julian as they prepare for the arrival of Alex and Timo, who they have invited to their home for the weekend. Diana is nervous. As soon as she is confronted with the self-confident and ravishingly sexy Alex, her insecurity increases even more. Timo seems disinterested, a sharp contrast to the boyish excitement of Julian. But as night falls and their sexual exploration begins, we notice Timo may not be as casual as he initially seemed and Diana on the other hand contains hidden strength. And so we realize there's more to 'Swingers' than just sex. Swingers: could your relationship stand the test?",9.4718,/cEIVkvx6mGSjnkOxlXh6eHd1Y4K.jpg,2002-10-01,False,False,5.938,81,"['Romance', 'Drama']"
False,/6y5ALiAai1JbLRb7ZlydNwEPu5a.jpg,"[35, 12]",296099,Vacation,en,Vacation,"Hoping to bring his family closer together and to recreate his childhood vacation for his own kids, a grown up Rusty Griswold takes his wife and their two sons on a cross-country road trip to the coolest theme park in America, Walley World. Needless to say, things don't go quite as planned.",9.4706,/fYDALvoCt3DBlSWN6pSAnGQ9ld7.jpg,2015-07-28,False,False,6.302,4075,"['Comedy', 'Adventure']"
False,/ndi0PlHzSbV2pV2wUZFtS58Wk54.jpg,"[28, 12, 53]",267860,London Has Fallen,en,London Has Fallen,"In London for the Prime Minister's funeral, Mike Banning discovers a plot to assassinate all the attending world leaders.",9.463,/iEbLkYzyiUdOKNK4WNBFyGH7r2Y.jpg,2016-03-02,False,False,6.227,5210,"['Action', 'Adventure', 'Thriller']"
False,/g15PR8eQV9DehSWlagvdnJZqoRq.jpg,"[27, 9648]",602734,Spiral: From the Book of Saw,en,Spiral: From the Book of Saw,"Working in the shadow of an esteemed police veteran, brash Detective Ezekiel “Zeke” Banks and his rookie partner take charge of a grisly investigation into murders that are eerily reminiscent of the city’s gruesome past.  Unwittingly entrapped in a deepening mystery, Zeke finds himself at the center of the killer’s morbid game.",9.4604,/3rJvo14V6Tnv3h97oDKpU8Bdb5l.jpg,2021-05-12,False,False,5.883,2364,"['Horror', 'Mystery']"
False,/r7fk4I68wiGrhaExjtvnGtCAI1l.jpg,"[28, 80, 53, 18]",10428,Hackers,en,Hackers,"Along with his new friends, a teenager who was arrested by the US Secret Service and banned from using a computer for writing a computer virus discovers a plot by a nefarious hacker, but they must use their computer skills to find the evidence while being pursued by the Secret Service and the evil computer genius behind the virus.",9.4594,/qfx2EENW1sOpKNVKLzr7VOhlxkt.jpg,1995-09-14,False,False,6.383,1547,"['Action', 'Crime', 'Thriller', 'Drama']"
False,/kydclLUnhGMuoCxl6VRfSSwdRRO.jpg,"[18, 80]",154400,The Drop,en,The Drop,"Bob Saginowski finds himself at the center of a robbery gone awry and entwined in an investigation that digs deep into the neighborhood's past where friends, families, and foes all work together to make a living - no matter the cost.",9.4567,/olQInYvVCW2wycMSU1ogo9Jshml.jpg,2014-09-12,False,False,6.824,2494,"['Drama', 'Crime']"
False,/oTbIfHSLNxi9ihV6SG4K6jZ2PvM.jpg,"[28, 53, 80]",15092,Crank: High Voltage,en,Crank: High Voltage,Chelios faces a Chinese mobster who has stolen his nearly indestructible heart and replaced it with a battery-powered ticker that requires regular jolts of electricity to keep working.,9.4563,/tzTC4EEvF0OPL63frEiogxL2T8M.jpg,2009-04-16,False,False,6.092,3257,"['Action', 'Thriller', 'Crime']"
False,/AqLtFRKVX2G0ghMnMnQoSGan4pY.jpg,"[18, 10402]",786,Almost Famous,en,Almost Famous,"In 1973, a precocious 15-year-old aspiring rock journalist lands a dream assignment from Rolling Stone to tour with a rising rock band, embarking on a coming-of-age journey as he discovers the exhilarating and heartbreaking realities behind rock stardom.",9.4536,/3rrkyLYbgLj84AYvjhdcJot4JPx.jpg,2000-09-15,False,False,7.5,3224,"['Drama', 'Music']"
False,/lD8dFIk9wDEvOwZw0RB47e346io.jpg,"[10749, 18, 37]",698508,Redeeming Love,en,Redeeming Love,"A young couple's relationship clashes with the harsh realities of the California Gold Rush of 1850. Angel, experiencing love for the first time and facing demons unsurmountable, runs from the new life she doesn't believe she deserves. When Michael sets out to find her, Angel discovers that she indeed has the power to choose the life she wants.",9.4489,/2iu0lBF7sfAioLfSnSJtdKxlms6.jpg,2022-01-21,False,False,7.864,775,"['Romance', 'Drama', 'Western']"
False,/aiM3XxYE2JvW1vJ4AC6cI1RjAoT.jpg,"[80, 28, 18]",438650,Cold Pursuit,en,Cold Pursuit,"The quiet family life of Nels Coxman, a snowplow driver, is upended after his son's murder. Nels begins a vengeful hunt for Viking, the drug lord he holds responsible for the killing, eliminating Viking's associates one by one. As Nels draws closer to Viking, his actions bring even more unexpected and violent consequences, as he proves that revenge is all in the execution.",9.4474,/5RILVnOchQyL1LbcVzmabipdJfc.jpg,2019-02-07,False,False,5.876,2846,"['Crime', 'Action', 'Drama']"
False,/lTYGtgDRygku7iiFLWyiEc4wLzz.jpg,"[18, 28, 27]",1118031,Apocalypse Z: The Beginning of the End,es,Apocalipsis Z: el principio del fin,"When a kind of rabies that transforms people into aggressive creatures spreads across the planet, Manel isolates himself at home with his cat, relying on his wits to survive; but soon they must go out in search of food, by land and by sea, dodging many dangers.",9.4472,/wIGJnIFQlESkC2rLpfA8EDHqk4g.jpg,2024-10-04,False,False,6.76,1288,"['Drama', 'Action', 'Horror']"
False,/3tvwsRSIDgwJuaGdh67XZ942UMy.jpg,"[27, 53]",16871,Drag Me to Hell,en,Drag Me to Hell,"After denying a woman the extension she needs to keep her home, loan officer Christine Brown sees her once-promising life take a startling turn for the worse. Christine is convinced she's been cursed by a Gypsy, but her boyfriend is skeptical. Her only hope seems to lie in a psychic who claims he can help her lift the curse and keep her soul from being dragged straight to hell.",9.4461,/fdyejM5Zd6dsa0YyWa02ZAKwQzK.jpg,2009-05-27,False,False,6.489,4214,"['Horror', 'Thriller']"
False,/tp3tPVmldM8ft5nAlupGOtfiMvt.jpg,[53],72784,The Loft,en,The Loft,"For five men, the opportunity to share a penthouse in the city -- in which to carry on extramarital affairs -- is a dream come true, until the dead body of an unknown woman turns up. Realizing that her killer must be one of their group, the men are gripped by paranoia as each one suspects another.",9.4418,/msHg4MRKZBcGwIakhMEaYRSdYag.jpg,2014-10-14,False,False,6.409,1606,['Thriller']
False,/rogeBJK44LtWynOqzMFmEF30T80.jpg,"[16, 14, 28, 12]",812225,Black Clover: Sword of the Wizard King,ja,映画 ブラッククローバー 魔法帝の剣,"As a lionhearted boy who can't wield magic strives for the title of Wizard King, four banished Wizard Kings of yore return to crush the Clover Kingdom.",9.4372,/9YEGawvjaRgnyW6QVcUhFJPFDco.jpg,2023-06-16,False,False,8.061,416,"['Animation', 'Fantasy', 'Action', 'Adventure']"
False,/2wS8pMZgvzq7kaZb5LHX54poQnA.jpg,"[27, 18]",381283,mother!,en,mother!,"A couple's relationship is tested when uninvited guests arrive at their home, disrupting their tranquil existence.",9.4365,/fjny9chXPx69ln1LMJxbwi5yHMt.jpg,2017-09-13,False,False,6.949,7255,"['Horror', 'Drama']"
False,/nQ7uBnLum3SB5LbCCBTKBYWnEzL.jpg,"[27, 53]",13207,Friday the 13th,en,Friday the 13th,A group of young adults visit a boarded up campsite named Crystal Lake where they soon encounter the mysterious Jason Voorhees and his deadly intentions.,9.4356,/88wlJ4teYlck4hJ2bnlxBrAVh0m.jpg,2009-02-11,False,False,5.8,2931,"['Horror', 'Thriller']"
False,/jrudoaXcoLyHRPdolyOGemXgPEs.jpg,"[36, 18]",369972,First Man,en,First Man,"A look at the life of the astronaut, Neil Armstrong, and the legendary space mission that led him to become the first man to walk on the Moon on July 20, 1969.",9.432,/i91mfvFcPPlaegcbOyjGgiWfZzh.jpg,2018-10-10,False,False,7.04,5799,"['History', 'Drama']"
False,/rRcNmiH55Tz0ugUsDUGmj8Bsa4V.jpg,"[35, 10749]",884605,No Hard Feelings,en,No Hard Feelings,"On the brink of losing her childhood home, Maddie discovers an intriguing job listing: wealthy helicopter parents looking for someone to “date” their introverted 19-year-old son, Percy, before he leaves for college. To her surprise, Maddie soon discovers the awkward Percy is no sure thing.",9.431,/gD72DhJ7NbfxvtxGiAzLaa0xaoj.jpg,2023-06-15,False,False,6.671,4034,"['Comedy', 'Romance']"
False,/yAaAsbossCADVFdiqm8qAhd2gL0.jpg,"[27, 18, 14]",9100,The Craft,en,The Craft,"A Catholic school newcomer falls in with a clique of teen witches who wield their powers against all who dare to cross them -- be they teachers, rivals or meddlesome parents.",9.4294,/8bW2RdRkloYtEPhbQZN4wcdmJP4.jpg,1996-05-03,False,False,6.8,2123,"['Horror', 'Drama', 'Fantasy']"
False,/j9uruwRe9qM8RnP758dF7ISB8Bj.jpg,"[18, 36]",1000837,I'm Still Here,pt,Ainda Estou Aqui,A woman married to a former politician during the 1971 military dictatorship in Brazil is forced to reinvent herself and chart a new course for her family after a violent and arbitrary act.,9.4285,/gZnsMbhCvhzAQlKaVpeFRHYjGyb.jpg,2024-09-19,False,False,7.905,1155,"['Drama', 'History']"
False,/ei4bXNp4hBrfUEvWkp7usnQeGQP.jpg,"[28, 14, 27]",72331,Abraham Lincoln: Vampire Hunter,en,Abraham Lincoln: Vampire Hunter,"President Lincoln's mother is killed by a supernatural creature, which fuels his passion to crush vampires and their slave-owning helpers.",9.4259,/qv8deK0ZmutAuEpejruQKApIy6r.jpg,2012-06-20,False,False,5.773,3637,"['Action', 'Fantasy', 'Horror']"
False,/naNXYdBzTEb1KwOdi1RbBkM9Zv1.jpg,[27],420634,Terrifier,en,Terrifier,A maniacal clown named Art terrorizes three young women on Halloween night and everyone else who stands in his way.,9.4236,/fjXqhGmaeQpB73WerhrYU6HlyV5.jpg,2018-01-25,False,False,6.3,3063,['Horror']
False,/mazqYfDUreT2KE6ZsaWT59JARHZ.jpg,"[16, 18]",83389,From Up on Poppy Hill,ja,コクリコ坂から,"Yokohama, 1963. Japan is picking itself up from the devastation of World War II and preparing to host the 1964 Olympics—and the mood is one of both optimism and conflict as the young generation struggles to throw off the shackles of a troubled past. Against this backdrop of hope and change, a friendship begins to blossom between high school students Umi and Shun—but a buried secret from their past emerges to cast a shadow on the future and pull them apart.",9.4212,/rRLYX4RZIyloHSJwvZKAhphAjiB.jpg,2011-07-16,False,False,7.514,1994,"['Animation', 'Drama']"
False,/elzrIY3nfzWz4AXh0lxxBsXLCGI.jpg,"[18, 10749]",38167,Eat Pray Love,en,Eat Pray Love,"A married woman realizes how unhappy her marriage really is, and that her life needs to go in a different direction. After a painful divorce, she takes off on a round-the-world journey to ""find herself"".",9.4184,/gjR5zUeMGV6UNqtI0OuzqrLQcjU.jpg,2010-08-12,False,False,6.244,2686,"['Drama', 'Romance']"
False,/ihKsZZYMbyHXC1L7s90WDLITdC5.jpg,"[28, 12, 53]",76163,The Expendables 2,en,The Expendables 2,"Mr. Church reunites the Expendables for what should be an easy paycheck, but when one of their men is murdered on the job, their quest for revenge puts them deep in enemy territory and up against an unexpected threat.",9.4177,/74rTIGyGoIu5KSxDVMdr8H3MtMo.jpg,2012-08-15,False,False,6.355,7319,"['Action', 'Adventure', 'Thriller']"
False,/c0izdYdnTe4uMRifHgvTA85wPz0.jpg,"[80, 28, 27]",503736,Army of the Dead,en,Army of the Dead,"Following a zombie outbreak in Las Vegas, a group of mercenaries take the ultimate gamble: venturing into the quarantine zone to pull off the greatest heist ever attempted.",9.4164,/gCIsRxzcxvmuLYeAvWgoOuSxszF.jpg,2021-05-14,False,False,6.187,4534,"['Crime', 'Action', 'Horror']"
False,/cu3uaBqPORcfpKQWaIjA1GJbvEg.jpg,[27],132232,Mama,en,Mama,"Guillermo del Toro presents Mama, a supernatural thriller that tells the haunting tale of two little girls who disappeared into the woods the day that their parents were killed. When they are rescued years later and begin a new life, they find that someone or something still wants to come tuck them in at night.",9.412,/eo8BhR8Q5STmWE9sMLsEPagxmy6.jpg,2013-01-17,False,False,6.3,4506,['Horror']
False,/i4NvcHeYeAdLEFiLxEVvUA3BT0.jpg,"[16, 35, 10751]",8916,Antz,en,Antz,"A neurotic worker ant in love with a rebellious princess rises to unlikely stardom when he switches places with a soldier. Signing up to march in a parade, he ends up under the command of a bloodthirsty general. But he's actually been enlisted to fight against a termite army.",9.4117,/lWPjxbUMpAHFkJpZHHNWhQaRsax.jpg,1998-10-02,False,False,6.2,4852,"['Animation', 'Comedy', 'Family']"
False,/oJRlYxfG10h4sxk2A7fpeOZnaFi.jpg,"[27, 878]",9276,The Faculty,en,The Faculty,"When creepy things start happening at Herrington High, the students begin to suspect that their faculty is being controlled by body-snatching aliens.",9.4116,/5XetJwmAiDC0EtH23NIXaqFn3Wl.jpg,1998-12-25,False,False,6.6,2359,"['Horror', 'Science Fiction']"
False,/rUAn3Ul1tL7JXMjZ951UOI3F0UA.jpg,"[18, 53]",1700,Misery,en,Misery,"After an accident, acclaimed novelist Paul Sheldon is rescued by a nurse who claims to be his biggest fan.  Her obsession takes a dark turn when she holds him captive in her remote Colorado home and forces him to write back to life the popular literary character he killed off.",9.4104,/klPO5oh1LOxiPpdDXZo1ADgpKcw.jpg,1990-11-30,False,False,7.754,5407,"['Drama', 'Thriller']"
False,/sruE8qXnqLz8feWb6HIVWwMZLsZ.jpg,"[10751, 10402]",766319,Mariah Carey's Magical Christmas Special,en,Mariah Carey's Magical Christmas Special,"Faced with a holiday cheer crisis, the North Pole knows there's only one person who can save the day: Santa's great friend Mariah Carey. The Queen of Christmas creates a fabulous and star-studded spectacular to make the whole world merry!",9.4096,/pjPoAenlch0JVZVGCpei5XWOGiY.jpg,2020-12-03,False,False,6.219,73,"['Family', 'Music']"
False,/zGLQmrmIB56kMZPnzqReIOBay1B.jpg,"[28, 35, 53]",507241,The Killer's Game,en,The Killer's Game,"When top hitman Joe Flood is diagnosed with a terminal illness, he decides to take matters into his own hands – by taking a hit out on himself. But when the very hitmen he hired also target his ex-girlfriend, he must fend off an army of assassin colleagues and win back the love of his life before it's too late.",9.4092,/4bKlTeOUr5AKrLky8mwWvlQqyVd.jpg,2024-09-12,False,False,6.434,595,"['Action', 'Comedy', 'Thriller']"
False,/4Bb1kMIfrT2tYRZ9M6Jhqy6gkeF.jpg,"[18, 36]",76203,12 Years a Slave,en,12 Years a Slave,"In the pre-Civil War United States, Solomon Northup, a free black man from upstate New York, is abducted and sold into slavery. Facing cruelty as well as unexpected kindnesses Solomon struggles not only to stay alive, but to retain his dignity. In the twelfth year of his unforgettable odyssey, Solomon’s chance meeting with a Canadian abolitionist will forever alter his life.",9.4035,/xdANQijuNrJaw1HA61rDccME4Tm.jpg,2013-10-18,False,False,7.927,12208,"['Drama', 'History']"
False,/mjlRoaURNhcW5YmXev8Z4UrV7x6.jpg,"[53, 28, 18, 10752]",8963,Crimson Tide,en,Crimson Tide,"After the Cold War, a breakaway Russian republic with nuclear warheads becomes a possible worldwide threat. U.S. submarine Capt. Frank Ramsey signs on a relatively green but highly recommended Lt. Cmdr. Ron Hunter to the USS Alabama, which may be the only ship able to stop a possible Armageddon. When Ramsey insists that the Alabama must act aggressively, Hunter, fearing they will start rather than stop a disaster, leads a potential mutiny to stop him.",9.3838,/21nqRJ6ofEgVvEl68J4O9V26Xzy.jpg,1995-05-12,False,False,7.186,2067,"['Thriller', 'Action', 'Drama', 'War']"
False,/8IFCWQ0fQEukqNY7LAljl7DuFZf.jpg,"[28, 53]",9772,Air Force One,en,Air Force One,"When Russian neo-nationalists hijack Air Force One, the world's most secure and extraordinary aircraft, the President is faced with a nearly impossible decision to give in to terrorist demands or sacrifice not only the country's dignity, but the lives of his wife and daughter.",9.3813,/evO1iENjLpUnbwjnt5XK85jRYob.jpg,1997-07-25,False,False,6.466,3426,"['Action', 'Thriller']"
False,/94cS0mzODEoNIXFT7nhPcI8V4IJ.jpg,"[878, 28, 12]",842675,The Wandering Earth II,zh,流浪地球2,"Humans built huge engines on the surface of the earth to find a new home. But the road to the universe is perilous. In order to save earth, young people once again have to step forward to start a race against time for life and death.",9.3731,/hEA7bpWw5IRKOW2MVjvx46SWevU.jpg,2023-01-22,False,False,7.314,757,"['Science Fiction', 'Action', 'Adventure']"
False,/tNUM567Hrv925Z3vWXdJUjQE6Ho.jpg,"[28, 80, 18, 53]",1266,Street Kings,en,Street Kings,"Tom Ludlow is a disillusioned L.A. Police Officer, rarely playing by the rules and haunted by the death of his wife. When evidence implicates him in the execution of a fellow officer, he is forced to go up against the cop culture he's been a part of his entire career, ultimately leading him to question the loyalties of everyone around him.",9.3731,/iTO7sBfVTr7LUqiFtGeFW7g2Ncf.jpg,2008-04-10,False,False,6.669,1804,"['Action', 'Crime', 'Drama', 'Thriller']"
False,/hEMxuwywh3FmWjhkIrfo57k3M2n.jpg,"[28, 18, 53]",9331,Clear and Present Danger,en,Clear and Present Danger,"Agent Jack Ryan becomes acting Deputy Director of Intelligence for the CIA when Admiral Greer is diagnosed with cancer. When an American businessman, and friend of the president, is murdered on his yacht, Ryan starts discovering links between the man and drug dealers. As former CIA agent John Clark is sent to Colombia to kill drug cartel kingpins in retaliation, Ryan must fight through multiple cover-ups to figure out what happened and who's responsible.",9.3694,/6xTM8FPxrLRYwz6I3fqtwh7xybs.jpg,1994-08-03,False,False,6.649,1747,"['Action', 'Drama', 'Thriller']"
False,/oPxTkDKK2NcHcAEADATWiXKOkFw.jpg,"[18, 27, 9648, 53]",63311,The Skin I Live In,es,La piel que habito,A brilliant plastic surgeon creates a synthetic skin that withstands any kind of damage. His guinea pig: a mysterious and volatile woman who holds the key to his obsession.,9.365,/xa7uCwGYykrf8MMI8iF5dZvNlrG.jpg,2011-08-17,False,False,7.477,4738,"['Drama', 'Horror', 'Mystery', 'Thriller']"
False,/b0XkgWgCBurkCZdNXp7kEZdgxEi.jpg,"[16, 10751, 14]",228326,The Book of Life,en,The Book of Life,"The journey of Manolo, a young man who is torn between fulfilling the expectations of his family and following his heart. Before choosing which path to follow, he embarks on an incredible adventure that spans fantastical worlds where he must face his greatest fears.",9.3623,/aotTZos5KswgCryEzx2rlOjFsm1.jpg,2014-10-01,False,False,7.535,3010,"['Animation', 'Family', 'Fantasy']"
False,/grY5sfuT9YeXWlp4JYCmRZVqjk0.jpg,"[10751, 16, 35, 14]",481084,The Addams Family,en,The Addams Family,"The Addams family's lives begin to unravel when they face-off against a treacherous, greedy crafty reality-TV host while also preparing for their extended family to arrive for a major celebration.",9.3603,/q1epO0eO8DWu8Vo8tPfvVlzW48T.jpg,2019-10-10,False,False,6.6,2536,"['Family', 'Animation', 'Comedy', 'Fantasy']"
False,/pDKFL1zcHzEpmz4MJA5JJnRbJeD.jpg,"[27, 53, 18]",405774,Bird Box,en,Bird Box,"Five years after an ominous unseen presence drives most of society to suicide, a survivor and her two children make a desperate bid to reach safety.",9.3573,/rGfGfgL2pEPCfhIvqHXieXFn7gp.jpg,2018-12-13,False,False,6.8,10810,"['Horror', 'Thriller', 'Drama']"
False,/2vcdZBbf7sPPzIHfN5ial24UbxK.jpg,"[28, 12, 878]",305470,Power Rangers,en,Power Rangers,"Five ordinary teens must become something extraordinary when they learn that their small town of Angel Grove — and the world — is on the verge of being obliterated by an alien threat. Chosen by destiny, our heroes quickly discover they are the only ones who can save the planet. But to do so, they will have to overcome their real-life issues and before it’s too late, band together as the Power Rangers.",9.3512,/bKYKyyIv5YnisxjZtDreWtYA386.jpg,2017-03-23,False,False,6.246,4724,"['Action', 'Adventure', 'Science Fiction']"
False,/gOIztYywR291pC4k3IpDq7Vj3Kj.jpg,"[18, 28]",677179,Creed III,en,Creed III,"After dominating the boxing world, Adonis Creed has thrived in his career and family life. When a childhood friend and former boxing prodigy, Damian Anderson, resurfaces after serving a long sentence in prison, he is eager to prove that he deserves his shot in the ring. The face-off between former friends is more than just a fight. To settle the score, Adonis must put his future on the line to battle Damian — a fighter with nothing to lose.",9.3508,/cvsXj3I9Q2iyyIo95AecSd1tad7.jpg,2023-03-01,False,False,7.086,2973,"['Drama', 'Action']"
False,/GGtBQDAl7CtZtTFTCUUoYHVHyJ.jpg,"[10749, 35, 10751]",10897,The Little Rascals,en,The Little Rascals,"When nine-year-old Alfalfa falls for Darla, his ""He-Man-Woman-Hating"" friends attempt to sabotage their relationship.",9.347,/qI7PKX2JSw4yD2iQm3pyHvKir28.jpg,1994-08-05,False,False,6.8,1366,"['Romance', 'Comedy', 'Family']"
False,/wLttOcR1wJGedXfpe69y215NvjN.jpg,"[16, 10751, 35, 10749]",1076364,Carl's Date,en,Carl's Date,"Carl Fredricksen reluctantly agrees to go on a date with a lady friend—but admittedly has no idea how dating works these days. Ever the helpful friend, Dug steps in to calm Carl's pre-date jitters and offer some tried-and-true tips for making friends—if you're a dog.",9.3454,/wakoF2UgsEE3fGs5KpuwMWsaNr2.jpg,2023-06-15,False,False,7.433,462,"['Animation', 'Family', 'Comedy', 'Romance']"
False,/g11nKgir3nIhlG2gIDWIvJeR4fz.jpg,"[18, 53]",582,The Lives of Others,de,Das Leben der Anderen,"In 1984 East Berlin, dedicated Stasi officer Gerd Wiesler begins spying on a famous playwright and his actress-lover Christa-Maria. Wiesler becomes unexpectedly sympathetic to the couple, and faces conflicting loyalties when his superior takes a liking to Christa-Maria.",9.3422,/cVUDMnskSc01rdbyH0tLATTJUdP.jpg,2006-03-23,False,False,8.037,4260,"['Drama', 'Thriller']"
False,/klQJJGLRxyZUoiWusZ5GA3qAtiq.jpg,"[28, 53]",646207,The Ice Road,en,The Ice Road,"After a remote diamond mine collapses in far northern Canada, an ice road driver must lead an impossible rescue mission over a frozen ocean to save the trapped miners.",9.3374,/gl1dlX9sKYpiKujq80Yxve7l4yg.jpg,2021-06-24,False,False,6.744,1966,"['Action', 'Thriller']"
False,/u2eA9pqi1q3DvevT7RuDuJHxxBT.jpg,"[18, 53]",974950,Emilia Pérez,fr,Emilia Pérez,"Rita, an underrated lawyer working for a large law firm more interested in getting criminals out of jail than bringing them to justice, is hired by the leader of a criminal organization.",9.3366,/7seqaCaaXDNUHOx4DqwpoOH8pPa.jpg,2024-08-21,False,False,6.413,2038,"['Drama', 'Thriller']"
False,/ffKYRCEVOzpb5y4tA7VW1DwhQw9.jpg,"[18, 10749]",4347,Atonement,en,Atonement,A young girl irrevocably changes the course of several lives when she accuses her older sister's lover of a crime he did not commit.,9.3352,/hMRIyBjPzxaSXWM06se3OcNjIQa.jpg,2007-02-27,False,False,7.631,4836,"['Drama', 'Romance']"
False,/247H2jS9Te9TTmKDcAMg3LN5gmI.jpg,[35],12133,Step Brothers,en,Step Brothers,"Brennan Huff and Dale Doback might be grown men. But that doesn't stop them from living at home and turning into jealous, competitive stepbrothers when their single parents marry. Brennan's constant competition with Dale strains his mom's marriage to Dale's dad, leaving everyone to wonder whether they'll ever see eye to eye.",9.3344,/nvggBbEraUTAVR6ffP3AaBUWSHs.jpg,2008-07-25,False,False,6.558,3509,['Comedy']
False,/kv9xVrxfLpudBLyYf1QvLCpUQuy.jpg,"[36, 18, 35]",1182047,The Apprentice,en,The Apprentice,"A young Donald Trump, eager to make his name as a hungry scion of a wealthy family in 1970s New York, comes under the spell of Roy Cohn, the cutthroat attorney who would help create the Donald Trump we know today. Cohn sees in Trump the perfect protégé—someone with raw ambition, a hunger for success, and a willingness to do whatever it takes to win.",9.3325,/549Hdul2BgPnZMhqFxp6npp2opr.jpg,2024-10-09,False,False,6.839,1035,"['History', 'Drama', 'Comedy']"
False,/8JPz1636hMcaADngF4H4KOxXfp1.jpg,"[28, 53, 80]",1948,Crank,en,Crank,"Chev Chelios, a hit man wanting to go straight, lets his latest target slip away. Then he awakes the next morning to a phone call that informs him he has been poisoned and has only an hour to live unless he keeps adrenaline coursing through his body while he searches for an antidote.",9.3306,/rsKmhnvzJezjwC1Ud2Hh37oNpdQ.jpg,2006-08-31,False,False,6.671,4366,"['Action', 'Thriller', 'Crime']"
False,/eszmHIWJHAKdnJcE3KcvVzOb6Jd.jpg,"[35, 80, 28, 18]",399170,Logan Lucky,en,Logan Lucky,"Trying to reverse a family curse, brothers Jimmy and Clyde Logan set out to execute an elaborate robbery during the legendary Coca-Cola 600 race at the Charlotte Motor Speedway.",9.3304,/mQrhrBaaHvRfBQq0Px3HtVbH9iE.jpg,2017-08-17,False,False,6.735,3945,"['Comedy', 'Crime', 'Action', 'Drama']"
False,/9rMSCFH9zhv1vILpEZQlUJs9iUm.jpg,"[80, 28, 35]",4638,Hot Fuzz,en,Hot Fuzz,"Former London constable Nicholas Angel finds it difficult to adapt to his new assignment in the sleepy British village of Sandford. Not only does he miss the excitement of the big city, but he also has a well-meaning oaf for a partner. However, when a series of grisly accidents rocks Sandford, Angel smells something rotten in the idyllic village.",9.3283,/zPib4ukTSdXvHP9pxGkFCe34f3y.jpg,2007-02-14,False,False,7.57,8599,"['Crime', 'Action', 'Comedy']"
False,/lR8eHumEoL8FkszpDvbEUZRXVt5.jpg,"[28, 53, 878, 12]",46529,I Am Number Four,en,I Am Number Four,"A teenage fugitive with an incredible secret races to stay one step ahead of the mysterious forces seeking destroy him. With three dead and one on the run, the race to find the elusive Number Four begins. Outwardly normal teen John Smith never gets too comfortable in the same identity, and along with his guardian, Henri, he is constantly moving from town to town. With each passing day, John gains a stronger grasp on his extraordinary new powers, and his bond to the beings that share his fantastic fate grows stronger.",9.3259,/tPxc7Bb5ZTSFMlCjYxzVWOVy8gD.jpg,2011-02-18,False,False,6.207,5125,"['Action', 'Thriller', 'Science Fiction', 'Adventure']"
False,/2pITFeesu6aikrEknoH6bNXOdhk.jpg,"[28, 80]",8292,Four Brothers,en,Four Brothers,Four adopted brothers return to their Detroit hometown when their mother is murdered and vow to exact revenge on the killers.,9.3253,/8cO39cnWSZQi2ncPG5TxL3YRzKc.jpg,2005-08-11,False,False,6.807,2482,"['Action', 'Crime']"
False,/5CUtGZASj2UqomudRG1RZOt5QbG.jpg,[35],227159,Horrible Bosses 2,en,Horrible Bosses 2,"Dale, Kurt and Nick decide to start their own business but things don't go as planned because of a slick investor, prompting the trio to pull off a harebrained and misguided kidnapping scheme.",9.3188,/boBOkwIqgrs8noxBUSDkkicKa4K.jpg,2014-11-12,False,False,6.175,4485,['Comedy']
False,/sP4vNXFhPviUJevrD7X8fJV1OD1.jpg,[18],13223,Gran Torino,en,Gran Torino,"Disgruntled Korean War veteran Walt Kowalski sets out to reform his neighbor, Thao Lor, a Hmong teenager who tried to steal Kowalski's prized possession: a 1972 Gran Torino.",9.3181,/zUybYvxWdAJy5hhYovsXtHSWI1l.jpg,2008-12-12,False,False,7.987,11809,['Drama']
False,/4LrL40XecjGLRpX5I2gzMTUt04l.jpg,"[18, 36, 53]",617653,The Last Duel,en,The Last Duel,"King Charles VI declares that Knight Jean de Carrouges settle his dispute with his squire, Jacques Le Gris, by challenging him to a duel.",9.315,/zjrJE0fpzPvX8saJXj8VNfcjBoU.jpg,2021-10-13,False,False,7.398,4003,"['Drama', 'History', 'Thriller']"
False,/yVwCXQzSZvg9H0YBXvzPfSs6Vqx.jpg,"[14, 35, 10751]",2698,Evan Almighty,en,Evan Almighty,God contacts Junior Congressman Evan Baxter and tells him to build an ark in preparation for a great flood.,9.315,/blI1ioXbgJWOJ3PbcBuSV65Ebwu.jpg,2007-06-09,False,False,5.59,4656,"['Fantasy', 'Comedy', 'Family']"
False,/hgESQ2sK21j22Yode4w99jfwj44.jpg,"[35, 18]",491418,Instant Family,en,Instant Family,"When Pete and Ellie decide to start a family, they stumble into the world of foster care adoption. They hope to take in one small child but when they meet three siblings, including a rebellious 15 year old girl, they find themselves speeding from zero to three kids overnight.",9.3101,/xYV1mODz99w7AjKDSQ7h2mzZhVe.jpg,2018-11-13,False,False,7.49,3301,"['Comedy', 'Drama']"
False,/kfofK4GzJsJZhCShqZY438c8Y4Y.jpg,"[35, 12, 10751]",116149,Paddington,en,Paddington,"A young Peruvian bear travels to London in search of a home. Finding himself lost and alone at Paddington Station, he meets the kindly Brown family, who offer him a temporary haven.",9.3064,/wpchRGhRhvhtU083PfX2yixXtiw.jpg,2014-11-24,False,False,7.126,4348,"['Comedy', 'Adventure', 'Family']"
False,/30rvmoEBqovm723agDJ3QddWXcY.jpg,[35],37735,Easy A,en,Easy A,"Olive, an average high school student, sees her below-the-radar existence turn around overnight once she decides to use the school's gossip grapevine to advance her social standing. Now her classmates are turning against her and the school board is becoming concerned, including her favorite teacher and the distracted guidance counselor. With the support of her hilariously idiosyncratic parents and a little help from a long-time crush, Olive attempts to take on her notorious new identity and crush the rumor mill once and for all.",9.3064,/v5f1qO6NJnxWgONgkYg21TW39DT.jpg,2010-09-16,False,False,6.801,7541,['Comedy']
False,/hGnJhGSeyWlerHcLNnD06sbX5wU.jpg,"[18, 53, 9648]",638,Lost Highway,en,Lost Highway,"A tormented jazz musician finds himself lost in an enigmatic story involving murder, surveillance, gangsters, doppelgängers, and an impossible transformation inside a prison cell.",9.3047,/5POhfNeFPIi4VUNwCTaK85sh98r.jpg,1997-01-15,False,False,7.5,3047,"['Drama', 'Thriller', 'Mystery']"
False,/zTwuMSZ8Tsf9k6r2lslemPs4m1H.jpg,"[18, 27]",133805,Carrie,en,Carrie,"An awkward, telekinetic teenage girl is the object of relentless bullying at school and an oppressively religious mother at home.",9.3019,/kloXz9qwO23z9Kbt3z3MgnjF4xO.jpg,2013-10-16,False,False,6.066,4822,"['Drama', 'Horror']"
False,/7aW9IZjpsoTXYEARlnOvTtl6EBr.jpg,"[18, 10749]",1391,Y Tu Mamá También,es,Y tu mamá también,"In Mexico, two teenage boys and an attractive older woman embark on a road trip and learn a thing or two about life, friendship, sex, and each other.",9.3012,/aj3rqjab8jfc2fWmcS3H3c5qbur.jpg,2001-06-08,False,False,7.436,1825,"['Drama', 'Romance']"
False,/zo14UuFDTVy91cBNWHplHCqHCPt.jpg,"[28, 35]",12207,The Legend of Drunken Master,cn,醉拳二,"Returning home with his father after a shopping expedition, Wong Fei-Hong is unwittingly caught up in the battle between foreigners who wish to export ancient Chinese artifacts and loyalists who don't want the pieces to leave the country. Fei-Hong must fight against the foreigners using his Drunken Boxing style, and overcome his father's antagonism as well.",9.2975,/xqUBrSBtPYLvCtfqHF5sapU6Div.jpg,1994-02-03,False,False,7.463,1129,"['Action', 'Comedy']"
False,/6moXpp6y1EZ6pfnSxnKFMrbFnWv.jpg,"[53, 878]",8645,The Happening,en,The Happening,"When a deadly airborne virus threatens to wipe out the northeastern United States, teacher Elliot Moore and his wife Alma flee from contaminated cities into the countryside in a fight to discover the truth. Is it terrorism, the accidental release of some toxic military bio weapon -- or something even more sinister?",9.2963,/fP4nBrtmc0teSDDHzYmDE7TLQBT.jpg,2008-06-11,False,False,5.411,4089,"['Thriller', 'Science Fiction']"
False,/xXhta1NIKn09IXy0mfp68cabdWS.jpg,"[35, 10749]",466282,To All the Boys I've Loved Before,en,To All the Boys I've Loved Before,Lara Jean's love life goes from imaginary to out of control when her secret letters to every boy she's ever fallen for are mysteriously mailed out.,9.2899,/hKHZhUbIyUAjcSrqJThFGYIR6kI.jpg,2018-08-17,False,False,7.589,8771,"['Comedy', 'Romance']"
False,/jRqHItD7rORpbB0lx2ke8StSntb.jpg,"[18, 53]",552178,Dark Waters,en,Dark Waters,"A tenacious attorney uncovers a dark secret that connects a growing number of unexplained deaths to one of the world's largest corporations. In the process, he risks everything — his future, his family, and his own life — to expose the truth.",9.2879,/bzvzaHqKBSuGIIWhinTQPHvT0zf.jpg,2019-11-22,False,False,7.525,2612,"['Drama', 'Thriller']"
False,/5cG2XcylxUIclQsGPBKTtfoqcBV.jpg,"[27, 9648]",55779,Final Destination 5,en,Final Destination 5,"Death is just as omnipresent as ever, and is unleashed after one man’s premonition saves a group of coworkers from a terrifying suspension bridge collapse. But this group of unsuspecting souls was never supposed to survive, and, in a terrifying race against time, the ill-fated group frantically tries to discover a way to escape Death’s sinister agenda.",9.2878,/Akx1Po4ZLetOWfYJhQf75tbhTtK.jpg,2011-08-12,False,False,6.158,4227,"['Horror', 'Mystery']"
False,/hwpbTeZEaKKUfiUjc2FJZpv7uAI.jpg,"[27, 9648]",516632,The Empty Man,en,The Empty Man,"On the trail of a missing girl, an ex-cop comes across a secretive group attempting to summon a terrifying supernatural entity.",9.282,/8apzu9JFTUMtOpYkHk6LNPOs3pY.jpg,2020-10-22,False,False,6.168,1098,"['Horror', 'Mystery']"
False,/AlqDoPCHBqrqRNpAWkAmltIFTR1.jpg,"[28, 53, 10749]",73454,X,en,X,A veteran call girl and a runaway prostitute witness a murder which sends them on an out-of-control roller coaster ride through the twilight zone of sex-for-sale.,9.2817,/nvU6uTwSpMpitM6mnuYXb1LgxxX.jpg,2011-11-23,False,False,6.388,327,"['Action', 'Thriller', 'Romance']"
False,/ihBDaN7OwT7D9DVri8SmxCnuRLB.jpg,"[28, 53]",8845,Under Siege,en,Under Siege,"A disgruntled ex-CIA operative, his assistant and their assembled group of terrorists seize a battleship with nuclear blackmail in mind. They've planned for every contingency but ignore the ship's cook, former Navy SEAL Casey Ryback—an error that could be fatal.",9.2774,/7tzVzgGKhLsQoiyDh2tiGcPeTpH.jpg,1992-10-08,False,False,6.307,1798,"['Action', 'Thriller']"
False,/tvH2BVDNDHkCs282vkTxtGQShzy.jpg,"[80, 18, 53]",3134,Baise-moi,fr,Baise-moi,"Nadine and Manu are two mad women, as tidy as can be, almost perfectionists. They have several things in common: extreme sex, drugs, beer and the trigger. They find the solution to their problems with guns and beware to those who dare to get in their way!",9.277,/zmkh7qyNIQmx2xi972WL39wzqOH.jpg,2000-06-28,False,False,4.832,501,"['Crime', 'Drama', 'Thriller']"
False,/g6UIASElC5M6jwtV4TZlz1sok3h.jpg,"[28, 878, 53]",9383,Hollow Man,en,Hollow Man,"Cocky researcher Sebastian Caine is working on a project to make living creatures invisible. Determined to achieve the ultimate breakthrough, Caine pushes his team to move to the next phase — using himself as the subject. The test is a success, but when the process can't be reversed and Caine seems doomed to future without flesh, he starts to turn increasingly dangerous.",9.276,/sd3qUIv5uoP2oTbqv66CzXSPjKG.jpg,2000-08-04,False,False,5.98,2921,"['Action', 'Science Fiction', 'Thriller']"
False,/qcVrlyPFlPgCsmzorvELvpJN9Be.jpg,"[35, 10749]",1597,Meet the Parents,en,Meet the Parents,"Greg Focker is ready to marry his girlfriend, Pam, but before he pops the question, he must win over her formidable father, humorless former CIA agent Jack Byrnes, at the wedding of Pam's sister. As Greg bends over backward to make a good impression, his visit to the Byrnes home turns into a hilarious series of disasters, and everything that can go wrong does, all under Jack's critical, hawklike gaze.",9.275,/5tXJ9ctuyEOMUFLaeqRisbXowWs.jpg,2000-10-06,False,False,6.699,6554,"['Comedy', 'Romance']"
False,/vrFI0I3M8ROZduj9XbFDoQKZyao.jpg,"[27, 53]",9792,The Hills Have Eyes,en,The Hills Have Eyes,"Based on Wes Craven's 1977 suspenseful cult classic, The Hills Have Eyes is the story of a family road trip that goes terrifyingly awry when the travelers become stranded in a government atomic zone. Miles from nowhere, the Carter family soon realizes the seemingly uninhabited wasteland is actually the breeding ground of a blood-thirsty mutant family...and they are the prey.",9.2629,/2eJL1Ccr1FN3dm9OSDwyd8uaX1b.jpg,2006-03-10,False,False,6.486,3467,"['Horror', 'Thriller']"
False,/s6awXOxTKYQLSktiIJfI3969dZH.jpg,"[35, 80]",449562,The Hustle,en,The Hustle,"Two female scam artists, one low rent and the other high class, compete to swindle a naïve tech prodigy out of his fortune. A remake of the 1988 comedy ""Dirty Rotten Scoundrels.""",9.2599,/qZniBGQRESLIfxw6GeZLZ2G1osa.jpg,2019-05-09,False,False,6.194,2746,"['Comedy', 'Crime']"
False,/4TGqXMsy9qM2nAUq4rYrErjkMXL.jpg,"[28, 12, 35, 80, 53]",604822,Vanguard,zh,急先锋,Covert security company Vanguard is the last hope of survival for an accountant after he is targeted by the world's deadliest mercenary organization.,9.2547,/mKvw1Ic9enfFlCPBNJGiejRPMUO.jpg,2020-01-22,False,False,6.382,626,"['Action', 'Adventure', 'Comedy', 'Crime', 'Thriller']"
False,/baJHUXBcoaHnMf2sjwegbuhIjEV.jpg,"[878, 28]",9482,Judge Dredd,en,Judge Dredd,"In a dystopian future where Judges maintain law and order by acting as judge, jury, and executioner, Dredd fights to prove his innocence after being falsely accused of murder.",9.2545,/cfSnKn8NDU3m8UxihjVcYprA0Aq.jpg,1995-06-30,False,False,5.853,2842,"['Science Fiction', 'Action']"
False,/jNG7pl0DkN1nzxnbZj4MCGf2VEG.jpg,"[18, 10402]",65,8 Mile,en,8 Mile,"For Jimmy Smith, Jr., life is a daily fight just to keep hope alive. Feeding his dreams in Detroit's vibrant music scene, Jimmy wages an extraordinary personal struggle to find his own voice - and earn a place in a world where rhymes rule, legends are born and every moment… is another chance.",9.2511,/7BmQj8qE1FLuLTf7Xjf9sdIHzoa.jpg,2002-11-08,False,False,7.147,7976,"['Drama', 'Music']"
False,/mWLljCmpqlcYQh7uh51BBMwCZwN.jpg,"[27, 9648, 53]",522681,Escape Room,en,Escape Room,"Six strangers find themselves in circumstances beyond their control, and must use their wits to survive.",9.2474,/8Ls1tZ6qjGzfGHjBB7ihOnf7f0b.jpg,2019-01-03,False,False,6.545,5163,"['Horror', 'Mystery', 'Thriller']"
False,/y4TbQOC9DCzZop9HwKuX73rKbYO.jpg,"[28, 80, 18, 53]",9631,The Negotiator,en,The Negotiator,"The police try to arrest expert hostage negotiator Danny Roman, who insists he's being framed for his partner's murder in what he believes is an elaborate conspiracy. Thinking there's evidence in the Internal Affairs offices that might clear him, he takes everyone in the office hostage and demands that another well-known negotiator be brought in to handle the situation and secretly investigate the conspiracy.",9.2414,/dUMHEymATOGbs2K3E4dmNSVBgFQ.jpg,1998-07-29,False,False,7.1,2484,"['Action', 'Crime', 'Drama', 'Thriller']"
False,/porZOny3iVvs5LK0osW1b52wWik.jpg,"[35, 10749]",693,Meet the Fockers,en,Meet the Fockers,"Hard-to-crack ex-CIA man Jack Byrnes and his wife Dina head for the warmer climes of Florida to meet the parents of their son-in-law-to-be, Greg Focker. Unlike their happily matched offspring, the future in-laws find themselves in a situation of opposites that definitely do not attract.",9.2404,/59fXm6N2x7QSbvt6BaBxTNBXGL8.jpg,2004-12-22,False,False,6.254,5291,"['Comedy', 'Romance']"
False,/6VZF8JVNOgJX56WCapYaqcVQiAw.jpg,"[18, 80, 36]",644495,House of Gucci,en,House of Gucci,"When Patrizia Reggiani, an outsider from humble beginnings, marries into the Gucci family, her unbridled ambition begins to unravel the family legacy and triggers a reckless spiral of betrayal, decadence, revenge, and ultimately… murder.",9.2402,/oJCQjD2byiVF1EG408F9dBn9ndU.jpg,2021-11-24,False,False,6.558,3517,"['Drama', 'Crime', 'History']"
False,/h5Vxa8BRTeuY2MEu6lnJjv6p2Zr.jpg,"[35, 16, 12, 10751, 14]",400157,Wonder Park,en,Wonder Park,"A young girl named June with a big imagination makes an incredible discovery -- the amusement park of her dreams has come to life. Filled with the world's wildest rides operated by fun-loving animals, the excitement never ends. But when trouble hits, June and her misfit team of furry friends begin an unforgettable journey to save the park.",9.2356,/8KomINZhIuJeB4oB7k7tkq8tmE.jpg,2019-03-13,False,False,6.6,783,"['Comedy', 'Animation', 'Adventure', 'Family', 'Fantasy']"
False,/hmv300bqfZmxvdXCtCsruDH0ycT.jpg,"[878, 28, 12, 53, 18]",453405,Gemini Man,en,Gemini Man,"Henry Brogan is an elite 51-year-old assassin who's ready to call it quits after completing his 72nd job. His plans get turned upside down when he becomes the target of a mysterious operative who can seemingly predict his every move. To his horror, Brogan soon learns that the man who's trying to kill him is a younger, faster, cloned version of himself.",9.2309,/uTALxjQU8e1lhmNjP9nnJ3t2pRU.jpg,2019-10-02,False,False,6.255,5577,"['Science Fiction', 'Action', 'Adventure', 'Thriller', 'Drama']"
False,/sjZIN2oDzOLGYuz21QwWw1tJ8ly.jpg,"[12, 36, 28]",1911,The 13th Warrior,en,The 13th Warrior,"A Muslim ambassador exiled from his homeland joins a group of Vikings, initially offended by their behavior but growing to respect them. As they travel together, they learn of a legendary evil closing in and must unite to confront this formidable force.",9.2291,/pj1IQQ7ajwaOrjjTCxyM1L4mSnX.jpg,1999-08-13,False,False,6.7,2132,"['Adventure', 'History', 'Action']"
False,/p8yXQse3IDZiwEjWRHda3EzDQjA.jpg,"[18, 36, 80]",3131,Gangs of New York,en,Gangs of New York,"In early 1860s New York, Irish immigrant Amsterdam Vallon is released from prison and returns to the Five Points, seeking revenge against his father's killer, William Cutting, a powerful anti-immigrant gang leader. He knows that revenge can only be attained by infiltrating Cutting's inner circle. Vallon's journey becomes a fight for personal survival and to find a place for the Irish people.",9.2195,/lemqKtcCuAano5aqrzxYiKC8kkn.jpg,2002-12-14,False,False,7.317,7413,"['Drama', 'History', 'Crime']"
False,/cT80aGpjWZLn8rd7cLtsbktFMhf.jpg,"[18, 36, 10752]",613,Downfall,de,Der Untergang,"In April of 1945, Germany stands at the brink of defeat with the Russian Army closing in from the east and the Allied Expeditionary Force attacking from the west. In Berlin, capital of the Third Reich, Adolf Hitler proclaims that Germany will still achieve victory and orders his generals and advisers to fight to the last man. When the end finally does come, and Hitler lies dead by his own hand, what is left of his military must find a way to end the killing that is the Battle of Berlin, and lay down their arms in surrender.",9.2158,/cP1ElGjBhbZAAqmueXjHDKlSwiP.jpg,2004-09-16,False,False,7.864,4450,"['Drama', 'History', 'War']"
False,/As7NuiDRM4EO7LlJn2u8JWWsABp.jpg,[35],9614,Happy Gilmore,en,Happy Gilmore,"Failed hockey player-turned-golf whiz Happy Gilmore — whose unconventional approach and antics on the green courts the ire of rival Shooter McGavin — is determined to win a PGA tournament so he can save his granny's house with the prize money. Meanwhile, an attractive tour publicist tries to soften Happy's image.",9.212,/4RnCeRzvI1xk5tuNWjpDKzSnJDk.jpg,1996-02-16,False,False,6.677,3460,['Comedy']
False,/r4yVwsLF2pJr4C50pWizn9fYNbF.jpg,"[27, 9648, 53]",9645,Ghost Ship,en,Ghost Ship,"After discovering a passenger ship missing since 1962 floating adrift on the Bering Sea, salvagers claim the vessel as their own. Once they begin towing the ghost ship towards harbor, a series of bizarre occurrences happen and the group becomes trapped inside the ship, which they soon learn is inhabited by a demonic creature.",9.2103,/qT9jhRnf67dmMNpX2FmNPMeuW57.jpg,2002-10-25,False,False,6.013,2766,"['Horror', 'Mystery', 'Thriller']"
False,/aPrrrGtSjXbw8XnpzsVJgF0ioq3.jpg,"[28, 53, 878]",20504,The Book of Eli,en,The Book of Eli,"A post-apocalyptic tale, in which a lone man fights his way across America in order to protect a sacred book that holds the secrets to saving humankind.",9.2096,/1H1y9ZiqNFaLgQiRDDZLA55PviW.jpg,2010-01-14,False,False,6.809,6887,"['Action', 'Thriller', 'Science Fiction']"
False,/mj49FvpUhjDHYKNjqCogAtzvZo4.jpg,"[53, 27, 80]",10375,D-Tox,en,D-Tox,A disgraced FBI agent with a drinking problem joins nine other troubled law enforcement officers at an isolated detox clinic in the wilds of Wyoming. But the therapeutic sanctuary becomes a nightmarish hellhole when a major snowstorm cuts off the clinic from the outside world and enables a killer on the inside to get busy.,9.2064,/rn2Zu7zjOfNQCqQmqO7T1PDcBCq.jpg,2002-01-04,False,False,5.57,740,"['Thriller', 'Horror', 'Crime']"
False,/a8tH0jl37366bLVyPB08dncgqqd.jpg,"[10751, 35]",654974,Home Sweet Home Alone,en,Home Sweet Home Alone,"After being left at home by himself for the holidays, 10-year-old Max Mercer must work to defend his home from a married couple who tries to steal back a valuable heirloom.",9.2056,/fP3VvqUjEBjawxZHL4sYCq2ZdJD.jpg,2021-11-11,False,False,4.8,716,"['Family', 'Comedy']"
False,/kwGvFyRtGSSm8AFfnRNXoZTQmJj.jpg,"[80, 18]",1008409,The Bikeriders,en,The Bikeriders,"After a chance encounter, headstrong Kathy is drawn to Benny, member of Midwestern motorcycle club the Vandals. As the club transforms into a dangerous underworld of violence, Benny must choose between Kathy and his loyalty to the club.",9.1977,/ApMuukdDAOR2rgaFDZIcjfigi64.jpg,2024-06-19,False,False,6.7,1223,"['Crime', 'Drama']"
False,/9YoLdWeBSxAdR6BqQ5uS88d3FWO.jpg,[18],1164,Babel,en,Babel,"Tragedy strikes a married couple vacationing in the Moroccan desert, which jumpstarts an interlocking story involving four different families.",9.1966,/bZByZbvU7u14WjoUJERqCRW9saN.jpg,2006-10-26,False,False,7.17,4179,['Drama']
False,/rYaADjAB6trEToo452FfVMoAdgl.jpg,[35],100042,Dumb and Dumber To,en,Dumb and Dumber To,"20 years since their first adventure, Lloyd and Harry go on a road trip to find Harry's newly discovered daughter, who was given up for adoption.",9.1954,/cvEi0xV7TUkabJGuzulhvbMjrHi.jpg,2014-11-12,False,False,5.563,3500,['Comedy']
False,/w2IVckABEbAZOhuuLcQRHdyI6uk.jpg,"[27, 53]",256274,"As Above, So Below",en,"As Above, So Below","When a team of explorers venture into the catacombs that lie beneath the streets of Paris, they uncover the dark secret that lies within this city of the dead.",9.1942,/oJZSajKLJkoTOzSZQN2ZwRnPwHZ.jpg,2014-08-14,False,False,6.757,3981,"['Horror', 'Thriller']"
False,/5tqBeCUaNHptScH3rBixjE5z2NV.jpg,"[28, 12, 35, 80, 53]",39514,RED,en,RED,"After surviving an assault from a squad of hit men, retired CIA black ops agent Frank Moses reassembles his old team for an all-out war. Frank reunites with old Joe, crazy Marvin and wily Victoria to uncover a massive conspiracy that threatens their lives. Only their expert training will allow them to survive a near-impossible mission -- breaking into CIA headquarters.",9.1928,/8eeK3OB5PeSRQD7BpZcGZKkehG.jpg,2010-10-13,False,False,6.707,7295,"['Action', 'Adventure', 'Comedy', 'Crime', 'Thriller']"
False,/kRVUMsXFzhuXjr20JcCGc6TapxA.jpg,"[12, 35, 10751]",346648,Paddington 2,en,Paddington 2,"Paddington, now happily settled with the Browns, picks up a series of odd jobs to buy the perfect present for his Aunt Lucy, but it is stolen.",9.1913,/1OJ9vkD5xPt3skC6KguyXAgagRZ.jpg,2017-11-09,False,False,7.486,2894,"['Adventure', 'Comedy', 'Family']"
False,/pmOXaAK8hteMlCiMZyyDJENHCZI.jpg,"[35, 18, 10751, 10749]",11130,The Princess Diaries 2: Royal Engagement,en,The Princess Diaries 2: Royal Engagement,"Mia Thermopolis is now a college graduate and on her way to Genovia to take up her duties as princess. Accompanied by her friend Lilly, Mia continues her 'princess lessons', like riding horses side-saddle and archery. But her already complicated life is turned upside down once again when she learns that she is to take the crown as queen earlier than expected, all while she meets a mysteriously charming young man.",9.1875,/upJOyrxxSIxlSZC7KEqJfB1vlGl.jpg,2004-08-06,False,False,6.716,3470,"['Comedy', 'Drama', 'Family', 'Romance']"
False,/1u7TuvR5mSUz2xRQhz01i75IwdT.jpg,"[80, 53, 28]",201088,Blackhat,en,Blackhat,"Nicholas Hathaway, a furloughed convict, and his American and Chinese partners hunt a high-level cybercrime network from Chicago to Los Angeles to Hong Kong to Jakarta. As Hathaway closes in, the stakes become personal as he discovers that the attack on a Chinese nuclear power plant was just the beginning.",9.1874,/7zu6HPnKPjNA7NuR4DGRdaH0PdX.jpg,2015-01-13,False,False,5.5,2226,"['Crime', 'Thriller', 'Action']"
False,/q2vz5DeLbegD2teJU29Gtb4t2sO.jpg,"[16, 35, 10751, 14]",170687,The Boxtrolls,en,The Boxtrolls,"An orphaned boy raised by underground creatures called Boxtrolls comes up from the sewers and out of his box to save his family and the town from the evil exterminator, Archibald Snatcher.",9.1842,/npBf0yc5Gt7aAyyVOcYtFyT2IPa.jpg,2014-09-10,False,False,6.726,1858,"['Animation', 'Comedy', 'Family', 'Fantasy']"
False,/em5kAUF8QbwThG5BCqVgFomxNT5.jpg,"[18, 10749, 10752]",409,The English Patient,en,The English Patient,"In the 1930s, Count Almásy is a Hungarian map maker employed by the Royal Geographical Society to chart the vast expanses of the Sahara Desert along with several other prominent explorers. As World War II unfolds, Almásy enters into a world of love, betrayal, and politics.",9.1746,/8eHHqMg8qEYtVw8LQLygsHXSR2q.jpg,1996-11-14,False,False,7.129,2462,"['Drama', 'Romance', 'War']"
False,/3KDHaahgXlUhmpXzoRZrLc7QSBM.jpg,"[28, 14, 35]",43074,Ghostbusters,en,Ghostbusters,"Following a ghost invasion of Manhattan, paranormal enthusiasts Erin Gilbert and Abby Yates, nuclear engineer Jillian Holtzmann, and subway worker Patty Tolan band together to stop the otherworldly threat.",9.1739,/wJmWliwXIgZOCCVOcGRBhce7xPS.jpg,2016-07-14,False,False,5.343,6899,"['Action', 'Fantasy', 'Comedy']"
False,/8p8VIkTyeL9udfYJJHewWdhRLEO.jpg,"[27, 53]",630586,Wrong Turn,en,Wrong Turn,"Jen and a group of friends set out to hike the Appalachian Trail. Despite warnings to stick to the trail, the hikers stray off course—and cross into land inhabited by The Foundation, a hidden community of mountain dwellers who use deadly means to protect their way of life.",9.1528,/4U1SBHmwHkNA0eHZ2n1CuiC1K1g.jpg,2021-01-26,False,False,5.956,1384,"['Horror', 'Thriller']"
False,/cQW6UoDxwwfqIMTVfxdxHk4JLGP.jpg,"[35, 14, 10751]",35019,Nanny McPhee and the Big Bang,en,Nanny McPhee and the Big Bang,"Nanny McPhee appears at the door of a harried young mother who is trying to run the family farm while her husband is away at war. But once she’s arrived, Nanny discovers that the children are fighting a war of their own against two spoiled city cousins who have just moved in. Relying on everything from a flying motorcycle and a statue that comes to life to a tree-climbing piglet and a baby elephant, Nanny uses her magic to teach her mischievous charges five new lessons.",9.1434,/9cgHfgBXVZmVR63AhwJ82R1kAFS.jpg,2010-03-26,False,False,6.3,1994,"['Comedy', 'Fantasy', 'Family']"
False,/bAup7FGUlmNVOuhZFlLgmDPo0Eg.jpg,"[18, 10751]",345938,The Shack,en,The Shack,"A grieving man receives a mysterious, personal invitation to meet with God at a place called 'The Shack'.",9.1432,/doAzav9kfdtsoSdw1MDFvjKq3J4.jpg,2017-03-02,False,False,7.519,2297,"['Drama', 'Family']"
False,/cwytQHRHSrMnsSEowcY4Z6jIEeb.jpg,"[18, 9648, 35]",171274,Inherent Vice,en,Inherent Vice,"In Los Angeles at the turn of the 1970s, drug-fueled detective Larry ""Doc"" Sportello investigates the disappearance of an ex-girlfriend.",9.1335,/pfVua7TzzttOh3RTOuBqT7xN0oY.jpg,2014-12-12,False,False,6.544,2789,"['Drama', 'Mystery', 'Comedy']"
False,/wRcm3iwi4BeMN59U4fjO7u3dOVI.jpg,"[28, 18, 53]",104,Run Lola Run,de,Lola rennt,"Lola receives a phone call from her boyfriend Manni. He lost 100,000 DM in a subway train that belongs to a very bad guy. She has 20 minutes to raise this amount and meet Manni. Otherwise, he will rob a store to get the money. Three different alternatives may happen depending on some minor event along Lola's run.",9.1317,/v0giIi4bTILVhNhJajet3WWY3FA.jpg,1998-08-20,False,False,7.305,2662,"['Action', 'Drama', 'Thriller']"
False,/6mqgl2szMLRYj4lhlXOjju5Tpeo.jpg,"[12, 16, 9648]",17578,The Adventures of Tintin,en,The Adventures of Tintin,"Intrepid young reporter, Tintin, and his loyal dog, Snowy, are thrust into a world of high adventure when they discover a ship carrying an explosive secret. As Tintin is drawn into a centuries-old mystery, Ivan Ivanovitch Sakharine suspects him of stealing a priceless treasure. Tintin and Snowy, with the help of salty, cantankerous Captain Haddock and bumbling detectives, Thompson and Thomson, travel half the world, one step ahead of their enemies, as Tintin endeavors to find the Unicorn, a sunken ship that may hold a vast fortune, but also an ancient curse.",9.1311,/fQZ3sLR1Fi63NMsNRbjm9q5qODJ.jpg,2011-10-24,False,False,6.928,5964,"['Adventure', 'Animation', 'Mystery']"
False,/mt4cfjeFHNKda7KDSvvJlG50swc.jpg,"[80, 35, 28]",112205,The Family,en,The Family,"After ratting out his Mafia cohorts, Giovanni Manzoni and his family enter the Witness Protection Program and relocate to a sleepy town in France. Despite the best efforts of their handler to keep them in line, Giovanni (now called Fred Blake), his wife and children can't help but resort to doing things the ""family"" way. However, their dependence on such old habits places everyone in danger from vengeful mobsters.",9.1264,/x2arN02JFsZcDKmBb0SIjG8Smc8.jpg,2013-09-13,False,False,6.362,3170,"['Crime', 'Comedy', 'Action']"
False,/20ncMtoy9Cxy6OQxgXZemHoFymz.jpg,"[10751, 12, 14, 10770]",277217,Descendants,en,Descendants,"A present-day idyllic kingdom where the benevolent teenage son of King Adam and Queen Belle offers a chance of redemption for the troublemaking offspring of Disney's classic villains: Cruella De Vil (Carlos), Maleficent (Mal), the Evil Queen (Evie) and Jafar (Jay).",9.1229,/65DkgHPSLVjgr6IYkpY9Aqqqid5.jpg,2015-07-31,False,False,7.183,2580,"['Family', 'Adventure', 'Fantasy', 'TV Movie']"
False,/a7V3ZXCDAk3P7GjpgfN0IInjh0r.jpg,"[28, 27, 53]",316727,The Purge: Election Year,en,The Purge: Election Year,"Two years after choosing not to kill the man who killed his son, former police sergeant Leo Barnes has become head of security for Senator Charlene Roan, the front runner in the next Presidential election due to her vow to eliminate the Purge. On the night of what should be the final Purge, a betrayal from within the government forces Barnes and Roan out onto the street where they must fight to survive the night.",9.1224,/gg7tlp45xqGWMra0sqQVPvybje2.jpg,2016-06-29,False,False,6.38,5586,"['Action', 'Horror', 'Thriller']"
False,/z7dLToPL37g8AbaFkMTwgxWh2GT.jpg,"[28, 53, 80]",49527,Man on a Ledge,en,Man on a Ledge,"An ex-cop turned con threatens to jump to his death from a Manhattan hotel rooftop. The NYPD dispatch a female police psychologist to talk him down. However, unbeknownst to the police on the scene, the suicide attempt is a cover for the biggest diamond heist ever pulled.",9.1177,/pziTpiYy5dtVdvXctYIZv09r5Nk.jpg,2012-01-13,False,False,6.439,2879,"['Action', 'Thriller', 'Crime']"
False,/sGDXh6QU6CRqHVXfoYOBwqEnBVO.jpg,"[28, 36, 10752]",10590,We Were Soldiers,en,We Were Soldiers,"The year is 1965 and America is at war with North Vietnam.  Commanding the air cavalry is Lt. Col. Hal Moore (Gibson), a born leader committed to his troops.  His target: the Ia Drang Valley, called ""The Valley of Death.""  As Moore prepares for one of the most violent battles in U.S. history, he delivers a stirring promise to his soldiers and their families: ""I will leave no man behind...dead or alive.  We will all come home together.""",9.1168,/nzeSYldx7wIrwycLKHKHTTUJNWh.jpg,2002-03-01,False,False,7.137,2363,"['Action', 'History', 'War']"
False,/FUnAVgaTs5xZWXcVzPJNxd9qGA.jpg,"[878, 28, 12]",934632,Rebel Moon - Part Two: The Scargiver,en,Rebel Moon - Part Two: The Scargiver,"The rebels gear up for battle against the ruthless forces of the Motherworld as unbreakable bonds are forged, heroes emerge — and legends are made.",9.1159,/95gnJZIk2rEkMO0Ch46x5CVjnms.jpg,2024-04-19,False,False,6.068,1582,"['Science Fiction', 'Action', 'Adventure']"
False,/iTkxwBriD9YKg4Q35qWEIlLXd6e.jpg,"[18, 53]",55,Amores Perros,es,Amores perros,"A fatalistic car crash in Mexico city sets off a chain of events in the lives of three people: a supermodel, a young man wanting to run off with his sister-in-law, and a homeless man.",9.1143,/1lX74fPZsBoOyyE5fWL5xT7k9sV.jpg,2000-06-16,False,False,7.646,3006,"['Drama', 'Thriller']"
False,/nPpIFyRRe33xKUj3nEHZZbz364x.jpg,"[27, 9648, 878, 53]",4858,The Invasion,en,The Invasion,"Washington, D.C. psychologist Carol Bennell and her colleague Dr. Ben Driscoll are the only two people on Earth who are aware of an epidemic running rampant through the city. They discover an alien virus aboard a crashed space shuttle that transforms anyone who comes into contact with it into unfeeling drones while they sleep. Carol realizes her son holds the key to stopping the spread of the plague and she races to find him before it is too late.",9.1094,/oS5rMuJXwNZZPx0ojhvjgduglD2.jpg,2007-08-17,False,False,6.1,1807,"['Horror', 'Mystery', 'Science Fiction', 'Thriller']"
False,/34fIB4TBdYHerdbcXoMVPZiX7q0.jpg,"[27, 53]",13510,Eden Lake,en,Eden Lake,"When a young couple goes to a remote wooded lake for a romantic getaway, their quiet weekend is shattered by an aggressive group of local kids. Rowdiness quickly turns to rage as the teens terrorize the couple in unimaginable ways, and a weekend outing becomes a bloody battle for survival.",9.1065,/tOg6ElTe1mJwaCFN0172U4oso22.jpg,2008-09-12,False,False,6.828,2187,"['Horror', 'Thriller']"
False,/4DryRw1Jyh2c7r8glVayvyhNngP.jpg,"[16, 35, 12, 10751]",218836,Planes: Fire & Rescue,en,Planes: Fire & Rescue,"When world-famous air racer Dusty learns that his engine is damaged and he may never race again, he must shift gears and is launched into the world of aerial firefighting. Dusty joins forces with veteran fire and rescue helicopter Blade Ranger and his team, a bunch of all-terrain vehicles known as The Smokejumpers. Together, the fearless team battles a massive wildfire, and Dusty learns what it takes to become a true hero.",9.1059,/pOmteFeBDI9FJOPTDvYJYFeAtdp.jpg,2014-07-17,False,False,6.207,950,"['Animation', 'Comedy', 'Adventure', 'Family']"
False,/2tZVYiosztNM1DAYUF59VPsNp9L.jpg,[35],11635,Old School,en,Old School,Three friends attempt to recapture their glory days by opening up a fraternity near their alma mater.,9.1033,/nYtuwNHpEoIbTgS3aFPSEwZNN6l.jpg,2003-02-21,False,False,6.624,2189,['Comedy']
False,/2YIzEKCMfexbLIoeVUkR8MPayB2.jpg,"[9648, 878, 53]",846,The X-Files,en,The X-Files,"Mulder and Scully, now taken off the FBI's X Files cases, must find a way to fight the shadowy elements of the government to find out the truth about a conspiracy that might mean the alien colonization of Earth.",9.1024,/yLIw6shz2WC3W3iI0jROsF4B2ha.jpg,1998-06-19,False,False,6.914,1892,"['Mystery', 'Science Fiction', 'Thriller']"
False,/6188iOmUAitGThYUjyx20fO4LJd.jpg,"[12, 18]",20766,The Road,en,The Road,"A father and his son walk alone through burned America. Nothing moves in the ravaged landscape save the ash on the wind and water. It is cold enough to crack stones and, when the snow falls, it is gray. Their destination is the warmer south, although they don't know what, if anything, awaits them there.",9.1003,/qLaXnLzqleBWQtjvZ6JGVSaKoC3.jpg,2009-11-25,False,False,7.02,4421,"['Adventure', 'Drama']"
False,/p4INKu77iuTG1o1a5N3Y9vqeEGq.jpg,"[27, 53]",1079485,Winnie-the-Pooh: Blood and Honey 2,en,Winnie-the-Pooh: Blood and Honey 2,"Five months following the murders, Christopher Robin struggles to maintain a regular life while dealing with PTSD. However, deep within the 100-Acre-Wood, a destructive rage grows as Pooh, Piglet, Owl, and Tigger find their home and their lives endangered after their existence is revealed.",9.0975,/2sADrLwMQof6yYmrJRSa04tFZuS.jpg,2024-03-26,False,False,5.8,498,"['Horror', 'Thriller']"
False,/dTOQaHP4PjDXU2JwDF6UYqGqRT0.jpg,"[36, 35, 18]",792293,Dumb Money,en,Dumb Money,"Vlogger Keith Gill sinks his life savings into GameStop stock and posts about it. When social media starts blowing up, so do his life and the lives of everyone following him. As a stock tip becomes a movement, everyone gets rich—until the billionaires fight back, and both sides find their worlds turned upside down.",9.0954,/e9u7luSxFKOZgPTB9XHFnPArGdP.jpg,2023-09-15,False,False,6.683,856,"['History', 'Comedy', 'Drama']"
False,/gXWzBnxUfLCT0w0WzAmJ5wF37hC.jpg,"[80, 18, 53]",9366,Donnie Brasco,en,Donnie Brasco,An FBI undercover agent infiltrates the mob and identifies more with the mafia life at the expense of his regular one.,9.0934,/xtKLvpOfARi1XVm8u2FTdhY5Piq.jpg,1997-02-27,False,False,7.533,4979,"['Crime', 'Drama', 'Thriller']"
False,/v8zOcynvSd6IW3FzZrvst2HJ53s.jpg,"[80, 53]",276907,Legend,en,Legend,"Suave, charming and volatile, Reggie Kray and his unstable twin brother Ronnie start to leave their mark on the London underworld in the 1960s. Using violence to get what they want, the siblings orchestrate robberies and murders while running nightclubs and protection rackets. With police Detective Leonard ""Nipper"" Read hot on their heels, the brothers continue their rapid rise to power and achieve tabloid notoriety.",9.0902,/4shf5Alq4KWCKqrAAQe0JGJHYp5.jpg,2015-09-09,False,False,7.045,4401,"['Crime', 'Thriller']"
False,/vzbsqeoG7xH8EVOBiYBSIjU8wt1.jpg,"[878, 28, 53]",238615,Self/less,en,Self/less,An extremely wealthy elderly man dying from cancer undergoes a radical medical procedure that transfers his consciousness to the body of a healthy young man but everything may not be as good as it seems when he starts to uncover the mystery of the body's origins and the secret organization that will kill to keep its secrets.,9.0841,/hCqXcAMeBiPVnLUU8PNsKUYi6Gn.jpg,2015-07-10,False,False,6.427,3368,"['Science Fiction', 'Action', 'Thriller']"
False,/tTVjF5q63fli9ecSg5L9ljHibKJ.jpg,"[16, 12, 35, 10751, 28]",454640,The Angry Birds Movie 2,en,The Angry Birds Movie 2,"Red, Chuck, Bomb and the rest of their feathered friends are surprised when a green pig suggests that they put aside their differences and unite to fight a common threat. Aggressive birds from an island covered in ice are planning to use an elaborate weapon to destroy the fowl and swine.",9.0836,/ebe8hJRCwdflNQbUjRrfmqtUiNi.jpg,2019-08-02,False,False,7.052,1956,"['Animation', 'Adventure', 'Comedy', 'Family', 'Action']"
False,/n0FDJI9c0uWiZwm8wgXVjaMBn96.jpg,"[18, 36]",568,Apollo 13,en,Apollo 13,"The true story of technical troubles that scuttle the Apollo 13 lunar mission in 1970, risking the lives of astronaut Jim Lovell and his crew, with the failed journey turning into a thrilling saga of heroism. Drifting more than 200,000 miles from Earth, the astronauts work furiously with the ground crew to avert tragedy.",9.081,/tVeKscCm2fY1xDXZk8PgnZ87h9S.jpg,1995-06-30,False,False,7.462,6106,"['Drama', 'History']"
False,/yX9qKcfU6J1yRY53U4tTPCzu5Ue.jpg,"[35, 18, 10749]",858,Sleepless in Seattle,en,Sleepless in Seattle,"After the death of his mother, a young boy calls a radio station in an attempt to set his father up on a date. Across the country, an engaged woman becomes convinced that they belong together, despite their never having met. Will their paths collide despite the odds?",9.0796,/jAXfku1u1uaLGh4cUmK0ESf1pPu.jpg,1993-06-24,False,False,6.743,2686,"['Comedy', 'Drama', 'Romance']"
False,/fDZ2DCKW2D7J0ABNr9EICdD2H1s.jpg,"[12, 16, 10751, 10749]",10530,Pocahontas,en,Pocahontas,"Pocahontas, daughter of a Native American tribe chief, falls in love with an English soldier as colonists invade 17th century Virginia.",9.0747,/kZ1ft0QZ4e3zDUPMBftEkwI9ftd.jpg,1995-06-16,False,False,6.913,6196,"['Adventure', 'Animation', 'Family', 'Romance']"
False,/ct2I74zKDrK1Ts2jJa9WixJrigg.jpg,"[35, 18]",440472,The Upside,en,The Upside,"Phillip is a wealthy quadriplegic who needs a caretaker to help him with his day-to-day routine in his New York penthouse. He decides to hire Dell, a struggling parolee who's trying to reconnect with his ex and his young son. Despite coming from two different worlds, an unlikely friendship starts to blossom.",9.07,/hPZ2caow1PCND6qnerfgn6RTXdm.jpg,2019-01-10,False,False,7.117,1433,"['Comedy', 'Drama']"
False,/yPJyXYfDrlD7bEjAtTAQ8nqmRIf.jpg,"[16, 28, 12, 18]",1333100,Attack on Titan: THE LAST ATTACK,ja,劇場版「進撃の巨人」完結編 THE LAST ATTACK,"A colossal-sized omnibus film bringing together the last two episodes of Attack on Titan in the franchise's first-ever theatrical experience. After venturing beyond the walls and separated from his comrades, Eren finds himself inspired by this new truth and plots the ""Rumbling,"" a terrifying plan to eradicate every living thing in the world. With the fate of the world hanging in the balance, a motley crew of Eren's former comrades and enemies scramble to halt his deadly mission. The only question is, can they stop him?",9.0687,/wgwldDDlTDDMrluOMkpSA8lyKjv.jpg,2024-03-20,False,False,8.8,255,"['Animation', 'Action', 'Adventure', 'Drama']"
False,/eQ5xu2pQ5Kergubto5PbbUzey28.jpg,"[53, 27]",460019,Truth or Dare,en,Truth or Dare,"A harmless game of ""Truth or Dare"" among friends turns deadly when someone—or something—begins to punish those who tell a lie—or refuse the dare.",9.061,/ei2waWQAG8NP244WShIFgGu9IOu.jpg,2018-04-12,False,False,5.934,4264,"['Thriller', 'Horror']"
False,/8yhWlFcJ8zCqjfCvLy3lWFuawR1.jpg,"[9648, 878, 53]",579047,Reminiscence,en,Reminiscence,"Nicolas Bannister, a rugged and solitary veteran living in a near-future Miami flooded by rising seas, is an expert in a dangerous occupation: he offers clients the chance to relive any memory they desire. His life changes when he meets a mysterious young woman named Mae. What begins as a simple matter of lost and found becomes a passionate love affair. But when a different client's memories implicate Mae in a series of violent crimes, Bannister must delve through the dark world of the past to uncover the truth about the woman he fell for.",9.0576,/17siH6wJRQ2jZiqz9BWUhy1UtZ.jpg,2021-08-18,False,False,6.497,2005,"['Mystery', 'Science Fiction', 'Thriller']"
False,/1RAxtBxslR4OZCZC1vxIRUxjR7a.jpg,"[9648, 12, 35]",9637,Scooby-Doo,en,Scooby-Doo,"When the Mystery Inc. gang is invited to Spooky Island, a popular amusement park, they soon discover that the attractions aren't the only things that are spooky. Strange things are happening, and it's up to Scooby, Shaggy, Fred, Daphne, and Velma to uncover the truth behind the mysterious happenings.",9.0573,/mTAiBJGg8mqEfnYHHbi37ZoRSZm.jpg,2002-06-14,False,False,6.116,4884,"['Mystery', 'Adventure', 'Comedy']"
False,/1pkpV7a02phSfAPeGVmpHaQd99J.jpg,"[35, 10749]",55721,Bridesmaids,en,Bridesmaids,"Annie's life is a mess. But when she finds out her lifetime best friend is engaged, she simply must serve as Lillian's maid of honor. Though lovelorn and broke, Annie bluffs her way through the expensive and bizarre rituals. With one chance to get it perfect, she’ll show Lillian and her bridesmaids just how far you’ll go for someone you love.",9.052,/gJtA7hYsBMQ7EM3sPBMUdBfU7a0.jpg,2011-05-13,False,False,6.5,4770,"['Comedy', 'Romance']"
False,/xMjAkXpCb55FTAV7By31p3TQMxb.jpg,[27],14001,Dead Silence,en,Dead Silence,"Jamie returns to his hometown in search of answers to his wife's murder, which occurred after receiving a weird package containing a ventriloquist dummy named Billy, which may be linked to the legend of ventriloquist Mary Shaw. Destined to find out the truth, Jamie goes to the town of Raven's Fair, where Shaw used to perform and is buried. But Jamie is in for more than he expected.",9.0517,/rvcUVdATIHKZt7BSSttUkKbeBXN.jpg,2007-03-16,False,False,6.5,2512,['Horror']
False,/lMaWlYThCSnsmW3usxWTpSuyZp1.jpg,"[16, 18, 14]",149871,The Tale of The Princess Kaguya,ja,かぐや姫の物語,"Found inside a shining stalk of bamboo by an old bamboo cutter and his wife, a tiny girl grows rapidly into an exquisite young lady. The mysterious young princess enthrals all who encounter her. But, ultimately, she must confront her fate.",9.0399,/cQidJuA546OSSXKWXoiCeINDxuj.jpg,2013-11-23,False,False,8.087,2043,"['Animation', 'Drama', 'Fantasy']"
False,/titl6uMe5u974sLAA2Zy1kFi4sC.jpg,"[18, 36, 53]",612,Munich,en,Munich,"During the 1972 Olympic Games in Munich, eleven Israeli athletes are taken hostage and murdered by a Palestinian terrorist group known as Black September. In retaliation, the Israeli government recruits a group of Mossad agents to track down and execute those responsible for the attack.",9.0391,/iUekaw96QLInZpsNwRTlRKrZgwm.jpg,2005-12-23,False,False,7.132,3093,"['Drama', 'History', 'Thriller']"
False,/eHEGPHKHTVhWdXzBQcrTATz9M0I.jpg,"[28, 35, 80]",238713,Spy,en,Spy,"A desk-bound CIA analyst volunteers to go undercover to infiltrate the world of a deadly arms dealer, and prevent diabolical global disaster.",9.0343,/vPBmfMHxQvRRNGYD5S5ko2KnX56.jpg,2015-05-06,False,False,6.83,6530,"['Action', 'Comedy', 'Crime']"
False,/wSdXmiaTcdfREfUa3cGfbgYHHlV.jpg,"[28, 35]",261392,American Ultra,en,American Ultra,"Mike is an unmotivated stoner whose small-town life with his live-in girlfriend, Phoebe, is suddenly turned upside down.  Unbeknownst to him, Mike is actually a highly trained, lethal sleeper agent. In the blink of an eye, as his secret past comes back to haunt him, Mike is thrust into the middle of a deadly government operation and is forced to summon his inner action-hero in order to survive.",9.0315,/g9JX6RZQoTInDJhbrKItnOr47qr.jpg,2015-08-19,False,False,6.105,3022,"['Action', 'Comedy']"
False,/dXrHngmLabax5J5a7XfXhwcoFuL.jpg,"[18, 35, 80]",9291,The Longest Yard,en,The Longest Yard,"Disgraced pro football quarterback Paul Crewe lands in a Texas federal penitentiary, where manipulative Warden Hazen recruits him to advise the institution's football team of prison guards. Crewe suggests a tune-up game which lands him quarterbacking a crew of inmates in a game against the guards. Aided by incarcerated ex-NFL coach and player Nate Scarborough, Crewe and his team must overcome not only the bloodthirstiness of the opposition, but also the corrupt warden trying to fix the game against them.",9.026,/nbKcVBcxF96ARW2oKHqDYAcLdu.jpg,2005-05-27,False,False,6.68,3786,"['Drama', 'Comedy', 'Crime']"
False,/xS0rl1YrVt51ztzjRf6qoIPZ7TA.jpg,"[18, 35]",542178,"The French Dispatch of the Liberty, Kansas Evening Sun",en,"The French Dispatch of the Liberty, Kansas Evening Sun","The staff of an American magazine based in France puts out its last issue, with stories featuring an artist sentenced to life imprisonment, student riots, and a kidnapping resolved by a chef.",9.0221,/6JXR3KJH5roiBCjWFt09xfgxHZc.jpg,2021-10-21,False,False,7.007,3088,"['Drama', 'Comedy']"
False,/cZmOrIOkJ2SNfVdiO85dUbOAYnL.jpg,"[16, 35]",1012201,HAIKYU!! The Dumpster Battle,ja,劇場版ハイキュー!! ゴミ捨て場の決戦,"Shoyo Hinata joins Karasuno High's volleyball club to be like his idol, a former Karasuno player known as the 'Little Giant'. But Hinata soon learns that he must team up with his middle school nemesis, Tobio Kageyama. Their clashing styles form a surprising weapon, but can their newfound teamwork defeat their rival Nekoma High in the highly anticipated 'Dumpster Battle', the long awaited ultimate showdown between two opposing underdog teams?",9.0213,/ntRU0OA4etGGiMMmH1Yw0bnaMdW.jpg,2024-02-16,False,False,7.832,273,"['Animation', 'Comedy']"
False,/40WhgHxqkVPJeFIGeVFF48DB5e5.jpg,"[16, 878, 10751, 35]",482321,Ron's Gone Wrong,en,Ron's Gone Wrong,"In a world where walking, talking, digitally connected bots have become children's best friends, an 11-year-old finds that his robot buddy doesn't quite work the same as the others do.",9.0192,/plzgQAXIEHm4Y92ktxU6fedUc0x.jpg,2021-10-14,False,False,7.847,2072,"['Animation', 'Science Fiction', 'Family', 'Comedy']"
False,/wttDKH1WRXGpebDVzrqnVSdh15u.jpg,"[16, 10751, 12, 35]",7484,Open Season,en,Open Season,"Boog, a domesticated 900lb. Grizzly bear finds himself stranded in the woods 3 days before Open Season. Forced to rely on Elliot, a fast-talking mule deer, the two form an unlikely friendship and must quickly rally other forest animals if they are to form a rag-tag army against the hunters.",9.0178,/w5Lctmkc1yah215Luxmci4djaiW.jpg,2006-09-27,False,False,6.191,3073,"['Animation', 'Family', 'Adventure', 'Comedy']"
False,/6OpluXPGIE8hfVrhpeygR7p4XwR.jpg,"[18, 35]",7350,The Bucket List,en,The Bucket List,"Corporate billionaire Edward Cole and working class mechanic Carter Chambers are worlds apart. At a crossroads in their lives, they share a hospital room and discover they have two things in common: a desire to spend the time they have left doing everything they ever wanted to do and an unrealized need to come to terms with who they are. Together they embark on the road trip of a lifetime, becoming friends along the way and learning to live life to the fullest, with insight and humor.",9.017,/idbNSe8zsYKQL97dJApfOrDSdya.jpg,2007-12-25,False,False,7.191,4218,"['Drama', 'Comedy']"
False,/mhi2fRCbEXtN43FNiq45WQg0DFe.jpg,"[28, 53, 878]",7551,Déjà Vu,en,Déjà Vu,"Called in to recover evidence in the aftermath of a horrific explosion on a New Orleans ferry, Federal agent Doug Carlin gets pulled away from the scene and taken to a top-secret government lab that uses a time-shifting surveillance device to help prevent crime.",9.0162,/eTX6hklzFOiEVqVukNCEedZKhix.jpg,2006-11-22,False,False,6.891,5467,"['Action', 'Thriller', 'Science Fiction']"
False,/wawOB6twz3K0vAsjGnZc6fTghFM.jpg,"[35, 10749]",20943,The Ugly Truth,en,The Ugly Truth,"A romantically challenged morning show producer is reluctantly embroiled in a series of outrageous tests by her chauvinistic correspondent to prove his theories on relationships and help her find love. His clever ploys, however, lead to an unexpected result.",9.0072,/2rq96Ihbqb1eU3TEBVtgFlqbeX7.jpg,2009-07-24,False,False,6.509,3841,"['Comedy', 'Romance']"
False,/3r2G1vSDf4S3Pl5lJ9BDm9FTxe6.jpg,"[18, 80]",168672,American Hustle,en,American Hustle,"A conman and his seductive partner are forced to work for a wild FBI agent, who pushes them into a world of Jersey power-brokers and the Mafia.",9.0021,/z6O1KDhfWDTm5ZBr6Ovr0eg8LqO.jpg,2013-12-12,False,False,6.851,7904,"['Drama', 'Crime']"
False,/t61Pj0FsdvM5JSEdzTcbpLM4ZaH.jpg,"[12, 28, 18]",2119,Days of Thunder,en,Days of Thunder,"Talented but unproven stock car driver Cole Trickle gets a break and with the guidance of veteran Harry Hogge turns heads on the track. The young hotshot develops a rivalry with a fellow racer that threatens his career when the two smash their cars. But with the help of his doctor, Cole just might overcome his injuries-- and his fear.",8.9938,/8UvcoeMJag8UWGF8sg7eYspzq0Q.jpg,1990-06-27,False,False,6.399,1792,"['Adventure', 'Action', 'Drama']"
False,/3oqmk6mNWPatBKcjOOJLp5WW9zN.jpg,"[27, 53]",758323,The Pope's Exorcist,en,The Pope's Exorcist,"Father Gabriele Amorth, Chief Exorcist of the Vatican, investigates a young boy's terrifying possession and ends up uncovering a centuries-old conspiracy the Vatican has desperately tried to keep hidden.",8.9884,/jFC4LS5qTAT3PinzdEzINfu1CV9.jpg,2023-04-05,False,False,6.909,3271,"['Horror', 'Thriller']"
False,/fViElUGfdoZjtnVxvSpJX8TwxY6.jpg,"[35, 18]",1013850,A Real Pain,en,A Real Pain,Mismatched cousins David and Benji reunite for a tour through Poland to honor their beloved grandmother. The adventure takes a turn when the pair's old tensions resurface against the backdrop of their family history.,8.9876,/yaTFjMNh8D78dDHrglivOTv5YOx.jpg,2024-11-01,False,False,6.788,1516,"['Comedy', 'Drama']"
False,/nMW4zQvosS3qUvML5kbjMvgETd1.jpg,[18],10950,I Am Sam,en,I Am Sam,"Sam, a neurodivergent man, has a daughter with a homeless woman who abandons them when they leave the hospital, leaving Sam to raise Lucy on his own. But as Lucy grows up, Sam's limitations as a parent start to become a problem and the authorities take her away. Sam convinces high-priced lawyer Rita to take his case pro bono and in turn teaches her the value of love and family.",8.9833,/3MUXRSyx9gnA2lLSSTGLN8cQQ42.jpg,2001-12-28,False,False,7.56,2580,['Drama']
False,/6wpIPoE1H7N5yCuFsfcYoGBhFlP.jpg,"[27, 53, 9648]",3597,I Know What You Did Last Summer,en,I Know What You Did Last Summer,"After an accident on a winding road, four teens make the fatal mistake of dumping their victim's body into the sea. Exactly one year later, the deadly secret resurfaces as they're stalked by a hook-handed figure.",8.9828,/dQyaJx0SptDqvQcAewAr8FAtLB2.jpg,1997-10-17,False,False,5.998,3369,"['Horror', 'Thriller', 'Mystery']"
False,/mvUAo9ACgmLpS4Ofc2IwD4n7WCt.jpg,"[878, 18]",17431,Moon,en,Moon,"With only three weeks left in his three-year contract, Sam Bell is eager to return to Earth. Stationed alone at a Moon-based facility with his computer assistant GERTY, an unexpected accident sets off a series of unsettling events that shake his isolation.",8.9802,/35IU0Mq0zFsN1mYwDGts5mKc77n.jpg,2009-06-12,False,False,7.563,6505,"['Science Fiction', 'Drama']"
False,/pYl4YpepgRbr504D7ep58C5gMyF.jpg,"[18, 14, 10749]",795,City of Angels,en,City of Angels,"When a guardian angel – who invisibly watches over the citizens of Los Angeles – becomes captivated by a strong-willed heart surgeon, he ponders trading in his pure, otherworldly existence for a mortal life with his beloved. The couple embarks on a tender but forbidden romance spanning heaven and Earth.",8.9802,/iuzxpUjHsbQJXV3kB9ZAdCimM60.jpg,1998-04-10,False,False,6.829,2451,"['Drama', 'Fantasy', 'Romance']"
False,/iA5yYNAclwXWGe46T7gatzGYcRu.jpg,"[35, 28, 878]",11918,Superhero Movie,en,Superhero Movie,"Rick Riker is a nerdy teen imbued with superpowers by a radioactive dragonfly. And because every hero needs a nemesis, enter Lou Landers, aka the villainously goofy Hourglass.",8.98,/nAzo5OOmoE9SXOv4mHTuiu58QXA.jpg,2008-03-28,False,False,5.335,2086,"['Comedy', 'Action', 'Science Fiction']"
False,/5z75Q6nqgwgYfpMB9fVHQcw9gMz.jpg,"[18, 12]",86834,Noah,en,Noah,A man who suffers visions of an apocalyptic deluge takes measures to protect his family from the coming flood.,8.9732,/vVLkHabnF5lVpCpqyhZBI5iCYMA.jpg,2014-03-07,False,False,5.7,6732,"['Drama', 'Adventure']"
False,/rgNzvSagnlc32TuMEBa529QFIig.jpg,"[878, 18, 53]",76726,Chronicle,en,Chronicle,"Three high school students make an incredible discovery, leading to their developing uncanny powers beyond their understanding. As they learn to control their abilities and use them to their advantage, their lives start to spin out of control, and their darker sides begin to take over.",8.9692,/kdyrdFIt29FUmLIKvedAc2j4rpo.jpg,2012-02-01,False,False,6.869,5926,"['Science Fiction', 'Drama', 'Thriller']"
False,/rZBc0S32bVNYOGJ5sKYsHhOwIT5.jpg,"[35, 80]",36593,Naked Gun 33⅓: The Final Insult,en,Naked Gun 33⅓: The Final Insult,"Frank Drebin is persuaded out of retirement to go undercover in a state prison. There he has to find out what top terrorist, Rocco, has planned for when he escapes. Adding to his problems, Frank's wife, Jane, is desperate for a baby.",8.9681,/p0AYsdgkudR9P5fNV5AjzbwQt8W.jpg,1994-03-18,False,False,6.519,2615,"['Comedy', 'Crime']"
False,/hsb8nNBt3emvWqBs7Xv5IKlz6Im.jpg,"[12, 16, 35, 14]",223702,Sausage Party,en,Sausage Party,Hot dog Frank leads a group of supermarket products on a quest to discover the truth about their existence and what really happens when they're chosen to leave the grocery store.,8.9583,/vNgdPJQ5CI60oEiiHLKRNrsDhMy.jpg,2016-07-11,False,False,5.75,7844,"['Adventure', 'Animation', 'Comedy', 'Fantasy']"
False,/eZOt0qAmxwCXyJHLgEIEKdjQVM8.jpg,"[27, 35]",11249,Seed of Chucky,en,Seed of Chucky,"This time around, Chucky and his homicidal honey, Tiffany, are brought back to life by their orphan offspring, Glen. Then the horror goes Hollywood as Chucky unleashes his own brand of murderous mayhem!",8.9561,/vd9K93gQ9whMKjXzADZanxWpIXM.jpg,2004-11-12,False,False,5.5,1799,"['Horror', 'Comedy']"
False,/oQaVV7p916HO5MDI820zzs1pin9.jpg,"[10749, 18]",222935,The Fault in Our Stars,en,The Fault in Our Stars,"Despite the tumor-shrinking medical miracle that has bought her a few years, Hazel has never been anything but terminal, her final chapter inscribed upon diagnosis. But when a patient named Augustus Waters suddenly appears at Cancer Kid Support Group, Hazel's story is about to be completely rewritten.",8.9548,/kcVuktIlrn9SAN1uBmPDnocTQmF.jpg,2014-06-03,False,False,7.59,11689,"['Romance', 'Drama']"
False,/Als2QyqbLgT5G3rwTGJta8QQfqP.jpg,"[35, 18, 14]",616747,Haunted Mansion,en,Haunted Mansion,A woman and her son enlist a motley crew of so-called spiritual experts to help rid their home of supernatural squatters.,8.9518,/8Im6DknDVxRiGXc5t8rVOJyzuNx.jpg,2023-07-26,False,False,6.434,1270,"['Comedy', 'Drama', 'Fantasy']"
False,/7t88SoT3Dd8DhGnQuVoSbMNUl3W.jpg,"[10751, 35, 12, 16, 14]",446894,Smallfoot,en,Smallfoot,A bright young yeti finds something he thought didn't exist—a human. News of this “smallfoot” throws the simple yeti community into an uproar over what else might be out there in the big world beyond their snowy village.,8.951,/zfaiO7QgpcvR8XDOMokWLRfKeTE.jpg,2018-09-20,False,False,6.815,1660,"['Family', 'Comedy', 'Adventure', 'Animation', 'Fantasy']"
False,/lwEuFWTUsXbQWF6wU3Ui7mcAoId.jpg,"[28, 53]",6623,The Peacemaker,en,The Peacemaker,"When a train carrying atomic warheads mysteriously crashes in the former Soviet Union, a nuclear specialist discovers the accident is really part of a plot to cover up the theft of the weapons. Assigned to help her recover the missing bombs is a crack Special Forces Colonel.",8.9469,/hc3p6pvIrfO4AmrVLb6qTviOwW2.jpg,1997-09-26,False,False,6.055,1160,"['Action', 'Thriller']"
False,/k7dNmXtZeJVpvdoljSFRwpcCYPZ.jpg,"[10751, 18, 35]",13374,Ice Princess,en,Ice Princess,"With the help of her coach, her mom, and the boy who drives the Zamboni, nothing can stop Casey Carlyle from realizing her dream to be a champion figure skater.",8.9375,/ptOO4Or8KyB4k3BRyyUvAPJCfYe.jpg,2005-03-17,False,False,6.4,964,"['Family', 'Drama', 'Comedy']"
False,/7F1djgcBJkMWFOeQ0ZK4b5Q3LPb.jpg,"[10749, 18]",30112,Lost in Beijing,zh,苹果,"A look at modern-day life in China's capital centered on a ménage-a-quatre involving a young woman, her boss, her husband and her boss's wife.",8.937,/2LZ7qbdnCqlOzlngcj5wdvnLfjA.jpg,2007-11-08,False,False,6.5,68,"['Romance', 'Drama']"
False,/fMx8Srs8AsxMr2XXHbFRaH2uMI2.jpg,"[18, 10749]",501841,A Journal for Jordan,en,A Journal for Jordan,"Based on the true story of First Sergeant Charles Monroe King, a soldier deployed to Iraq begins to keep a journal of love and advice for his infant son. Back at home, senior New York Times editor Dana Canedy revisits the story of her unlikely, life-altering relationship with King and his enduring devotion to her and their child.",8.9329,/t8xX6kYZj6y0XIxniJdFmaFkvp1.jpg,2021-12-22,False,False,6.949,128,"['Drama', 'Romance']"
False,/hIeEpk2w1dnC9ly9ZJwwbunH2Cx.jpg,"[16, 18, 35, 878]",838240,Robot Dreams,es,Robot Dreams,A lonely dog's friendship with his robot companion takes a sad turn when an unexpected malfunction forces him to abandon Robot at the beach. Will Dog ever meet Robot again?,8.9278,/ds402Qq09ybgBcXKiQNTZfzsP5o.jpg,2023-12-06,False,False,8.0,845,"['Animation', 'Drama', 'Comedy', 'Science Fiction']"
False,/1uPcQNsgZIMRZl07rbIuw7EEtwX.jpg,"[28, 878, 53]",1738,Next,en,Next,"Las Vegas showroom magician Cris Johnson has a secret which torments him: he can see a few minutes into the future. Sick of the examinations he underwent as a child and the interest of the government and medical establishment in his power, he lies low under an assumed name in Vegas, performing cheap tricks and living off small-time gambling ""winnings."" But when a terrorist group threatens to detonate a nuclear device in Los Angeles, government agent Callie Ferris must use all her wiles to capture Cris and convince him to help her stop the cataclysm.",8.9273,/wtBOCJBCP0MWNjmBwjMAzbwgtTK.jpg,2007-04-25,False,False,6.142,3382,"['Action', 'Science Fiction', 'Thriller']"
False,/ghPJw3XfhELokIf6V5QL0VpsXtK.jpg,"[27, 9648]",2667,The Blair Witch Project,en,The Blair Witch Project,"In October of 1994 three student filmmakers disappeared in the woods near Burkittsville, Maryland, while shooting a documentary. A year later their footage was found.",8.9272,/9050VGrYjYrEjpOvDZVAngLbg1f.jpg,1999-07-14,False,False,6.371,5655,"['Horror', 'Mystery']"
False,/sGhbO6muh1Fnpa7nkxYCfvmgWCo.jpg,"[27, 53]",2671,Ring,ja,リング,"A mysterious video has been linked to a number of deaths, and when an inquisitive journalist finds the tape and views it herself, she sets in motion a chain of events that puts her own life in danger.",8.9191,/1YINof6kN5yRdePEbcU5360ejoq.jpg,1998-01-31,False,False,7.1,1731,"['Horror', 'Thriller']"
False,/iZBUOcku0xv9MMfiEMXiDqErPXl.jpg,"[27, 28, 53]",1992,Planet Terror,en,Planet Terror,"Two doctors find their graveyard shift inundated with townspeople ravaged by sores. Among the wounded is Cherry Darling, a dancer whose leg was ripped from her body. As the invalids quickly become enraged aggressors, Cherry and her ex-boyfriend El Wray lead a team of accidental warriors into the night.",8.9171,/30ANoUgvqQZ9tgCnM6OyJZUveaf.jpg,2007-04-06,False,False,6.7,3963,"['Horror', 'Action', 'Thriller']"
False,/bumIpNTKmLY380bruTgIDTrXfpZ.jpg,"[14, 28, 35]",9593,Last Action Hero,en,Last Action Hero,"After his father's death, a young boy finds solace in action movies featuring an indestructible cop. Given a magic ticket by a theater manager, he is transported into the film and teams up with the cop to stop a villain who escapes into the real world.",8.9163,/vkhEaWAv5j3qgrOGp3BgMeiYPKj.jpg,1993-06-18,False,False,6.487,3100,"['Fantasy', 'Action', 'Comedy']"
False,/jXntuh47VtKLeoyBQ268rv24Igw.jpg,"[28, 878, 53, 27]",440,Aliens vs Predator: Requiem,en,Aliens vs Predator: Requiem,"After a horrifying PredAlien crash-lands near a small Colorado town, killing everyone it encounters and producing countless Alien offspring, a lone Predator arrives to ""clean up"" the infestation.",8.9134,/5iTwPDNtvK6ZZF607BHBbU3HO0B.jpg,2007-12-25,False,False,5.159,3433,"['Action', 'Science Fiction', 'Thriller', 'Horror']"
False,/7MorkyWQXVOi2XKYci6pIGbjb2x.jpg,[27],1691,Hostel: Part II,en,Hostel: Part II,"Three American college students studying abroad are lured to a Slovakian hostel, and discover the grim reality behind it.",8.9129,/qB20aiY8Ah3pQikkBxm3j7jQVc8.jpg,2007-06-07,False,False,5.86,2277,['Horror']
False,/8sPxa4sdRvjgRG3GgkO8RQxUR9P.jpg,"[27, 10749, 18]",791177,Bones and All,en,Bones and All,"Abandoned by her father, a young woman embarks on a thousand-mile odyssey through the backroads of America where she meets a disenfranchised drifter. But despite their best efforts, all roads lead back to their terrifying pasts and to a final stand that will determine whether their love can survive their otherness.",8.912,/dBQuk2LkHjrDsSjueirPQg96GCc.jpg,2022-11-18,False,False,7.0,1700,"['Horror', 'Romance', 'Drama']"
False,/fuuZFPc8x6gQ8mLGoBp9vrmcQMT.jpg,[27],610253,Halloween Kills,en,Halloween Kills,"Michael manages to free himself from Laurie Strode's trap to resume his ritual bloodbath. As she fights for her life from injuries from their last encounter, she inspires her daughter Karen, her granddaughter Allyson, and all of Haddonfield to rise up against the unstoppable monster.",8.9117,/ir9eyz1mtgsohjvo7UYtqUfFuES.jpg,2021-10-14,False,False,6.403,2985,['Horror']
False,/8p4gCdDT55PMY3UMDvo6ybzMrai.jpg,"[16, 35, 10751, 878]",9928,Robots,en,Robots,"Rodney Copperbottom is a young robot inventor who dreams of making the world a better place, until the evil Ratchet takes over Bigweld Industries. Now, Rodney's dreams – and those of his friends – are in danger of becoming obsolete.",8.9116,/fnKCh67l2DDG9NxxIlk9IpsXQ99.jpg,2005-03-10,False,False,6.505,5060,"['Animation', 'Comedy', 'Family', 'Science Fiction']"
False,/off0xgvtfHY82l3MC4mDpCk1APY.jpg,"[18, 53, 10752]",12162,The Hurt Locker,en,The Hurt Locker,"During the Iraq War, a Sergeant recently assigned to an army bomb squad is put at odds with his squad mates due to his maverick way of handling his work.",8.9104,/io2dfBJhasvGbgkCX9cCGVOiA99.jpg,2008-10-10,False,False,7.248,6359,"['Drama', 'Thriller', 'War']"
False,/98sIdYdvnh68Va1JLjcyAuFGZO5.jpg,"[18, 80, 53]",466081,The Informer,en,The Informer,"In New York, former convict Pete Koslow, related to the Polish mafia, must deal with both Klimek the General, his ruthless boss, and the twisted ambitions of two federal agents, as he tries to survive and protect the lives of his loved ones.",8.9074,/pbGveUC8mk0QRkdXpERPLbMFnrg.jpg,2019-08-30,False,False,6.538,981,"['Drama', 'Crime', 'Thriller']"
False,/Nfwmdxl2EDvVVE4An18Lio6tSx.jpg,"[16, 35, 10751, 12, 14]",12222,Horton Hears a Who!,en,Horton Hears a Who!,"An imaginative elephant named Horton hears a faint cry for help coming from a tiny speck of dust floating through the air. Horton suspects there may be life on that speck and despite a surrounding community, who thinks he has lost his mind, he is determined to save the tiny particle.",8.9074,/6k47Z3A5zI2rxubTMwiLyIqQLLr.jpg,2008-03-03,False,False,6.5,3623,"['Animation', 'Comedy', 'Family', 'Adventure', 'Fantasy']"
False,/f2MzXz3vjuNtSPn17ugFa6oTUmc.jpg,"[35, 18, 10402, 10749]",6282,Coyote Ugly,en,Coyote Ugly,"Graced with a velvet voice, 21-year-old Violet Sanford heads to New York to pursue her dream of becoming a songwriter only to find her aspirations sidelined by the accolades and notoriety she receives at her ""day"" job as a barmaid at Coyote Ugly. The ""Coyotes"" as they are affectionately called tantalize customers and the media alike with their outrageous antics, making Coyote Ugly the watering hole for guys on the prowl.",8.9067,/xYM0laKrEqjiRSQNvqRrXPXN3iL.jpg,2000-07-30,False,False,6.26,2327,"['Comedy', 'Drama', 'Music', 'Romance']"
False,/hHlFspcHTLGFo8BwOSCsX9eHtbY.jpg,"[27, 53]",21208,Orphan,en,Orphan,"After losing their baby, a married couple adopt 9-year old Esther, who may not be as innocent as she seems.",8.9047,/lCGpOgoTOGLtZnBiGY9HRg5Xnjd.jpg,2009-07-24,False,False,6.99,5764,"['Horror', 'Thriller']"
False,/3epmRoQFyUpLATk1JKgnKKQp0kM.jpg,"[18, 35, 10751]",74465,We Bought a Zoo,en,We Bought a Zoo,"Benjamin has lost his wife and, in a bid to start his life over, purchases a large house that has a zoo – welcome news for his daughter, but his son is not happy about it. The zoo is in need of renovation and Benjamin sets about the work with the head keeper and the rest of the staff, but, the zoo soon runs into financial trouble.",8.9023,/dcOvIqdsojUdAtWt1nPT9xS76Su.jpg,2011-11-26,False,False,6.838,3016,"['Drama', 'Comedy', 'Family']"
False,/hnh4oqnGPlVFEMUuw41nYxKRYf0.jpg,"[12, 35, 10751, 14]",420814,Christopher Robin,en,Christopher Robin,"Christopher Robin, the boy who had countless adventures in the Hundred Acre Wood, has grown up and lost his way. Now it’s up to his spirited and loveable stuffed animals, Winnie The Pooh, Tigger, Piglet, and the rest of the gang, to rekindle their friendship and remind him of endless days of childlike wonder and make-believe, when doing nothing was the very best something.",8.9021,/i6Ytex4d3CdfIKJFxB5v5vh24vb.jpg,2018-08-01,False,False,7.294,2987,"['Adventure', 'Comedy', 'Family', 'Fantasy']"
False,/dECKGAenue36W50HYhd3Jh1OJs.jpg,"[10751, 14, 35, 12]",10137,Stuart Little,en,Stuart Little,"When the Littles adopt Stuart, the mouse, George is initially unwelcoming to his new brother, and the family cat, Snowbell, is even less enthusiastic. Stuart resolves to face these difficulties with as much pluck and courage as he can muster.",8.8966,/362lcwTJlNyAhitTlp2UraECISR.jpg,1999-12-17,False,False,6.082,4756,"['Family', 'Fantasy', 'Comedy', 'Adventure']"
False,/jKulL2hdp5S7dVbpoItAtdCyzXI.jpg,"[18, 27]",858017,I Saw the TV Glow,en,I Saw the TV Glow,"In late-90s suburbia, a lonely teenager meets a girl at school who introduces him to a mysterious late-night T.V. show — a vision of a supernatural world pulsing beneath their own. As time goes on, however, questions begin to arise about why the show sometimes seems more real than their own lives. In the pale glow of the television, their view of reality begins to crack.",8.8963,/hS4GYkYpN1rfl4GIxyc02sCyfAj.jpg,2024-05-03,False,False,6.2,793,"['Drama', 'Horror']"
False,/mhpDSuNyHPMsccI7zISEaskTgOQ.jpg,"[36, 10752, 18]",9361,The Last of the Mohicans,en,The Last of the Mohicans,"In war-torn colonial America, in the midst of a bloody battle between British, the French and Native American allies, the aristocratic daughter of a British Colonel and her party are captured by a group of Huron warriors. Fortunately, a group of three Mohican trappers comes to their rescue.",8.8931,/qzJMPWRtZveBkxXOv3ucWhoJuyj.jpg,1992-08-26,False,False,7.385,3543,"['History', 'War', 'Drama']"
False,/5dwlH8Krm2bsuc2Pubw2cBb03g5.jpg,"[18, 12, 37]",44264,True Grit,en,True Grit,"Following the murder of her father by a hired hand, a 14-year-old farm girl sets out to capture the killer. To aid her, she hires the toughest U.S. Marshal she can find—a man with 'true grit'—Reuben J. 'Rooster' Cogburn.",8.8888,/tCrB8pcjadZjsDk7rleGJaIv78k.jpg,2010-12-22,False,False,7.305,5918,"['Drama', 'Adventure', 'Western']"
False,/pERcOAR1Teg4sLDDqRXj1TBjVsn.jpg,"[28, 18, 36]",980026,The Promised Land,da,Bastarden,"Denmark, 1755. Captain Ludvig Kahlen sets out to conquer a Danish heath reputed to be uncultivable, with an impossible goal: to establish a colony in the name of the king, in exchange for a royal title. A single-minded ambition that the ruthless lord of the region will relentlessly seek to put down. Kahlen's fate hangs in the balance: will his endevours bring him wealth and honour, or cost him his life...?",8.8853,/okVwls2laPGOsLKKhXQCEiTBwpw.jpg,2023-10-05,False,False,7.661,635,"['Action', 'Drama', 'History']"
False,/6IsycwFwgZ0M1MIjXNkW9j45jcY.jpg,"[80, 18, 10749]",1108566,Killer Heat,en,Killer Heat,"An expat PI is hired to investigate a suspicious death in Crete, Greece, where jealousies run deep amongst the victim's powerful family.",8.885,/WiAEiqelck0NGWplhL5JQR12eg.jpg,2024-09-25,False,False,5.817,339,"['Crime', 'Drama', 'Romance']"
False,/anA2hEvG5SWrYETwcJ1SUPUfKDz.jpg,"[878, 53]",14139,Timecrimes,es,Los cronocrímenes,A man accidentally gets into a time machine and travels back in time nearly an hour. Finding himself will be the first of a series of disasters of unforeseeable consequences.,8.8844,/zdxQRP7mzczMJBwKnv8MCPRq7rQ.jpg,2007-11-01,False,False,7.022,1526,"['Science Fiction', 'Thriller']"
False,/p2mJPQc9ADr75RrMtbtBjxRXjj2.jpg,[35],87428,That's My Boy,en,That's My Boy,"While in his teens, Donny fathered a son, Todd, and raised him as a single parent up until Todd's 18th birthday. Now, after not seeing each other for years, Todd's world comes crashing down when Donny resurfaces just before Todd's wedding.",8.884,/oaLhdRsZ5Mq8VfZtA4Wlvjzzn0X.jpg,2012-06-14,False,False,5.8,2201,['Comedy']
False,/29mZ5bR5m2w3xuvwJH7BHMFQQwH.jpg,"[10749, 18, 80]",664413,365 Days,pl,365 dni,"A woman falls victim to a dominant mafia boss, who imprisons her and gives her one year to fall in love with him.",8.8828,/6KwrHucIE3CvNT7kTm2MAlZ4fYF.jpg,2020-02-07,False,False,6.988,9588,"['Romance', 'Drama', 'Crime']"
False,/vaArQHq1lHFNppoJlMlv30Gs2fQ.jpg,"[27, 9648]",433808,The Ritual,en,The Ritual,"A group of college friends reunite for a trip to the forest, but encounter a menacing presence in the woods that's stalking them.",8.8807,/9022CYEGqYETCeXN1oE3uwYJWub.jpg,2017-10-11,False,False,6.303,3566,"['Horror', 'Mystery']"
False,/auT0H5fFUnPKjHNj0OkQMkxdbl2.jpg,"[28, 12, 878]",47933,Independence Day: Resurgence,en,Independence Day: Resurgence,"We always knew they were coming back. Using recovered alien technology, the nations of Earth have collaborated on an immense defense program to protect the planet. But nothing can prepare us for the aliens’ advanced and unprecedented force. Only the ingenuity of a few brave men and women can bring our world back from the brink of extinction.",8.8754,/9S50foUIYGwiNPWOxi1WJF6IPwI.jpg,2016-06-22,False,False,5.367,6606,"['Action', 'Adventure', 'Science Fiction']"
False,/8n6ZCFJWwK7UiX7NYuIEvHLRPYG.jpg,"[28, 9648, 53]",9268,Eraser,en,Eraser,"John ""The Eraser"" Kruger is the top gun in the US Marshall Witness Protection Program; he protects witnesses by erasing their pasts. His latest assignment is whistle-blower Dr. Lee Cullen, who has evidence that her employer, a major arms corporation, is entangled in a conspiracy involving a high-tech railgun, but there is danger lurking closer to home for Kruger, from within his own department.",8.8708,/1FUV5ZmEkbxvqwQW0az4tFFOSmo.jpg,1996-06-21,False,False,6.103,2115,"['Action', 'Mystery', 'Thriller']"
False,/qoxriJ6n1qxvG1bBMPnsZBHKGco.jpg,"[10749, 18, 14]",11845,Intimacy,en,Intimacy,"Failed musician Jay abandoned his family and now earns a living as head bartender in a trendy London pub. Every Wednesday afternoon, a woman comes to his house for graphic, almost wordless, sex. One day, Jay follows her and learns about her. This eventually disrupts their relationship.",8.87,/aiPhBVo2eNhuPw5Pezx4BHagvUx.jpg,2001-01-20,False,False,6.205,562,"['Romance', 'Drama', 'Fantasy']"
False,/cBTwQKMd7Vn6rGTGBtoFLIfj7uM.jpg,"[16, 10751, 28, 12, 14]",1147416,"Miraculous World: London, at the Edge of Time",fr,"Miraculous World : Londres, la course contre le temps","To save the future from a terrible fate, Marinette becomes Chronobug and teams up with Bunnyx to defeat a mysterious opponent who travels through time.",8.8692,/6AtoMpHvs9pxd30KsyK8QmJ9W9M.jpg,2024-11-14,False,False,7.5,326,"['Animation', 'Family', 'Action', 'Adventure', 'Fantasy']"
False,/dfU9xyEEyLxvZ5unTn05Whm9Lce.jpg,"[28, 14]",9312,Mortal Kombat,en,Mortal Kombat,"For nine generations an evil sorcerer has been victorious in hand-to-hand battle against his mortal enemies. If he wins a tenth Mortal Kombat tournament, desolation and evil will reign over the multiverse forever. To save Earth, three warriors must overcome seemingly insurmountable odds, their own inner demons, and superhuman foes.",8.8685,/9YhpvhhvLrtL1wlwEfpVL16GI9d.jpg,1995-08-18,False,False,5.912,2658,"['Action', 'Fantasy']"
False,/jDQcNjo5SM8YxlcSn06cFzlLH6L.jpg,[35],9506,Anger Management,en,Anger Management,"After a small misunderstanding aboard an airplane escalates out of control, timid businessman Dave Buznik is ordered by the court to undergo anger management therapy at the hands of specialist Dr. Buddy Rydell. But when Buddy steps up his aggressive treatment by moving in, Dave goes from mild to wild as the unorthodox treatment wreaks havoc with his life.",8.8633,/8wX3S5HjL3bgb2yi4CfR2qIqbdH.jpg,2003-04-11,False,False,6.161,3559,['Comedy']
False,/gc150q5RMjq5vXJddBk90dXFvlr.jpg,"[28, 80, 53]",72387,Safe,en,Safe,"After a former elite agent rescues a 12-year-old Chinese girl who's been abducted, they find themselves in the middle of a standoff between Triads, the Russian Mafia and high-level corrupt New York City politicians and police.",8.8618,/kOCpkoMUVae9UIf85gO71SyjLbW.jpg,2012-04-16,False,False,6.5,2764,"['Action', 'Crime', 'Thriller']"
False,/8P3qur5Xh6dsH6xmZ1O2XS7vnc2.jpg,"[18, 37]",558582,First Cow,en,First Cow,"In the 1820s, a taciturn loner and skilled cook travels west to Oregon Territory, where he meets a Chinese immigrant also seeking his fortune. Soon the two team up on a dangerous scheme to steal milk from the wealthy landowner’s prized Jersey cow—the first, and only, in the territory.",8.8586,/yS41crZ1i0fFxCQbuL7I1Y1VBwm.jpg,2020-03-06,False,False,7.034,559,"['Drama', 'Western']"
False,/egJQ3nIon5fT8wyXcKRHzvmtZpD.jpg,"[10749, 35]",544,There's Something About Mary,en,There's Something About Mary,"For Ted, prom night went about as bad as it’s possible for any night to go. Thirteen years later, he finally gets another chance with his old prom date, only to run up against other suitors including the sleazy detective he hired to find her.",8.8517,/slJD1Dvnsf15LoeqhERsyzisAdn.jpg,1998-07-15,False,False,6.636,5504,"['Romance', 'Comedy']"
False,/naV4PO7ftzNThYKGX44F8vRY2z3.jpg,"[35, 18]",41733,Due Date,en,Due Date,"Peter Highman must scramble across the US in five days to be present for the birth of his first child. He gets off to a bad start when his wallet and luggage are stolen, and put on the 'no-fly' list. Peter embarks on a terrifying journey when he accepts a ride from an actor.",8.8468,/sBxWS09pOOyXZ0dcnqfqqCAQGan.jpg,2010-11-03,False,False,6.4,5968,"['Comedy', 'Drama']"
False,/aT3sRVqgpkyCo23fp9myVfKPWbA.jpg,"[18, 36]",964980,Air,en,Air,Discover the game-changing partnership between a then undiscovered Michael Jordan and Nike's fledgling basketball division which revolutionized the world of sports and culture with the Air Jordan brand.,8.8451,/76AKQPdH3M8cvsFR9K8JsOzVlY5.jpg,2023-04-05,False,False,7.274,2436,"['Drama', 'History']"
False,/uXx9wjfJEzLlfqB8GW67SYBrhVT.jpg,"[27, 9648, 878]",340837,A Cure for Wellness,en,A Cure for Wellness,"An ambitious young executive is sent to retrieve his company's CEO from an idyllic but mysterious ""wellness center"" at a remote location in the Swiss Alps but soon suspects that the spa's miraculous treatments are not what they seem.",8.8432,/8QWJtne0pTsNoJ86KE993aQYTLW.jpg,2017-02-15,False,False,6.3,4288,"['Horror', 'Mystery', 'Science Fiction']"
False,/sjsaxwNsgBbrWrJIXtCT5DNo9Mt.jpg,"[80, 53]",181283,Child 44,en,Child 44,"Set in Stalin-era Soviet Union, a disgraced MGB agent is dispatched to investigate a series of child murders -- a case that begins to connect with the very top of party leadership.",8.8368,/xDlRanz2LwuKrPbcbVtwQCtvP5W.jpg,2015-03-15,False,False,6.3,1856,"['Crime', 'Thriller']"
False,/ELsTifJ2lu4vsMhoHeZ5EnncHw.jpg,"[35, 14, 878]",75,Mars Attacks!,en,Mars Attacks!,"A fleet of Martian spacecraft surrounds the world's major cities and all of humanity waits to see if the extraterrestrial visitors have, as they claim, ""come in peace."" U.S. President James Dale receives assurance from science professor Donald Kessler that the Martians' mission is a friendly one. But when a peaceful exchange ends in the total annihilation of the U.S. Congress, military men call for a full-scale nuclear retaliation.",8.8347,/hll4O5vSAfnZDb6JbnP06GPtz7b.jpg,1996-12-13,False,False,6.432,6043,"['Comedy', 'Fantasy', 'Science Fiction']"
False,/eFw5YSorHidsajLTayo1noueIxI.jpg,"[28, 35, 53]",509967,6 Underground,en,6 Underground,"After faking his death, a tech billionaire recruits a team of international operatives for a bold and bloody mission to take down a brutal dictator.",8.8344,/lnWkyG3LLgbbrIEeyl5mK5VRFe4.jpg,2019-12-10,False,False,6.328,5298,"['Action', 'Comedy', 'Thriller']"
False,/4kui3QA55M2ZOmBgoRlrYj5MSlK.jpg,[35],274167,Daddy's Home,en,Daddy's Home,"The story of a mild-mannered radio executive who strives to become the best stepdad ever to his wife's two children, but complications ensue when their freewheeling, freeloading real father arrives, forcing stepdad to compete for the affection of the kids.",8.8328,/fB9lALk9zKsMYWvf0bJSkJN219Z.jpg,2015-12-25,False,False,6.296,3511,['Comedy']
False,/mx6zzr2H34fXMsBmL2it8NsmKF1.jpg,"[12, 878, 10751, 14]",407451,A Wrinkle in Time,en,A Wrinkle in Time,"After the disappearance of her scientist father, three peculiar beings send Meg, her brother, and her friend to space in order to find him.",8.8286,/yAcb58vipewa1BfNit2RjE6boXA.jpg,2018-03-08,False,False,5.046,1889,"['Adventure', 'Science Fiction', 'Family', 'Fantasy']"
False,/x3wFxF9rEpoxmsp8a80oWv5te6X.jpg,"[10749, 80, 53]",14864,The Hot Spot,en,The Hot Spot,"Upon arriving to a small town, a drifter quickly gets into trouble with the local authorities — and the local women — after he robs a bank.",8.8243,/320b0P6ogWiz7MuUs8f06rUNpTC.jpg,1990-10-12,False,False,6.3,312,"['Romance', 'Crime', 'Thriller']"
False,/atvEgnjjXN5QvFDThXVz4nyU9yi.jpg,"[35, 12, 14]",798286,Beau Is Afraid,en,Beau Is Afraid,"Following the sudden death of his mother, a mild-mannered but anxiety-ridden man confronts his darkest fears as he embarks on an epic odyssey back home.",8.8234,/wgVkkjigF31r1nZV80uV0xNIoun.jpg,2023-04-14,False,False,6.745,1403,"['Comedy', 'Adventure', 'Fantasy']"
False,/fkn5KBUUKxbG7MjOs9poAOAik40.jpg,"[18, 35, 10749]",718032,Licorice Pizza,en,Licorice Pizza,"The story of Gary Valentine and Alana Kane growing up, running around and going through the treacherous navigation of first love in the San Fernando Valley, 1973.",8.8185,/ivXtvzfliGvoJ1DhSHIGyYBToWe.jpg,2021-11-26,False,False,6.944,2778,"['Drama', 'Comedy', 'Romance']"
False,/sLDoVwrzmKNdiBmykPSxaJA7uQh.jpg,"[35, 10749]",39451,Little Fockers,en,Little Fockers,"It has taken 10 years, two little Fockers with wife Pam and countless hurdles for Greg to finally get in with his tightly wound father-in-law, Jack. After the cash-strapped dad takes a job moonlighting for a drug company, Jack's suspicions about his favorite male nurse come roaring back. When Greg and Pam's entire clan descends for the twins' birthday party, Greg must prove to the skeptical Jack that he's fully capable as the man of the house.",8.8173,/90mwPRNMmX9RUGVgKMJMJNQnYX8.jpg,2010-12-21,False,False,5.664,3521,"['Comedy', 'Romance']"
False,/41objfan7PDTBG5MFXQl4ownQzJ.jpg,"[28, 12, 35, 10751, 878]",308531,Teenage Mutant Ninja Turtles: Out of the Shadows,en,Teenage Mutant Ninja Turtles: Out of the Shadows,"After supervillain Shredder escapes custody, he joins forces with mad scientist Baxter Stockman and two dimwitted henchmen, Bebop and Rocksteady, to unleash a diabolical plan to take over the world. As the Turtles prepare to take on Shredder and his new crew, they find themselves facing an even greater evil with similar intentions: the notorious Krang.",8.815,/euVaCiCWz3AALcQXHT6aUqdGUo6.jpg,2016-05-30,False,False,6.062,3883,"['Action', 'Adventure', 'Comedy', 'Family', 'Science Fiction']"
False,/58D6ZAvOKxlHjyX9S8qNKSBE9Y.jpg,"[28, 53]",718821,Twisters,en,Twisters,"As storm season intensifies, the paths of former storm chaser Kate Carter and reckless social-media superstar Tyler Owens collide when terrifying phenomena never seen before are unleashed. The pair and their competing teams find themselves squarely in the paths of multiple storm systems converging over central Oklahoma in the fight of their lives.",8.8135,/pjnD08FlMAIXsfOLKQbvmO0f0MD.jpg,2024-07-10,False,False,6.759,3157,"['Action', 'Thriller']"
False,/3zJnkABcx8xNsD22jYJXEShTjcg.jpg,"[28, 12, 80, 53]",257088,Point Break,en,Point Break,"A young undercover FBI agent infiltrates a gang of thieves who share a common interest in extreme sports. A remake of the 1991 film, ""Point Break"".",8.8075,/z7JOvw5Lqs9ezoFTJxmz3nx3av2.jpg,2015-12-03,False,False,6.0,2488,"['Action', 'Adventure', 'Crime', 'Thriller']"
False,/l8ubUlfzlB5R2j9cJ3CN7tj0gmd.jpg,"[28, 10749, 16]",317442,The Last: Naruto the Movie,ja,THE LAST -NARUTO THE MOVIE-,"Two years after the events of the Fourth Great Ninja War, the moon that Hagoromo Otsutsuki created long ago to seal away the Gedo Statue begins to descend towards the world, threatening to become a meteor that would destroy everything on impact. Amidst this crisis, a direct descendant of Kaguya Otsutsuki named Toneri Otsutsuki attempts to kidnap Hinata Hyuga but ends up abducting her younger sister Hanabi. Naruto and his allies now mount a rescue mission before finding themselves embroiled in a final battle to decide the fate of everything.",8.8074,/bAQ8O5Uw6FedtlCbJTutenzPVKd.jpg,2014-12-06,False,False,7.476,2424,"['Action', 'Romance', 'Animation']"
False,/zIUigIht3f9osNGyleF6B3jBbl7.jpg,"[35, 9648]",270487,"Hail, Caesar!",en,"Hail, Caesar!","When a Hollywood star mysteriously disappears in the middle of filming, the studio sends their fixer to get him back.",8.8045,/qvecZ7WyemhGW8fuJ8190p472jQ.jpg,2016-02-05,False,False,5.941,4080,"['Comedy', 'Mystery']"
False,/8568C7FeSsjmqLGuObSB0oB6kOU.jpg,"[27, 53]",23823,Wrong Turn 3: Left for Dead,en,Wrong Turn 3: Left for Dead,"A group of people find themselves trapped in the backwoods of West Virginia, fighting for their lives against a group of vicious and horribly disfigured inbred cannibals.",8.8021,/84s4LMWuGbm4xPWW5PSbHyQhh33.jpg,2009-10-08,False,False,5.715,1319,"['Horror', 'Thriller']"
False,/4CLeg52cRU2hBZk2O6bvsAf57sD.jpg,"[10751, 28, 12, 35]",7459,Speed Racer,en,Speed Racer,"Speed Racer is a young and brilliant racing driver. When corruption in the racing leagues costs his brother his life, Speed must team up with the police and the mysterious Racer X to bring an end to the corruption and criminal activities.",8.8014,/rVNpkV6ksY1hqjkun1WCTxqyK9v.jpg,2008-05-07,False,False,6.386,1857,"['Family', 'Action', 'Adventure', 'Comedy']"
False,/xfrguTH6maYiGsC8FXiQ9N3lZXw.jpg,"[27, 9648]",8329,[REC],es,[REC],A television reporter and cameraman follow emergency workers into a dark apartment building and are quickly locked inside with something terrifying.,8.7993,/hgyJR4sgMsee6xMFM3xYiG6cDCh.jpg,2007-11-23,False,False,7.238,5011,"['Horror', 'Mystery']"
False,/u3MWQCdHyCK7IADtat4sVmBXd9U.jpg,"[99, 10402]",1022256,Selena Gomez: My Mind & Me,en,Selena Gomez: My Mind & Me,"After years in the limelight, Selena Gomez achieves unimaginable stardom. But just as she reaches a new peak, an unexpected turn pulls her into darkness. This uniquely raw and intimate documentary spans her six-year journey into a new light.",8.7952,/oMpsswJv8x4vnOnIKqs4xJs2Kn3.jpg,2022-11-04,False,False,8.452,620,"['Documentary', 'Music']"
False,/dtGxDOcFssdUUTYBr6M6INXTI1e.jpg,"[35, 18, 80]",8321,In Bruges,en,In Bruges,"Ray and Ken, two hit men, are in Bruges, Belgium, waiting for their next mission. While they are there they have time to think and discuss their previous assignment. When the mission is revealed to Ken, it is not what he expected.",8.7914,/vz3Vd6nfq9YZrVvyYx5RHFaYKV3.jpg,2008-02-08,False,False,7.496,5966,"['Comedy', 'Drama', 'Crime']"
False,/sBOenwOZGRN5nZZGw4TxwtnfrEf.jpg,"[28, 35, 14]",899112,Violent Night,en,Violent Night,"When a team of mercenaries breaks into a wealthy family compound on Christmas Eve, taking everyone inside hostage, the team isn’t prepared for a surprise combatant: Santa Claus is on the grounds, and he’s about to show why this Nick is no saint.",8.791,/e8CpMgdyihz9Td7amQDqubPuzfN.jpg,2022-11-30,False,False,7.211,2631,"['Action', 'Comedy', 'Fantasy']"
False,/hi3lxLd93iKwCmVAfhMV9m1k2jr.jpg,"[53, 18]",4553,The Machinist,en,The Machinist,"Trevor, an insomniac lathe operator, experiences unusual occurrences at work and home. A strange man follows him everywhere, but no one else seems to notice him.",8.7906,/diAYqR4xdF9Hnj7qun6DEQhRrT2.jpg,2004-09-24,False,False,7.519,6347,"['Thriller', 'Drama']"
False,/bLqUd0tBvKezDr9MEla7k34i3rp.jpg,"[12, 14, 18]",587,Big Fish,en,Big Fish,"Throughout his life Edward Bloom has always been a man of big appetites, enormous passions and tall tales. In his later years, he remains a huge mystery to his son, William. Now, to get to know the real man, Will begins piecing together a true picture of his father from flashbacks of his amazing adventures.",8.7802,/tjK063yCgaBAluVU72rZ6PKPH2l.jpg,2003-12-10,False,False,7.745,7939,"['Adventure', 'Fantasy', 'Drama']"
False,/wGwSWDG3LIQxchg2M8HV7bDqYKU.jpg,"[16, 18, 14, 10749]",533514,Violet Evergarden: The Movie,ja,劇場版 ヴァイオレット・エヴァーガーデン,"As the world moves on from the war and technological advances bring changes to her life, Violet still hopes to see her lost commanding officer again.",8.7795,/bajajkoErDst0JxdFyBkABiF9rW.jpg,2020-09-18,False,False,8.298,544,"['Animation', 'Drama', 'Fantasy', 'Romance']"
False,/8uNx4YtClqB9duM4n6jOx8vWvvl.jpg,"[35, 10749, 18]",4964,Knocked Up,en,Knocked Up,"A slacker and a career-driven woman accidentally conceive a child after a one-night stand. As they try to make the relationship work, they must navigate the challenges of parenthood and their differences in lifestyle and maturity.",8.7768,/b4OaXw2MW97VvIiZE0Sbn1NfxSh.jpg,2007-06-01,False,False,6.305,4421,"['Comedy', 'Romance', 'Drama']"
False,/lU0zVj8KcQVkPczdGGraYGiRC72.jpg,"[878, 28, 27]",8077,Alien³,en,Alien³,"After escaping with Newt and Hicks from the alien planet, Ripley crash lands on Fiorina 161, a prison planet and host to a correctional facility. Unfortunately, although Newt and Hicks do not survive the crash, a more unwelcome visitor does. The prison does not allow weapons of any kind, and with aid being a long time away, the prisoners must simply survive in any way they can.",8.7766,/xh5wI0UoW7DfS1IyLy3d2CgrCEP.jpg,1992-05-22,False,False,6.391,6581,"['Science Fiction', 'Action', 'Horror']"
False,/4iMURVQCxjyMH8Vr1Wd3GCsxE06.jpg,"[18, 878]",765245,Swan Song,en,Swan Song,"In the near future, Cameron Turner is diagnosed with a terminal illness. Presented with an experimental solution to shield his wife and son from grief, he grapples with altering their fate in this thought-provoking exploration of love, loss, and sacrifice.",8.7761,/zzCdikGD9Qa5NT8lZtUv9dXNgsm.jpg,2021-12-17,False,False,7.115,620,"['Drama', 'Science Fiction']"
False,/2J7re6BvXXxLFXCYZpTUmRKkTHn.jpg,"[27, 53, 9648]",10066,House of Wax,en,House of Wax,A group of unwitting teens are stranded near a strange wax museum and soon must fight to survive and keep from becoming the next exhibit.,8.7752,/aCLSgw1DaqkRvosYc3YUttBTtpT.jpg,2005-05-05,False,False,6.042,3448,"['Horror', 'Thriller', 'Mystery']"
False,/sZhTfYouKM1iV3rVbgIVEQFQogA.jpg,"[35, 10751, 14]",2758,Addams Family Values,en,Addams Family Values,"Siblings Wednesday and Pugsley Addams will stop at nothing to get rid of Pubert, the new baby boy adored by parents Gomez and Morticia. Things go from bad to worse when the new ""black widow"" nanny, Debbie Jellinsky, launches her plan to add Fester to her collection of dead husbands.",8.7647,/sdxT2VjVSx9DRicwnuECUdBHeE7.jpg,1993-11-19,False,False,7.0,3411,"['Comedy', 'Family', 'Fantasy']"
False,/xxyAStrE7vVeKto3dGDAKAZRM68.jpg,"[27, 9648]",345911,Lights Out,en,Lights Out,"Rebecca must unlock the terror behind her little brother's experiences that once tested her sanity, bringing her face to face with a supernatural spirit attached to their mother.",8.7559,/AjZXonSbqC3LdSr8xCUzMiQksrM.jpg,2016-07-21,False,False,6.381,4227,"['Horror', 'Mystery']"
False,/woYGBHERSMhIHqmkkRCbCXp81l4.jpg,"[18, 10749, 35]",660120,The Worst Person in the World,no,Verdens verste menneske,"The chronicles of four years in the life of Julie, a young woman who navigates the troubled waters of her love life and struggles to find her career path, leading her to take a realistic look at who she really is.",8.7531,/1NxGNQchGBTHXJ6RShLY1IlZqWn.jpg,2021-10-13,False,False,7.4,1963,"['Drama', 'Romance', 'Comedy']"
False,/ncU6X4hosU9srxqC0hGxajZvAyD.jpg,"[18, 53, 80, 9648]",10731,The Client,en,The Client,"A street-wise kid, Mark Sway, sees the suicide of Jerome Clifford, a prominent Louisiana lawyer, whose current client is Barry 'The Blade' Muldano, a Mafia hit-man. Before Jerome shoots himself, he tells Mark where the body of a Senator is buried. Clifford shoots himself and Mark is found at the scene, and both the FBI and the Mafia quickly realize that Mark probably knows more than he says.",8.7454,/oLdkJ4ZjxPtFSUChdjDQvHM9l75.jpg,1994-07-20,False,False,6.691,1435,"['Drama', 'Thriller', 'Crime', 'Mystery']"
False,/AaModY6YpQmEFzG56ALP1PFLPUU.jpg,"[28, 35, 80]",955916,Lift,en,Lift,"An international heist crew, led by Cyrus Whitaker, race to lift $500 million in gold from a passenger plane at 40,000 feet.",8.7398,/h7wJI6mctrDJ9wMbFfgrBUTn1LT.jpg,2024-01-10,False,False,6.437,1503,"['Action', 'Comedy', 'Crime']"
False,/bL41GVWvp4YJDJ50PDcxaN4cds9.jpg,"[12, 28, 14]",1995,Lara Croft: Tomb Raider,en,Lara Croft: Tomb Raider,"Orphaned heiress, English aristocrat and intrepid archaeologist, Lara Croft, embarks on a dangerous quest to retrieve the two halves of an ancient artifact which controls time before it falls into the wrong hands. As an extremely rare planetary alignment is about to occur for the first time in 5,000 years, the fearless tomb raider will have to team up with rival adventurers and sworn enemies to collect the pieces, while time is running out. But, in the end, who can harness the archaic talisman's unlimited power?",8.7397,/sJpl1EfHGZhbKtZ3fWTlwrpM1tH.jpg,2001-06-15,False,False,5.916,6666,"['Adventure', 'Action', 'Fantasy']"
False,/eSxvC0Qw0A9AfI355MF9dSItrfR.jpg,"[28, 80, 53]",9705,Swordfish,en,Swordfish,"Rogue agent Gabriel Shear is determined to get his mitts on $9 billion stashed in a secret Drug Enforcement Administration account. He wants the cash to fight terrorism, but lacks the computer skills necessary to hack into the government mainframe. Enter Stanley Jobson, a n'er-do-well encryption expert who can log into anything.",8.7395,/mM6h4jMqC4q5IaFgBIGKQDLnRU.jpg,2001-06-08,False,False,6.266,3055,"['Action', 'Crime', 'Thriller']"
False,/4eTiLRTYwAVQyQAjuFuf3BXAony.jpg,"[16, 10751, 12, 878]",10865,Atlantis: The Lost Empire,en,Atlantis: The Lost Empire,A young linguist named Milo Thatch joins an intrepid group of explorers to find the mysterious lost continent of Atlantis.,8.7359,/oK8yR6xSQreWf1ouP1VpXKwoop5.jpg,2001-06-02,False,False,7.05,5256,"['Animation', 'Family', 'Adventure', 'Science Fiction']"
False,/lPLTLCBn39Wiy1RPQLB9xOKyF2v.jpg,"[28, 18, 53]",9798,Enemy of the State,en,Enemy of the State,"When the videotape of the murder of a congressman unknowingly ends up in the hands of labor lawyer and dedicated family man Robert Clayton Dean, he is framed for the murder. With the help of the mysterious Brill, Dean attempts to throw the NSA off his trail and prove his innocence.",8.7356,/x9pXrMKLsBGGOFyyZ0Gwt9YpVub.jpg,1998-11-20,False,False,7.081,4419,"['Action', 'Drama', 'Thriller']"
False,/cyKH7pDFlxIXluqRyNoHHEpxSDX.jpg,"[80, 28, 53, 18]",646097,Rebel Ridge,en,Rebel Ridge,A former Marine confronts corruption in a small town when local law enforcement unjustly seizes the bag of cash he needs to post his cousin's bail.,8.7349,/xEt2GSz9z5rSVpIHMiGdtf0czyf.jpg,2024-08-27,False,False,6.969,1722,"['Crime', 'Action', 'Thriller', 'Drama']"
False,/mK4J2Qk4S4UQGOeMqsgei9DyPwW.jpg,"[18, 80, 36]",261023,Black Mass,en,Black Mass,"The true story of Whitey Bulger, the brother of a state senator and the most infamous violent criminal in the history of South Boston, who became an FBI informant to take down a Mafia family invading his turf.",8.7343,/zfwciv4LIJkNQsfuhYGv0Nkiweg.jpg,2015-09-17,False,False,6.524,3672,"['Drama', 'Crime', 'History']"
False,/6KJcFFE1iBPC0Xj0iPCcmMvS5WK.jpg,"[14, 28, 35]",49524,R.I.P.D.,en,R.I.P.D.,A recently slain cop joins a team of undead police officers working for the Rest in Peace Department and tries to find the man who murdered him.,8.7336,/rS0kByPD4YF8pQ85KjzMdGiu7Xf.jpg,2013-07-18,False,False,5.864,4392,"['Fantasy', 'Action', 'Comedy']"
False,/3tkDMNfM2YuIAJlvGO6rfIzAnfG.jpg,"[18, 878, 53]",619264,The Platform,es,El hoyo,"A slab of food descends down a vertical facility. The residents above eat heartily, leaving those below starving and desperate. A rebellion is imminent.",8.7316,/iXvQnzy6JCAx1PiQEKXuTY04ZHl.jpg,2019-11-08,False,False,6.965,8001,"['Drama', 'Science Fiction', 'Thriller']"
False,/1vXD5HXqkhvsXFHE7KmCPZGPR1e.jpg,"[18, 35]",674324,The Banshees of Inisherin,en,The Banshees of Inisherin,"Two lifelong friends find themselves at an impasse when one abruptly ends their relationship, with alarming consequences for both of them.",8.7281,/4yFG6cSPaCaPhyJ1vtGOtMD1lgh.jpg,2022-10-20,False,False,7.464,3539,"['Drama', 'Comedy']"
False,/Aj81Gu3u1a64qXFOLDuF5gdxyy0.jpg,"[12, 18, 10751]",44826,Hugo,en,Hugo,"Orphaned and alone except for an uncle, Hugo Cabret lives in the walls of a train station in 1930s Paris. Hugo's job is to oil and maintain the station's clocks, but to him, his more important task is to protect a broken automaton and notebook left to him by his late father. Accompanied by the goddaughter of an embittered toy merchant, Hugo embarks on a quest to solve the mystery of the automaton and find a place he can call home.",8.7275,/1dxRq3o3l3bVWNRvvSb7rRf68qp.jpg,2011-11-22,False,False,7.172,7816,"['Adventure', 'Drama', 'Family']"
False,/bAtFhmRHp0f6aHqj1UGTZoPcmQo.jpg,"[18, 35, 53]",930564,Saltburn,en,Saltburn,"Struggling to find his place at Oxford University, student Oliver Quick finds himself drawn into the world of the charming and aristocratic Felix Catton, who invites him to Saltburn, his eccentric family's sprawling estate, for a summer never to be forgotten.",8.7172,/zGTfMwG112BC66mpaveVxoWPOaB.jpg,2023-11-16,False,False,6.935,3112,"['Drama', 'Comedy', 'Thriller']"
False,/sTkJSkDkJnxCsk2FvKY2OL7NQcy.jpg,"[28, 18, 80]",15070,Undisputed,en,Undisputed,"Monroe Hutchens is the heavyweight champion of Sweetwater, a maximum security prison. He was convicted to a life sentence due to a passionate crime. Iceman Chambers is the heavyweight champion, who lost his title due to a rape conviction to ten years in Sweetwater. When these two giants collide in the same prison, they fight against each other disputing who is the real champion.",8.7159,/2mnzlMhRfKzsezMeYPKqAzysZFJ.jpg,2002-07-17,False,False,6.519,859,"['Action', 'Drama', 'Crime']"
False,/6hgItrYQEG33y0I7yP2SRl2ei4w.jpg,"[18, 10749]",613504,After We Collided,en,After We Collided,Tessa finds herself struggling with her complicated relationship with Hardin; she faces a dilemma that could change their lives forever.,8.7144,/kiX7UYfOpYrMFSAGbI6j1pFkLzQ.jpg,2020-09-02,False,False,7.151,5503,"['Drama', 'Romance']"
False,/pz7bGOUNJXyPKJ2GcJN6nhwBnCs.jpg,"[28, 12, 27, 53, 18]",760741,Beast,en,Beast,"A recently widowed man and his two teenage daughters travel to a game reserve in South Africa. However, their journey of healing soon turns into a fight for survival when a bloodthirsty lion starts to stalk them.",8.7113,/f18rGcLlawKjNC5KRh36S0mvRlY.jpg,2022-08-11,False,False,6.531,1809,"['Action', 'Adventure', 'Horror', 'Thriller', 'Drama']"
False,/xnyGhzrfqENfFoiNZ9z4oy63Z9F.jpg,"[27, 9648]",619778,Malignant,en,Malignant,"Madison is paralyzed by shocking visions of grisly murders, and her torment worsens as she discovers that these waking dreams are in fact terrifying realities with a mysterious tie to her past.",8.7113,/dGv2BWjzwAz6LB8a8JeRIZL8hSz.jpg,2021-09-01,False,False,6.749,2737,"['Horror', 'Mystery']"
False,/4ItXEyVPj6wb9AdhsltcqYE6f5f.jpg,"[10749, 35]",956842,Fly Me to the Moon,en,Fly Me to the Moon,"Sparks fly in all directions as marketing maven Kelly Jones, brought in to fix NASA's public image, wreaks havoc on Apollo 11 launch director Cole Davis' already difficult task of putting a man on the moon. When the White House deems the mission too important to fail, Jones is directed to stage a fake moon landing as backup, and the countdown truly begins.",8.7111,/gjk8YdXpItoC1in53FCrZMFIuBx.jpg,2024-07-10,False,False,6.802,1229,"['Romance', 'Comedy']"
False,/hPTaANKrpghMQeRIOcPJbJA4Yia.jpg,"[28, 12, 53]",9350,Cliffhanger,en,Cliffhanger,"A year after losing his friend in a tragic 4,000-foot fall, former ranger Gabe Walker and his partner, Hal, are called to return to the same peak to rescue a group of stranded climbers, only to learn the climbers are actually thieving hijackers who are looking for boxes full of money.",8.7062,/b28DOM54OHb1c7Lsk6Nu7Kwuonj.jpg,1993-05-28,False,False,6.5,2732,"['Action', 'Adventure', 'Thriller']"
False,/ejFaHWnDP29z7ePw2cJVOsWvOvH.jpg,"[35, 18, 10749]",712,Four Weddings and a Funeral,en,Four Weddings and a Funeral,"Over the course of five social occasions, a committed bachelor must consider the notion that he may have discovered love.",8.6988,/qa72G2VS0bpxms6yo0tI9vsHm2e.jpg,1994-03-09,False,False,6.773,3076,"['Comedy', 'Drama', 'Romance']"
False,/kJwQXgAk440l2vZOspUJee6inim.jpg,"[18, 53, 9648]",399057,The Killing of a Sacred Deer,en,The Killing of a Sacred Deer,"Dr. Steven Murphy is a renowned cardiovascular surgeon who presides over a spotless household with his wife and two children. Lurking at the margins of his idyllic suburban existence is Martin, a fatherless teen who insinuates himself into the doctor's life in gradually unsettling ways.",8.6966,/e4DGlsc9g0h5AyoyvvAuIRnofN7.jpg,2017-10-20,False,False,7.002,4574,"['Drama', 'Thriller', 'Mystery']"
False,/xERofiEyzGekTNi3oIppQvdLDZB.jpg,"[18, 53, 10752]",7445,Brothers,en,Brothers,"When his helicopter goes down during his fourth tour of duty in Afghanistan, Marine Sam Cahill is presumed dead. Back home, brother Tommy steps in to look over Sam’s wife, Grace, and two children. Sam’s surprise homecoming triggers domestic mayhem.",8.6933,/skHqceAFYee0JZuYd9MVk2IQggi.jpg,2009-12-02,False,False,7.315,4030,"['Drama', 'Thriller', 'War']"
False,/wfrfxivLOBtGMC98tIr2LSOeKSe.jpg,"[16, 10751, 35, 14]",639721,The Addams Family 2,en,The Addams Family 2,The Addams get tangled up in more wacky adventures and find themselves involved in hilarious run-ins with all sorts of unsuspecting characters.,8.6899,/ld7YB9vBRp1GM1DT3KmFWSmtBPB.jpg,2021-10-01,False,False,6.9,1432,"['Animation', 'Family', 'Comedy', 'Fantasy']"
False,/cPRfgCgNLJ20jLuOAXAxcNHNDn4.jpg,"[12, 14, 16, 18, 10751]",15370,The Cat Returns,ja,猫の恩返し,"Young Haru rescues a cat from being run over, but soon learns it's no ordinary feline; it happens to be the Prince of the Cats.",8.6838,/pqyY7IEWkCWNZ7EuRStQaJITEta.jpg,2002-07-19,False,False,7.144,2533,"['Adventure', 'Fantasy', 'Animation', 'Drama', 'Family']"
False,/wL8KA3zIJQPbbU5hJlyIdmmLZit.jpg,"[35, 9648, 80]",514999,Murder Mystery,en,Murder Mystery,"On a long-awaited trip to Europe, a New York City cop and his hairdresser wife scramble to solve a baffling murder aboard a billionaire's yacht.",8.683,/bSMSO9xupd4R4vwTPqigHn2quLN.jpg,2019-05-25,False,False,6.253,4904,"['Comedy', 'Mystery', 'Crime']"
False,/viKEEaaCaZ0hZ2nGuvIEozlLooL.jpg,[27],1023922,MaXXXine,en,MaXXXine,"In 1980s Hollywood, adult film star and aspiring actress Maxine Minx finally gets her big break. But as a mysterious killer stalks the starlets of Hollywood, a trail of blood threatens to reveal her sinister past.",8.6804,/ArvoFK6nlouZRxYmtIOUzKIrg90.jpg,2024-07-04,False,False,6.265,1614,['Horror']
False,/w7H4II0nbwMLAWJjtC6fQ3EwHEm.jpg,"[10751, 16, 10749, 14]",14128,Cinderella II: Dreams Come True,en,Cinderella II: Dreams Come True,"As a newly crowned princess, Cinderella quickly learns that life at the Palace - and her royal responsibilities - are more challenging than she had imagined. In three heartwarming tales, Cinderella calls on her animal friends and her Fairy Godmother to help as she brings her own grace and charm to her regal role and discovers that being true to yourself is the best way to make your dreams come true.",8.6686,/kEDbtKhZsqPo7ypCzoz3fkq73Pc.jpg,2002-02-23,False,False,6.1,1557,"['Family', 'Animation', 'Romance', 'Fantasy']"
False,/e7jIX02GiSwsgkU5lMpeKjwq2Zc.jpg,"[14, 28]",9480,Daredevil,en,Daredevil,"By day, blind attorney Matt Murdock toils for justice in Hell's Kitchen. By night, he's Daredevil, The Man Without Fear - a powerful, masked vigilante stalking the dark streets with an uncanny ""radar sense"" that allows him to ""see"" with superhuman capabilities. But when the love of his life, fiery Elektra Natchios, is targeted by New York City's ruthless Kingpin of crime and his deadly assassin Bullseye, Daredevil may be about to meet his match.",8.6631,/oCDBwSkntYamuw8VJIxMRCtDBmi.jpg,2003-02-14,False,False,5.305,5599,"['Fantasy', 'Action']"
False,/90IcDDC47Rck4D2fyZbpZ1rbFZW.jpg,"[18, 14, 10749]",556694,Three Thousand Years of Longing,en,Three Thousand Years of Longing,"A solitary scholar discovers an ancient bottle while on a trip to Istanbul and unleashes a djinn who offers her three wishes. Filled with reluctance, she is unable to come up with one, so the djinn tries to inspire her with his stories.",8.6625,/nS7DNl4A7XnDncZX70UJ8ALAihF.jpg,2022-08-24,False,False,6.879,1731,"['Drama', 'Fantasy', 'Romance']"
False,/2WRe1y5S1jGWTKUcSPPmD1Ixq56.jpg,"[35, 14]",823482,Dream Scenario,en,Dream Scenario,"Hapless family man Paul Matthews finds his life turned upside down when millions of strangers suddenly start seeing him in their dreams. But when his nighttime appearances take a nightmarish turn, Paul is forced to navigate his newfound stardom.",8.6607,/eMaAi8wTI5wON8pp33w3BDuGyZ8.jpg,2023-11-10,False,False,6.7,1440,"['Comedy', 'Fantasy']"
False,/biMJPdS7bGW7HQTQrHvXxMqOqdC.jpg,"[10751, 35, 12, 14]",826510,Harold and the Purple Crayon,en,Harold and the Purple Crayon,"Inside of his book, adventurous Harold can make anything come to life simply by drawing it. After he grows up and draws himself off the book's pages and into the physical world, Harold finds he has a lot to learn about real life.",8.6594,/qtW6bWUEqfPLaD6KnetIlSG4adf.jpg,2024-07-31,False,False,6.554,389,"['Family', 'Comedy', 'Adventure', 'Fantasy']"
False,/kBWPHSszi8jKLqW5tMaQV1bISB2.jpg,"[80, 53, 28]",18487,The Taking of Pelham 1 2 3,en,The Taking of Pelham 1 2 3,"Armed men hijack a New York City subway train, holding the passengers hostage in return for a ransom, and turning an ordinary day's work for dispatcher Walter Garber into a face-off with the mastermind behind the crime.",8.6573,/rEnyQiBu6goqJfvQXpUZQjpoHVp.jpg,2009-06-10,False,False,6.367,3494,"['Crime', 'Thriller', 'Action']"
False,/wlLdcK3Sm7zp0w1ZuVvnFlmcchM.jpg,"[16, 10751, 35, 10402]",342473,Ballerina,en,Ballerina,"In 1879 Paris, a young orphan dreams of becoming a ballerina and flees her rural Brittany for Paris, where she passes for someone else and accedes to the position of pupil at the Grand Opera house.",8.6549,/qBxMhcmNnFniuDAZTKEHcSgKtsn.jpg,2016-12-14,False,False,7.209,2029,"['Animation', 'Family', 'Comedy', 'Music']"
False,/p5L7UYtRtL6tMltPzb8DX0rynNv.jpg,"[28, 80, 53]",619803,The Roundup,ko,범죄도시 2,"The 'Beast Cop' Ma Seok-do heads to a foreign country to extradite a suspect, but soon after his arrival, he discovers additional murder cases and hears about a vicious killer who has been committing crimes against tourists for several years.",8.6517,/wg9oh3IRDOkdDRRygBNO1ylXskQ.jpg,2022-05-18,False,False,7.336,463,"['Action', 'Crime', 'Thriller']"
False,/bYXYrMZeS792zS87xD9ySUALVgK.jpg,"[18, 35]",297090,The Torture Club,ja,ちょっとかわいいアイアンメイデン,"The ""Torture Club"" is an official after-school activity at the private school Saint Honesty Gakuen. Yuzuki has no idea about the club when she enrolls, and gets abducted by the club members and hauled off the club-room. There, she finds out that upper-class student Aoi, her secret idol, is in the club, and decides to join, but…",8.6517,/hkK8JqGZa48jk9iaQBIyefGcqUo.jpg,2014-07-19,False,False,5.2,51,"['Drama', 'Comedy']"
False,/fIriCG54pJZoMGvoHHLCPn5y7Cx.jpg,"[53, 18]",50839,Margin Call,en,Margin Call,"Set in the high-stakes world of the financial industry, involving the key players at an investment firm during one perilous 24-hour period in the early stages of the 2008 financial crisis. An entry-level analyst unlocks information that could prove to be the downfall of the firm.",8.6442,/xNXYXJ3XNC9o5wxDF2ImZ9b2es.jpg,2011-09-28,False,False,6.855,2182,"['Thriller', 'Drama']"
False,/tleIOY1MS8DIe6v7x6gg7lRCOfA.jpg,"[16, 35, 10751, 12]",774825,The Ice Age Adventures of Buck Wild,en,The Ice Age Adventures of Buck Wild,The fearless one-eyed weasel Buck teams up with mischievous possum brothers Crash & Eddie as they head off on a new adventure into Buck's home: The Dinosaur World.,8.6403,/9ginbMWmt9y7PIHW1c9hnbIVWPm.jpg,2022-01-28,False,False,6.5,1874,"['Animation', 'Comedy', 'Family', 'Adventure']"
False,/97i5zrV5Kmhi3NYJ7PzcfHmMNx8.jpg,"[16, 35, 80, 10751, 9648]",10982,Hoodwinked!,en,Hoodwinked!,"Little Red Riding Hood: A classic story, but there's more to every tale than meets the eye. Before you judge a book by its cover, you've got to flip through the pages. In the re-telling of this classic fable, the story begins at the end of the tale and winds its way back. Chief Grizzly and Detective Bill Stork investigate a domestic disturbance at Granny's cottage, involving a karate-kicking Red Riding Hood, a sarcastic wolf and an oafish Woodsman.",8.6377,/kwPl1AKX4BLxrh5PCkrwYWeEV5I.jpg,2005-12-16,False,False,6.309,1978,"['Animation', 'Comedy', 'Crime', 'Family', 'Mystery']"
False,/gvaeY5kz3wHrMU6xLdnybziwYXw.jpg,"[80, 18, 53]",184,Jackie Brown,en,Jackie Brown,"Jackie Brown is a flight attendant who gets caught in the middle of smuggling cash into the country for her gunrunner boss. When the cops try to use Jackie to get to her boss, she hatches a plan — with help from a bail bondsman — to keep the money for herself.",8.6353,/rOUx7qg4KmEh1juEDwqzbDSL1Nr.jpg,1997-12-25,False,False,7.357,7111,"['Crime', 'Drama', 'Thriller']"
False,/5nhp41gx49vXjwXuDXJwQrRFsng.jpg,"[35, 10751, 14]",10719,Elf,en,Elf,"When young Buddy falls into Santa's gift sack on Christmas Eve, he's transported back to the North Pole and raised as a toy-making elf by Santa's helpers. But as he grows into adulthood, he can't shake the nagging feeling that he doesn't belong. Buddy vows to visit Manhattan and find his real dad, a workaholic.",8.6318,/oOleziEempUPu96jkGs0Pj6tKxj.jpg,2003-11-07,False,False,6.669,4679,"['Comedy', 'Family', 'Fantasy']"
False,/qifYc5jT4CZxmLH9DfOlipioSPp.jpg,"[12, 14]",2268,The Golden Compass,en,The Golden Compass,"In a parallel universe, after overhearing a shocking secret, precocious orphan Lyra Belacqua trades her carefree existence roaming the halls of Jordan College for an otherworldly adventure in the far North, unaware that it's part of her destiny.",8.6317,/6DTH9poR8RAw859L6OuokT7z993.jpg,2007-12-04,False,False,6.086,4933,"['Adventure', 'Fantasy']"
False,/3JgfNUCoN6pyXlO7wZOJ4PgQgW3.jpg,"[16, 27, 28, 878]",13648,Resident Evil: Degeneration,ja,バイオハザード：ディジェネレーション,"Leon S. Kennedy and Claire Redfield must battle a rogue warrior seeking revenge after unleashing the deadly G-Virus, whilst a mutated monster goes on a rampage.",8.6303,/1x5OaFOo38JAwR5yXxeuvQg3VWH.jpg,2008-02-13,False,False,6.804,1197,"['Animation', 'Horror', 'Action', 'Science Fiction']"
False,/AfqYmTA3JUsyrFAVHoFyjyjG3Vl.jpg,"[28, 35, 53]",11665,Get Smart,en,Get Smart,"When members of the nefarious crime syndicate KAOS attack the U.S. spy agency Control and the identities of secret agents are compromised, the Chief has to promote hapless but eager analyst Maxwell Smart to field agent. He is partnered with veteran and capable Agent 99, the only spy whose cover remains intact. Can they work together to thwart the evil world-domination plans of KAOS and its crafty operative?",8.6277,/sZUjbtUS8qxXp4mj90evnqPJqX7.jpg,2008-06-19,False,False,6.218,4004,"['Action', 'Comedy', 'Thriller']"
False,/djwY73Uilfe7B8jKRmSuxjet9UF.jpg,"[27, 53]",301365,The Neon Demon,en,The Neon Demon,"When aspiring model Jesse moves to Los Angeles, her youth and vitality are devoured by a group of beauty-obsessed women who will take any means necessary to get what she has.",8.6272,/d93h9dHIez9zRg4ooG6o1ZiQ776.jpg,2016-06-08,False,False,6.49,4016,"['Horror', 'Thriller']"
False,/9hLE7hMDyIhtSfR6L7DJrsUzY2K.jpg,"[10749, 35]",1024452,French Girl,en,French Girl,"Sweet Gordon, an affable English teacher in Brooklyn, has beaten the odds; a French Girl has fallen in love with him and he’s fallen even harder back. But their future is thrown into limbo when she interviews for an executive chef position in her hometown of Quebec City. To Gordon’s dismay her future boss also happens to be her former lover, a celebrity Chef with oceanic eyes and a hit TV show. Good luck Gordon.",8.6261,/Bu1cgfaLOqELu11qRdmzYX6o6K.jpg,2024-03-15,False,False,6.222,126,"['Romance', 'Comedy']"
False,/3oHFSEr4TRnsyTxWGrmY8Xi2FrR.jpg,[18],590,The Hours,en,The Hours,"The story of three women searching for more potent, meaningful lives. Each is alive at a different time and place, all are linked by their yearnings and their fears. Their stories intertwine, and finally come together in a surprising, transcendent moment of shared recognition.",8.6258,/4myDtowDJQPQnkEDB1IWGtJR1Fo.jpg,2002-12-27,False,False,7.252,1908,['Drama']
False,/x2LTysjFSpeK0d40zHw6Lqd4oAH.jpg,"[12, 14, 10749, 10751]",2270,Stardust,en,Stardust,"In a countryside town bordering on a magical land, a young man makes a promise to his beloved that he'll retrieve a fallen star by venturing into the magical realm. His journey takes him into a world beyond his wildest dreams and reveals his true identity.",8.6246,/le1gPiqeWrCj5FkjBtcF9clFmdX.jpg,2007-08-10,False,False,7.294,4576,"['Adventure', 'Fantasy', 'Romance', 'Family']"
False,/zAfG4ZmpNfKSyr8MVn1CHjgYYXx.jpg,"[18, 36, 80]",292011,Richard Jewell,en,Richard Jewell,"Richard Jewell thinks quick, works fast, and saves hundreds, perhaps thousands, of lives after a domestic terrorist plants several pipe bombs and they explode during a concert, only to be falsely suspected of the crime by sloppy FBI work and sensational media coverage.",8.6234,/5Lgkm8jt4roAFPZQ52fKMhVmDaZ.jpg,2019-12-13,False,False,7.415,2798,"['Drama', 'History', 'Crime']"
False,/tukmcuDcTgFesqveQQWKhKXKEzg.jpg,"[10749, 35]",9767,The Break-Up,en,The Break-Up,"Pushed to the breaking-up point after their latest 'why can't you do this one little thing for me?' argument, Brooke calls it quits with her boyfriend Gary. What follows is a hilarious series of remedies, war tactics, overtures and undermining tricks – all encouraged by the former couple's friends and confidantes …and the occasional total stranger! When neither ex is willing to move out of their shared apartment, the only solution is to continue living as hostile roommates until one of them reaches breaking point.",8.6218,/ghCLIPRZNAndBoIZJ8f7lN5Mlly.jpg,2006-06-01,False,False,5.9,2900,"['Romance', 'Comedy']"
False,/jE5wVBRCGQzjHjvFUcYwGS4x0ux.jpg,"[12, 28, 53, 878]",14869,G.I. Joe: The Rise of Cobra,en,G.I. Joe: The Rise of Cobra,"From the Egyptian desert to deep below the polar ice caps, the elite G.I. JOE team uses the latest in next-generation spy and military equipment to fight the corrupt arms dealer Destro and the growing threat of the mysterious Cobra organization to prevent them from plunging the world into chaos.",8.62,/mc9b25IAprHfsaOz0wTshOwGHcY.jpg,2009-08-03,False,False,5.782,5024,"['Adventure', 'Action', 'Thriller', 'Science Fiction']"
False,/A9myIvZ8Jvq0kP32ynx6bC1jZZp.jpg,"[18, 27, 53]",10320,The Ring Two,en,The Ring Two,"After the ordeal with Samara, Rachel and Aiden move to a rural town. But soon Rachel learns about the death of a girl in a similar fashion. To save Aiden, she must dig into Samara's past even further.",8.6199,/bHbz7z2pecTawhkqLpuC2m0qywe.jpg,2005-03-10,False,False,5.761,2521,"['Drama', 'Horror', 'Thriller']"
False,/kCW0C3Bv5IsasICx3StdNEejfB5.jpg,"[35, 80]",37137,The Naked Gun 2½: The Smell of Fear,en,The Naked Gun 2½: The Smell of Fear,"Bumbling lieutenant Frank Drebin is out to foil the big boys in the energy industry, who intend to suppress technology that will put them out of business.",8.6197,/v9niLQWVzVPB1cP1ThNdEaLZG1Q.jpg,1991-06-28,False,False,6.821,2872,"['Comedy', 'Crime']"
False,/fLTd0VxpijUt6Hm1QM2ehLpWPeu.jpg,"[27, 35]",11932,Bride of Chucky,en,Bride of Chucky,"For ten years, the tortured soul of serial killer Charles Lee Ray has been imprisoned inside a child's doll. Chucky is reborn when his old flame, Tiffany, rescues his battered doll parts from a police impound. But Chucky wants his new playmate cut down to size, so he transforms his blushing bride into a stunning little terror. Chucky and Tiffany can't wait to start their own homicidal honeymoon. When this demonic duo hits the road and hooks up with a pair of unsuspecting newlyweds, they leave a trail of murder and mayhem behind them. Chucky's back!",8.6161,/yaIPNOcC7ZRuwH3maNwP9qzIo5G.jpg,1998-10-15,False,False,6.1,2161,"['Horror', 'Comedy']"
False,/kTDunJrHYsH6o1wmD6iT4wXkuHo.jpg,[27],7978,The Wolfman,en,The Wolfman,"Lawrence Talbot, an American man on a visit to Victorian London to make amends with his estranged father, gets bitten by a werewolf and, after a moonlight transformation, leaves him with a savage hunger for flesh.",8.6159,/fQqPoAHvHicie1ttuiV2q0yv9V7.jpg,2010-02-10,False,False,5.899,2243,['Horror']
False,/Jghbo8U2XkmGjCfKD9NiMM70ha.jpg,"[16, 10751]",13700,Home on the Range,en,Home on the Range,"When a greedy outlaw schemes to take possession of the ""Patch Of Heaven"" dairy farm, three determined cows, a karate-kicking stallion and a colorful corral of critters join forces to save their home. The stakes are sky-high as this unlikely animal alliance risk their hides and match wits with a mysterious band of bad guys.",8.6138,/cgKnkbO3fNWwKc9qLyLYdeZQ9Vj.jpg,2004-04-02,False,False,6.068,2210,"['Animation', 'Family']"
False,/2eznGndOi8s9CGReAvcQ8PEULwm.jpg,[37],5176,3:10 to Yuma,en,3:10 to Yuma,"In Arizona in the late 1800s, infamous outlaw Ben Wade and his vicious gang of thieves and murderers have plagued the Southern Railroad. When Wade is captured, Civil War veteran Dan Evans, struggling to survive on his drought-plagued ranch, volunteers to deliver him alive to the ""3:10 to Yuma"", a train that will take the killer to trial.",8.6073,/voMB69AsLnPNmtfbrBl0lbeFKDH.jpg,2007-09-06,False,False,7.2,4179,['Western']
False,/k63j5qexRlpD3wxzETKfuZRVWiT.jpg,"[35, 10749, 14]",9007,Just Like Heaven,en,Just Like Heaven,"Shortly after David Abbott moves into his new San Francisco digs, he has an unwelcome visitor on his hands: winsome Elizabeth Masterson, who asserts that the apartment is hers -- and promptly vanishes. When she starts appearing and disappearing at will, David thinks she's a ghost, while Elizabeth is convinced she's alive.",8.605,/2cLbyVNhEEaUJGg7rfbLtX6454I.jpg,2005-09-16,False,False,6.974,2644,"['Comedy', 'Romance', 'Fantasy']"
False,/iFSO0glqR8wydqaRl9KxQI63xEd.jpg,"[12, 35, 10751, 14]",62764,Mirror Mirror,en,Mirror Mirror,"After she spends all her money, an evil enchantress queen schemes to marry a handsome, wealthy prince. There's just one problem - he's in love with a beautiful princess, Snow White. Now, joined by seven rebellious dwarves, Snow White launches an epic battle of good vs. evil...",8.6033,/gzTSQUUuFrm5ndkIbOVibT797os.jpg,2012-03-15,False,False,5.921,3325,"['Adventure', 'Comedy', 'Family', 'Fantasy']"
False,/a2pPepVPtKY7E4XEkT7W3ZxUOY5.jpg,"[35, 18]",580175,Another Round,da,Druk,Four stagnant high school teachers decide to test out a theory that maintaining a constant level of intoxication will improve their overall lives.,8.5965,/aDcIt4NHURLKnAEu7gow51Yd00Q.jpg,2020-09-24,False,False,7.628,3918,"['Comedy', 'Drama']"
False,/n19KqpP6iBwTQzE2DORnktbSdwa.jpg,"[10749, 35]",50544,Friends with Benefits,en,Friends with Benefits,Dylan is done with relationships. Jamie decides to stop buying into the Hollywood clichés of true love. When the two become friends they decide to try something new and take advantage of their mutual attraction - but without any emotional attachment.,8.5907,/nKhhDFCdzxeJ3GUunQ570LDpUkz.jpg,2011-07-21,False,False,6.638,8516,"['Romance', 'Comedy']"
False,/bsYv9IFIGfpAV0oUbe7YTiyxhox.jpg,"[35, 18, 10749]",83666,Moonrise Kingdom,en,Moonrise Kingdom,"Set on an island off the coast of New England in the summer of 1965, Moonrise Kingdom tells the story of two twelve-year-olds who fall in love, make a secret pact, and run away together into the wilderness. As various authorities try to hunt them down, a violent storm is brewing off-shore – and the peaceful island community is turned upside down in more ways than anyone can handle.",8.5867,/y4SXcbNl6CEF2t36icuzuBioj7K.jpg,2012-05-16,False,False,7.7,6472,"['Comedy', 'Drama', 'Romance']"
False,/w2Z2iBc11pNaNAVFYQOet6lFKom.jpg,"[53, 18, 10749]",287649,Scarlet Innocence,ko,마담 뺑덕,"A university professor gradually succumbing to blindness is entranced by an obsessive love, in this modern-day adaptation of a classic Korean fairy tale.",8.5838,/yxkDIJC6cX9MnnM87rEzYHswWxs.jpg,2014-10-02,False,False,6.1,71,"['Thriller', 'Drama', 'Romance']"
False,/v2YxWPX2yKdo6arIAknJzKLxhZY.jpg,"[878, 12, 53]",9341,The Core,en,The Core,"Geophysicist Dr. Josh Keyes discovers that an unknown force has caused the earth's inner core to stop rotating. With the planet's magnetic field rapidly deteriorating, our atmosphere literally starts to come apart at the seams with catastrophic consequences. To resolve the crisis, Keyes, along with a team of the world's most gifted scientists, travel into the earth's core. Their mission: detonate a device that will reactivate the core.",8.5832,/iMPR3OFhKNVvJw4eZoRhf9RzfHJ.jpg,2003-03-28,False,False,5.848,2247,"['Science Fiction', 'Adventure', 'Thriller']"
False,/96sS0woEzf0zFSWjHVblOhsBfGd.jpg,"[18, 10749]",522924,The Art of Racing in the Rain,en,The Art of Racing in the Rain,"A family dog – with a near-human soul and a philosopher's mind – evaluates his life through the lessons learned by his human owner, a race-car driver.",8.5812,/mi5VN4ww0JZgRFJIaPxxTGKjUg7.jpg,2019-08-08,False,False,8.157,1724,"['Drama', 'Romance']"
False,/70tmPOoCJCciWaM1vDvXAi4w3Bc.jpg,"[28, 18, 9648, 53]",8834,Conspiracy Theory,en,Conspiracy Theory,"A man obsessed with conspiracy theories becomes a target after one of his theories turns out to be true. Unfortunately, in order to save himself, he has to figure out which theory it is.",8.5764,/sTyTKZVikQU6g50HE8HR1tBSRxj.jpg,1997-08-08,False,False,6.6,1717,"['Action', 'Drama', 'Mystery', 'Thriller']"
False,/59AJ2w9tKRSbBpnxKfB5UyIg6Jf.jpg,"[27, 53]",1010600,The Strangers: Chapter 1,en,The Strangers: Chapter 1,"After their car breaks down in an eerie small town, a young couple are forced to spend the night in a remote cabin. Panic ensues as they are terrorized by three masked strangers who strike with no mercy and seemingly no motives.",8.5708,/oYsCNpW4k7Pd7ac3uQfBhr2ihtW.jpg,2024-05-15,False,False,5.7,834,"['Horror', 'Thriller']"
False,/7KsqfXDECZMryX1Rv4RKsT7SIjQ.jpg,"[28, 35, 80, 53]",390043,The Hitman's Bodyguard,en,The Hitman's Bodyguard,"The world’s top bodyguard gets a new client, a hitman who must testify at the International Court of Justice. They must put their differences aside and work together to make it to the trial on time.",8.566,/5CGjlz2vyBhW5xHW4eNOZIdgzYq.jpg,2017-08-16,False,False,6.895,6813,"['Action', 'Comedy', 'Crime', 'Thriller']"
False,/viGCwLxupyoaLsa6hrnu1gYrB0B.jpg,[18],406,La Haine,fr,La Haine,"After a chaotic night of rioting in a marginal suburb of Paris, three young friends, Vinz, Hubert and Saïd, wander around unoccupied waiting for news about the state of health of a mutual friend who has been seriously injured when confronting the police.",8.5651,/hY4exng4s29RzDbtQInjx9MA3PZ.jpg,1995-05-31,False,False,8.082,4695,['Drama']
False,/wP0NGOGf2PG4lHXHWEqFW0kBOye.jpg,"[10402, 18]",799766,Better Man,en,Better Man,"Follow Robbie Williams' journey from childhood, to being the youngest member of chart-topping boyband Take That, through to his unparalleled achievements as a record-breaking solo artist – all the while confronting the challenges that stratospheric fame and success can bring.",8.5627,/fbGCmMp0HlYnAPv28GOENPShezM.jpg,2024-12-06,False,False,7.621,924,"['Music', 'Drama']"
False,/pMBKzEotLUzk3NuQiyVjZEDlH70.jpg,"[18, 10402, 10749]",69,Walk the Line,en,Walk the Line,"A chronicle of country music legend Johnny Cash's life, from his early days on an Arkansas cotton farm to his rise to fame with Sun Records in Memphis, where he recorded alongside Elvis Presley, Jerry Lee Lewis and Carl Perkins.",8.5604,/zMkD6FVikyPNnigoupO7vD5ti9p.jpg,2005-09-13,False,False,7.5,3216,"['Drama', 'Music', 'Romance']"
False,/fra7Gk8xHPWaY4g8p6ue0o2yKOJ.jpg,"[28, 80, 53]",26389,From Paris with Love,en,From Paris with Love,"James Reese has a good job as an ambassador's aid in France, but his real passion is a side gig—working in a minor role in the CIA. He would love to be a full-fledged agent and can't believe his luck when he lands an assignment with Charlie Wax. Trigger-happy Charlie soon has James crying for his desk job, but when he learns that the same guys they're trying to catch are after him, James realises that Charlie may be his only hope of survival.",8.5587,/poVoLKLxUqsTLSntA40Po2F78dZ.jpg,2010-02-04,False,False,6.472,2451,"['Action', 'Crime', 'Thriller']"
False,/ArpTzQZHWh4UVsgUvV6S7WjTq1n.jpg,"[18, 35]",4995,Boogie Nights,en,Boogie Nights,"In 1977, an idealistic porn producer and his promising protege try to catch up with the end of an era before their never-ending party collides with cold, hard reality.",8.5534,/2hVSN9yOfoI8EUTqcVW6zCIyQ1G.jpg,1997-10-07,False,False,7.636,3695,"['Drama', 'Comedy']"
False,/47SVqaO02doJ06tOmrjiWDkwU3T.jpg,"[28, 53]",927107,The Bricklayer,en,The Bricklayer,"Someone is blackmailing the CIA by assassinating foreign journalists and making it look like the agency is responsible. As the world begins to unite against the U.S., the CIA must lure its most brilliant – and rebellious – operative out of retirement, forcing him to confront his checkered past while unraveling an international conspiracy.",8.5504,/36pYugctLa70NmwMEgXTR1G31Kq.jpg,2023-12-14,False,False,5.8,411,"['Action', 'Thriller']"
False,/5XaXMFgcecAzAtfOCu7WlHhQJRK.jpg,"[10749, 35]",1319504,Boot Camp,en,Un été pour tout changer,Unathletic Whitney Carmichael signs up for an intense summer boot camp to reinvent herself and falls for her personal trainer. She then finds the strength to embrace her true self and ignore the others' expectations.,8.548,/nQ5q2QhlekcUFrU2fWXCGJMVHRO.jpg,2024-08-02,False,False,6.125,60,"['Romance', 'Comedy']"
False,/oC198kEoJIctNCxtFYBzydKULmN.jpg,"[27, 9648, 53]",1041613,Immaculate,en,Immaculate,"An American nun embarks on a new journey when she joins a remote convent in the Italian countryside. However, her warm welcome quickly turns into a living nightmare when she discovers her new home harbours a sinister secret and unspeakable horrors.",8.548,/zyopv7D5j7cfswG0NYiA14qAdPC.jpg,2024-03-20,False,False,6.208,1717,"['Horror', 'Mystery', 'Thriller']"
False,/tfCNMP37jRX3TOetuce7FLkxNKa.jpg,"[53, 878, 9648]",619730,Don't Worry Darling,en,Don't Worry Darling,"Alice and Jack are lucky to be living in the idealized community of Victory, the experimental company town housing the men who work for the top-secret Victory Project and their families. But when cracks in their idyllic life begin to appear, exposing flashes of something much more sinister lurking beneath the attractive façade, Alice can’t help questioning exactly what they’re doing in Victory, and why.",8.5455,/wjAJWfuE5OQm5zerlOAbTxdHFMV.jpg,2022-09-21,False,False,6.8,3073,"['Thriller', 'Science Fiction', 'Mystery']"
False,/4QBI1pdjr2hH1fgC8NqwZZnWNso.jpg,"[10749, 35, 18]",138697,Don Jon,en,Don Jon,"A New Jersey guy dedicated to his family, friends, and church, develops unrealistic expectations from watching porn and works to find happiness and intimacy with his potential true love.",8.5383,/uh8bwvgGXeUKzdL4oSul9zxyTcd.jpg,2013-09-12,False,False,6.019,4677,"['Romance', 'Comedy', 'Drama']"
False,/o2wYH40zW0JIYiYUTu6L4gsNy7E.jpg,"[878, 12, 28]",1979,Fantastic Four: Rise of the Silver Surfer,en,Fantastic Four: Rise of the Silver Surfer,"The Fantastic Four return to the big screen as a new and all powerful enemy threatens the Earth. The seemingly unstoppable 'Silver Surfer', but all is not what it seems and there are old and new enemies that pose a greater threat than the intrepid superheroes realize.",8.5351,/pyk3c1a4U6nxRJPljPQbP8elTSU.jpg,2007-06-13,False,False,5.636,8575,"['Science Fiction', 'Adventure', 'Action']"
False,/505LZxTJd2o7BqpispO427M9bPI.jpg,"[53, 28, 878]",9349,Universal Soldier,en,Universal Soldier,"An American soldier who had been killed during the Vietnam War is revived 25 years later by the military as a semi-android, UniSols, a high-tech soldier of the future. After the failure of the initiative to erase all the soldier's memories, he begins to experience flashbacks that are forcing him to recall his past.",8.5306,/fp0mWrHl1SW9PhP8QcsgYPoVYFc.jpg,1992-07-10,False,False,6.352,1993,"['Thriller', 'Action', 'Science Fiction']"
False,/sbVKj98cq0FztCukzu47bu0H8o7.jpg,"[18, 36]",152532,Dallas Buyers Club,en,Dallas Buyers Club,"Loosely based on the true-life tale of Ron Woodroof, a drug-taking, women-loving, homophobic man who in 1986 was diagnosed with HIV/AIDS and given thirty days to live.",8.5302,/7Fdh7gUq3plvQqxRbNYhWvDABXA.jpg,2013-11-01,False,False,7.905,9270,"['Drama', 'History']"
False,/51UDa3IuGyiKGe2MgMcLGvJE2Fm.jpg,"[53, 80, 18]",1213,The Talented Mr. Ripley,en,The Talented Mr. Ripley,"Tom Ripley is a calculating young man who believes it's better to be a fake somebody than a real nobody. Opportunity knocks in the form of a wealthy U.S. shipbuilder who hires Tom to travel to Italy to bring back his playboy son, Dickie. Ripley worms his way into the idyllic lives of Dickie and his girlfriend, plunging into a daring scheme of duplicity, lies and murder.",8.5298,/6ojHgqtIR41O2qLKa7LFUVj0cZa.jpg,1999-12-25,False,False,7.196,4289,"['Thriller', 'Crime', 'Drama']"
False,/12RXkIWUXwOHXgAmlxJNIWRGrri.jpg,"[37, 35, 18]",537996,The Ballad of Buster Scruggs,en,The Ballad of Buster Scruggs,"Vignettes weaving together the stories of six individuals in the old West at the end of the Civil War. Following the tales of a sharp-shooting songster, a wannabe bank robber, two weary traveling performers, a lone gold prospector, a woman traveling the West to an uncertain future, and a motley crew of strangers undertaking a carriage ride.",8.5289,/voxl654m7p36y8FLu8oQD7dfwwK.jpg,2018-11-09,False,False,7.132,4566,"['Western', 'Comedy', 'Drama']"
False,/i3IOqOFdAdjw0ebQXkIevybkkNF.jpg,"[12, 35, 878]",7453,The Hitchhiker's Guide to the Galaxy,en,The Hitchhiker's Guide to the Galaxy,"Mere seconds before the Earth is to be demolished by an alien construction crew, Arthur Dent is swept off the planet by his friend Ford Prefect, a researcher penning a new edition of ""The Hitchhiker's Guide to the Galaxy.""",8.5273,/4fOFbNMjq708CQ7ou71by6rI6wZ.jpg,2005-04-28,False,False,6.69,4368,"['Adventure', 'Comedy', 'Science Fiction']"
False,/ijmKdhQQ86L18ZUywjHjM7h7YgO.jpg,"[14, 35, 10751]",11283,Nanny McPhee,en,Nanny McPhee,"Widower Cedric Brown hires Nanny McPhee to care for his seven rambunctious children, who have chased away all previous nannies. Taunted by Simon and his siblings, Nanny McPhee uses mystical powers to instill discipline. And when the children's great-aunt and benefactor, Lady Adelaide Stitch, threatens to separate the kids, the family pulls together under the guidance of Nanny McPhee.",8.5262,/8tommndfI0W62teXwSmXdmVZ7gz.jpg,2005-10-21,False,False,6.7,3279,"['Fantasy', 'Comedy', 'Family']"
False,/4t8IXJF4umwCfbdpeKLvlN3zkKp.jpg,"[10749, 18]",1100099,We Live in Time,en,We Live in Time,"An up-and-coming chef and a recent divorcée find their lives forever changed when a chance encounter brings them together, in a decade-spanning, deeply moving romance.",8.5256,/oeDNBgnlGF6rnyX1P1K8Vl2f3lW.jpg,2024-10-10,False,False,7.2,1392,"['Romance', 'Drama']"
False,/buspsNeIGOAznaYQsnGDmQLZakW.jpg,"[878, 28]",44943,Battle: Los Angeles,en,Battle: Los Angeles,"When once distant UFOs become a terrifying threat and an alien invasion force begins attacking Earths major costal and riverside cities, a U.S Marine staff sergeant and his team are sent into battle only to find they must take it upon themselves to defeat an unknown enemy and protect what remains of Los Angeles.",8.5249,/jloyGeVYZSxM9zsLFvVOWuj2ey4.jpg,2011-03-08,False,False,5.829,3845,"['Science Fiction', 'Action']"
False,/cVfaHnjOOS5qX8z10qnBsslq2Oi.jpg,"[10751, 12, 14, 18]",8204,The Spiderwick Chronicles,en,The Spiderwick Chronicles,"Upon moving into the run-down Spiderwick Estate with their mother, twin brothers Jared and Simon Grace, along with their sister Mallory, find themselves pulled into an alternate world full of faeries and other creatures.",8.5233,/uN7MUMaCXfa8DbMMp61A8iXEcEG.jpg,2008-02-14,False,False,6.704,2945,"['Family', 'Adventure', 'Fantasy', 'Drama']"
False,/g0YNGpmlXsgHfhGnJz3c5uyzZ1B.jpg,"[80, 18, 53]",597208,Nightmare Alley,en,Nightmare Alley,An ambitious carnival man with a talent for manipulating people with a few well-chosen words hooks up with a female psychologist who is even more dangerous than he is.,8.5224,/vfn1feL0V9HNSXuLLpaxAW8O6LO.jpg,2021-12-02,False,False,6.939,3487,"['Crime', 'Drama', 'Thriller']"
False,/pEhXq18GVe1dg2ltplcxtGWfSje.jpg,"[28, 878, 12, 53]",72559,G.I. Joe: Retaliation,en,G.I. Joe: Retaliation,"Framed for crimes against the country, the G.I. Joe team is terminated by Presidential order. This forces the G.I. Joes into not only fighting their mortal enemy Cobra; they are forced to contend with threats from within the government that jeopardize their very existence.",8.5188,/3rWIZMzTKcCtV0eHJ70Z4Ru659f.jpg,2013-03-27,False,False,5.664,5876,"['Action', 'Science Fiction', 'Adventure', 'Thriller']"
False,/j3snmrxqxT60FrH1Z8i54fGnHZJ.jpg,"[35, 18, 10751]",196867,Annie,en,Annie,"Annie is a young, happy foster kid who's also tough enough to make her way on the streets of New York in 2014. Originally left by her parents as a baby with the promise that they'd be back for her someday, it's been a hard knock life ever since with her mean foster mom Miss Hannigan. But everything's about to change when the hard-nosed tycoon and New York mayoral candidate Will Stacks—advised by his brilliant VP and his shrewd and scheming campaign advisor—makes a thinly-veiled campaign move and takes her in. Stacks believes he's her guardian angel, but Annie's self-assured nature and bright, sun-will-come-out-tomorrow outlook on life just might mean it's the other way around.",8.5146,/aKAM9V0izx4VhsdyAdBvAB26UCZ.jpg,2014-12-18,False,False,6.24,1381,"['Comedy', 'Drama', 'Family']"
False,/yUjc0QIKJe0kyzjQ7Ky6dKRasv1.jpg,[35],291870,Dirty Grandpa,en,Dirty Grandpa,"Jason Kelly is one week away from marrying his boss's uber-controlling daughter, putting him on the fast track for a partnership at the law firm. However, when the straight-laced Jason is tricked into driving his foul-mouthed grandfather, Dick, to Daytona for spring break, his pending nuptials are suddenly in jeopardy. Between riotous frat parties, bar fights, and an epic night of karaoke, Dick is on a quest to live his life to the fullest and bring Jason along for the ride.",8.5137,/k0Lz1TfSlbcQthQKYGwE7blDfwN.jpg,2016-01-20,False,False,5.9,4668,['Comedy']
False,/tO1wEUOSmZLyttwkhOMzUxTiR7k.jpg,"[18, 12, 28, 53]",2133,The Perfect Storm,en,The Perfect Storm,"In October 1991, a confluence of weather conditions combined to form a killer storm in the North Atlantic. Caught in the storm was the sword-fishing boat Andrea Gail.",8.5136,/vJPoxqgpfFNbGi0HyoNsjFeLCio.jpg,2000-06-29,False,False,6.49,2658,"['Drama', 'Adventure', 'Action', 'Thriller']"
False,/8FbbcmwmpGd7brfiC7f7lWFNGdi.jpg,"[18, 36]",314365,Spotlight,en,Spotlight,"The true story of how the Boston Globe uncovered the massive scandal of child molestation and cover-up within the local Catholic Archdiocese, shaking the entire Catholic Church to its core.",8.5112,/8DPGG400FgaFWaqcv11n8mRd2NG.jpg,2015-11-06,False,False,7.812,8967,"['Drama', 'History']"
False,/h1bNQ2MZzKLuKa7N0nOuSXlgMwT.jpg,"[18, 53, 10752]",2253,Valkyrie,en,Valkyrie,"Wounded in Africa during World War II, Nazi Col. Claus von Stauffenberg returns to his native Germany and joins the Resistance in a daring plan to create a shadow government and assassinate Adolf Hitler. When events unfold so that he becomes a central player, he finds himself tasked with both leading the coup and personally killing the Führer.",8.5089,/8eoRtXswC8IQDsqW7iJWO56NhAv.jpg,2008-12-25,False,False,7.0,4204,"['Drama', 'Thriller', 'War']"
False,/jw4SNkaSgbrO7VJPsZUZqbBg1Ph.jpg,"[12, 18]",618588,Arthur the King,en,Arthur the King,"Over the course of ten days and 435 miles, an unbreakable bond is forged between pro adventure racer Michael Light and a scrappy street dog companion dubbed Arthur. As the team is pushed to their outer limits of endurance in the race, Arthur redefines what victory, loyalty and friendship truly mean.",8.5077,/zkKB3kOun5DKAkm61pHvLbrjxfa.jpg,2024-02-22,False,False,7.537,988,"['Adventure', 'Drama']"
False,/9Er1TPFQg2N4yBJQnkJAwoiiE6A.jpg,"[18, 53]",773543,Fib the Truth,ru,Соври мне правду,"A couple in love spends time away from civilization, but the sudden arrivals of the younger sister and then the girl's ex-boyfriend violate the country idyll.",8.5074,/fPUI4KHQKggOdJg9YIBCFEecuU5.jpg,2021-09-09,False,False,5.769,93,"['Drama', 'Thriller']"
False,/fRT76SSQzAuZljogpsWyKphUxYX.jpg,"[18, 28]",296524,Deepwater Horizon,en,Deepwater Horizon,"A story set on the offshore drilling rig Deepwater Horizon, which exploded during April 2010 and created the worst oil spill in U.S. history.",8.5047,/jgBIYCZACe3iaS9TL2XzVGkO5p5.jpg,2016-09-28,False,False,6.901,5036,"['Drama', 'Action']"
False,/e7tMI0zVKJB2TS74TaBifIZIkCp.jpg,"[27, 35]",338967,Zombieland: Double Tap,en,Zombieland: Double Tap,"Columbus, Tallahassee, Wichita, and Little Rock move to the American heartland as they face off against evolved zombies, fellow survivors, and the growing pains of the snarky makeshift family.",8.5019,/dtRbVsUb5O12WWO54SRpiMtHKC0.jpg,2019-10-09,False,False,6.89,6426,"['Horror', 'Comedy']"
False,/1GAEBLa8EmA9d8l0s8gHB2zxWLq.jpg,"[12, 18, 10751]",9036,Eight Below,en,Eight Below,"In the Antarctic, after an expedition with Dr. Davis McClaren, the sled dog trainer Jerry Shepherd has to leave the polar base with his colleagues due to the proximity of a heavy snow storm. He ties his dogs to be rescued after, but the mission is called-off and the dogs are left alone at their own fortune. For six months, Jerry tries to find a sponsor for a rescue mission.",8.5006,/39hR806Me4wI42LCFcK2LBiCRGW.jpg,2006-02-17,False,False,7.0,1863,"['Adventure', 'Drama', 'Family']"
False,/kbxk09QgBJfJjnp66ey3JCEshKf.jpg,"[18, 10749]",23169,Remember Me,en,Remember Me,"Still reeling from a heartbreaking family event and his parents' subsequent divorce, Tyler Hawkins discovers a fresh lease on life when he meets Ally Craig, a gregarious beauty who witnessed her mother's death. But as the couple draws closer, the fallout from their separate tragedies jeopardizes their love.",8.5001,/j7umuMiLCHvWT7wYhFKJOTFSokF.jpg,2010-03-11,False,False,7.096,3802,"['Drama', 'Romance']"
False,/h51DdjaDD2aPu1fLHsmpJaaJinS.jpg,"[80, 18, 53]",504172,The Mule,en,The Mule,"Earl Stone, a man in his eighties, is broke, alone, and facing foreclosure of his business when he is offered a job that simply requires him to drive. Easy enough, but, unbeknownst to Earl, he's just signed on as a drug courier for a Mexican cartel. He does so well that his cargo increases exponentially, and Earl hit the radar of hard-charging DEA agent Colin Bates.",8.4984,/vkOfx5meJvFb4qmAJU7j6v8IIpZ.jpg,2018-12-14,False,False,6.871,5476,"['Crime', 'Drama', 'Thriller']"
False,/y9zcjxEilWr44c4vJbEaLTgE0Uw.jpg,"[878, 18, 10749]",31011,Mr. Nobody,en,Mr. Nobody,"Nemo Nobody leads an ordinary existence with his wife and 3 children; one day, he wakes up as a mortal centenarian in the year 2092.",8.4971,/qNkIONc4Rgmzo23ph7qWp9QfVnW.jpg,2009-11-06,False,False,7.785,6363,"['Science Fiction', 'Drama', 'Romance']"
False,/g0mnDaIyPg8N7MEIcv43UrMJncU.jpg,"[80, 18, 9648]",4771,Gone Baby Gone,en,Gone Baby Gone,"When 4 year old Amanda McCready disappears from her home and the police make little headway in solving the case, the girl's aunt, Beatrice McCready hires two private detectives, Patrick Kenzie and Angie Gennaro. The detectives freely admit that they have little experience with this type of case, but the family wants them for two reasons—they're not cops and they know the tough neighborhood in which they all live.",8.4963,/5BXDhjKZ4AL9VPxcygdG3oL60GP.jpg,2007-09-18,False,False,7.305,4314,"['Crime', 'Drama', 'Mystery']"
False,/b4sEuxxATT62LUkhEzmbIFkP73i.jpg,"[28, 53]",136418,Hummingbird,en,Hummingbird,"Homeless and on the run from a military court martial, a damaged ex-special forces soldier navigating London's criminal underworld seizes an opportunity to assume another man's identity, transforming into an avenging angel in the process.",8.4932,/m1EVOMMeCD75bBUPTfejSPzGDrb.jpg,2013-05-07,False,False,6.176,1924,"['Action', 'Thriller']"
False,/KBe9fHU5rVg4daoKnFwl1Cbc28.jpg,"[12, 14, 18]",58595,Snow White and the Huntsman,en,Snow White and the Huntsman,"After the Evil Queen marries the King, she performs a violent coup in which the King is murdered and his daughter, Snow White, is taken captive. Almost a decade later, a grown Snow White is still in the clutches of the Queen. In order to obtain immortality, The Evil Queen needs the heart of Snow White. After Snow escapes the castle, the Queen sends the Huntsman to find her in the Dark Forest.",8.4925,/8HUa5kRubYbnAD5UVpnhTGGgMTW.jpg,2012-05-30,False,False,5.982,8359,"['Adventure', 'Fantasy', 'Drama']"
False,/tVoWbAAfTDIhTeo78SbA2V6mv8E.jpg,"[35, 10751]",14306,Marley & Me,en,Marley & Me,"A newly married couple, in the process of starting a family, learn many of life's important lessons from their trouble-loving retriever, Marley. Packed with plenty of laughs to lighten the load, the film explores the highs and lows of marriage, maturity and confronting one's own mortality, as seen through the lens of family life with a dog.",8.4887,/pnB6hjTKylb0Ve2nUWt16gzkErr.jpg,2008-12-25,False,False,7.2,4874,"['Comedy', 'Family']"
False,/tjdjDn10yDK5R7b6HdwtTASqwmE.jpg,"[80, 18, 53]",27579,The American,en,The American,"Dispatched to a small Italian town to await further orders, assassin Jack embarks on a double life that may be more relaxing than is good for him.",8.4854,/5OEOsRaBsSxD0qBtAhus0iKDzr.jpg,2010-08-31,False,False,6.009,1565,"['Crime', 'Drama', 'Thriller']"
False,/pBje8Zw42aEy7E2IxrCIw9jM4qC.jpg,"[53, 28, 80]",8068,Desperado,en,Desperado,"El Mariachi plunges headfirst into the dark border underworld when he follows a trail of blood to the last of the infamous Mexican drug lords, Bucho, for an action-packed, bullet-riddled showdown. With the help of his friend and a beautiful bookstore owner, El Mariachi tracks Bucho, takes on his army of desperados, and leaves his own trail of blood.",8.4805,/e3gwpBeXpvGZsxUya9zNym5QXrw.jpg,1995-08-25,False,False,6.932,3242,"['Thriller', 'Action', 'Crime']"
False,/zdhICEDUlBTQ43fQMa2KJt8fDFX.jpg,"[12, 14, 28, 35, 10751]",18360,Night at the Museum: Battle of the Smithsonian,en,Night at the Museum: Battle of the Smithsonian,"Hapless museum night watchman Larry Daley must help his living, breathing exhibit friends out of a pickle now that they've been transferred to the archives at the Smithsonian Institution. Larry's (mis)adventures this time include close encounters with Amelia Earhart, Abe Lincoln and Ivan the Terrible.",8.4778,/l9yAQn6TyrA3gv5xZZkiMMoZsiw.jpg,2009-05-20,False,False,6.156,7444,"['Adventure', 'Fantasy', 'Action', 'Comedy', 'Family']"
False,/5rYnygKCkmqWuMv1O5yAnzGF8gV.jpg,"[12, 878, 28]",339964,Valerian and the City of a Thousand Planets,en,Valerian and the City of a Thousand Planets,"In the 28th century, Valerian and Laureline are special operatives charged with keeping order throughout the human territories. On assignment from the Minister of Defense, the two undertake a mission to Alpha, an ever-expanding metropolis where species from across the universe have converged over centuries to share knowledge, intelligence, and cultures. At the center of Alpha is a mysterious dark force which threatens the peaceful existence of the City of a Thousand Planets, and Valerian and Laureline must race to identify the menace and safeguard not just Alpha, but the future of the universe.",8.4776,/vlc95gl3PtrjxSEuM8RhTtSm2xU.jpg,2017-07-19,False,False,6.654,8208,"['Adventure', 'Science Fiction', 'Action']"
False,/dfSAFTqNLfB3YAs9Ppy13EUaNYI.jpg,"[28, 53, 80]",9257,S.W.A.T.,en,S.W.A.T.,"Hondo Harrelson recruits Jim Street to join an elite unit of the Los Angeles Police Department. Together they seek out more members, including tough Deke Kay and single mom Chris Sanchez. The team's first big assignment is to escort crime boss Alex Montel to prison. It seems routine, but when Montel offers a huge reward to anyone who can break him free, criminals of various stripes step up for the prize.",8.4764,/bf1tgM4V6NoMjOhejwaRMBKThTT.jpg,2003-08-08,False,False,6.16,2785,"['Action', 'Thriller', 'Crime']"
False,/vMaKc5PwdKIIBt5q7JQjfgyESYT.jpg,"[27, 9648]",19912,The Final Destination,en,The Final Destination,A horrifying premonition saves a young man and his friends from death during a racetrack accident but terrible fates await them nonetheless.,8.4726,/5vxXrr1MqGsT4NNeRITpfDnl4Rq.jpg,2009-08-26,False,False,5.611,4039,"['Horror', 'Mystery']"
False,/eM8qR3lOb48oz3SHX6E69npM37a.jpg,"[35, 18]",17202,Why Did I Get Married?,en,Why Did I Get Married?,"Eight married college friends plus one other non-friend (all of whom have achieved middle to upper class economic status) go to Colorado for their annual week-long reunion, but the mood shifts when one couple's infidelity comes to light. As secrets are revealed, each couple begins to question their own relationship.",8.4673,/9kmqgVuELTEoMt0dqRt3H48VcOM.jpg,2007-10-12,False,False,6.534,176,"['Comedy', 'Drama']"
False,/Y50RfoNVKIj9dSJavE8uBdN377.jpg,"[16, 35, 10751]",9408,Surf's Up,en,Surf's Up,"With a documentary crew in tow, Cody Maverick—a young surfer from Antarctica—travels to the pacific for his first professional competition. Determined to earn respect and live up to his idol, Big Z, Cody pushes himself to the limit. But all that changes when an encounter with a laid-back local forces him to rethink his values.",8.4636,/tTDsCVlDA8QR4Dc6t6nERfwl5z.jpg,2007-06-08,False,False,6.524,2827,"['Animation', 'Comedy', 'Family']"
False,/c8jufUMUxgY5cLFgOF3oNbNiHYj.jpg,"[12, 28, 35, 53]",8697,Who Am I?,cn,我是誰,"A group of covert CIA operatives trailing a potential new energy source are double-crossed by corrupt agent Morgan, who causes a helicopter crash in remote South Africa. The sole survivor, suffering severe amnesia, is nursed to recovery by a kindly native tribe who call him ""Whoami"" after the question he keeps asking. With the help of a mysterious reporter Christine, Whoami pieces together his past and tracks the turncoat agent and his criminal cohorts.",8.4629,/9YDKLbBmWGpxG5bO3TBawtNNOAr.jpg,1998-01-17,False,False,7.175,1040,"['Adventure', 'Action', 'Comedy', 'Thriller']"
False,/aA5B2OsN6rccwnhn8TEG4m4V3jI.jpg,"[80, 35]",1059064,The Instigators,en,The Instigators,"Rory and Cobby are unlikely partners thrown together for a heist. But when it goes awry, they team up with an unusual accomplice — Rory's therapist — to outrun police, backward bureaucrats, and a vengeful crime boss.",8.4558,/dnYWsIFDmygCjNg65rY3uBymx81.jpg,2024-08-02,False,False,6.137,689,"['Crime', 'Comedy']"
False,/8xyJcJnYbupkPPMvwTEJaUwjxDI.jpg,"[27, 53]",71672,Wrong Turn 4: Bloody Beginnings,en,Wrong Turn 4: Bloody Beginnings,"A group of friends take refuge in a deserted sanatorium after they are left stranded in a snowstorm. Later, the place becomes a death trap when man-eating cannibals surround them.",8.4522,/l1vD4GY7tlT420KJ3xWTzyQ2Aa9.jpg,2011-10-17,False,False,5.753,1262,"['Horror', 'Thriller']"
False,/2vDftymNaVXhRULlc2ZGHHDsdnD.jpg,[18],795514,The Fallout,en,The Fallout,"In the wake of a school tragedy, Vada, Mia and Quinton form a unique and dynamic bond as they navigate the never linear, often confusing journey to heal in a world that feels forever changed.",8.4492,/4ByHl9XRKR2iXbvF0ZilMRD1RcL.jpg,2021-03-17,False,False,7.489,1335,['Drama']
False,/26Ftg4S0uORiachoSFR59biJC9c.jpg,"[18, 28, 53, 80]",9869,Patriot Games,en,Patriot Games,"When CIA Analyst Jack Ryan interferes with an IRA assassination, a renegade faction targets Jack and his family as revenge.",8.445,/9IT7gnszrRthduYxCLqaIkM55Un.jpg,1992-06-04,False,False,6.682,1881,"['Drama', 'Action', 'Thriller', 'Crime']"
False,/6prkTmEEsB3f9hhKBzUePLe27b2.jpg,"[18, 36]",399404,Darkest Hour,en,Darkest Hour,"In May 1940, the fate of World War II hangs on Winston Churchill, who must decide whether to negotiate with Adolf Hitler or fight on knowing that it could mean the end of the British Empire.",8.4447,/xa6G3aKlysQeVg9wOb0dRcIGlWu.jpg,2017-11-22,False,False,7.354,5640,"['Drama', 'History']"
False,/5blbwmFZekM3ffqxDoveupJck5C.jpg,"[16, 10751, 35, 878]",20760,Lilo & Stitch 2: Stitch Has a Glitch,en,Lilo & Stitch 2: Stitch Has a Glitch,"Now, we find the rowdy extraterrestrial getting used to life with his new ʻohana. However, a malfunction in the ultimate creation of Dr. Jumba soon emerges, which reinstates his destructive programming and threatens to both ruin his friendship with Lilo and to short him out for good!",8.4436,/p2R4mhZcikWEBlqv80VfJ7M9xql.jpg,2005-08-22,False,False,6.7,1660,"['Animation', 'Family', 'Comedy', 'Science Fiction']"
False,/cDDyZ2qtBzNAepdTbgxKfFcxREl.jpg,"[80, 18, 53]",4147,Road to Perdition,en,Road to Perdition,"Mike Sullivan works as a hit man for crime boss John Rooney. Sullivan views Rooney as a father figure, however after his son is witness to a killing, Mike Sullivan finds himself on the run in attempt to save the life of his son and at the same time looking for revenge on those who wronged him.",8.4423,/loSpBeirRfTPJ3cMIqpQArstGhh.jpg,2002-07-12,False,False,7.362,4115,"['Crime', 'Drama', 'Thriller']"
False,/3ULzK4XTSC1wal11K7459fxnjjA.jpg,"[53, 27]",482373,Don't Breathe 2,en,Don't Breathe 2,"The Blind Man has been hiding out for several years in an isolated cabin and has taken in and raised a young girl orphaned from a devastating house fire. Their quiet life together is shattered when a group of criminals kidnap the girl, forcing the Blind Man to leave his safe haven to save her.",8.441,/aOu6PJVO9RyGAzdUwG6fupu0gpz.jpg,2021-08-12,False,False,6.973,2916,"['Thriller', 'Horror']"
False,/vxgnRbELXgcTSdby7bHR30XEE4f.jpg,"[16, 10751, 12, 35]",151960,Planes,en,Planes,"Dusty is a cropdusting plane who dreams of competing in a famous aerial race. The problem? He is hopelessly afraid of heights. With the support of his mentor Skipper and a host of new friends, Dusty sets off to make his dreams come true.",8.4391,/i2xgU0y0p77WTrB0oIkbpdaWq8R.jpg,2013-08-09,False,False,5.937,1875,"['Animation', 'Family', 'Adventure', 'Comedy']"
False,/vn9BFSlvwILE4wPUITi4XDD3fEK.jpg,"[14, 27, 12]",9954,The Covenant,en,The Covenant,Four young men who belong to a supernatural legacy are forced to battle a fifth power long thought to have died out. Another great force they must contend with is the jealousy and suspicion that threatens to tear them apart.,8.4342,/r6jbhgqKao3K3in4eftu7gqgMNH.jpg,2006-09-07,False,False,5.597,1134,"['Fantasy', 'Horror', 'Adventure']"
False,/lroojUACXVHdnjVYQXgts5IhqGr.jpg,[35],71552,American Reunion,en,American Reunion,"The characters we met a little more than a decade ago return to East Great Falls for their high school reunion. In one long-overdue weekend, they will discover what has changed, who hasn’t, and that time and distance can’t break the bonds of friendship.",8.434,/de5QBIdVR4dnkBZ4a0zjkS4lTg.jpg,2012-04-04,False,False,6.321,4807,['Comedy']
False,/mXmvN6drkdU1PWFF92AGklEVIa3.jpg,"[28, 12, 14]",274854,The Last Witch Hunter,en,The Last Witch Hunter,"The modern world holds many secrets, but by far the most astounding is that witches still live among us; vicious supernatural creatures intent on unleashing the Black Death upon the world and putting an end to the human race once and for all. Armies of witch hunters have battled this unnatural enemy for centuries, including Kaulder, a valiant warrior who many years ago slayed the all-powerful Witch Queen, decimating her followers in the process. In the moments right before her death, the Queen cursed Kaulder with immortality, forever separating him from his beloved wife and daughter. Today, Kaulder is the last living hunter who has spent his immortal life tracking down rogue witches, all the while yearning for his long-lost family.",8.4303,/dS9YdnJkxtKE2PKCSsxTaO7Jpf5.jpg,2015-10-21,False,False,6.027,3946,"['Action', 'Adventure', 'Fantasy']"
False,/ml8YBTJq7UkALfI022FWscCQuQW.jpg,"[14, 35]",642885,Hocus Pocus 2,en,Hocus Pocus 2,"29 years since the Black Flame Candle was last lit, the 17th-century Sanderson sisters are resurrected, and they are looking for revenge. Now it's up to three high school students to stop the ravenous witches from wreaking a new kind of havoc on Salem before dawn on All Hallow's Eve.",8.4277,/7ze7YNmUaX81ufctGqt0AgHxRtL.jpg,2022-09-27,False,False,7.132,1863,"['Fantasy', 'Comedy']"
False,/r4clWIxKeWoqrHspQP0XunuUmB7.jpg,"[28, 27, 53]",442249,The First Purge,en,The First Purge,"To push the crime rate below one percent for the rest of the year, the New Founding Fathers of America test a sociological theory that vents aggression for one night in one isolated community. But when the violence of oppressors meets the rage of the others, the contagion will explode from the trial-city borders and spread across the nation.",8.4267,/litjsBoiydO6JlO70uOX4N3WnNL.jpg,2018-07-04,False,False,5.995,4299,"['Action', 'Horror', 'Thriller']"
False,/zHF0KdYTuKkwyaE1mt0oFeCB2EF.jpg,"[35, 27]",184345,A Haunted House 2,en,A Haunted House 2,"After exorcising the demons of his ex, Malcolm starts afresh with his new girlfriend and her two children. After moving into their dream home, Malcolm is once again plagued by bizarre paranormal events.",8.4266,/M82KKqtHFaqkyuwxG5QfShzIRL.jpg,2014-04-17,False,False,6.194,1630,"['Comedy', 'Horror']"
False,/fquVJ2v5NAW96sRfFAw4vXR5zla.jpg,[27],814889,Never Let Go,en,Never Let Go,"As an evil takes over the world beyond their front doorstep, the only protection for a mother and her twin sons is their house and their family’s protective bond.",8.4255,/3EpZ2ksjijmdr8BhISP03PYzNFW.jpg,2024-09-18,False,False,6.09,678,['Horror']
False,/stAPkorBeBkvEZ6DQs30Ke4cPyr.jpg,"[35, 28, 878]",107985,The World's End,en,The World's End,Five friends who reunite in an attempt to top their epic pub crawl from 20 years earlier unwittingly become humankind's only hope for survival.,8.4254,/kpglnOBYmKn0AkkWDzGxzKHDbds.jpg,2013-07-18,False,False,6.81,6064,"['Comedy', 'Action', 'Science Fiction']"
False,/laeEtakR2pLKu3CeRwB2lU5Y53X.jpg,"[12, 16, 18, 10751]",10567,Dinosaur,en,Dinosaur,An orphaned dinosaur raised by lemurs joins an arduous trek to a sancturary after a meteorite shower destroys his family home.,8.4222,/rSje3FS7ycJSglowlngjsvDt7vO.jpg,2000-05-19,False,False,6.591,2819,"['Adventure', 'Animation', 'Drama', 'Family']"
False,/aMbKYfaexixvsBZKc5whYO7yibR.jpg,"[80, 18, 53]",1082195,The Order,en,The Order,A string of violent robberies in the Pacific Northwest leads veteran FBI agent Terry Husk into a white supremacist plot to overthrow the federal government.,8.4144,/r3BPhDb45sy87kNV41Q1TwCL6BS.jpg,2024-12-05,False,False,6.56,955,"['Crime', 'Drama', 'Thriller']"
False,/5cRw2QHQz5bp7W2KLdSpZoFoTTw.jpg,"[18, 9648, 53]",726209,Leave the World Behind,en,Leave the World Behind,A family's getaway to a luxurious rental home takes an ominous turn when a cyberattack knocks out their devices—and two strangers appear at their door.,8.408,/29rhl1xopxA7JlGVVsf1UHfYPvN.jpg,2023-11-22,False,False,6.374,3414,"['Drama', 'Mystery', 'Thriller']"
False,/gR9ztrutzPPqgK2V2djS0fg2twW.jpg,"[12, 35, 10751, 10749]",10603,George of the Jungle,en,George of the Jungle,"Deep in the African jungle, a baby named George, the sole survivor of a plane crash, is raised by gorillas. George grows up to be a buff and lovable klutz who has a rainforest full of animal friends: Tookie, his big-beaked toucan messenger; Ape, a witty talking gorilla; and Shep, a peanut-loving pooch of an elephant. But when poachers mess with George's pals, the King of Swing swings into action.",8.4061,/lWp8hUqE4oLPxsYgilXoYoVThfU.jpg,1997-07-15,False,False,5.673,2321,"['Adventure', 'Comedy', 'Family', 'Romance']"
False,/pApaVlxJCp2o4mrzCAD3AaLjq77.jpg,"[12, 18]",407436,Mowgli: Legend of the Jungle,en,Mowgli: Legend of the Jungle,"A human child raised by wolves, must face off against a menacing tiger named Shere Khan, as well as his own origins.",8.4047,/clRnzMsFoMIdC7I5JsG6dnnHH8l.jpg,2018-11-25,False,False,6.475,2644,"['Adventure', 'Drama']"
False,/u49EZzHvGCNrHdQxkc3hhLmQEPP.jpg,"[18, 80, 12]",1541,Thelma & Louise,en,Thelma & Louise,"Taking a break from their dreary lives, close friends Thelma and Louise embark on a short weekend trip that ends in unforeseen incriminating circumstances. As fugitives, both women rediscover the strength of their bond and their newfound resilience.",8.4039,/7D2DqmIKpPlkCU0RLVdlKLKR7XZ.jpg,1991-05-24,False,False,7.6,3997,"['Drama', 'Crime', 'Adventure']"
False,/w4d1jESRZK12oTMMgmh0IWqlHw.jpg,"[878, 28, 12]",848326,Rebel Moon - Part One: A Child of Fire,en,Rebel Moon - Part One: A Child of Fire,"When the ruthless forces of the Motherworld threaten a quiet farming village on a distant moon, a mysterious outsider becomes its best hope for survival.",8.4035,/ui4DrH1cKk2vkHshcUcGt2lKxCm.jpg,2023-12-15,False,False,6.219,2691,"['Science Fiction', 'Action', 'Adventure']"
False,/1DHbZ1XRvdeXbD2P7W1OJbxqN9b.jpg,"[878, 18, 14]",592831,Megalopolis,en,Megalopolis,"In a futuristic New York known as New Rome, visionary architect Cesar Catilina dreams of building ""Megalopolis,"" a utopian city that redefines society’s limits. Opposing him is the corrupt Mayor Franklyn Cicero, who clings to power and profit. Between them stands Julia, the mayor’s daughter, whose love for Cesar forces her to choose between loyalty, ambition, and the fate of humanity.",8.403,/doVWgLdNyK36nEyyZgVsEWFCO1e.jpg,2024-09-25,False,False,5.162,1054,"['Science Fiction', 'Drama', 'Fantasy']"
False,/jZkkch6yrP1tVVfEU2uqwej9rBM.jpg,"[35, 10749, 18]",10184,He's Just Not That Into You,en,He's Just Not That Into You,"Remember that really cute girl/guy who said they'd call – and didn't? Maybe they lost your number. Maybe they're in the hospital. Maybe they're awed by your looks, brains or success. Or maybe... They're just not that into you.",8.4029,/jip2ap24Y6JxEgzVRyNqyYssnyR.jpg,2009-02-06,False,False,6.6,4115,"['Comedy', 'Romance', 'Drama']"
False,/hbrXbVoE0NuA1ORoSGGYNASagrl.jpg,[35],740985,Borat Subsequent Moviefilm: Delivery of Prodigious Bribe to American Regime for Make Benefit Once Glorious Nation of Kazakhstan,en,Borat Subsequent Moviefilm: Delivery of Prodigious Bribe to American Regime for Make Benefit Once Glorious Nation of Kazakhstan,"14 years after making a film about his journey across the USA, Borat risks life and limb when he returns to the United States with his young daughter, and reveals more about the culture, the COVID-19 pandemic, and the political elections.",8.4015,/3L1Ml5RWjFVfVq3rQENvgFymT0U.jpg,2020-10-23,False,False,6.434,2958,['Comedy']
False,/qF938YRj7RoYkjwOsXFDNYf907J.jpg,"[14, 35]",224141,Into the Woods,en,Into the Woods,"In a woods filled with magic and fairy tale characters, a baker and his wife set out to end the curse put on them by their neighbor, a spiteful witch.",8.4008,/bINGDDuvUnZyde2sIcSx41IE5b6.jpg,2014-12-24,False,False,5.757,4469,"['Fantasy', 'Comedy']"
False,/feO6v1UMaCDFsshStLpAv2FwARz.jpg,"[18, 10749, 53]",130150,Labor Day,en,Labor Day,Two strangers are drawn together under incredible circumstances. What starts as an unforeseen encounter over a long holiday weekend soon becomes a second chance love story.,8.3958,/iQdbCtk1Q3TdZRBKSLU1Vh870l7.jpg,2013-12-27,False,False,7.06,1385,"['Drama', 'Romance', 'Thriller']"
False,/nMgQD51KzAqrt4F6iwxw5TetVLW.jpg,[35],9757,Norbit,en,Norbit,"A mild-mannered guy who is engaged to a monstrous woman meets the woman of his dreams, and schemes to find a way to be with her.",8.3931,/XcZ5NzygPp54csxCnzvQKuxFL2.jpg,2007-02-08,False,False,5.734,2699,['Comedy']
False,/qVKhr3WcbSQKJmVJhKq9ov3iwcT.jpg,"[9648, 53, 18]",617,Wild Things,en,Wild Things,"When teen-socialite Kelly Van Ryan and troubled bad girl Suzie Toller accuse guidance counselor Sam Lombardo of rape, he's suspended by the school, rejected by the town, and fighting to get his life back. One cop suspects conspiracy, but nothing is what it seems...",8.3872,/wrcTDD9T7Ga5c9MW7kaOo2qwIvW.jpg,1998-03-20,False,False,6.388,2058,"['Mystery', 'Thriller', 'Drama']"
False,/2kqmEQZqime0G3ULgrKtAq3WVdH.jpg,[18],45317,The Fighter,en,The Fighter,"Boxer ""Irish"" Micky Ward's unlikely road to the world light welterweight title. His Rocky-like rise was shepherded by half-brother Dicky, a boxer-turned-trainer who rebounded in life after nearly being KO'd by drugs and crime.",8.3862,/xfsFerGhO1h6rLk8vwLgMyQ8WVJ.jpg,2010-12-10,False,False,7.378,4838,['Drama']
False,/xACuC5FwpCdayrcCsJPxYzrl8BO.jpg,"[28, 878, 53]",97020,RoboCop,en,RoboCop,"In RoboCop, the year is 2028 and multinational conglomerate OmniCorp is at the center of robot technology.  Overseas, their drones have been used by the military for years, but have been forbidden for law enforcement in America.  Now OmniCorp wants to bring their controversial technology to the home front, and they see a golden opportunity to do it.  When Alex Murphy – a loving husband, father and good cop doing his best to stem the tide of crime and corruption in Detroit – is critically injured, OmniCorp sees their chance to build a part-man, part-robot police officer.  OmniCorp envisions a RoboCop in every city and even more billions for their shareholders, but they never counted on one thing: there is still a man inside the machine.",8.385,/gM5ql3BKYmHG3WtZ0buKXN7xY8O.jpg,2014-01-30,False,False,5.891,5995,"['Action', 'Science Fiction', 'Thriller']"
False,/fjk4eE8Ypke4YLv5A3ArDH4GzYH.jpg,[18],334541,Manchester by the Sea,en,Manchester by the Sea,"After his older brother passes away, Lee Chandler is forced to return home to care for his 16-year-old nephew. There he is compelled to deal with a tragic past that separated him from his family and the community where he was born and raised.",8.382,/o9VXYOuaJxCEKOxbA86xqtwmqYn.jpg,2016-11-17,False,False,7.549,6563,['Drama']
False,/pnTSOKcYnvdpQNQElAtJM1rWOxH.jpg,"[18, 36, 10752]",467244,The Zone of Interest,en,The Zone of Interest,"The commandant of Auschwitz, Rudolf Höss, and his wife Hedwig, strive to build a dream life for their family in a house and garden next to the camp.",8.3812,/hUu9zyZmDd8VZegKi1iK1Vk0RYS.jpg,2023-12-15,False,False,7.012,2745,"['Drama', 'History', 'War']"
False,/aZ8dBIvpDFp9cp23MfBiY5mWfuy.jpg,[27],1072342,Night Swim,en,Night Swim,"Forced into early retirement by a degenerative illness, former baseball player Ray Waller moves into a new house with his wife and two children. He hopes that the backyard swimming pool will be fun for the kids and provide physical therapy for himself. However, a dark secret from the home's past soon unleashes a malevolent force that drags the family into the depths of inescapable terror.",8.3804,/gSkfBGdxdialBMM7P02V4hcI6Ij.jpg,2024-01-03,False,False,5.494,899,['Horror']
False,/hCAOQTMRop2fHjsl8n7yNwpkMJn.jpg,[27],6466,Freddy vs. Jason,en,Freddy vs. Jason,"Freddy Krueger and Jason Voorhees return to terrorize the teenagers of Elm Street. Only this time, they're out to get each other, too.",8.3777,/f9ZASRUfl8Jlco7rgRx3ujPR0P7.jpg,2003-08-15,False,False,6.107,2922,['Horror']
False,/vd7OvudVEAzO9QG5c80Qdf9mKqq.jpg,"[18, 10751]",1278101,Big World,zh,小小的我,"Liu Chunhe, suffering from cerebral palsy, bravely breaks through the shackles of body and mind to realize the dream stage for his grandmother, while trying to find the coordinates of his own life. After experiencing a summer transformation, he finally embarked on a new journey.",8.3745,/rLj287mA1tp4hZmd69umb1rOZu8.jpg,2024-12-27,False,False,8.659,132,"['Drama', 'Family']"
False,/ypuD6ZsupyVV1ElNSIPz2BooIlX.jpg,"[53, 878, 18, 9648]",157353,Transcendence,en,Transcendence,"Two leading computer scientists work toward their goal of Technological Singularity,  as a radical anti-technology organization fights to prevent them from creating a world where computers can transcend the abilities of the human brain.",8.3743,/i3JqPtiJWnidaif3UA2K2Eng0hp.jpg,2014-04-16,False,False,6.08,5937,"['Thriller', 'Science Fiction', 'Drama', 'Mystery']"
False,/12GpsUm9nVVKFlcjDTflKLClFVA.jpg,"[18, 35, 10749]",82693,Silver Linings Playbook,en,Silver Linings Playbook,"After losing his job and wife, and spending time in an institution, a former teacher winds up living with his parents. He wants to rebuild his life and reconcile with his wife, but his father would be happy if he shared his obsession with the Philadelphia Eagles. Things get complicated when he meets Tiffany Maxwell who offers to help him reconnect with his wife if he will do something very important for her in exchange.",8.3725,/fhHB1uvfFKKFbj6bTKE8xdtsjKi.jpg,2012-11-16,False,False,7.154,12841,"['Drama', 'Comedy', 'Romance']"
False,/rbsm633lnt3hKHEpk7FOt3dy82a.jpg,"[12, 35, 80]",134,"O Brother, Where Art Thou?",en,"O Brother, Where Art Thou?","In the deep south during the 1930s, three escaped convicts search for hidden treasure while a relentless lawman pursues them.",8.3707,/2YztYilviFCYcEtDAnrOstUWGie.jpg,2000-08-30,False,False,7.326,4747,"['Adventure', 'Comedy', 'Crime']"
False,/vBSsIyWExRpe3Robi8SAnayrMq1.jpg,"[18, 37, 36, 12]",384680,Hostiles,en,Hostiles,A legendary Native American-hating Army captain nearing retirement in 1892 is given one last assignment: to escort a Cheyenne chief and his family through dangerous territory back to his Montana reservation.,8.3677,/rqoezyB51GfhiloOB5ZErg5HXas.jpg,2017-12-22,False,False,6.952,2581,"['Drama', 'Western', 'History', 'Adventure']"
False,/rmhMB6KBxdSYatfiFoas60uF6Fc.jpg,[18],809140,Father Stu,en,Father Stu,"The true-life story of boxer-turned-priest. When an injury ends his amateur boxing career, Stuart Long moves to Los Angeles to find money and fame. While scraping by as a supermarket clerk, he meets Carmen, a Sunday school teacher who seems immune to his bad-boy charm. Determined to win her over, the longtime agnostic starts going to church to impress her. However, a motorcycle accident leaves him wondering if he can use his second chance to help others, leading to the surprising realization that he's meant to be a Catholic priest.",8.3666,/pLAeWgqXbTeJ2gQtNvRmdIncYsk.jpg,2022-04-13,False,False,7.1,760,['Drama']
False,/r8Vk1PJ7eDwRKDZJOS4AKC7puK3.jpg,"[35, 10751]",8920,Garfield,en,Garfield,"Garfield, the fat, lazy, lasagna lover, has everything a cat could want. But when Jon, in an effort to impress the Liz - the vet and an old high-school crush - adopts a dog named Odie and brings him home, Garfield gets the one thing he doesn't want. Competition.",8.3536,/vqwTSWNLyH55g8kBT61s2DgNYEp.jpg,2004-06-10,False,False,5.724,4323,"['Comedy', 'Family']"
False,/fH7kYS9qEOkhFQZc0Dcoa9MFjje.jpg,"[10749, 18]",820525,After Everything,en,After Everything,"Besieged by writer’s block and the crushing breakup with Tessa, Hardin travels to Portugal in search of a woman he wronged in the past – and to find himself. Hoping to win back Tessa, he realizes he needs to change his ways before he can make the ultimate commitment.",8.3532,/uQxjZGU6rxSPSMeAJPJQlmfV3ys.jpg,2023-09-13,False,False,6.892,1020,"['Romance', 'Drama']"
False,/i0eOILDW8HipIkOUSKhB1dvZzNJ.jpg,"[878, 12, 28]",2135,The Time Machine,en,The Time Machine,"Hoping to alter the events of the past, a 19th-century inventor instead travels 800,000 years into the future, where he finds mankind divided into two warring races.",8.3521,/iYayQahkghlbAsfOQX8b5eBzGVy.jpg,2002-03-04,False,False,6.358,2660,"['Science Fiction', 'Adventure', 'Action']"
False,/ktHEdqmMWC1wdfPRMRCTZe2OISL.jpg,"[27, 9648]",1071215,Thanksgiving,en,Thanksgiving,"After a Black Friday riot ends in tragedy, a mysterious Thanksgiving-inspired killer terrorizes Plymouth, Massachusetts - the birthplace of the holiday. Picking off residents one by one, what begins as random revenge killings are soon revealed to be part of a larger, sinister holiday plan.",8.3513,/f5f3TEVst1nHHyqgn7Z3tlwnBIH.jpg,2023-11-16,False,False,6.5,1651,"['Horror', 'Mystery']"
False,/9CaNCElCXrjdJoUadfXHiNTMFcR.jpg,"[27, 9648]",3021,1408,en,1408,"A man who specializes in debunking paranormal occurrences checks into the fabled room 1408 at the Dolphin Hotel. Soon after settling in, he confronts genuine terror.",8.349,/yE9MCW7ZNxSw5SC1TMqm51pMBIV.jpg,2007-06-22,False,False,6.694,5066,"['Horror', 'Mystery']"
False,/pp3QUzMXfP7q0ocmE1b15FH6PQ6.jpg,"[28, 35, 10749]",868759,Ghosted,en,Ghosted,"Salt-of-the-earth Cole falls head over heels for enigmatic Sadie—but then makes the shocking discovery that she's a secret agent. Before they can decide on a second date, Cole and Sadie are swept away on an international adventure to save the world.",8.3478,/liLN69YgoovHVgmlHJ876PKi5Yi.jpg,2023-04-18,False,False,6.872,2270,"['Action', 'Comedy', 'Romance']"
False,/lQFFYowxGHXCDTbHHeIeqBoJoYL.jpg,[35],11453,Deuce Bigalow: European Gigolo,en,Deuce Bigalow: European Gigolo,Deuce Bigalow goes to Amsterdam after a little accident including two irritating kids and a bunch of aggressive dolphins. There he meets up with his old friend T.J. Hicks. But a mysterious killer starts killing some of Amsterdam's finest gigolos and T.J. is mistaken for the extremely gay murderer. Deuce must enter the gigolo industry again to find the real murderer and clear T.J.'s name.,8.3449,/yXdQ4UGDFCsPrynJOdIk20AYLus.jpg,2005-08-12,False,False,5.303,1053,['Comedy']
False,/AbFWty0o5nKGo4iLJaGRgqFtC8W.jpg,"[27, 9648]",4234,Scream 3,en,Scream 3,"As bodies begin dropping around the Hollywood set of STAB 3, the third film based on the gruesome Woodsboro killings, Sidney and other survivors are once again terrorized by another Ghostface killer.",8.3428,/qpH8ToZVlFD1bakL04LkEKodyDI.jpg,2000-02-04,False,False,6.0,4171,"['Horror', 'Mystery']"
False,/9s58ybtK5rj4QGmAtzOMzVeiY5P.jpg,"[12, 16, 10751]",297270,Tinker Bell and the Legend of the NeverBeast,en,Tinker Bell and the Legend of the NeverBeast,"An ancient myth of a massive creature sparks the curiosity of Tinker Bell and her good friend Fawn, an animal fairy who’s not afraid to break the rules to help an animal in need. But this creature is not welcome in Pixie Hollow — and the scout fairies are determined to capture the mysterious beast, who they fear will destroy their home. Fawn must convince her fairy friends to risk everything to rescue the NeverBeast.",8.3423,/3S0mmmpYStB3GqodRghcfOt81wQ.jpg,2014-12-12,False,False,7.423,1244,"['Adventure', 'Animation', 'Family']"
False,/361quVX94drEaExOKScbZYsxijG.jpg,"[16, 35, 10751]",227973,The Peanuts Movie,en,The Peanuts Movie,"Born loser Charlie Brown’s ordinary winter is turned upside down when the Little Red-Haired Girl arrives at school. Determined to impress her, the insecure and accident-prone Charlie Brown tries to become a winner through a series of hilarious attempts. Meanwhile, his loyal dog Snoopy takes to the skies as he writes a larger-than life story about his arch-nemesis—The Red Baron.",8.3405,/aiwdwnl7RFs1vcBanOKr13ye3wE.jpg,2015-11-05,False,False,7.0,1840,"['Animation', 'Comedy', 'Family']"
False,/iI0n28l5vn3K1GdXHVoA54kRemv.jpg,"[53, 28, 80, 18]",9594,Double Impact,en,Double Impact,"Jean Claude Van Damme plays a dual role as Alex and Chad, twins separated at the death of their parents. Chad is raised by a family retainer in Paris, Alex becomes a petty crook in Hong Kong. Seeing a picture of Alex, Chad rejoins him and convinces him that his rival in Hong Kong is also the man who killed their parents. Alex is suspicious of Chad, especially when it comes to his girlfriend.",8.3391,/tmzwvSqoMC37Tgqwj4mA2dHNSmw.jpg,1991-07-31,False,False,6.2,1251,"['Thriller', 'Action', 'Crime', 'Drama']"
False,/jFh87Hj9Yp8QQPYmcNBAZNaa4Y.jpg,"[28, 53]",60747,Red Dawn,en,Red Dawn,"A city in Washington state awakens to the surreal sight of foreign paratroopers dropping from the sky—shockingly, the U.S. has been invaded and their hometown is the initial target. Quickly and without warning, the citizens find themselves prisoners and their town under enemy occupation. Determined to fight back, a group of young patriots seek refuge in the surrounding woods, training and reorganizing themselves into a guerrilla group of fighters.",8.3388,/pwOcFK1hFZ5NJybBGfvzU6UHCPg.jpg,2012-03-15,False,False,5.738,1783,"['Action', 'Thriller']"
False,/b6u42A4TkZzv3TNhZfmfu5bjuFK.jpg,"[16, 28, 878]",39108,Dragon Ball Z: Wrath of the Dragon,ja,ドラゴンボールZ 龍拳爆発!!悟空がやらねば誰がやる,The Z Warriors discover an unopenable music box and are told to open it with the Dragon Balls. The contents turn out to be a warrior named Tapion who had sealed himself inside along with a monster called Hildegarn. Goku must now perfect a new technique to defeat the evil monster.,8.3373,/7uRu9EA3nie0n2mlVDDLlTI3IzC.jpg,1995-07-15,False,False,7.339,813,"['Animation', 'Action', 'Science Fiction']"
False,/g8ArhdKmms7TKGX1SgvXf5d1RXG.jpg,"[28, 12, 53]",75174,The Grey,en,The Grey,"After their plane crashes in Alaska, six oil workers are led by a skilled huntsman to survival, but a pack of merciless wolves haunts their every step.",8.3349,/a0Vt3wx8ciKmPt4iXPx9sH4HBVU.jpg,2012-01-26,False,False,6.578,4243,"['Action', 'Adventure', 'Thriller']"
False,/gkzfPl0rjp5COdFXPaxitp9J3X3.jpg,"[12, 16, 10751]",11238,Aladdin and the King of Thieves,en,Aladdin and the King of Thieves,"Legendary secrets are revealed as Aladdin and his friends—Jasmine, Abu, Carpet and, of course, the always entertaining Genie—face all sorts of terrifying threats and make some exciting last-minute escapes pursuing the King Of Thieves and his villainous crew.",8.3329,/kTH7qEyvdDYMoQraQZm3LFKCge3.jpg,1996-05-20,False,False,6.249,2016,"['Adventure', 'Animation', 'Family']"
False,/pWZ0srAfPx4XyJMlFkKBlmYfx3C.jpg,[27],250546,Annabelle,en,Annabelle,A couple begins to experience terrifying supernatural occurrences involving a vintage doll shortly after their home is invaded by satanic cultists.,8.33,/yLsuU2P2SpDYFwtZQ7dtfVAf6TE.jpg,2014-10-01,False,False,5.791,6657,['Horror']
False,/cdR0qwyaMfuZRfTYEixUmRnmdop.jpg,"[28, 18, 10752, 10749, 53]",369885,Allied,en,Allied,"In 1942, an intelligence officer in North Africa encounters a female French Resistance fighter on a deadly mission behind enemy lines. When they reunite in London, their relationship is tested by the pressures of war.",8.327,/sV4lXM32quwminL3TP36nlNPp7Q.jpg,2016-11-23,False,False,6.807,4884,"['Action', 'Drama', 'War', 'Romance', 'Thriller']"
False,/i0M3a8Z2hfj5Oj4msArajhLjGvV.jpg,"[12, 35, 10751]",11774,Lemony Snicket's A Series of Unfortunate Events,en,Lemony Snicket's A Series of Unfortunate Events,"Three wealthy children's parents are killed in a fire. When they are sent to a distant relative, they find out that he is plotting to kill them and seize their fortune.",8.3261,/r7S57FpBsCljWc9fBUo2Iy5XGew.jpg,2004-12-16,False,False,6.818,5391,"['Adventure', 'Comedy', 'Family']"
False,/srrzHjAzhYzUulBbllQCNekgnQb.jpg,"[28, 14, 27]",38321,Priest,en,Priest,"In an alternate world, humanity and vampires have warred for centuries. After the last Vampire War, the veteran Warrior Priest lives in obscurity with other humans inside one of the Church's walled cities. When the Priest's niece is kidnapped by vampires, the Priest breaks his vows to hunt them down. He is accompanied by the niece's boyfriend, who is a wasteland sheriff, and a former Warrior Priestess.",8.325,/fYHiA7LPGl9DG7m3DUs0Td1VMcO.jpg,2011-05-05,False,False,5.914,2627,"['Action', 'Fantasy', 'Horror']"
False,/7TvehiVjzE9hMvnq94mOYjP8kGT.jpg,"[35, 18]",14926,Uptown Girls,en,Uptown Girls,"Molly Gunn, the freewheeling daughter of a deceased rock legend, is forced to get a job when her manager steals her money. As nanny to Ray - the precocious, oft-ignored daughter of a music executive - she learns what it means to be an adult while teaching Ray how to be a child.",8.3217,/liazMoopc2fhWq1YlfwasQcvWu.jpg,2003-08-15,False,False,7.057,1212,"['Comedy', 'Drama']"
False,/wbwHIbOAAYHqhsaFFsFQV62Wr6.jpg,"[28, 14, 80]",314,Catwoman,en,Catwoman,"Liquidated after discovering a corporate conspiracy, mild-mannered graphic artist Patience Phillips washes up on an island, where she's resurrected and endowed with the prowess of a cat — and she's eager to use her new skills... as a vigilante. Before you can say ""cat and mouse"", handsome gumshoe Tom Lone is on her tail, fascinated by both of her personas.",8.321,/pvnPgukFyEKgCzyOxyLiwyZ8T1C.jpg,2004-07-22,False,False,4.64,3696,"['Action', 'Fantasy', 'Crime']"
False,/i3rRY0EKYhSpyOLRAQ7iB05zhAp.jpg,"[14, 12]",338952,Fantastic Beasts: The Crimes of Grindelwald,en,Fantastic Beasts: The Crimes of Grindelwald,"Gellert Grindelwald has escaped imprisonment and has begun gathering followers to his cause—elevating wizards above all non-magical beings. The only one capable of putting a stop to him is the wizard he once called his closest friend, Albus Dumbledore. However, Dumbledore will need to seek help from the wizard who had thwarted Grindelwald once before, his former student Newt Scamander, who agrees to help, unaware of the dangers that lie ahead. Lines are drawn as love and loyalty are tested, even among the truest friends and family, in an increasingly divided wizarding world.",8.3202,/fMMrl8fD9gRCFJvsx0SuFwkEOop.jpg,2018-11-14,False,False,6.83,11665,"['Fantasy', 'Adventure']"
False,/mtrfLUfUoQunolDhmQy0GfbRclC.jpg,"[14, 12, 28]",27022,The Sorcerer's Apprentice,en,The Sorcerer's Apprentice,"Balthazar Blake is a master sorcerer in modern-day Manhattan trying to defend the city from his arch-nemesis, Maxim Horvath. Balthazar can't do it alone, so he recruits Dave Stutler, a seemingly average guy who demonstrates hidden potential, as his reluctant protégé. The sorcerer gives his unwilling accomplice a crash course in the art and science of magic, and together, these unlikely partners work to stop the forces of darkness.",8.3189,/b5pIUsGll0418NyfNA5eYCI9aoK.jpg,2010-07-13,False,False,6.145,5380,"['Fantasy', 'Adventure', 'Action']"
False,/6JU2ysRVOHqav0Hs6BUv4mvvDxZ.jpg,"[28, 12, 53]",646389,Plane,en,Plane,"After a heroic job of successfully landing his storm-damaged aircraft in a war zone, a fearless pilot finds himself between the agendas of multiple militias planning to take the plane and its passengers hostage.",8.3162,/oJRsTQR47pyjSJCZYpOfbycpNBR.jpg,2023-01-11,False,False,6.9,2743,"['Action', 'Adventure', 'Thriller']"
False,/fbTxsnJcQwuwzCEu9VEiU9lV75Y.jpg,"[28, 53, 80]",645788,The Protégé,en,The Protégé,"Rescued as a child by the legendary assassin Moody and trained in the family business, Anna is the world’s most skilled contract killer. When Moody, the man who was like a father to her and taught her everything she needs to know about trust and survival, is brutally killed, Anna vows revenge. As she becomes entangled with an enigmatic killer whose attraction to her goes way beyond cat and mouse, their confrontation turns deadly and the loose ends of a life spent killing will weave themselves ever tighter.",8.3162,/iQUj7MptHUlcXpaMLrqRNZRxGA9.jpg,2021-08-19,False,False,6.547,1188,"['Action', 'Thriller', 'Crime']"
False,/96SADhPnkXnVN3KaRKsDeBovLcm.jpg,"[28, 14, 10770]",877703,Teen Wolf: The Movie,en,Teen Wolf: The Movie,"The wolves are howling once again, as a terrifying ancient evil emerges in Beacon Hills. Scott McCall, no longer a teenager yet still an Alpha, must gather new allies and reunite trusted friends to fight back against this powerful and deadly enemy.",8.3153,/wAkpPm3wcHRqZl8XjUI3Y2chYq2.jpg,2023-01-18,False,False,7.446,990,"['Action', 'Fantasy', 'TV Movie']"
False,/bJKoNFCLC0C3viZtsvP4lSDDXNO.jpg,"[16, 878, 35, 12, 10751]",82703,Mr. Peabody & Sherman,en,Mr. Peabody & Sherman,"A young boy and his dog, who happens to have a genius-level IQ, spring into action when their time-machine is stolen and moments in history begin to be changed.",8.3103,/hPcImYndWESKHzT2GHVCDsUxzYg.jpg,2014-02-07,False,False,6.732,2601,"['Animation', 'Science Fiction', 'Comedy', 'Adventure', 'Family']"
False,/zdxWO47KatCZhQRGaNMDXfz6DPO.jpg,"[35, 80]",13161,Big Stan,en,Big Stan,A weak con man panics when he learns he's going to prison for fraud. He hires a mysterious martial arts guru who helps transform him into a martial arts expert who can fight off inmates who want to hurt or love him.,8.3077,/zS1uUwKEFcd8ak0NTXxw97DlbAa.jpg,2007-11-03,False,False,6.66,1103,"['Comedy', 'Crime']"
False,/vqycIvfLRFtdiCAvOmGX9iP7mAE.jpg,"[53, 27]",10543,Fear,en,Fear,"Nicole Walker always dreamed of being swept away by someone special — someone strong, sexy and sensitive who would care for her more than anything else in the world. David is all that and more: a modern-day knight who charms and seduces her, body and soul. But her perfect boyfriend is not all he seems to be. His sweet facade masks a savage, dark side that will soon transform Nicole's dream into a nightmare.",8.3024,/ut8snuINzOibbKnvpTnsGWQr4Nl.jpg,1996-04-12,False,False,6.664,1128,"['Thriller', 'Horror']"
False,/8knaRrDd1FM1pbSLaViEQSxodi5.jpg,"[18, 53]",441282,Night Hunter,en,Night Hunter,A Minnesota police officer crosses paths with a committed and tireless vigilante as he follows the trail of a ruthless predator responsible for several abductions and murders.,8.302,/vVYU0x9FRpiJNX7c54ciFnRBVYG.jpg,2019-08-08,False,False,6.569,1106,"['Drama', 'Thriller']"
False,/wdOGA0LC1NiWgAX1OaiKtNA247i.jpg,"[10749, 18]",43949,Flipped,en,Flipped,"When Juli meets Bryce in the second grade, she knows it's true love. After spending six years trying to convince Bryce the same, she's ready to give up - until he starts to reconsider.",8.2994,/6zDYFigohwncqFL00MKbFV01dWb.jpg,2010-08-06,False,False,8.016,3413,"['Romance', 'Drama']"
False,/fk4NXhazfRKtQaVEV9IPeM7OIVH.jpg,"[53, 80, 9648]",10398,Double Jeopardy,en,Double Jeopardy,"Libby Parsons, wrongly convicted of her husband Nick's murder, thinks he is still alive. She survives the long years in prison with two burning desires sustaining her -- finding her son and solving the mystery that destroyed her once-happy life. Standing between her and her quest, however, is her parole officer, Travis Lehman. Libby poses a challenge to the cynical officer, one that forces him to face up to his own failings while pitting him against his superior and law enforcement colleagues, as she plunges into a desperate fight for justice, survival, and revenge.",8.2991,/dPd9QvEeMQpgHO6iLB1LqALTZl.jpg,1999-09-24,False,False,6.637,1553,"['Thriller', 'Crime', 'Mystery']"
False,/P7d3lyBaYbAXVor6iB2avLvc4K.jpg,"[12, 18, 36]",253412,Everest,en,Everest,"Inspired by the incredible events surrounding a treacherous attempt to reach the summit of the world's highest mountain, ""Everest"" documents the awe-inspiring journey of two different expeditions challenged beyond their limits by one of the fiercest snowstorms ever encountered by mankind. Their mettle tested by the harshest of elements found on the planet, the climbers will face nearly impossible obstacles as a lifelong obsession becomes a breathtaking struggle for survival.",8.2986,/2jKOu2bjpLP6NXJcm7Ep14bDGtA.jpg,2015-09-10,False,False,6.828,5351,"['Adventure', 'Drama', 'History']"
False,/6ms6RdNcQUAnjBY26aM85xC2wV0.jpg,"[28, 53, 878]",7191,Cloverfield,en,Cloverfield,"Five young New Yorkers throw their friend a going-away party the night that a monster the size of a skyscraper descends upon the city. Told from the point of view of their video camera, the film is a document of their attempt to survive the most surreal, horrifying event of their lives.",8.2958,/qIegUGJqyMMCRjkKV1s7A9MqdJ8.jpg,2008-01-15,False,False,6.728,8097,"['Action', 'Thriller', 'Science Fiction']"
False,/2uv0VEoyWxb3KgsiF5FInWP18wQ.jpg,"[12, 16, 14]",15283,Pom Poko,ja,平成狸合戦ぽんぽこ,"The Raccoons of the Tama Hills are being forced from their homes by the rapid development of houses and shopping malls. As it becomes harder to find food and shelter, they decide to band together and fight back. The Raccoons practice and perfect the ancient art of transformation until they are even able to appear as humans in hilarious circumstances.",8.2949,/gyoJmFf24MOUc4TTu97sd0cHIQF.jpg,1994-07-16,False,False,7.174,1236,"['Adventure', 'Animation', 'Fantasy']"
False,/b5bcKhvN6VP82U5ztNdPfOLiolD.jpg,"[14, 35, 10749]",59436,Midnight in Paris,en,Midnight in Paris,"While on a trip to Paris with his fiancée's family, a nostalgic screenwriter finds himself mysteriously going back to the 1920s every day at midnight.",8.2935,/4wBG5kbfagTQclETblPRRGihk0I.jpg,2011-05-11,False,False,7.508,7880,"['Fantasy', 'Comedy', 'Romance']"
False,/dN0Y9PpPjW8pX4ZcdxarzswI2K6.jpg,"[18, 27, 9648, 53]",2655,What Lies Beneath,en,What Lies Beneath,Norman and Claire Spencer are a seemingly happily married couple who uncover a terrible secret… a secret so disturbing it threatens to destroy them.,8.2916,/2L3Cn0CizbSy2E9KJt1SiOSyb6p.jpg,2000-07-21,False,False,6.4,2088,"['Drama', 'Horror', 'Mystery', 'Thriller']"
False,/1EAxNqdkVnp48a7NUuNBHGflowM.jpg,"[16, 28, 878, 18]",283566,Evangelion: 3.0+1.0 Thrice Upon a Time,ja,シン・エヴァンゲリオン劇場版:||,"In the aftermath of the Fourth Impact, stranded without their Evangelions, Shinji, Asuka and Rei find refuge in one of the rare pockets of humanity that still exist on the ruined planet Earth. There, each lives a life far different from their days as an Evangelion pilot. However, the danger to the world is far from over. A new impact is looming on the horizon—one that will prove to be the true end of Evangelion.",8.2888,/md5wZRRj8biHrGtyitgBZo7674t.jpg,2021-03-08,False,False,8.2,991,"['Animation', 'Action', 'Science Fiction', 'Drama']"
False,/s9I2LmQMYCanl6DvC3X1AOHs2r8.jpg,"[28, 53, 80, 12]",399361,Triple Frontier,en,Triple Frontier,"Struggling to make ends meet, former special ops soldiers reunite for a high-stakes heist: stealing $75 million from a South American drug lord.",8.2863,/aBw8zYuAljVM1FeK5bZKITPH8ZD.jpg,2019-03-06,False,False,6.335,3643,"['Action', 'Thriller', 'Crime', 'Adventure']"
False,/m1k24MwmoqAdKMPJDaBLwdB5Tps.jpg,"[28, 80, 53]",724209,Heart of Stone,en,Heart of Stone,An intelligence operative for a shadowy global peacekeeping agency races to stop a hacker from stealing its most valuable — and dangerous — weapon.,8.2826,/vB8o2p4ETnrfiWEgVxHmHWP9yRl.jpg,2023-08-09,False,False,6.692,1969,"['Action', 'Crime', 'Thriller']"
False,/wwLufumafJojc59hgIamHyJSTO9.jpg,"[9648, 10749, 878]",1903,Vanilla Sky,en,Vanilla Sky,"David Aames has it all: wealth, good looks and gorgeous women on his arm. But just as he begins falling for the warmhearted Sofia, his face is horribly disfigured in a car accident. That's just the beginning of his troubles as the lines between illusion and reality, between life and death, are blurred.",8.2792,/cAh2pCiNPftsY3aSqJuIOde7uWr.jpg,2001-12-14,False,False,6.829,4837,"['Mystery', 'Romance', 'Science Fiction']"
False,/2AeE4Op9qjDSXe8GbfCtlbHFxhL.jpg,"[16, 10751, 14, 12]",75258,Secret of the Wings,en,Secret of the Wings,Tinkerbell wanders into the forbidden Winter woods and meets Periwinkle. Together they learn the secret of their wings and try to unite the warm fairies and the winter fairies to help Pixie Hollow.,8.2751,/aPudKEzwwmwc5lS8sdxvG3WX86t.jpg,2012-08-17,False,False,7.283,1419,"['Animation', 'Family', 'Fantasy', 'Adventure']"
False,/dHBYguQvCDa00GMoidNYa7IOD8y.jpg,"[28, 12, 80]",59859,Kick-Ass 2,en,Kick-Ass 2,"After Kick-Ass' insane bravery inspires a new wave of self-made masked crusaders, he joins a patrol led by the Colonel Stars and Stripes. When these amateur superheroes are hunted down by Red Mist — reborn as The Mother Fucker — only the blade-wielding Hit-Girl can prevent their annihilation.",8.275,/1go2A3gdQjaMuHWquybgoJlQRcX.jpg,2013-07-17,False,False,6.405,6714,"['Action', 'Adventure', 'Crime']"
False,/5DKVH8KeqFwPacWFMyYqTaECxJP.jpg,"[28, 80, 53]",955555,The Roundup: No Way Out,ko,범죄도시 3,"Detective Ma Seok-do changes his affiliation from the Geumcheon Police Station to the Metropolitan Investigation Team, in order to eradicate Japanese gangsters who enter Korea to commit heinous crimes.",8.2741,/n7qqzqhxBn4eiJLb0cVQjSnXjGy.jpg,2023-05-31,False,False,7.247,571,"['Action', 'Crime', 'Thriller']"
False,/x1j5VVU4ypEx1hM0PDYGwCJvwtS.jpg,"[27, 9648]",508642,Gonjiam: Haunted Asylum,ko,곤지암,"The crew of a horror web series travels to an abandoned asylum for a live broadcast, but they encounter much more than expected as they move deeper inside the nightmarish old building.",8.2736,/fNqlsmu2tiI1bXcpU31yjHPkiJz.jpg,2018-03-28,False,False,7.241,999,"['Horror', 'Mystery']"
False,/rjlG7C5GZfXutoVoE3BJaYGUhk4.jpg,"[12, 9648, 80]",829280,Enola Holmes 2,en,Enola Holmes 2,"Enola takes on her first official case as a detective, but to solve the mystery of a missing girl, she'll need help from friends — and brother Sherlock.",8.2728,/tegBpjM5ODoYoM1NjaiHVLEA0QM.jpg,2022-11-03,False,False,7.402,3164,"['Adventure', 'Mystery', 'Crime']"
False,/n2jVDMcBEWsLFooO7W1ZkcMUtWS.jpg,"[12, 28, 53]",36643,The World Is Not Enough,en,The World Is Not Enough,"Greed, revenge, world dominance and high-tech terrorism – it's all in a day's work for Bond, who's on a mission to protect a beautiful oil heiress from a notorious terrorist. In a race against time that culminates in a dramatic submarine showdown, Bond works to defuse the international power struggle that has the world's oil supply hanging in the balance.",8.2718,/wCb2msgoZPK01WIqry24M4xsM73.jpg,1999-11-17,False,False,6.3,3364,"['Adventure', 'Action', 'Thriller']"
False,/iYOEONglnxIsykyOGfzyc01fyg4.jpg,"[53, 80]",1817,Phone Booth,en,Phone Booth,"A slick New York publicist who picks up a ringing receiver in a phone booth is told that if he hangs up, he'll be killed... and the little red light from a laser rifle sight is proof that the caller isn't kidding.",8.2714,/r6lIwPKVDa6Q76qH2TbIBqPhXL3.jpg,2003-01-06,False,False,6.878,4331,"['Thriller', 'Crime']"
False,/laNHiehbOHYM3y9FVFfqmLuX8X5.jpg,[18],11978,Men of Honor,en,Men of Honor,"Against formidable odds -- and an old-school diving instructor embittered by the U.S. Navy's new, less prejudicial policies -- Carl Brashear sets his sights on becoming the Navy's first African-American master diver in this uplifting true story. Their relationship starts out on the rocks, but fate ultimately conspires to bring the men together into a setting of mutual respect, triumph and honor.",8.2688,/wNUAnXV1mzOOfvnVBIYsalkk078.jpg,2000-09-13,False,False,7.5,2582,['Drama']
False,/r6aqhlmJmu8Dv5E7QYEruaEXKYm.jpg,[18],758866,Drive My Car,ja,ドライブ・マイ・カー,"Yusuke Kafuku, a stage actor and director, still unable, after two years, to cope with the loss of his beloved wife, accepts to direct Uncle Vanya at a theater festival in Hiroshima. There he meets Misaki, an introverted young woman, appointed to drive his car. In between rides, secrets from the past and heartfelt confessions will be unveiled.",8.2675,/znXps7wPyYq8UDCfeyO2vfEIeRS.jpg,2021-08-18,False,False,7.439,1560,['Drama']
False,/fLrGQzvfhTwn9m7AqlJh65FMFfG.jpg,"[28, 18, 53]",109424,Captain Phillips,en,Captain Phillips,"The true story of Captain Richard Phillips and the 2009 hijacking by Somali pirates of the US-flagged MV Maersk Alabama, the first American cargo ship to be hijacked in two hundred years.",8.263,/8Td0kkocW6sD3uRpzwfMfkqMWhx.jpg,2013-10-10,False,False,7.537,7676,"['Action', 'Drama', 'Thriller']"
False,/5EkowLSlfQT50KbeHzhvbdyaIoI.jpg,"[28, 80, 18, 53]",8838,Mercury Rising,en,Mercury Rising,"Renegade FBI agent Art Jeffries protects a nine-year-old autistic boy who has cracked the government's new ""unbreakable"" code.",8.2599,/60AAso6I2TzQCy2SjqtzPni8csA.jpg,1998-04-03,False,False,6.292,1720,"['Action', 'Crime', 'Drama', 'Thriller']"
False,/a6brwNObG0sFNtZVOstOXpTkpMu.jpg,"[28, 35, 10749]",848187,Role Play,en,Role Play,Emma has a wonderful husband and two kids in the suburbs of New Jersey – she also has a secret life as an assassin for hire – a secret that her husband David discovers when the couple decide to spice up their marriage with a little role play.,8.2509,/7MhXiTmTl16LwXNPbWCmqxj7UxH.jpg,2023-12-14,False,False,5.992,666,"['Action', 'Comedy', 'Romance']"
False,/fAGYRJCujRBMw7TCuTp893eSG8e.jpg,"[80, 18]",641,Requiem for a Dream,en,Requiem for a Dream,The drug-induced utopias of four Coney Island residents are shattered when their addictions run deep.,8.2492,/9BTwsLaMVHOGFlmsSlx5QYCaXb.jpg,2000-10-06,False,False,8.007,11292,"['Crime', 'Drama']"
False,/x30bpi16AFWrfGVhYMqujbcCAWS.jpg,"[27, 53]",9378,Thir13en Ghosts,en,Thir13en Ghosts,"Arthur and his two children inherit his uncle's estate: a glass house that serves as a prison to twelve ghosts. When the family, accompanied by a nanny and an attorney, enter the house they find themselves trapped inside an evil machine 'designed by the Devil and powered by the dead' to open the Eye of Hell. Aided by a ghost hunter and his rival, a ghost rights activist out to set the ghosts free, the group must do what they can to get out of the house alive.",8.2469,/6yrrddjIjx0ElCRZp5pTZeqrj3k.jpg,2001-10-25,False,False,6.31,2452,"['Horror', 'Thriller']"
False,/e77LAFvZq5KteWsKxuc5nP9B6OD.jpg,"[27, 53]",760161,Orphan: First Kill,en,Orphan: First Kill,"After escaping from an Estonian psychiatric facility, Leena Klammer travels to America by impersonating Esther, the missing daughter of a wealthy family. But when her mask starts to slip, she is put against a mother who will protect her family from the murderous “child” at any cost.",8.2445,/pHkKbIRoCe7zIFvqan9LFSaQAde.jpg,2022-07-27,False,False,6.587,2353,"['Horror', 'Thriller']"
False,/rlKB2moKVOPasy4Dr19QluzbJgA.jpg,"[80, 36, 18]",11322,Public Enemies,en,Public Enemies,"Depression-era bank robber John Dillinger's charm and audacity endear him to much of America's downtrodden public, but he's also a thorn in the side of J. Edgar Hoover and the fledgling FBI. Desperate to capture the elusive outlaw, Hoover makes Dillinger his first Public Enemy Number One and assigns his top agent, Melvin Purvis, the task of bringing him in dead or alive.",8.2441,/3KgtekisQBrHRsm2cD5UOB6Ce3k.jpg,2009-07-01,False,False,6.685,4958,"['Crime', 'History', 'Drama']"
False,/ntgpger7OwFNlEldxuvvFHDKzjW.jpg,"[18, 80, 53]",1598,Cape Fear,en,Cape Fear,"Sam Bowden is a small-town corporate attorney. Max Cady is a tattooed, cigar-smoking, Bible-quoting, psychotic rapist. What do they have in common? 14 years ago, Sam was a public defender assigned to Max Cady's rape trial, and he made a serious error: he hid a document from his illiterate client that could have gotten him acquitted. Now, the cagey Cady has been released, and he intends to teach Sam Bowden and his family a thing or two about loss.",8.2427,/meJZAAuVcjic2ipvbOPz5UlE4P9.jpg,1991-11-13,False,False,7.26,4012,"['Drama', 'Crime', 'Thriller']"
False,/bgYcrIYjoaoZAJY9rvdwGpyIvrM.jpg,"[28, 53, 12, 80]",11968,Into the Blue,en,Into the Blue,"When they take some friends on an extreme sport adventure, the last thing Jared and Sam expect to see below the shark-infested waters is a legendary pirate ship rumored to contain millions of dollars in gold. But their good fortune is short-lived, as a ruthless gang of criminals gets word of what they have uncovered.",8.2426,/h5oXcjRu0EOiAxSxYuGq58897tu.jpg,2005-09-30,False,False,5.944,1703,"['Action', 'Thriller', 'Adventure', 'Crime']"
False,/77Fqz6PFCSnWySDOmEL6ZPcaYIl.jpg,"[10749, 35]",1014590,Upgraded,en,Upgraded,"Ana is an ambitious intern dreaming of a career in the art world while trying to impress her demanding boss Claire. When she's upgraded to first class on a work trip, she meets handsome Will, and Ana pretends to be her boss– a white lie that sets off a glamorous chain of events, romance and opportunity, until her fib threatens to surface.",8.2392,/uhOXS17gRpTwA85WsZLlYFK3rz0.jpg,2024-02-07,False,False,7.187,1055,"['Romance', 'Comedy']"
False,/3pMU7OGlcksMb7YkMthj5A1Y08B.jpg,"[80, 28, 18]",535292,21 Bridges,en,21 Bridges,"An embattled NYPD detective, is thrust into a citywide manhunt for a pair of cop killers after uncovering a massive and unexpected conspiracy. As the night unfolds, lines become blurred on who he is pursuing, and who is in pursuit of him.",8.233,/kDlmrGZROewneCoSwPjKx6Qfown.jpg,2019-10-24,False,False,6.793,2232,"['Crime', 'Action', 'Drama']"
False,/sJZd1H4cl2Nxhj0nutVCK5pMczL.jpg,"[18, 10749]",400617,Phantom Thread,en,Phantom Thread,"In 1950s London, a renowned dressmaker's meticulous lifestyle begins drastically changing as his relationship with his young muse intensifies.",8.2316,/hgoWjp9Sh0MI97eAMZCnIoVfgvq.jpg,2017-12-25,False,False,7.313,3865,"['Drama', 'Romance']"
False,/7a4WHNllmX5ZGR0MfYJDPhV69eM.jpg,"[16, 878]",55931,The Animatrix,en,The Animatrix,"Straight from the creators of the groundbreaking Matrix trilogy, this collection of short animated films from the world's leading anime directors fuses computer graphics and Japanese anime to provide the background of the Matrix universe and the conflict between man and machines. The shorts include Final Flight of the Osiris, The Second Renaissance, Kid's Story, Program, World Record, Beyond, A Detective Story and Matriculated.",8.2234,/eDjIG2hAeMU5cxLrd6oiQqdqoZt.jpg,2003-05-09,False,False,7.221,1845,"['Animation', 'Science Fiction']"
False,/o21lRbAMn0MBlKawSIi3tCEM8K3.jpg,[53],990691,Loving Adults,da,Kærlighed for voksne,The thin line between love and hate turns deadly when a wife discovers her husband’s affair — and they both take extreme measures to get what they want.,8.2186,/hSNHg7qReDtBk1u2PaSSzTTQ8ax.jpg,2022-08-26,False,False,6.3,366,['Thriller']
False,/swyPgOP2lffHfMjeZKNnNFR9P88.jpg,"[28, 35, 80]",136400,2 Guns,en,2 Guns,A DEA agent and an undercover Naval Intelligence officer who have been tasked with investigating one another find they have been set up by the mob -- the very organization the two men believe they have been stealing money from.,8.2178,/ptURGAFktibhk7DEAbMazlmNqWa.jpg,2013-08-02,False,False,6.5,4613,"['Action', 'Comedy', 'Crime']"
False,/8MCCpfOe7hkG28cNmkXVrOWRIlK.jpg,[27],480414,The Curse of La Llorona,en,The Curse of La Llorona,"In 1970s Los Angeles, the legendary ghost La Llorona is stalking the night -- and the children. Ignoring the eerie warning of a troubled mother, a social worker and her own kids are drawn into a frightening supernatural realm. Their only hope of surviving La Llorona's deadly wrath is a disillusioned priest who practices mysticism to keep evil at bay.",8.2083,/hETrPpoKs6BwoilK64YJ7Z5GcRT.jpg,2019-04-17,False,False,5.648,2734,['Horror']
False,/xI1tAzzUk2v9nON6DLAHzcOLK42.jpg,"[35, 12, 80]",817,Austin Powers: The Spy Who Shagged Me,en,Austin Powers: The Spy Who Shagged Me,"When diabolical genius Dr. Evil travels back in time to steal superspy Austin Powers's ‘mojo,’ Austin must return to the swingin' '60s himself - with the help of American agent, Felicity Shagwell - to stop the dastardly plan. Once there, Austin faces off against Dr. Evil's army of minions to try to save the world in his own unbelievably groovy way.",8.2073,/jiF7UShERJFn5RtgfBK2lIJrOTc.jpg,1999-06-08,False,False,6.3,3795,"['Comedy', 'Adventure', 'Crime']"
False,/2nOMUnQ4OtsKVTmpp3og7MYt4oG.jpg,"[28, 53]",347375,Mile 22,en,Mile 22,"An elite group of American operatives, aided by a top-secret tactical command team, must transport an asset who holds life-threatening information to an extraction point 22 miles away through the hostile streets of an Asian city.",8.2067,/2L8ehd95eSW9x7KINYtZmRkAlrZ.jpg,2018-08-16,False,False,6.269,2514,"['Action', 'Thriller']"
False,/mYnCnyGxdtXo2PDhhyFT0er9sp5.jpg,"[28, 18, 53]",2100,The Last Castle,en,The Last Castle,A court-martialed general rallies together 1200 inmates to rise against the system that put him away.,8.2057,/pYnUfauPVK6g8IRO2REYl4TUZ2p.jpg,2001-10-19,False,False,7.2,1484,"['Action', 'Drama', 'Thriller']"
False,/nmGgqRzbb0OHJloknzlorUzUVQo.jpg,"[28, 35, 80, 12]",2330,Taxi,fr,Taxi,"In Marseilles a skilled pizza delivery boy Daniel who drives a scooter finally has his dreams come true. He gets a taxi license. Caught by the police for a huge speed infraction, he will help Emilien, a loser inspector who can't drive, on the track of German bank robbers, so he doesn't lose his license and his dream job.",8.2021,/egBxj3ude84theXc3cLbBHrWOkQ.jpg,1998-04-08,False,False,6.73,2805,"['Action', 'Comedy', 'Crime', 'Adventure']"
False,/j9QaQVuyQIEwckUbjHpAgA7E4jJ.jpg,"[80, 18, 53]",50348,The Lincoln Lawyer,en,The Lincoln Lawyer,"Mick Haller is a charismatic defense attorney who does business out of his Lincoln Continental sedan. Mick spends most of his time defending petty crooks and other bottom-feeders, so it comes as quite a surprise when he lands the case of a lifetime: defending a Beverly Hills playboy who is accused of attempted murder. However, what Mick initially thinks is an open-and-shut case with a big monetary reward develops into something more sinister.",8.2016,/gOn8Ve9Yi8fxjRkmLr5BZoOc7KV.jpg,2011-03-17,False,False,7.206,3763,"['Crime', 'Drama', 'Thriller']"
False,/455z1puGQRuMKumAaDttSEEzqg1.jpg,"[53, 28, 18]",4614,The Sum of All Fears,en,The Sum of All Fears,"When the president of Russia suddenly dies, a man whose politics are virtually unknown succeeds him. The change in political leaders sparks paranoia among American CIA officials, so CIA director Bill Cabot recruits a young analyst to supply insight and advice on the situation. Then the unthinkable happens: a nuclear bomb explodes in a U.S. city, and America is quick to blame the Russians.",8.2016,/3E4LW4bjRhEMDeeXeIsmkJ94v8K.jpg,2002-05-31,False,False,6.374,2038,"['Thriller', 'Action', 'Drama']"
False,/nHbsOoAESokKFaIPQGGHR0jJiAP.jpg,"[35, 14, 27]",649609,Renfield,en,Renfield,"Having grown sick and tired of his centuries as Dracula's lackey, Renfield finds a new lease on life — and maybe even redemption — when he falls for feisty, perennially angry traffic cop Rebecca Quincy.",8.2009,/p6yUjhvNGQpFZilKwOKbxQ1eHlo.jpg,2023-04-07,False,False,6.4,2234,"['Comedy', 'Fantasy', 'Horror']"
False,/dMERTVrObB7TkRVIFmcndR2sZFH.jpg,"[53, 878, 18, 27]",333371,10 Cloverfield Lane,en,10 Cloverfield Lane,"After a catastrophic car crash, a young woman wakes up in a survivalist's underground bunker, where he claims to have saved her from an apocalyptic attack that has left the outside world uninhabitable.",8.2001,/q8A39vcBDruhvoDTJd6L8a4lnTi.jpg,2016-03-10,False,False,7.01,8919,"['Thriller', 'Science Fiction', 'Drama', 'Horror']"
False,/9s4ZDw0j6qByLgwJtUsRcepBXSw.jpg,"[80, 18, 53]",6075,Carlito's Way,en,Carlito's Way,"Free after years in prison, Carlito Brigante intends to give up his criminal ways, but it's not long before the ex-con is sucked back into the New York City underworld.",8.1995,/g6D7mjQtndu768cusGmoEQY9fTB.jpg,1993-11-10,False,False,7.827,3581,"['Crime', 'Drama', 'Thriller']"
False,/m0wczZyNfWpu5q9wNuhFUGGiLxG.jpg,"[27, 18, 878]",1255,The Host,ko,괴물,"A teenage girl is captured by a giant mutated squid-like creature that appears from Seoul's Han River after toxic waste was dumped in it, prompting her family into a frantic search for her.",8.1961,/dEDLY3KeghKFzks5nTDWdigVikr.jpg,2006-07-27,False,False,6.981,3238,"['Horror', 'Drama', 'Science Fiction']"
False,/oVp4NyyOqVPKrv5PBA7Sjwoh09S.jpg,"[28, 27, 14]",9946,End of Days,en,End of Days,"Cynical bodyguard Jericho is hired by a man possessed by Satan, who is in search of his bride. When Jericho realizes what is happening, he must do everything he can to save the woman and the world.",8.1888,/pY8FbKKl3VD0jRI1iDFrwN6alLa.jpg,1999-11-24,False,False,6.1,2136,"['Action', 'Horror', 'Fantasy']"
False,/sQPckU0TfSeYIlUneHfIXwzQC2f.jpg,"[14, 35, 10751]",8839,Casper,en,Casper,"Casper is a kind young ghost who peacefully haunts a mansion in Maine. When specialist James Harvey arrives to communicate with Casper and his fellow spirits, he brings along his teenage daughter, Kat. Casper quickly falls in love with Kat, but their budding relationship is complicated not only by his transparent state, but also by his troublemaking apparition uncles and their mischievous antics.",8.1884,/2ah8fNJFZVU3vcXhU5xfAYi2eym.jpg,1995-05-26,False,False,6.3,5046,"['Fantasy', 'Comedy', 'Family']"
False,/nbvREKIjX16mwNZtFqAoQTTHPnQ.jpg,"[35, 80, 9648]",3049,Ace Ventura: Pet Detective,en,Ace Ventura: Pet Detective,"He's Ace Ventura: Pet Detective. The Ace is on the case to find the Miami Dolphins' missing mascot and quarterback Dan Marino. He goes eyeball to eyeball with a man-eating shark, stakes out the Miami Dolphins and woos and wows the ladies. Whether he's undercover, under fire or underwater, he always gets his man… or beast!",8.1851,/pqiRuETmuSybfnVZ7qyeoXhQyN1.jpg,1994-02-04,False,False,6.582,6566,"['Comedy', 'Crime', 'Mystery']"
False,/y27M2hIwZRRvMAVEadFPP5hCPg1.jpg,[27],10665,The Strangers,en,The Strangers,"After a 4 a.m. knock at the door and haunting voices, Kristen McKay and James Hoyt’s remote getaway becomes a psychological night of terror as three masked strangers invade. Now they must go far beyond what they thought themselves capable of if they hope to survive.",8.1844,/gwsg4qFmLOvlhwXj4OZuxfFUdP0.jpg,2008-05-29,False,False,6.118,2741,['Horror']
False,/1gjmfxUd4JPhfoVZszyS9mLA5Uv.jpg,"[53, 80, 28]",11808,U.S. Marshals,en,U.S. Marshals,"U.S. Marshal Sam Gerard is accompanying a plane load of convicts from Chicago to New York. The plane crashes spectacularly, and Mark Sheridan escapes. But when Diplomatic Security Agent John Royce is assigned to help Gerard recapture Sheridan, it becomes clear that Sheridan is more than just another murderer.",8.183,/5ST0BydDSXtW5AtfDDhTVS13pTt.jpg,1998-03-06,False,False,6.555,1865,"['Thriller', 'Crime', 'Action']"
False,/uUXgaOxPsr0jsBhGnkyIgw0g2ge.jpg,"[53, 9648, 10749]",705996,Decision to Leave,ko,헤어질 결심,"From a mountain peak in South Korea, a man plummets to his death. Did he jump, or was he pushed? When detective Hae-joon arrives on the scene, he begins to suspect the dead man’s wife Seo-rae. But as he digs deeper into the investigation, he finds himself trapped in a web of deception and desire.",8.1819,/zI8KZ4EdLUymWKX1YEkpZ0gtPUa.jpg,2022-06-29,False,False,7.327,1618,"['Thriller', 'Mystery', 'Romance']"
False,/iwCti1LGupsMjCzuhaccUA4OZfo.jpg,"[27, 9648]",745881,The Medium,th,ร่างทรง,"A shaman's family learn that their goddess is supposedly controlling one of them. However, their lives take a frightening turn when they realise the goddess has nothing to do with the possession.",8.1811,/wOJbWVMqdKIerkvOegeHfORxWqV.jpg,2021-07-14,False,False,7.012,771,"['Horror', 'Mystery']"
False,/bQObbnj0TY2Q1c55w78m1AN6VNX.jpg,"[28, 80, 37, 35, 18]",52629,El Infierno,es,El Infierno,"After being deported back to Mexico, a man has no choice but to join the vicious drug cartel that has corrupted his hometown in order to survive.",8.1806,/ar8BpJ5xAzTIw9bqD9Sra6TjBvw.jpg,2010-09-03,False,False,8.0,812,"['Action', 'Crime', 'Western', 'Comedy', 'Drama']"
False,/vNrXoT45xscHY6AN4IGf44vHxVJ.jpg,"[12, 14, 18]",14784,The Fall,en,The Fall,"In a hospital on the outskirts of 1920s Los Angeles, an injured stuntman begins to tell a fellow patient, a little girl with a broken arm, a fantastic story about 5 mythical heroes. Thanks to his fractured state of mind and her vivid imagination, the line between fiction and reality starts to blur as the tale advances.",8.1779,/ez7xavvDr5yDz4sSvI55xDp0BoU.jpg,2006-09-09,False,False,7.629,1609,"['Adventure', 'Fantasy', 'Drama']"
False,/s7xVB5OPWw6GO40VBeEJcX9EwNt.jpg,"[18, 10749, 10752]",31439,To Live,zh,活着,Married couple Fugui and Jiazhen endure tumultuous events in mid-20th century mainland China as their personal fortunes move from wealthy landownership to peasantry.,8.1776,/bv0qREWTw8TPAtgt22ELp1UlKVl.jpg,1994-05-18,False,False,8.08,394,"['Drama', 'Romance', 'War']"
False,/wcJmFsz8RqIhozMwvU81hreTX4i.jpg,"[18, 10749]",12163,The Wrestler,en,The Wrestler,"Aging wrestler Randy ""The Ram"" Robinson is long past his prime but still ready and rarin' to go on the pro-wrestling circuit. After a particularly brutal beating, however, Randy hangs up his tights, pursues a serious relationship with a long-in-the-tooth stripper, and tries to reconnect with his estranged daughter. But he can't resist the lure of the ring and readies himself for a comeback.",8.1766,/7QH5p5BF582k6qHufCKjftfkqWH.jpg,2008-12-17,False,False,7.542,4136,"['Drama', 'Romance']"
False,/zeHB7aP46Xs3u4aFLuAq2GFeUGb.jpg,"[35, 10749]",455207,Crazy Rich Asians,en,Crazy Rich Asians,"An American-born Chinese economics professor accompanies her boyfriend to Singapore for his best friend's wedding, only to get thrust into the lives of Asia's rich and famous.",8.1736,/1XxL4LJ5WHdrcYcihEZUCgNCpAW.jpg,2018-08-15,False,False,7.04,4047,"['Comedy', 'Romance']"
False,/vTMM4QXG6Jye7yffsOpz24oPNg1.jpg,"[35, 10749]",20048,Confessions of a Shopaholic,en,Confessions of a Shopaholic,"In the glamorous world of New York City, Rebecca Bloomwood is a fun-loving girl who is really good at shopping – a little too good, perhaps. She dreams of working for her favorite fashion magazine, but can't quite get her foot in the door – until ironically, she snags a job as an advice columnist for a financial magazine published by the same company.",8.1724,/r17R9OIC0pKDqqsNore6atYLCVZ.jpg,2009-02-05,False,False,6.496,2809,"['Comedy', 'Romance']"
False,/aIVL5crQCBMPxKMoExiIsUDFPeR.jpg,"[18, 10749, 878]",2277,Bicentennial Man,en,Bicentennial Man,"Richard Martin buys a gift, a new NDR-114 robot. The product is named Andrew by the youngest of the family's children. ""Bicentennial Man"" follows the life and times of Andrew, a robot purchased as a household appliance programmed to perform menial tasks. As Andrew begins to experience emotions and creative thought, the Martin family soon discovers they don't have an ordinary robot.",8.1666,/wrs23eO0VEWwOQpXoOasMnlW9Y4.jpg,1999-12-17,False,False,7.273,4047,"['Drama', 'Romance', 'Science Fiction']"
False,/AOSzhQfsXIqHPl9JgQvGkBPhYm.jpg,[18],76025,Shame,en,Shame,"Brandon, a thirty-something man living in New York, eludes intimacy with women but feeds his deepest desires with a compulsive addiction to sex. When his younger sister temporarily moves into his apartment, stirring up bitter memories of their shared painful past, Brandon's life, like his fragile mind, gets out of control.",8.165,/cAWLz9kFv4xc6IsEXTj2DrcqD55.jpg,2011-10-02,False,False,6.928,3513,['Drama']
False,/2xnLwNvea2TSH0M0oc9iEq2KEVp.jpg,"[878, 53, 12, 28]",1196470,Survive,fr,Survivre,A couple celebrates their son’s birthday in the middle of the ocean on their boat. A violent storm hits and it brings up hungry creatures from the depths and they fight for their survival.,8.1607,/7fR3KxswtY8OHHZuOUB9td58CRX.jpg,2024-06-19,False,False,5.875,419,"['Science Fiction', 'Thriller', 'Adventure', 'Action']"
False,/yjZM4QrgA7PqX18Es6DxvJQH3ba.jpg,"[28, 14, 27, 35, 53]",755566,Day Shift,en,Day Shift,An LA vampire hunter has a week to come up with the cash to pay for his kid's tuition and braces. Trying to make a living these days just might kill him.,8.1586,/tkl7n5r542S40hnYDI27lGNCACu.jpg,2022-08-05,False,False,6.736,2276,"['Action', 'Fantasy', 'Horror', 'Comedy', 'Thriller']"
False,/dOtH7s8gIP6lt3WfeK4ws8udI3E.jpg,"[28, 18, 36, 10752]",724495,The Woman King,en,The Woman King,"The story of the Agojie, the all-female unit of warriors who protected the African Kingdom of Dahomey in the 1800s with skills and a fierceness unlike anything the world has ever seen, and General Nanisca as she trains the next generation of recruits and readies them for battle against an enemy determined to destroy their way of life.",8.1576,/438QXt1E3WJWb3PqNniK0tAE5c1.jpg,2022-09-16,False,False,7.559,2425,"['Action', 'Drama', 'History', 'War']"
False,/rfBUlspOpxPavxrhkhvzlBlwfD8.jpg,"[80, 53, 9648, 27]",372343,The Snowman,en,The Snowman,Detective Harry Hole investigates the disappearance of a woman whose pink scarf is found wrapped around an ominous looking snowman.,8.1518,/mKsQ8KMOk0VBX26Ev0Lj6EmfGJu.jpg,2017-08-24,False,False,5.213,2418,"['Crime', 'Thriller', 'Mystery', 'Horror']"
False,/aDfGKWdtNHzDmnHkdDyXz7zoDuy.jpg,"[12, 14, 28, 35, 53]",4442,The Brothers Grimm,en,The Brothers Grimm,"Folklore collectors and con artists, Jake and Will Grimm, travel from village to village pretending to protect townsfolk from enchanted creatures and performing exorcisms. However, they are put to the test when they encounter a real magical curse in a haunted forest with real magical beings, requiring genuine courage.",8.1516,/iPrey2UYrA5Fqa8L3KnxqMqfmSq.jpg,2005-08-26,False,False,5.868,3044,"['Adventure', 'Fantasy', 'Action', 'Comedy', 'Thriller']"
False,/akvlTeB0LiNzw9U9YCAB8wwb5Qo.jpg,[18],1075175,How to Have Sex,en,How to Have Sex,"Three British teenage girls go on a rites-of-passage holiday—drinking, clubbing and hooking up, in what should be the best summer of their lives.",8.151,/yQyoFCBLGJH5HXESmJAzaiXw9zU.jpg,2023-11-02,False,False,6.219,537,['Drama']
False,/x7B2zT2OL8fKM53Wgzqz6nc7r02.jpg,"[35, 10751, 14]",9986,Charlotte's Web,en,Charlotte's Web,"Wilbur the pig is scared of the end of the season, because he knows that come that time, he will end up on the dinner table. He hatches a plan with Charlotte, a spider that lives in his pen, to ensure that this will never happen.",8.1407,/fU0IR5HF8KxQbZijuWKPTrY81Qv.jpg,2006-12-07,False,False,6.228,1491,"['Comedy', 'Family', 'Fantasy']"
False,/1Yc5hIRh3skhsEKLbCHE7v1FBOa.jpg,"[28, 878, 53]",513310,Boss Level,en,Boss Level,"A former special forces agent is trapped in a time loop and relives his death over and over again. To escape the terrible situation, he must track down those responsible and stop them.",8.1405,/nt8on8Ge0Lsw0oF6EbmGiDV69Hf.jpg,2021-02-19,False,False,6.881,2011,"['Action', 'Science Fiction', 'Thriller']"
False,/8ScGUtKTupr5rVLiXRmffjKMRhH.jpg,"[14, 18, 53, 10749]",1491,The Illusionist,en,The Illusionist,"With his eye on a lovely aristocrat, a gifted illusionist named Eisenheim uses his powers to win her away from her betrothed, a crown prince. But Eisenheim's scheme creates tumult within the monarchy and ignites the suspicion of a dogged inspector.",8.137,/1O9jUvqkHaGBMVRyOJz1AlkmALW.jpg,2006-08-18,False,False,7.301,5473,"['Fantasy', 'Drama', 'Thriller', 'Romance']"
False,/m05zMH2I7aEOP4zc0JYOdqR4JUD.jpg,"[10749, 18]",1587,What's Eating Gilbert Grape,en,What's Eating Gilbert Grape,"Gilbert Grape is a small-town young man with a lot of responsibility. Chief among his concerns are his mother, who is so overweight that she can't leave the house, and his mentally impaired younger brother, Arnie, who has a knack for finding trouble. Settled into a job at a grocery store and an ongoing affair with local woman Betty Carver, Gilbert finally has his life shaken up by the free-spirited Becky.",8.13,/8FxWgsfDNosewo7H65oE4QkOb7g.jpg,1993-12-17,False,False,7.657,4383,"['Romance', 'Drama']"
False,/nZlvmbnx5ZJYkSVocuQvOgVlWli.jpg,"[12, 28, 18, 14]",7840,"10,000 BC",en,"10,000 BC",A prehistoric epic that follows a young mammoth hunter's journey through uncharted territory to secure the future of his tribe.,8.1295,/9I7gV6wRbGnbfI3XOKjHeLMjYEo.jpg,2008-03-04,False,False,5.51,3248,"['Adventure', 'Action', 'Drama', 'Fantasy']"
False,/RzIuQRoXiO8WeFdjtnjUCzSymV.jpg,"[28, 12, 53]",49021,Killer Elite,en,Killer Elite,"Based on a shocking true story, Killer Elite pits two of the world’s most elite operatives—Danny, an ex-special ops agent and Hunter, his longtime mentor—against the cunning leader of a secret military society. Covering the globe from Australia to Paris, London and the Middle East, Danny and Hunter are plunged into a highly dangerous game of cat and mouse—where the predators become the prey.",8.1274,/7O2U0WPFPSvNSUYZlhbnV081lBF.jpg,2011-09-22,False,False,6.267,2397,"['Action', 'Adventure', 'Thriller']"
False,/tGcIy7gA8jwYpi5W2UB1Rxrk2i6.jpg,"[12, 28, 35]",9486,Johnny English,en,Johnny English,"A lowly pencil pusher working for MI7, Johnny English is suddenly promoted to super spy after Agent One is assassinated and every other agent is blown up at his funeral. When a billionaire entrepreneur sponsors the exhibition of the Crown Jewels—and the valuable gems disappear on the opening night and on English's watch—the newly-designated agent must jump into action to find the thief and recover the missing gems.",8.1259,/mmzW88tnkB2MnOV3Un2F9IUxSnZ.jpg,2003-03-14,False,False,6.3,3920,"['Adventure', 'Action', 'Comedy']"
False,/ljCKYCSRMNyZNyke5Lc1I8nW5b2.jpg,"[18, 36]",614917,King Richard,en,King Richard,"The story of how Richard Williams served as a coach to his daughters Venus and Serena, who will soon become two of the most legendary tennis players in history.",8.1255,/vjpMd1dsEsVBoUhq6iVHXwwFj9n.jpg,2021-11-18,False,False,7.6,2938,"['Drama', 'History']"
False,/gpVg9EA5tieNCxmPtx9KTbUKXrU.jpg,"[16, 35, 12, 10751, 14]",355547,The Star,en,The Star,A small but brave donkey and his animal friends become the unsung heroes of the greatest story ever told: the first Christmas.,8.118,/tEbDvivUfsCupngKIfMJJ725eAD.jpg,2017-11-15,False,False,6.5,624,"['Animation', 'Comedy', 'Adventure', 'Family', 'Fantasy']"
False,/kl3rMfydlxyLDsZidSUCEWm8K0M.jpg,"[12, 35, 878]",39513,Paul,en,Paul,"For the past 60 years, a space-traveling smart-ass named Paul has been locked up in a top-secret military base, advising world leaders about his kind. But when he worries he’s outlived his usefulness and the dissection table is drawing uncomfortably close, Paul escapes on the first RV that passes by his compound in Area 51. Fortunately, it contains the two earthlings who are most likely to rescue and harbor an alien on the run.",8.1146,/dKhexH8nS08lVlSmwSs00cHFxbY.jpg,2011-02-14,False,False,6.748,6467,"['Adventure', 'Comedy', 'Science Fiction']"
False,/jL3G2f8uNCFejJRlIqCzRp8Y7eV.jpg,[18],10802,Showgirls,en,Showgirls,"Fresh to Las Vegas with no connections, Nomi Malone takes a job as an exotic dancer. Her talents are quickly noticed by Cristal, a headlining dancer who senses an opportunity to bolster her own act. But Nomi won’t play second fiddle and soon begins her venomous path to the top, ruthlessly backstabbing anyone who gets in her way.",8.1127,/o4HT3Ap5c99W4FYpdXUtTvxGgPc.jpg,1995-09-22,False,False,5.6,1436,['Drama']
False,/wK2D1OAodmCWtaPxybcBFCLRskF.jpg,"[80, 18, 53]",77016,End of Watch,en,End of Watch,Two young officers are marked for death after confiscating a small cache of money and firearms from the members of a notorious cartel during a routine traffic stop.,8.1081,/pDeVKQICkcdwwjHxGj0MeS14YJ6.jpg,2012-09-20,False,False,7.362,3768,"['Crime', 'Drama', 'Thriller']"
False,/dQutbCXdvcoRORJTcnakrICCkDb.jpg,"[28, 878, 53]",7299,Equilibrium,en,Equilibrium,"In a dystopian future, a totalitarian regime maintains peace by subduing the populace with a drug, and displays of emotion are punishable by death. A man in charge of enforcing the law rises to overthrow the system.",8.1032,/yQuovle5Ov6q69XSdTNdH52eANc.jpg,2002-12-06,False,False,7.058,5209,"['Action', 'Science Fiction', 'Thriller']"
False,/3EZV0VnaSao1b0RGCwVsg7rEkOE.jpg,"[18, 10752]",293767,Billy Lynn's Long Halftime Walk,en,Billy Lynn's Long Halftime Walk,19-year-old Billy Lynn is brought home for a victory tour after a harrowing Iraq battle. Through flashbacks the film shows what really happened to his squad – contrasting the realities of war with America's perceptions.,8.1023,/jjuDRavgTazvs5ishEgnfZ8YhbV.jpg,2016-11-10,False,False,6.024,648,"['Drama', 'War']"
False,/6PTWsiDugvnI44QwmP2f2Yq2fhN.jpg,"[27, 53]",125509,Wrong Turn 5: Bloodlines,en,Wrong Turn 5: Bloodlines,"A small West Virginia town is hosting the legendary Mountain Man Festival on Halloween, where throngs of costumed party goers gather for a wild night of music and mischief. But an inbred family of hillbilly cannibals kill the fun when they trick and treat themselves to a group of visiting college students.",8.1012,/8fABep8FSRpeo8Ea4j3rfnoVgkg.jpg,2012-10-18,False,False,5.491,1077,"['Horror', 'Thriller']"
False,/vWriOBVlgW0XWdgbOiijhyLW7B8.jpg,"[16, 10751, 35]",109451,Cloudy with a Chance of Meatballs 2,en,Cloudy with a Chance of Meatballs 2,"After the disastrous food storm in the first film, Flint and his friends are forced to leave the town. Flint accepts the invitation from his idol Chester V to join The Live Corp Company, which has been tasked to clean the island, and where the best inventors in the world create technologies for the betterment of mankind. When Flint discovers that his machine still operates and now creates mutant food beasts like living pickles, hungry tacodiles, shrimpanzees and apple pie-thons, he and his friends must return to save the world.",8.1007,/ss5NcK2NWFg2YcKKYXLrk8q1myS.jpg,2013-09-26,False,False,6.457,3574,"['Animation', 'Family', 'Comedy']"
False,/bL3rgYFs0NTAoLBMpCBIJ7aX6hp.jpg,"[28, 53, 80]",11782,Hard Boiled,cn,辣手神探,A cop who loses his partner in a shoot-out with gun smugglers goes on a mission to catch them. In order to get closer to the leaders of the ring he joins forces with an undercover cop who's working as a gangster hitman. They use all means of excessive force to find them.,8.0997,/oMqr4CGGqVlfI8DdrSelK1e9aFM.jpg,1992-04-16,False,False,7.518,981,"['Action', 'Thriller', 'Crime']"
False,/jf1V00dZdNkVfEq7VPk8frrlELk.jpg,[27],748230,Salem's Lot,en,Salem's Lot,Author Ben Mears returns to his childhood home of Jerusalem's Lot only to discover his hometown is being preyed upon by a bloodthirsty vampire.,8.0917,/vCUpo94Qm6DhV5fkQF4xMPsKCP8.jpg,2024-10-03,False,False,5.967,738,['Horror']
False,/huUgrGkCetYSkDl5fMvZCXCbFKl.jpg,"[18, 28, 80]",7347,Elite Squad,pt,Tropa de Elite,"In 1997, before the visit of the pope to Rio de Janeiro, Captain Nascimento from BOPE (Special Police Operations Battalion) is assigned to eliminate the risks of the drug dealers in a dangerous slum nearby where the pope intends to be lodged.",8.0879,/lwIXz785N2fXi8hsBr1IXciFlkM.jpg,2007-10-05,False,False,8.062,2808,"['Drama', 'Action', 'Crime']"
False,/h71xyiurUscD6uIPbECyso1Lwb9.jpg,"[18, 28]",8456,Never Back Down,en,Never Back Down,"Jake, full of anger after his father's death, is just starting to find a place for himself at his new Orlando high school - until Ryan, head of an underground MMA fight club, picks Jake out as a prime opponent. After being trounced by Ryan in front of the entire school, Jake begins training under the firm, moral guidance of a MMA master, where he learns how to fight... and how to avoid a fight. But it becomes obvious that a rematch will be inevitable if Jake wants to stop Ryan and his bullying, once and for all.",8.0859,/8oRUTyP1QAtGDMvRpKZyuyFPG0U.jpg,2008-03-04,False,False,6.778,2556,"['Drama', 'Action']"
False,/zKwpFXBoZa3DZXIctZPpcWJBAmh.jpg,[35],356305,Why Him?,en,Why Him?,A dad forms a bitter rivalry with his daughter's young rich boyfriend.,8.0829,/eezFoKz7bXgdbjeieeCYJFXPKSu.jpg,2016-12-22,False,False,6.389,4480,['Comedy']
False,/iW2ZLRkKJvFuI6ZkSchk5f8kCPc.jpg,"[12, 18, 28, 36, 10752]",10047,The Messenger: The Story of Joan of Arc,en,Joan of Arc,"In 1429, a French teenager stood before her King with a message she claimed came from God; that she would defeat the world's greatest army and liberate her country from its political and religious turmoil. As she reclaims God's diminished kingdom, this courageous young woman has various amazing victories until her violent and untimely death.",8.0828,/lFzOGA2LPdOfQyhEiY74uDf2WKa.jpg,1999-10-27,False,False,6.426,1647,"['Adventure', 'Drama', 'Action', 'History', 'War']"
False,/7drO1kYgQ0PnnU87sAnBEphYrSM.jpg,"[28, 16, 878, 27]",1083862,Resident Evil: Death Island,ja,バイオハザード：デスアイランド,"In San Francisco, Jill Valentine is dealing with a zombie outbreak and a new T-Virus, Leon Kennedy is on the trail of a kidnapped DARPA scientist, and Claire Redfield is investigating a monstrous fish that is killing whales in the bay. Joined by Chris Redfield and Rebecca Chambers, they discover the trail of clues from their separate cases all converge on the same location, Alcatraz Island, where a new evil has taken residence and awaits their arrival.",8.0811,/qayga07ICNDswm0cMJ8P3VwklFZ.jpg,2023-06-22,False,False,7.263,1138,"['Action', 'Animation', 'Science Fiction', 'Horror']"
False,/3fFVHmZcSIzG0ACExUz6pAhcSAR.jpg,"[10749, 35]",6877,Failure to Launch,en,Failure to Launch,"At 35, Tripp has an interesting job, a hip car, a passion for sailing, an active dating life, and a great house - trouble is, he still lives with his parents, Al and Sue, who are not happy about it. Al and Sue are fascinated when friends whose adult son has recently moved away from home reveal they hired an expert to help. In desperation to push Tripp out of the nest once and for all, Al and Sue hatch a plan to hire Paula, an ""interventionist,"" who has a formula in these cases.",8.0809,/omReuKQ8ItWYD5pOLmsKh3MF24w.jpg,2006-03-10,False,False,5.853,1863,"['Romance', 'Comedy']"
False,/uEnA2AKtrpX4LCZ98hBLwVkhJEd.jpg,[27],2082,Halloween,en,Halloween,"The early years of young Michael Myers and the events leading up to his fateful Halloween night murder rampage in the quiet town of Haddonfield, Illinois.",8.0761,/cD8JrfSEI4j7WVnKM1GdiYzMoUh.jpg,2007-08-31,False,False,6.242,2627,['Horror']
False,/qXTSZkk8mQHnZjuRjW9fc2Ax5vj.jpg,"[27, 80]",41439,Saw 3D,en,Saw 3D,"As a deadly battle rages over Jigsaw's brutal legacy, a group of Jigsaw survivors gathers to seek the support of self-help guru and fellow survivor Bobby Dagen, a man whose own dark secrets unleash a new wave of terror.",8.0757,/qHCZ6LjtmqWDfXXN28TlIC9OppK.jpg,2010-10-22,False,False,5.974,3391,"['Horror', 'Crime']"
False,/zu09Mwoo69qwHpcj3gNtKntgUB7.jpg,"[18, 53]",867,Sliver,en,Sliver,"A woman moves into a Manhattan apartment, where she learns that the previous tenant's life ended under mysterious circumstances.",8.0757,/g7PC2e2KqDkIfOoJx9iXJJez99d.jpg,1993-05-21,False,False,5.578,837,"['Drama', 'Thriller']"
False,/2M2JxEv3HSpjnZWjY9NOdGgfUd.jpg,"[53, 28, 80]",553604,Honest Thief,en,Honest Thief,"A bank robber tries to turn himself in because he's falling in love and wants to live an honest life...but when he realizes the Feds are more corrupt than him, he must fight back to clear his name.",8.0733,/zeD4PabP6099gpE0STWJrJrCBCs.jpg,2020-09-03,False,False,6.461,1946,"['Thriller', 'Action', 'Crime']"
False,/3UNd9jAE2CaGLAr5MGtzlh178SD.jpg,"[80, 18, 53, 14]",9411,Fallen,en,Fallen,"Homicide detective John Hobbes witnesses the execution of serial killer Edgar Reese. Soon after the execution the killings start again, and they are very similar to Reese's style.",8.0716,/sWGqNkWVr6JWL4grHFFGV3datuQ.jpg,1998-01-16,False,False,6.816,1683,"['Crime', 'Drama', 'Thriller', 'Fantasy']"
False,/37y53Jt8K6MvN6s4zJVFa61luO2.jpg,"[10749, 18]",851644,20th Century Girl,ko,20세기 소녀,"In 1999, a teen girl keeps close tabs on a boy in school on behalf of her deeply smitten best friend – then she gets swept up in a love story of her own.",8.0699,/od22ftNnyag0TTxcnJhlsu3aLoU.jpg,2022-10-06,False,False,8.179,861,"['Romance', 'Drama']"
False,/wDln5edQPFYMeKvakkYCLUXOPRP.jpg,[18],13920,Radio,en,Radio,"In the racially divided town of Anderson, South Carolina in 1976, football coach Harold Jones spots a mentally disabled African-American young man nicknamed Radio near his practice field and is inspired to befriend him. Soon, Radio is Jones' loyal assistant, and he becomes a student at T.L. Hanna High School. But things start to sour when Coach Jones begins taking guff from parents and fans who feel that his devotion to Radio is getting in the way of the team's quest for a championship.",8.0671,/uQ6ci4iFHhB6TWB2f4wftR7AEly.jpg,2003-10-24,False,False,7.37,918,['Drama']
False,/rLo9T9jEg67UZPq3midjLnTUYYi.jpg,"[10402, 36, 18]",614934,Elvis,en,Elvis,"The life story of Elvis Presley as seen through the complicated relationship with his enigmatic manager, Colonel Tom Parker.",8.0659,/qBOKWqAFbveZ4ryjJJwbie6tXkQ.jpg,2022-06-22,False,False,7.441,4009,"['Music', 'History', 'Drama']"
False,/aqqoDJs8vYp2EZ74aQ1UMY0sjM7.jpg,"[18, 53]",235271,Addicted,en,Addicted,A gallerist risks her family and flourishing career when she enters into an affair with a talented painter and slowly loses control of her life.,8.0642,/fAERrD6vvmznDoL99wlgjhSfPcH.jpg,2014-10-10,False,False,5.923,460,"['Drama', 'Thriller']"
False,/n8KxhAnfoAFoOrYLQcHi7nhp1zB.jpg,"[12, 10751, 14]",13600,City of Ember,en,City of Ember,"For generations, the people of the City of Ember have flourished in an amazing world of glittering lights. But Ember's once powerful generator is failing and the great lamps that illuminate the city are starting to flicker. Now, two teenagers, in a race against time, must search Ember for clues that will unlock the ancient mystery of the city's existence, before the the lights go out forever.",8.0642,/xHYxFNsl8KuT4tHai8d1Y5gJI0F.jpg,2008-10-07,False,False,6.4,1950,"['Adventure', 'Family', 'Fantasy']"
False,/umyOinNa6vqqnqoVc9QqzyaapUz.jpg,[27],938614,Late Night with the Devil,en,Late Night with the Devil,"A live broadcast of a late-night talk show in 1977 goes horribly wrong, unleashing evil into the nation's living rooms.",8.0621,/mu8LRWT9GHkfiyHm7kgxT6YNvMW.jpg,2024-03-19,False,False,7.094,2265,['Horror']
False,/qgCg1bCg9QBwr4jRygz6nZCoDqw.jpg,[18],284293,Still Alice,en,Still Alice,"Alice Howland, happily married with three grown children, is a renowned linguistics professor who starts to forget words. When she receives a devastating diagnosis, Alice and her family find their bonds tested.",8.0539,/jJiGGbuLW8IkEnh5073maEmIr7V.jpg,2014-12-05,False,False,7.467,3346,['Drama']
False,/l3qZ3wYF0iRCrWuYTSMsp70qiH9.jpg,"[18, 53]",11087,The Hand That Rocks the Cradle,en,The Hand That Rocks the Cradle,"A suburban family chooses seemingly sweet Peyton Flanders as their newborn's nanny. Only much later does the infant's mother, Claire Bartel, realize Peyton's true intentions -- to destroy Claire and replace her in the family. The nail-biting suspense builds quickly in this chilling psychological thriller about deception and bitter revenge.",8.0479,/1fBnyO3SbNBplck45js6O4pQaLw.jpg,1992-01-10,False,False,6.898,1054,"['Drama', 'Thriller']"
False,/d84M69u6Q202dm6EvhVxbiqrK9f.jpg,"[18, 35]",334533,Captain Fantastic,en,Captain Fantastic,"Deep in the forests of the Pacific Northwest, a father devoted to raising his six kids with a rigorous physical and intellectual education is forced to leave his paradise and enter the world, beginning a journey that challenges his idea of what it means to be a parent.",8.0453,/2sFME73GaD8UsUxPUKe60cPdLif.jpg,2016-07-08,False,False,7.889,6962,"['Drama', 'Comedy']"
False,/otfoeC96neoOdA4HqsX06OWuzE9.jpg,[27],719221,Tarot,en,Tarot,"When a group of friends recklessly violate the sacred rule of Tarot readings, they unknowingly unleash an unspeakable evil trapped within the cursed cards. One by one, they come face to face with fate and end up in a race against death.",8.0408,/gAEUXC37vl1SnM7PXsHTF23I2vq.jpg,2024-05-01,False,False,6.338,1458,['Horror']
False,/s1pLloOCKSEzaOwz8PRJgyo5TFX.jpg,"[9648, 53, 80, 18]",978592,Sleeping Dogs,en,Sleeping Dogs,"Roy Freeman, an ex-homicide detective with a fractured memory, is forced to revisit a case he can't remember. As a man's life hangs in the balance on death row, Freeman must piece together the brutal evidence from a decade-old murder investigation, uncovering a sinister web of buried secrets and betrayals linking to his past. With only instincts to trust, he faces a chilling truth - sometimes, it's best to let sleeping dogs lie.",8.0335,/5DwQhh1HvTo7edaOeMX49NUyZqy.jpg,2024-03-21,False,False,7.0,661,"['Mystery', 'Thriller', 'Crime', 'Drama']"
False,/eS5OdKN3kRZXQbWRSSCJ4Gh0z26.jpg,"[53, 878, 18]",97370,Under the Skin,en,Under the Skin,A seductive stranger prowls the streets of Glasgow in search of prey: unsuspecting men who fall under her spell.,8.0326,/55wmcXJIDYITr7JDijJTdvwSaAv.jpg,2014-03-14,False,False,6.1,3941,"['Thriller', 'Science Fiction', 'Drama']"
False,/6FTc6G8gwawItBqGQd7sYtf6s3f.jpg,"[16, 28, 35, 878]",474395,Teen Titans Go! To the Movies,en,Teen Titans Go! To the Movies,"All the major DC superheroes are starring in their own films, all but the Teen Titans, so Robin is determined to remedy this situation by getting over his role as a sidekick and becoming a movie star. Thus, with a few madcap ideas and an inspirational song in their hearts, the Teen Titans head to Hollywood to fulfill their dreams.",8.0246,/mFHihhE9hlvJEk2f1AqdLRaYHd6.jpg,2018-07-27,False,False,7.166,1196,"['Animation', 'Action', 'Comedy', 'Science Fiction']"
False,/oa0bHsnrD96miW3Yx10HWb211Sj.jpg,"[27, 28, 14]",49017,Dracula Untold,en,Dracula Untold,"Vlad Tepes is a great hero, but when he learns the Sultan is preparing for battle and needs to form an army of 1,000 boys, he vows to find a way to protect his family. Vlad turns to dark forces in order to get the power to destroy his enemies and agrees to go from hero to monster as he's turned into the mythological vampire, Dracula.",8.0244,/m5h3NtZ2ZfryIHl1MvatmANvIqQ.jpg,2014-10-01,False,False,6.5,6620,"['Horror', 'Action', 'Fantasy']"
False,/hII4gDYkG9DJZ6iysUO4cNjkD2p.jpg,"[16, 18, 27]",53064,Midori,ja,地下幻燈劇画 少女椿,"After losing her parents, young flower selling Midori is put up by a fairground group. She is abused and forced to slavery, until the arrival of an enigmatic magician of short stature, who gives her hope for a better future.",8.0238,/iv3TU7RAuWnMwhsYd7eaAIJ3NuO.jpg,1992-05-02,False,False,6.0,175,"['Animation', 'Drama', 'Horror']"
False,/oOoy2MqPeuDqeedQyouFfitncei.jpg,"[80, 53, 18, 9648]",9481,The Bone Collector,en,The Bone Collector,"Lincoln Rhyme was the department's top homicide detective and leading expert in criminal forensics until an injury left him paralyzed, depressed, and incapable of working. But when a gruesome murder in Manhattan leaves detectives baffled, they call on Rhyme to help solve the mystery. Amelia Donaghy, a rookie cop whose quick thinking preserved a gruesome murder scene, is enlisted by Rhyme to be his on-the-scene forensics expert. With Amelia reluctantly acting as Rhyme's able-bodied go-between, the pair piece together cryptic clues the killer leaves behind at the scene of the crime, hoping to catch the grisly serial killer.",8.0217,/7atMCqRaDpAOnGsteTRm17zmvN3.jpg,1999-11-04,False,False,6.793,3996,"['Crime', 'Thriller', 'Drama', 'Mystery']"
False,/4byUSbNrjqCSjqVYrJU6AxqyZYr.jpg,"[14, 35, 10751]",888,The Flintstones,en,The Flintstones,Modern Stone Age family the Flintstones hit the big screen in this live-action version of the classic cartoon. Fred helps Barney adopt a child. Barney sees an opportunity to repay him when Slate Mining tests its employees to find a new executive. But no good deed goes unpunished.,8.0138,/qbojLbbpSaNSerWa2moIrt0C8hy.jpg,1994-05-27,False,False,5.379,2679,"['Fantasy', 'Comedy', 'Family']"
False,/o6TYNmB1CT85j7lmyvSedoybyc9.jpg,"[14, 12, 10751]",68728,Oz the Great and Powerful,en,Oz the Great and Powerful,"Oscar Diggs, a small-time circus illusionist and con-artist, is whisked from Kansas to the Land of Oz where the inhabitants assume he's the great wizard of prophecy, there to save Oz from the clutches of evil.",8.0059,/tkzfAUEKoUp4YFNbZV9hfpZOz0z.jpg,2013-03-07,False,False,5.94,6907,"['Fantasy', 'Adventure', 'Family']"
False,/mIW7eFxHnNqlwKwKWb6dpVjmHao.jpg,"[28, 53, 27, 80]",799379,Project Wolf Hunting,ko,늑대사냥,"While under heavily armed guard, the dangerous convicts aboard a cargo ship unite in a coordinated escape attempt that soon escalates into a bloody, all-out riot. But as the fugitives continue their brutal campaign of terror, they soon discover that not even the most vicious among them is safe from the horror they unknowingly unleashed from the darkness below deck.",8.0035,/hmeIsFSClo5UBWxBiiCDCnDOYJY.jpg,2022-09-21,False,False,6.473,462,"['Action', 'Thriller', 'Horror', 'Crime']"
False,/7lwo8VLHD8Va49DKuszabpm41V9.jpg,[18],10637,Remember the Titans,en,Remember the Titans,"After leading his football team to 15 winning seasons, coach Bill Yoast is demoted and replaced by Herman Boone – tough, opinionated and as different from the beloved Yoast as he could be. The two men learn to overcome their differences and turn a group of hostile young men into champions.",8.0028,/825ohvC4wZ3gCuncCaqkWeQnK8h.jpg,2000-09-29,False,False,7.668,3066,['Drama']
False,/fpaVxLcSQnnMdtcCRdZV0eTjJPg.jpg,"[14, 18, 27]",60898,Erotic Ghost Story,cn,聊齋艷譚,"After one thousand years, three vixens transform into humans. They seduce a poor young scholar who soon finds himself in a horrifying situation.",8.0025,/fTUCwsxVoLFuodAtlL6aITP1B45.jpg,1990-05-19,False,False,6.2,95,"['Fantasy', 'Drama', 'Horror']"
False,/fO1hwjlUqDe1ixO7eMfxTby62Ut.jpg,"[27, 18, 53]",9539,Martyrs,fr,Martyrs,"A young woman’s quest for revenge against the people who kidnapped and tortured her as a child leads her and her best friend, also a victim of child abuse, on a terrifying journey into a living hell of depravity.",7.9983,/sT5ITTlTcnPOeFzHEu5j0hTZUvD.jpg,2008-06-12,False,False,7.3,3127,"['Horror', 'Drama', 'Thriller']"
False,/vgVzQyOVU5QDSbEPkilPVg8IS41.jpg,"[10402, 35]",6279,Sister Act 2: Back in the Habit,en,Sister Act 2: Back in the Habit,"Deloris Van Cartier is again asked to don the nun's habit to help a run-down Catholic school, presided over by Mother Superior. And if trying to reach out to a class full of uninterested students wasn't bad enough, the sisters discover that the school is due to be closed by the unscrupulous chief of a local authority.",7.9961,/dlkBp5S6Ei5f54031rAhyb4IwML.jpg,1993-12-09,False,False,6.375,2010,"['Music', 'Comedy']"
False,/2kpPVHLvkHfsc9uurzmEB1PoC6R.jpg,"[10751, 14, 35, 12]",2899,Asterix & Obelix: Mission Cleopatra,fr,Astérix & Obélix : Mission Cléopâtre,History's favorite Gauls assist Queen Cleopatra when she wagers that the Egyptian people can build a palace for Julius Caesar in just three months.,7.9954,/i4k9LPyy2j5d6m5bzDaZj0E7eR7.jpg,2002-01-30,False,False,7.367,3841,"['Family', 'Fantasy', 'Comedy', 'Adventure']"
False,/9rSpxsMhG1FnFtUDdvSAXdtLtb3.jpg,"[35, 10749, 18]",634,Bridget Jones's Diary,en,Bridget Jones's Diary,"Bridget Jones is an average woman struggling against expectations. As a New Year's resolution, Bridget decides to take control of her life, starting by keeping a diary in which she will always tell the complete truth. Her charming boss takes an interest in her, and she cannot stop running into a rather disagreeable acquaintance whom Bridget cannot help finding quietly attractive.",7.9947,/olMTi7uCaec9Yr3Ar07D2SIja1G.jpg,2001-04-13,False,False,6.738,5627,"['Comedy', 'Romance', 'Drama']"
False,/dMa5IBCZylgIKvpRA13a06RSSvn.jpg,"[28, 12, 18, 53]",9619,Dante's Peak,en,Dante's Peak,"Volcanologist Harry Dalton comes to the sleepy town of Dante's Peak to investigate the recent rumblings of the dormant volcano the burg is named for. Before long, his worst fears are realized when a massive eruption hits, and immediately, Harry, the mayor and the townspeople find themselves fighting for their lives amid a catastrophic nightmare.",7.994,/8PRVIfZzDgw8EV3sDWJ6NA1ZMAn.jpg,1997-02-07,False,False,6.256,2182,"['Action', 'Adventure', 'Drama', 'Thriller']"
False,/hoszursvZR1C054sTXVQBcBDory.jpg,"[18, 10749]",292431,Love,fr,Love,"Murphy is an American living in Paris who enters a highly sexually and emotionally charged relationship with the unstable Electra. Unaware of the seismic effect it will have on their relationship, they invite their pretty neighbor into their bed.",7.9936,/yz6lmOmsmYuj6AOLG4LIwK5eJZF.jpg,2015-07-15,False,False,6.456,2720,"['Drama', 'Romance']"
False,/ShDHEWiJ4NL6ldn4W2m3bEkIBr.jpg,"[18, 53, 80, 9648]",186,Lucky Number Slevin,en,Lucky Number Slevin,"Slevin is mistakenly put in the middle of a personal war between the city’s biggest criminal bosses. Under constant watch, Slevin must try not to get killed by an infamous assassin and come up with an idea of how to get out of his current dilemma.",7.9914,/x21s3p5wPww534nYj1cWakTcqz4.jpg,2006-02-24,False,False,7.475,4617,"['Drama', 'Thriller', 'Crime', 'Mystery']"
False,/coqFt7FJqUJL1KyD5V2oBiDf2bd.jpg,"[27, 53, 35]",71668,Piranha 3DD,en,Piranha 3DD,"After the events at Lake Victoria, the prehistoric school of blood-thirsty piranhas make their way into swimming pools, plumbing, and a newly opened water park.",7.9874,/eOLA3IrZATSz5FQ6fmG0Q6sSVyq.jpg,2012-05-11,False,False,4.338,1183,"['Horror', 'Thriller', 'Comedy']"
False,/sLjeApi5odpyEoCzAnbr5DycL3z.jpg,"[12, 14, 10751, 18]",381289,A Dog's Purpose,en,A Dog's Purpose,A dog goes on quest to discover his purpose in life over the course of several lifetimes with multiple owners.,7.985,/3jcNvhtVQe5Neoffdic39fRactM.jpg,2017-01-19,False,False,7.64,3591,"['Adventure', 'Fantasy', 'Family', 'Drama']"
False,/6O51sHUFjZrGSX0evVU3pq2yMMJ.jpg,[18],337844,In Dubious Battle,en,In Dubious Battle,"In the California apple country, 900 migratory workers rise 'in dubious battle' against the landowners. The group takes on a life of its own—stronger than its individual members, and more frightening. Led by the doomed Jim Nolan, the strike is founded on his tragic idealism—'courage, never submit, or yield'.",7.9841,/bC7N0pUc6RzuDqSNHsV0VXk06Cq.jpg,2016-10-08,False,False,5.809,160,['Drama']
False,/dMFVSGbgtVTedpewA4PHykQuEEK.jpg,"[53, 80, 18]",9944,The Pelican Brief,en,The Pelican Brief,"A law student's theory about the recent deaths of two Supreme Court justices embroils her in a far-reaching web of murder, corruption, and greed.",7.983,/7B1HS0SqfJR1jbeHS6V0ZWdzLXP.jpg,1993-09-17,False,False,6.597,1828,"['Thriller', 'Crime', 'Drama']"
False,/cnWVCPDrX29kX7AwA9sfNlLx5vn.jpg,"[28, 14, 53]",23629,Sucker Punch,en,Sucker Punch,"A young woman, institutionalized by her abusive stepfather, retreats into a vivid fantasy world where she envisions a plan to escape. Gathering a group of fellow inmates, she embarks on a quest to collect five mystical items, blurring the lines between reality and imagination.",7.9827,/jtaUDnvIiHUd2ranDcjB5AbPx6o.jpg,2011-03-24,False,False,6.204,5235,"['Action', 'Fantasy', 'Thriller']"
False,/yNOtXSNep1BLnfZ0yhLejm1TULi.jpg,"[35, 10749]",11000,The Birdcage,en,The Birdcage,A gay cabaret owner and his drag queen partner agree to put up a false heterosexual front so that their son can introduce them to his fiancée's conservative parents.,7.9827,/4IpC35BoA5aRO0Q1DpFGJ8iKKYq.jpg,1996-03-03,False,False,7.053,1420,"['Comedy', 'Romance']"
False,/j3w3lT3ABvJsVE3byNOMCYmnGMB.jpg,"[27, 878, 18]",531309,Brightburn,en,Brightburn,"What if a child from another world crash-landed on Earth, but instead of becoming a hero to mankind, he proved to be something far more sinister?",7.9819,/sJWwkYc9ajwnPRSkqj8Aue5JbKz.jpg,2019-05-09,False,False,6.156,3578,"['Horror', 'Science Fiction', 'Drama']"
False,/1ckHUJ6ztq5XJRKM2nIAW0UjJNH.jpg,"[53, 80, 9648]",2252,Eastern Promises,en,Eastern Promises,A Russian teenager living in London dies during childbirth but leaves clues in her diary that could tie her child to a rape involving a violent Russian mob family.,7.9815,/nLwv1pxRCRZucQaqs6oPkq7HH3K.jpg,2007-09-14,False,False,7.348,3837,"['Thriller', 'Crime', 'Mystery']"
False,/iwkWvcXcP8M4r9HLglhVEhgGyVu.jpg,"[28, 27]",1001311,Under Paris,fr,Sous la Seine,"In order to save Paris from an international bloodbath, a grieving scientist is forced to face her tragic past when a giant shark appears in the Seine.",7.9773,/qZPLK5ktRKa3CL4sKRZtj8UlPYc.jpg,2024-06-04,False,False,5.922,1454,"['Action', 'Horror']"
False,/sJjuXNHNT7PfzcgkqM3oSIkVOXB.jpg,"[16, 35, 10751, 9648]",385103,Scoob!,en,Scoob!,"In Scooby-Doo’s greatest adventure yet, see the never-before told story of how lifelong friends Scooby and Shaggy first met and how they joined forces with young detectives Fred, Velma, and Daphne to form the famous Mystery Inc. Now, with hundreds of cases solved, Scooby and the gang face their biggest, toughest mystery ever: an evil plot to unleash the ghost dog Cerberus upon the world. As they race to stop this global “dogpocalypse,” the gang discovers that Scooby has a secret legacy and an epic destiny greater than anyone ever imagined.",7.9762,/jHo2M1OiH9Re33jYtUQdfzPeUkx.jpg,2020-07-08,False,False,6.977,1843,"['Animation', 'Comedy', 'Family', 'Mystery']"
False,/d7zDEW6AkRCvEOT2Cela4h0F3Nb.jpg,[27],807172,The Exorcist: Believer,en,The Exorcist: Believer,"Since his wife's death, Victor has raised his daughter Angela alone. After she and her friend return from a three-day disappearance with missing memories, they begin displaying frightening behavior reminiscent of the MacNeil possession fifty years prior.",7.9688,/fFXkAlMH2iQrNknv4eq7LGTkcti.jpg,2023-10-04,False,False,5.8,1327,['Horror']
False,/rdDcZHklNkHHApjcBd0qTK7YzJr.jpg,"[28, 12]",308504,Last Knights,en,Last Knights,"When an evil emperor executes their leader, his band of knights – bound by duty and honour – embarks on a journey of vengeance that will not come to an end until they've destroyed their mortal foe.",7.9677,/kDDwAQHkqPy8RYQc38lFTuRw8Ro.jpg,2015-04-03,False,False,6.375,1184,"['Action', 'Adventure']"
False,/bWfmsPRKJ9Skkh7pUOdoThR9zqO.jpg,[35],10663,The Waterboy,en,The Waterboy,Bobby Boucher is a water boy for a struggling college football team. The coach discovers Boucher's hidden rage makes him a tackling machine whose bone-crushing power might vault his team into the playoffs.,7.9673,/miT42qWYC4D0n2mXNzJ9VfhheWW.jpg,1998-11-06,False,False,6.061,2097,['Comedy']
False,/4kCDWJhceLHwPbRWd9uTR8bJpLz.jpg,"[28, 12, 18]",290595,The Huntsman: Winter's War,en,The Huntsman: Winter's War,"As two evil sisters prepare to conquer the land, two renegades—Eric the Huntsman, who aided Snow White in defeating Ravenna in Snowwhite and the Huntsman, and his forbidden lover, Sara—set out to stop them.",7.9619,/ekHPrneEoa1EoDclWdillOKznqM.jpg,2016-04-06,False,False,6.295,5121,"['Action', 'Adventure', 'Drama']"
False,/3ciAiEBD4yxZYoXMxEnZF6Q0u58.jpg,[18],627725,The Banker,en,The Banker,"In the 1960s, two entrepreneurs hatch an ingenious business plan to fight for housing integration—and equal access to the American Dream.",7.9612,/biXzsw22U6vSd0XktmZwAOc4uik.jpg,2020-03-06,False,False,7.624,1152,['Drama']
False,/uEqrGVBELVFaNVMOE4ExjLCMV3j.jpg,"[28, 53, 80]",51608,The Man from Nowhere,ko,아저씨,A reclusive pawnshop owner goes on a brutal rampage to rescue a young girl kidnapped by a criminal organization.,7.9599,/9QJ3cPpYgoPfhRnRPxpQUfx790r.jpg,2010-08-04,False,False,7.7,1558,"['Action', 'Thriller', 'Crime']"
False,/tOTtJelsPKX0bvSdvDVL2ou3cGS.jpg,"[12, 10751, 14]",267935,The BFG,en,The BFG,"An orphan little girl befriends a benevolent giant who takes her to Giant Country, where they attempt to stop the man-eating giants that are invading the human world.",7.9524,/w17Mc2x2olB5CtewznUFxgpvne0.jpg,2016-06-01,False,False,6.286,3707,"['Adventure', 'Family', 'Fantasy']"
False,/vgT0kAaWU88do5RrCfHhXRVPnXM.jpg,"[36, 18, 12]",975511,The Return,en,The Return,"After twenty years away, Odysseus washes up on the shores of Ithaca, haggard and unrecognizable. The king has finally returned home, but much has changed in his kingdom since he left to fight in the Trojan war.",7.9442,/xSj6EbdwHs3MFT2tRj9L3I7TE5j.jpg,2024-11-28,False,False,6.588,532,"['History', 'Drama', 'Adventure']"
False,/nprqOIEfiMMQx16lgKeLf3rmPrR.jpg,"[28, 53, 18]",619297,Sweet Girl,en,Sweet Girl,"A man vows to bring justice to those responsible for his wife's death while protecting the only family he has left, his daughter.",7.9433,/cP7odDzzFBD9ycxj2laTeFWGLjD.jpg,2021-08-18,False,False,6.574,1312,"['Action', 'Thriller', 'Drama']"
False,/xh0ZRdnL4pSqfW73HBf97xiNEFP.jpg,"[14, 28]",8960,Hancock,en,Hancock,"Hancock is a down-and-out superhero who's forced to employ a PR expert to help repair his image when the public grows weary of all the damage he's inflicted during his lifesaving heroics. The agent's idea of imprisoning the antihero to make the world miss him proves successful, but will Hancock stick to his new sense of purpose or slip back into old habits?",7.9419,/7DyuV2G0hLEqHeueDfOqhZ2DVut.jpg,2008-07-01,False,False,6.357,10473,"['Fantasy', 'Action']"
False,/8yjHiSuSEhzR916LcIecuQ8tETG.jpg,"[10749, 18, 14]",994108,All of Us Strangers,en,All of Us Strangers,"One night in his near-empty tower block in contemporary London, Adam has a chance encounter with a mysterious neighbor, which punctures the rhythm of his everyday life.",7.9403,/aviJMFZSnnCAsCVyJGaPNx4Ef3i.jpg,2023-12-22,False,False,7.4,1086,"['Romance', 'Drama', 'Fantasy']"
False,/AfJdtxxhbA0E6vlzRRcXDUNdBEB.jpg,"[28, 53]",48340,Sanctum,en,Sanctum,"Master diver Frank McGuire has explored the South Pacific's Esa-ala Caves for months.  But when his exit is cut off in a flash flood, Frank's team—including 17-year-old son Josh and financier Carl Hurley are forced to radically alter plans.  With dwindling supplies, the crew must navigate an underwater labyrinth to make it out.",7.94,/zRUNv1CbeVtmTCNr6RLHnxV2QYm.jpg,2011-02-03,False,False,6.061,1203,"['Action', 'Thriller']"
False,/r0MDuymjP02XA3BtC2qp0sLXU1c.jpg,"[10751, 35]",12139,Dennis the Menace,en,Dennis the Menace,Mr. Wilson's ever-present annoyance comes in the form of one mischievous kid named Dennis. But he'll need Dennis's tricks to uncover a collection of gold coins that go missing when a shady drifter named Switchblade Sam comes to town.,7.9367,/t642WwGifbQ2fEuKTJRgpPzsgtX.jpg,1993-06-09,False,False,5.9,1646,"['Family', 'Comedy']"
False,/eWYrrdCKd4bjOKB9DB0HtRUhI1o.jpg,"[18, 35, 10402]",5528,The Chorus,fr,Les Choristes,"In 1940s France, a new teacher at a school for disruptive boys gives hope and inspiration.",7.936,/hUl7gSvkGygyk9wt3zy5NqpC5bb.jpg,2004-03-17,False,False,7.747,2666,"['Drama', 'Comedy', 'Music']"
False,/qCsaZ2GoaCn5vmOUD9kCsyabr9o.jpg,"[18, 80]",97367,The Place Beyond the Pines,en,The Place Beyond the Pines,"A motorcycle stunt rider considers committing a crime in order to provide for his wife and child, an act that puts him on a collision course with a cop-turned-politician.",7.9337,/vY5j2xQzMGWmxBuhQo0HfA4Lxqb.jpg,2013-03-20,False,False,6.98,5318,"['Drama', 'Crime']"
False,/mFfyE5DPFDqoes4HIcElHc2a15y.jpg,[18],334,Magnolia,en,Magnolia,"On one random day in the San Fernando Valley, a dying father, a young wife, a male caretaker, a famous lost son, a police officer in love, a boy genius, an ex-boy genius, a game show host and an estranged daughter will each become part of a dazzling multiplicity of plots, but one story.",7.9323,/tpfC325Jk6S38VTe5dDWjWtoyxr.jpg,1999-12-17,False,False,7.723,4154,['Drama']
False,/s9Bn7Mx4U9cWOR1WdFZjU1DTAkh.jpg,"[878, 12, 10751]",6795,Zathura: A Space Adventure,en,Zathura: A Space Adventure,"After their father is called into work, two young boys, Walter and Danny, are left in the care of their teenage sister, Lisa, and told they must stay inside. Walter and Danny, who anticipate a boring day, are shocked when they begin playing Zathura, a space-themed board game, which they realize has mystical powers when their house is shot into space. With the help of an astronaut, the boys attempt to return home.",7.9291,/gDb5BW2NLqZ9cvg9nyzkZVvmgze.jpg,2005-11-06,False,False,6.454,3706,"['Science Fiction', 'Adventure', 'Family']"
False,/uwACVNL5OpiI3oT72DVGxnU4SRV.jpg,"[18, 36]",1232827,The Girl with the Needle,da,Pigen med nålen,"Struggling to survive in post-WWI Copenhagen, a newly unemployed and pregnant young woman is taken in by a charismatic elder to help run an underground adoption agency. The two form an unexpected bond, until a sudden discovery changes everything.",7.9272,/2xkyx8v9G3ePxe1IcFugFQkXHzQ.jpg,2024-09-06,False,False,7.565,391,"['Drama', 'History']"
False,/jC6xdsrOpgLiODlEeII2bSnOFxI.jpg,[28],333669,Bastille Day,en,Bastille Day,"Michael Mason is an American pickpocket living in Paris who finds himself hunted by the CIA when he steals a bag that contains more than just a wallet. Sean Briar, the field agent on the case, soon realises that Michael is just a pawn in a much bigger game and is also his best asset to uncover a large-scale conspiracy.",7.925,/lTby7l0zX7xG8Pt0eNrWBrNzdqX.jpg,2016-04-22,False,False,6.317,1569,['Action']
False,/akNBILfG0vh7WhuzjA1bXfrgpYI.jpg,"[28, 53]",49040,The Bourne Legacy,en,The Bourne Legacy,New CIA operative Aaron Cross experiences life-or-death stakes that have been triggered by the previous actions of Jason Bourne.,7.9248,/1aExL5DTGHj25ZfIC3dDwS84RWi.jpg,2012-08-08,False,False,6.252,6277,"['Action', 'Thriller']"
False,/3aGsZdB5ud6LmU9lppwTLh2fqH1.jpg,"[878, 28, 12, 53]",16320,Serenity,en,Serenity,"A group of rebels travel the outskirts of space evading the sinister Alliance regime. Their lives of smuggling and cargo-running are interrupted by a psychic passenger who harbours a dangerous secret. Soon, the crew find themselves being pursued by an Alliance agent who will stop at nothing to find them.",7.9215,/4sqUOaPFoP2W81mq1UYqZqf5WzA.jpg,2005-09-25,False,False,7.359,3995,"['Science Fiction', 'Action', 'Adventure', 'Thriller']"
False,/z4nKeZpPCrTifS6pzzK8vNleADl.jpg,"[14, 28, 9648]",123553,The Mortal Instruments: City of Bones,en,The Mortal Instruments: City of Bones,"In New York City, Clary Fray, a seemingly ordinary teenager, learns that she is descended from a line of Shadowhunters — half-angel warriors who protect humanity from evil forces. After her mother disappears, Clary joins forces with a group of Shadowhunters and enters Downworld, an alternate realm filled with demons, vampires, and a host of other creatures. Clary and her companions must find and protect an ancient cup that holds the key to her mother's future.",7.9211,/zaK1aVn5vXfNwLIDop9U8XA3Q0x.jpg,2013-08-21,False,False,6.423,4698,"['Fantasy', 'Action', 'Mystery']"
False,/tSxbUnrnWlR5dQvUgqMI7sACmFD.jpg,"[14, 35, 12]",779782,The School for Good and Evil,en,The School for Good and Evil,Best friends Sophie and Agatha navigate an enchanted school for young heroes and villains — and find themselves on opposing sides of the battle between good and evil.,7.9197,/6oZeEu1GDILdwezmZ5e2xWISf1C.jpg,2022-10-19,False,False,7.02,1429,"['Fantasy', 'Comedy', 'Adventure']"
False,/5C6njaciKvyZlKWUrQX7mjdl4D1.jpg,"[80, 9648, 53, 28]",2043,Along Came a Spider,en,Along Came a Spider,"After the harrowing death of his partner, forensic psychologist and best-selling author Alex Cross cannot forgive himself and has retreated to the peace of retirement. But when a brilliant criminal kidnaps a senator's young daughter, he is lured back into action as the kidnapper wants to deal with Alex personally. Teamed with Jezzie Flanigan, the Secret Service agent assigned to protect the missing girl, Alex follows a serpentine trail of clues that leads him to a stunning discovery - the kidnapper wants more than just ransom.",7.915,/vipRsbIpwUNf1gjfOcVNizQ1o3c.jpg,2001-04-06,False,False,6.348,2121,"['Crime', 'Mystery', 'Thriller', 'Action']"
False,/rSrJW3MHZLWBtiNV3fbVaqNYVpy.jpg,"[28, 53]",628900,The Contractor,en,The Contractor,"After being involuntarily discharged from the U.S. Special Forces, James Harper decides to support his family by joining a private contracting organization alongside his best friend and under the command of a fellow veteran. Overseas on a covert mission, Harper must evade those trying to kill him while making his way back home.",7.9144,/rJPGPZ5soaG27MK90oKpioSiJE2.jpg,2022-03-10,False,False,6.347,1092,"['Action', 'Thriller']"
False,/osHKguxvXPIUJJzsO3DEORZZ8QD.jpg,"[35, 18, 10749]",4564,Sex and the City,en,Sex and the City,"When Carrie's big step forward in her relationship goes awry, best friends Charlotte, Miranda and Samantha are there to help her pick up the pieces.",7.9121,/AhNfnsGW95RKHQNLdgFH48UN0Zy.jpg,2008-05-12,False,False,6.537,2317,"['Comedy', 'Drama', 'Romance']"
False,/1GZCV0dwIoAn6jpWPfVAbeMTVC2.jpg,"[12, 10751, 18]",481848,The Call of the Wild,en,The Call of the Wild,"Buck is a big-hearted dog whose blissful domestic life is turned upside down when he is suddenly uprooted from his California home and transplanted to the exotic wilds of the Yukon during the Gold Rush of the 1890s. As the newest rookie on a mail delivery dog sled team—and later its leader—Buck experiences the adventure of a lifetime, ultimately finding his true place in the world and becoming his own master.",7.9118,/33VdppGbeNxICrFUtW2WpGHvfYc.jpg,2020-02-19,False,False,7.506,4011,"['Adventure', 'Family', 'Drama']"
False,/jl2YIADk391yc6Qjy9JhgCRkHJk.jpg,"[16, 35, 18]",1064486,Memoir of a Snail,en,Memoir of a Snail,"Forcibly separated from her twin brother when they are orphaned, a melancholic misfit learns how to find confidence within herself amid the clutter of misfortunes and everyday life.",7.9112,/woaN8CbloH0akyX0E72ayxlJAB4.jpg,2024-10-17,False,False,8.062,828,"['Animation', 'Comedy', 'Drama']"
False,/qSx994cBgJ2jgc5Gx4hc3QjtJP0.jpg,[35],8277,American Pie Presents: Beta House,en,American Pie Presents: Beta House,"Erik, Ryan, and Cooze start college and pledge the Beta House fraternity, presided over by none other than legendary Dwight Stifler. But chaos ensues when a fraternity of geeks threatens to stop the debauchery and the Betas have to make a stand for their right to party.",7.9103,/j7eGbwVb9hTaRFWMlSa7C1OYp3T.jpg,2007-12-06,False,False,5.6,2067,['Comedy']
False,/nZSUgauXlVUrJGdGUGWMXCtnZx4.jpg,"[28, 12, 14]",9334,The Scorpion King,en,The Scorpion King,"In ancient Egypt, peasant Mathayus is hired to exact revenge on the powerful Memnon and the sorceress Cassandra, who are ready to overtake Balthazar's village. Amid betrayals, thieves, abductions and more, Mathayus strives to bring justice to his complicated world.",7.907,/aITIsX20tACn6jgtyDcCYpRT216.jpg,2002-04-18,False,False,5.582,3457,"['Action', 'Adventure', 'Fantasy']"
False,/kYlBNDkB5qFdpTDpnlQdH0CdK3T.jpg,[18],60308,Moneyball,en,Moneyball,"The story of Oakland Athletics general manager Billy Beane's successful attempt to put together a baseball team on a budget, by employing computer-generated analysis to draft his players.",7.9058,/4yIQq1e6iOcaZ5rLDG3lZBP3j7a.jpg,2011-09-23,False,False,7.299,5981,['Drama']
False,/dNW7ftcqEAvKmDkuRPaLC4gnhwJ.jpg,"[80, 53, 18]",1965,A Perfect Murder,en,A Perfect Murder,"Millionaire industrialist Steven Taylor is a man who has everything but what he craves most: the love and fidelity of his wife. A hugely successful player in the New York financial world, he considers her to be his most treasured acquisition. But she needs more than simply the role of dazzling accessory.",7.905,/wC0ax12N9GQ8vMXPEs4nES5AAiB.jpg,1998-06-05,False,False,6.55,1605,"['Crime', 'Thriller', 'Drama']"
False,/jUeUWPkq7rDIjrDsm0tWVuoTEwq.jpg,"[10751, 35, 10402, 12, 16]",258509,Alvin and the Chipmunks: The Road Chip,en,Alvin and the Chipmunks: The Road Chip,"Through a series of misunderstandings, Alvin, Simon and Theodore come to believe that Dave is going to propose to his new girlfriend in New York City - and dump them. They have three days to get to him and stop the proposal.",7.9033,/aQhFoqby8UYq4uGQXOtV7P8JLBl.jpg,2015-12-17,False,False,6.035,1798,"['Family', 'Comedy', 'Music', 'Adventure', 'Animation']"
False,/7jS69IM8bK7ooOWGFmM9G6JcenO.jpg,"[18, 10751]",770156,Lucy Shimmers and the Prince of Peace,en,Lucy Shimmers and the Prince of Peace,Second chances start when a hardened criminal crosses paths with a precocious little girl who is helped by an angel to change hearts during the holiday season.,7.9007,/yfnJ5qIYx7q33fY4jqv9Pu95RSg.jpg,2020-10-19,False,False,8.397,377,"['Drama', 'Family']"
False,/athnSvS41TEHOSK2Ax0LAM0ulDp.jpg,"[12, 18, 36]",978,Seven Years in Tibet,en,Seven Years in Tibet,"Austrian mountaineer Heinrich Harrer journeys to the Himalayas without his family to head an expedition in 1939. But when World War II breaks out, the arrogant Harrer falls into Allied forces' hands as a prisoner of war. He escapes with a fellow detainee and makes his way to Lhasa, Tibet, where he meets the 14-year-old Dalai Lama, whose friendship ultimately transforms his outlook on life.",7.8996,/qm87HHUew8ICtUCM4asO3gFYvby.jpg,1997-09-12,False,False,7.164,3200,"['Adventure', 'Drama', 'History']"
False,/wqlwSAATTZTYA60OSeTKsj4ChZh.jpg,"[27, 53]",830788,The Invitation,en,The Invitation,"After the death of her mother, Evie is approached by an unknown cousin who invites her to a lavish wedding in the English countryside. Soon, she realizes a gothic conspiracy is afoot and must fight for survival as she uncovers twisted secrets in her family’s history.",7.8988,/jcTq6gIskCsHlKDvCKKouEfiU66.jpg,2022-08-24,False,False,5.998,1003,"['Horror', 'Thriller']"
False,/5Zv5KmgZzdIvXz2KC3n0MyecSNL.jpg,"[28, 18, 53]",634528,The Marksman,en,The Marksman,"Jim Hanson’s quiet life is suddenly disturbed by two people crossing the US/Mexico border – a woman and her young son – desperate to flee a Mexican cartel. After a shootout leaves the mother dead, Jim becomes the boy’s reluctant defender. He embraces his role as Miguel’s protector and will stop at nothing to get him to safety, as they go on the run from the relentless assassins.",7.8979,/6vcDalR50RWa309vBH1NLmG2rjQ.jpg,2021-01-15,False,False,6.763,1779,"['Action', 'Drama', 'Thriller']"
False,/6mPe4rBHzDMal2oL6hVgOBkaHz9.jpg,"[12, 27, 35]",257445,Goosebumps,en,Goosebumps,"After moving to a small town, Zach Cooper finds a silver lining when he meets next door neighbor Hannah, the daughter of bestselling Goosebumps series author R.L. Stine. When Zach unintentionally unleashes real monsters from their manuscripts and they begin to terrorize the town, it’s suddenly up to Stine, Zach and Hannah to get all of them back in the books where they belong.",7.8978,/aeZT9pqEgrmXOGdESFkAuVjX6kw.jpg,2015-08-05,False,False,6.3,4063,"['Adventure', 'Horror', 'Comedy']"
False,/5IIFJxwRzmkhczQidIhpoaolpZY.jpg,"[28, 53, 80]",976734,Canary Black,en,Canary Black,"Top level CIA agent Avery Graves is blackmailed by terrorists into betraying her own country to save her kidnapped husband. Cut off from her team, she turns to her underworld contacts to survive and help locate the coveted intelligence that the kidnappers want.",7.8935,/hhiR6uUbTYYvKoACkdAIQPS5c6f.jpg,2024-10-10,False,False,6.183,540,"['Action', 'Thriller', 'Crime']"
False,/dzm6sNpz9UwG208xyGKAJ6e4ybA.jpg,[18],166666,3096 Days,de,3096 Tage,A young Austrian girl is kidnapped and held in captivity for eight years. Based on the real-life case of Natascha Kampusch.,7.8935,/x2bybyGMtyFSVNjFSxeDNu2fnPD.jpg,2013-02-21,False,False,7.399,1023,['Drama']
False,/9guoVF7zayiiUq5ulKQpt375VIy.jpg,"[16, 28, 14, 12]",592350,My Hero Academia: Heroes Rising,ja,僕のヒーローアカデミア THE MOVIE ヒーローズ：ライジング,"Class 1-A visits Nabu Island where they finally get to do some real hero work. The place is so peaceful that it's more like a vacation... until they're attacked by a villain with an unfathomable Quirk! His power is eerily familiar, and it looks like Shigaraki had a hand in the plan. But with All Might retired and citizens' lives on the line, there's no time for questions. Deku and his friends are the next generation of heroes, and they're the island's only hope.",7.8886,/kpWsIkfXrnQ1pmR79qAHHq7DPxc.jpg,2019-12-20,False,False,8.1,1311,"['Animation', 'Action', 'Fantasy', 'Adventure']"
False,/qx8Pb3nVnHLBizI9792pbRN5nnm.jpg,"[27, 53, 80]",214,Saw III,en,Saw III,"Jigsaw has disappeared. Along with his new apprentice Amanda, the puppet-master behind the cruel, intricate games that have terrified a community and baffled police has once again eluded capture and vanished. While city detectives scramble to locate him, Doctor Lynn Denlon and Jeff Reinhart are unaware that they are about to become the latest pawns on his vicious chessboard.",7.8849,/4iO9n24Rb10peXV0JH2EldIOrAp.jpg,2006-10-26,False,False,6.416,5080,"['Horror', 'Thriller', 'Crime']"
False,/cXQH2u7wUIX1eoIdEj51kHXoWhX.jpg,"[35, 80]",100,"Lock, Stock and Two Smoking Barrels",en,"Lock, Stock and Two Smoking Barrels",A card shark and his unwillingly-enlisted friends need to make a lot of cash quick after losing a sketchy poker match. To do this they decide to pull a heist on a small-time gang who happen to be operating out of the flat next door.,7.8849,/6pJB2t3MbQUy9m5pFIBHXLqnqNd.jpg,1998-08-28,False,False,8.094,7386,"['Comedy', 'Crime']"
False,/krR08gys45BTnY3qXIfBJVDKrvK.jpg,"[27, 35]",10779,The Frighteners,en,The Frighteners,"Once an architect, Frank Bannister now passes himself off as an exorcist of evil spirits. To bolster his facade, he claims his ""special"" gift is the result of a car accident that killed his wife. But what he does not count on is more people dying in the small town where he lives. As he tries to piece together the supernatural mystery of these killings, he falls in love with the wife of one of the victims and deals with a crazy FBI agent.",7.8848,/zcJbCMwFLJdn5OLjhYwMVaSB32R.jpg,1996-07-19,False,False,6.971,1819,"['Horror', 'Comedy']"
False,/cdDWmHpnWLRUzVa2BVvkTG39SNw.jpg,"[27, 878, 9648]",60935,The Thing,en,The Thing,"When paleontologist Kate Lloyd travels to an isolated outpost in Antarctica for the expedition of a lifetime, she joins an international team that unearths a remarkable discovery. Their elation quickly turns to fear as they realize that their experiment has freed a mysterious being from its frozen prison. Paranoia spreads like an epidemic as a creature that can mimic anything it touches will pit human against human as it tries to survive and flourish in this spine-tingling thriller.",7.8839,/dmn2nVo8h7LMnk694JxCRIwK06p.jpg,2011-10-12,False,False,6.3,3329,"['Horror', 'Science Fiction', 'Mystery']"
False,/fvBshQMwOnYZdUXySGMdT6LiqsI.jpg,"[28, 53]",2636,The Specialist,en,The Specialist,"May Munro is a woman obsessed with getting revenge on the people who murdered her parents when she was still a girl. She hires Ray Quick, a retired explosives expert, to kill her parents' killers. When Ned Trent, embittered ex-partner of Quick's, is assigned to protect one of Quick's potential victims, a deadly game of cat and mouse ensues.",7.8835,/9CVAjtkSaFs9FyddGfThj11ZuQq.jpg,1994-10-07,False,False,5.954,1501,"['Action', 'Thriller']"
False,/u6OCGwhSWhfQX1LZ4NTq0bfcWxs.jpg,"[18, 80]",8065,21,en,21,"Ben Campbell is a young, highly intelligent student at M.I.T. who strives to succeed. Wanting a scholarship to transfer to Harvard School of Medicine to become a doctor, Ben learns that he cannot afford the $300,000 tuition as he comes from a poor, working-class background. But one evening, Ben is introduced by his unorthodox math professor to a small but secretive club of five students, Jill, Choi, Kianna, and Fisher, who are being trained by Professor Rosa to count cards at blackjack.",7.8788,/efG8Po57alqSlhqHU1lXJ3duG6t.jpg,2008-03-27,False,False,6.693,5149,"['Drama', 'Crime']"
False,/2BZ7PC9aISswNXV2tugmjGiriaB.jpg,"[16, 10751, 28, 12, 10770]",755812,"Miraculous World: New York, United HeroeZ",fr,"Miraculous World : New York, les héros unis","Marinette's class is headed to New York, the city of superheroes, for French-American Friendship Week. But the arrival of Hawk Moth will complicate everything.",7.8773,/9YbyvcrHmY2SVbdfXpb8mC4Fy0g.jpg,2020-09-25,False,False,8.1,1135,"['Animation', 'Family', 'Action', 'Adventure', 'TV Movie']"
False,/60PR4UC3D20dycVAoWadUzFio5R.jpg,"[35, 10751, 12]",64328,The Muppets,en,The Muppets,"When Kermit the Frog and the Muppets learn that their beloved theater is slated for demolition, a sympathetic human, Gary, and his felt-faced brother, Walter, swoop in to help the gang put on a telethon show and raise the $10 million they need to save the day.",7.8757,/h5N6x5gS45wAALt5fsWVn0oCYQR.jpg,2011-11-23,False,False,6.7,1738,"['Comedy', 'Family', 'Adventure']"
False,/rfnmMYuZ6EKOBvQLp2wqP21v7sI.jpg,"[35, 878, 12]",774752,The Guardians of the Galaxy Holiday Special,en,The Guardians of the Galaxy Holiday Special,"On a mission to make Christmas unforgettable for Quill, the Guardians head to Earth in search of the perfect present.",7.8689,/8dqXyslZ2hv49Oiob9UjlGSHSTR.jpg,2022-11-24,False,False,7.085,2472,"['Comedy', 'Science Fiction', 'Adventure']"
False,/tULzz524DuvMxnAuQJpo8dk0EvJ.jpg,"[28, 53, 12]",823625,Blacklight,en,Blacklight,Travis Block is a shadowy Government agent who specializes in removing operatives whose covers have been exposed. He then has to uncover a deadly conspiracy within his own ranks that reaches the highest echelons of power.,7.867,/bv9dy8mnwftdY2j6gG39gCfSFpV.jpg,2022-02-10,False,False,6.136,1297,"['Action', 'Thriller', 'Adventure']"
False,/hld8bMSwbjLGTLTgMKai6OfSSwJ.jpg,"[28, 35, 53, 12]",457332,Hidden Strike,en,Hidden Strike,Two elite soldiers must escort civilians through a gauntlet of gunfire and explosions.,7.8656,/zsbolOkw8RhTU4DKOrpf4M7KCmi.jpg,2023-07-06,False,False,6.882,1100,"['Action', 'Comedy', 'Thriller', 'Adventure']"
False,/j61P3ty6dOWygdPSneEH56BrkSD.jpg,"[12, 10751, 18]",365045,Heidi,de,Heidi,"Heidi, is an eight-year-old Swiss orphan who is given by her aunt to her mountain-dwelling grandfather. She is then stolen back by her aunt from her grandfather to live in the wealthy Sesemann household in Frankfurt, Germany as a companion to Klara, a sheltered, disabled girl in a wheelchair. Heidi is unhappy but makes the best of the situation, always longing for her grandfather.",7.8645,/ue6L0x3C9V4c5kIiWnEIOPwtGhw.jpg,2015-12-10,False,False,7.256,446,"['Adventure', 'Family', 'Drama']"
False,/4Vyrc1SGaBZZ0ZGDq4o6LcEgq1i.jpg,"[53, 9648]",204922,Before I Go to Sleep,en,Before I Go to Sleep,"A woman wakes up every day, remembering nothing as a result of a traumatic accident in her past. One day, new terrifying truths emerge that force her to question everyone around her.",7.8599,/1sSWpTupVixOanIpZdLGzsKvcZS.jpg,2014-09-03,False,False,6.492,2205,"['Thriller', 'Mystery']"
False,/yRtZmZa2bmDYaOKygG7IaroSXwg.jpg,"[28, 80, 53]",249070,Hitman: Agent 47,en,Hitman: Agent 47,An assassin teams up with a woman to help her find her father and uncover the mysteries of her ancestry.,7.8597,/cx9AOBOv9Qf5ufZYQMbfTV7w7VY.jpg,2015-08-20,False,False,5.912,3366,"['Action', 'Crime', 'Thriller']"
False,/j8M9FjI1seC6OmUluDGkOZIwZt.jpg,"[35, 14, 10751, 10402, 16]",55301,Alvin and the Chipmunks: Chipwrecked,en,Alvin and the Chipmunks: Chipwrecked,"Playing around while aboard a cruise ship, the Chipmunks and Chipettes accidentally go overboard and end up marooned in a tropical paradise. They discover their new turf is not as deserted as it seems.",7.8593,/npOXWVoZyl8UrF2wtByHtfmsWSX.jpg,2011-12-14,False,False,5.704,2396,"['Comedy', 'Fantasy', 'Family', 'Music', 'Animation']"
False,/frqahc6v8wt0p2Zo3XKBu2dg73z.jpg,"[28, 53, 80]",8195,Ronin,en,Ronin,"A briefcase with undisclosed contents – sought by Irish terrorists and the Russian mob – makes its way into criminals' hands. An Irish liaison assembles a squad of mercenaries, or 'ronin', and gives them the thorny task of recovering the case.",7.8574,/AirrhRJjHwytOV0pdLu7YZ4DEyr.jpg,1998-09-25,False,False,6.968,2781,"['Action', 'Thriller', 'Crime']"
False,/g7o5O6xRWkMiwHXiYMPC690YEL4.jpg,[35],1542,Office Space,en,Office Space,"A depressed white-collar worker tries hypnotherapy, only to find himself in a perpetual state of devil-may-care bliss that prompts him to start living by his own rules, and hatch a hapless attempt to embezzle money from his soul-killing employers.",7.8539,/iEmTwOkUaLziMQCUZii5wPQBIAO.jpg,1999-02-19,False,False,7.384,3522,['Comedy']
False,/xfNHRI2f5kHGvogxLd0C5sB90L7.jpg,"[10751, 35, 12, 16, 878, 28]",539681,DC League of Super-Pets,en,DC League of Super-Pets,"When Superman and the rest of the Justice League are kidnapped, Krypto the Super-Dog must convince a rag-tag shelter pack - Ace the hound, PB the potbellied pig, Merton the turtle and Chip the squirrel - to master their own newfound powers and help him rescue the superheroes.",7.8512,/qpPMewlugFaejXjz4YNDnpTniFX.jpg,2022-07-27,False,False,7.14,1780,"['Family', 'Comedy', 'Adventure', 'Animation', 'Science Fiction', 'Action']"
False,/w3LLngJIAA1R7Mp2S3G0HZl2R3H.jpg,"[16, 10751]",45772,Gnomeo & Juliet,en,Gnomeo & Juliet,"A version of Shakespeare's play, set in the world of warring indoor and outdoor gnomes. Garden gnomes Gnomeo and Juliet have as many obstacles to overcome as their quasi namesakes when they are caught up in a feud between neighbors. But with plastic pink flamingos and lawnmower races in the mix, can this young couple find lasting happiness?",7.8496,/vVQwgfS9gSFviVT4gS7tZAmhRFc.jpg,2011-01-13,False,False,5.905,2118,"['Animation', 'Family']"
False,/kIQc0kkqIYTo65x5XjlKgqdDQ6a.jpg,"[12, 18, 14]",559907,The Green Knight,en,The Green Knight,"An epic fantasy adventure based on the timeless Arthurian legend, The Green Knight tells the story of Sir Gawain, King Arthur's reckless and headstrong nephew, who embarks on a daring quest to confront the eponymous Green Knight, a gigantic emerald-skinned stranger and tester of men.",7.8476,/if4hw3Ou5Sav9Em7WWHj66mnywp.jpg,2021-07-29,False,False,6.589,2299,"['Adventure', 'Drama', 'Fantasy']"
False,/iVk4mVKwNE66JbBcoDwcYFvuUXM.jpg,"[18, 53]",68734,Argo,en,Argo,"As the Iranian revolution reaches a boiling point, a CIA 'exfiltration' specialist concocts a risky plan to free six Americans who have found shelter at the home of the Canadian ambassador.",7.8423,/m5gPWFZFIp4UJFABgWyLkbXv8GX.jpg,2012-10-11,False,False,7.285,9182,"['Drama', 'Thriller']"
False,/gESm6yc2MZpSXakgqLF0OlLaRn1.jpg,"[53, 80, 18]",582014,Promising Young Woman,en,Promising Young Woman,"A young woman, traumatized by a tragic event in her past, seeks out vengeance against those who crossed her path.",7.8359,/2h4EkRxy36zSsBDkijXSUMJFDaz.jpg,2020-12-13,False,False,7.37,3837,"['Thriller', 'Crime', 'Drama']"
False,/5U3VLeWr2H4Nd3G7IkHItFimsIz.jpg,"[10751, 35, 12, 16, 878]",870360,The Day the Earth Blew Up: A Looney Tunes Movie,en,The Day the Earth Blew Up: A Looney Tunes Movie,"Porky and Daffy, the classic animated odd couple, turn into unlikely heroes when their antics at the local bubble gum factory uncover a secret alien mind control plot. Against all odds, the two are determined to save their town (and the world!)...that is if they don't drive each other crazy in the process.",7.8356,/s2lB1kaYCdGSnZX5meQCiOR6HfX.jpg,2024-08-01,False,False,7.568,241,"['Family', 'Comedy', 'Adventure', 'Animation', 'Science Fiction']"
False,/rwgmDkIEv8VjAsWx25ottJrFvpO.jpg,"[10749, 18]",744276,After Ever Happy,en,After Ever Happy,"As a shocking truth about a couple's families emerges, the two lovers discover they are not so different from each other. Tessa is no longer the sweet, simple, good girl she was when she met Hardin — any more than he is the cruel, moody boy she fell so hard for.",7.8355,/moogpu8rNkEjTgFyLXwhPghft5w.jpg,2022-08-24,False,False,6.786,1401,"['Romance', 'Drama']"
False,/lA5fOBqTOQBQ1s9lEYYPmNXoYLi.jpg,"[12, 35, 14]",590223,Love and Monsters,en,Love and Monsters,"Seven years since the Monsterpocalypse began, Joel Dawson has been living underground in order to survive. But after reconnecting over radio with his high school girlfriend Aimee, Joel decides to venture out to reunite with her, despite all the dangerous monsters that stand in his way.",7.8351,/718NnyxyQuBQcGWt9sdelA1Zc3h.jpg,2020-10-16,False,False,7.264,4587,"['Adventure', 'Comedy', 'Fantasy']"
False,/1PJtX1UUieACKg3eKxuNBb3QEo7.jpg,"[18, 10749]",51828,One Day,en,One Day,"After spending the night together on the eve of their college graduation, Dexter and Emma are shown each year on the same date to see where they are in their lives. They are sometimes together, and sometimes not.",7.8303,/n9jMwSg4IavdD8wqdYnyW5w3Mvp.jpg,2011-03-02,False,False,7.42,4618,"['Drama', 'Romance']"
False,/pOaWXp9DTUGnk1awfFrhTMqxoKm.jpg,"[35, 10751]",13680,The Game Plan,en,The Game Plan,"Bachelor football star Joe Kingman seems to have it all. He is wealthy and carefree, and his team is on the way to capturing a championship. Suddenly, he is tackled by some unexpected news: He has a young daughter, the result of a last fling with his ex-wife. Joe must learn to balance his personal and professional lives with the needs of his child.",7.827,/fcLFvIqCUrhY96mkSmr3okxaMEw.jpg,2007-09-28,False,False,6.512,2246,"['Comedy', 'Family']"
False,/7HzdWt7Rz3VeoHk5QEBEZaa0m1S.jpg,"[28, 14, 27]",22894,Legion,en,Legion,"When God loses faith in humankind, he sends his legion of angels to bring on the Apocalypse. Humanity's only hope for survival lies in a group of strangers trapped in an out-of-the-way, desert diner with the Archangel Michael.",7.826,/ykocDqwg5PRUopnBVb1x1DWnEJF.jpg,2010-01-21,False,False,5.912,2955,"['Action', 'Fantasy', 'Horror']"
False,/pA4J371Gk2F47vyGQOWapcsnOzz.jpg,"[80, 53, 18, 35]",601666,I Care a Lot,en,I Care a Lot,A court-appointed legal guardian defrauds her older clients and traps them under her care. But her latest mark comes with some unexpected baggage.,7.8189,/gKnhEsjNefpKnUdAkn7INzIFLSu.jpg,2021-02-19,False,False,6.57,3069,"['Crime', 'Thriller', 'Drama', 'Comedy']"
