id,budget,revenue,runtime,status,tagline,production_countries,spoken_languages,production_companies
157336,165000000,746606706,169,Released,Mankind was born on Earth. It was never meant to die here.,GB|US,en,Legendary Pictures|Syncopy|Lynda Obst Productions
634649,200000000,1921426073,148,Released,Enter the Multiverse.,US,en|tl,Marvel Studios|Pascal Pictures|Columbia Pictures
278,25000000,28341469,142,Released,Fear can hold you prisoner. Hope can set you free.,US,en,Castle Rock Entertainment
299536,300000000,2052415039,149,Released,An entire universe. Once and for all.,US,en|xh,Marvel Studios
6435,75000000,94400000,104,Released,"For two sisters from a family of witches, falling in love is the trickiest spell of all.",US,en,Di Novi Pictures|Fortis Films|Village Roadshow Pictures|Warner Bros. Pictures
49026,250000000,1081041287,165,Released,The legend ends.,GB|US,en,Syncopy|Legendary Pictures|Warner Bros. Pictures|DC
19995,237000000,2923706026,162,Released,Enter the world of Pandora.,US|GB,en|es,Dune Entertainment|Lightstorm Entertainment|20th Century Fox|Ingenious Film Partners
299534,356000000,2799439100,181,Released,Avenge the fallen.,US,en|ja|xh,Marvel Studios
76341,150000000,378858340,121,Released,The future belongs to the mad.,AU|US,en,Warner Bros. Pictures|Village Roadshow Pictures|Kennedy Miller Mitchell|RatPac Entertainment
27205,160000000,839030630,148,Released,Your mind is the scene of the crime.,GB|US,en|fr|ja|sw,Warner Bros. Pictures
155,185000000,1004558444,152,Released,Some men just want to watch the world burn.,GB|US,en|zh,Warner Bros. Pictures|Legendary Pictures|Syncopy|DC
24428,220000000,1518815515,143,Released,Some assembly required.,US,en|hi|ru,Marvel Studios
671,125000000,1029374615,152,Released,Let the magic begin.,GB|US,en,Warner Bros. Pictures|Heyday Films|1492 Pictures
603,63000000,463517383,136,Released,Believe the unbelievable.,US,en,Village Roadshow Pictures|Groucho II Film Partnership|Silver Pictures|Warner Bros. Pictures
533535,200000000,1338073645,128,Released,Come together.,US,en,Marvel Studios|Maximum Effort|21 Laps Entertainment|20th Century Studios|Kevin Feige Productions|TSG Entertainment
872585,100000000,952000000,181,Released,The world forever changes.,GB|US,nl|en,Syncopy|Universal Pictures|Atlas Entertainment|Breakheart Films|Peters Creek Entertainment
324857,90000000,394884133,117,Released,Enter a universe where more than one wears the mask.,US,en|ja|es,Columbia Pictures|Lord Miller|Pascal Pictures|Sony Pictures Animation|Arad Productions|Marvel Entertainment
569094,100000000,690897910,140,Released,It's how you wear the mask that matters.,US,en|hi|it|es,Columbia Pictures|Sony Pictures Animation|Lord Miller|Pascal Pictures|Arad Productions|Marvel Entertainment
557,139000000,821708551,121,Released,Go for the ultimate spin.,US,en,Marvel Enterprises|Laura Ziskin Productions|Columbia Pictures
315635,175000000,880978185,133,Released,Homework can wait. The city can't.,US,en,Marvel Studios|Pascal Pictures|LStar Capital|Columbia Pictures
1184918,78000000,331982078,102,Released,Discover your true nature.,US,en,DreamWorks Animation
129,19000000,274925095,125,Released,Beyond the tunnel was a mysterious town.,JP,ja,Studio Ghibli|Tokuma Shoten|Nippon Television Network Corporation|Mitsubishi|dentsu|TFC|The Walt Disney Company (Japan)
693134,190000000,714844358,167,Released,Long live the fighters.,US,en,Legendary Pictures
49494,25000000,27122040,114,Released,The destiny of a soldier. The honour of a slave. The fate of an empire.,US,en,Prime Focus|Toledo Productions|Focus Features|Twins Financing|Film4 Productions
550,63000000,100853753,139,Released,Mischief. Mayhem. Soap.,DE|US,en,Fox 2000 Pictures|Regency Enterprises|Linson Entertainment|20th Century Fox|Taurus Film
414906,185000000,772775278,177,Released,Unmask the truth.,US,en,6th & Idaho Motion Picture Company|Dylan Clark Productions|DC Films|Warner Bros. Pictures
1726,140000000,585174222,126,Released,Heroes aren't born. They're built.,US,en|fa|ur|ar,Marvel Studios|Marvel Entertainment|Fairview Entertainment
496243,11363000,257591776,133,Released,Act like you own the place.,KR,en|de|ko,Barunson E&A
680,8000000,213928762,154,Released,You won’t know the facts until you’ve seen the fiction.,US,en|es|fr,Miramax|A Band Apart|Jersey Films
976912,0,0,90,Released,An erotic thriller for the Tinder generation.,GB,en,Paranoid Android Films|Proportion Productions|Mutiny Pictures|APL Film
122,94000000,1118888979,201,Released,There can be no triumph without loss. No victory without suffering. No freedom without sacrifice.,NZ|US,en,New Line Cinema|WingNut Films|The Saul Zaentz Company
673,130000000,789804554,141,Released,Something wicked this way comes.,GB|US,en,Warner Bros. Pictures|1492 Pictures|Heyday Films|P of A Productions
58,200000000,1066179747,151,Released,Captain Jack is back!,US,en|tr|el|zh,Walt Disney Pictures|Jerry Bruckheimer Films|Second Mate Productions
672,100000000,876688482,161,Released,Something evil has returned to Hogwarts!,GB|US|DE,en,Warner Bros. Pictures|Heyday Films|1492 Pictures|MIRACLE Productions
198663,34000000,348319861,113,Released,Get ready to run.,US|GB,en,Ingenious Media|The Gotham Group|Dayday Films|Temple Hill Entertainment|TSG Entertainment|20th Century Fox
862,30000000,962301978,81,Released,Hang on for the comedy that goes to infinity and beyond!,US,en,Pixar
597,200000000,2264162353,194,Released,Nothing on earth could come between them.,US,en|fr|de|sv|it|ru,Paramount Pictures|20th Century Fox|Lightstorm Entertainment
120,93000000,871368364,179,Released,One ring to rule them all.,NZ|US,en,New Line Cinema|WingNut Films|The Saul Zaentz Company
674,150000000,895921036,157,Released,Dark and difficult times lie ahead.,GB|US,en|fr,Warner Bros. Pictures|Heyday Films|Patalex IV Productions
13,55000000,677387716,142,Released,The world will never be the same once you've seen it through the eyes of Forrest Gump.,US,en,Paramount Pictures|The Steve Tisch Company|Wendy Finerman Productions
361743,170000000,1488732821,131,Released,Feel the need... The need for speed.,US,en,Skydance Media|Don Simpson/Jerry Bruckheimer Films|Paramount Pictures
438631,165000000,410668500,155,Released,It begins.,US,en,Legendary Pictures
912649,120000000,478937618,109,Released,'Til death do they part.,US,en|es,Columbia Pictures|Pascal Pictures|Matt Tolmach Productions|Hutch Parker Entertainment|Arad Productions
8587,45000000,763455561,89,Released,The greatest adventure of all is finding our place in the Circle of Life.,US,en,Walt Disney Pictures|Walt Disney Feature Animation
12445,125000000,1341511219,130,Released,It all ends.,GB|US,en,Warner Bros. Pictures|Heyday Films
354912,175000000,814641172,105,Released,The celebration of a lifetime.,US,en|es,Pixar
76600,460000000,2334484620,192,Released,Return to Pandora.,US,en,20th Century Studios|Lightstorm Entertainment|TSG Entertainment
585,115000000,579700000,92,Released,It's nothing personal. It's just their job.,US,en,Pixar
335984,150000000,259239658,164,Released,The key to the future is finally unearthed.,CA|GB|US,en|fi|hu|ja|ru|so|es,Alcon Entertainment|Columbia Pictures|Scott Free Productions|Bud Yorkin Productions|Torridon Films|16:14 Entertainment
109418,80000000,247022278,101,Released,Just because they're a little older doesn't mean they've grown up.,US,en,Columbia Pictures|Happy Madison Productions
138843,13000000,321293998,112,Released,Based on the true case files of the Warrens.,US,en,Evergreen Media Group|The Safran Company|New Line Cinema
447365,250000000,845550000,150,Released,Once more with feeling.,US,en,Marvel Studios|Kevin Feige Productions
10138,200000000,623933331,124,Released,"It's not the armor that makes the hero, but the man inside.",US,en|ru|fr,Marvel Studios|Fairview Entertainment|Marvel Entertainment
150540,175000000,857611174,95,Released,Meet the little voices inside your head.,US,en,Pixar
1241982,150000000,1059242164,100,Released,The ocean is calling them back.,CA|US,en,Walt Disney Animation Studios|Walt Disney Animation Studios
68718,100000000,425368238,165,Released,"Life, liberty, and the pursuit of vengeance.",US,en|fr|de,The Weinstein Company|Columbia Pictures
497,60000000,286801374,189,Released,Paul Edgecomb didn't believe in miracles. Until the day he met one.,US,fr|en,Castle Rock Entertainment|Darkwoods Productions
807,33000000,327311859,127,Released,Gluttony. Greed. Sloth. Envy. Wrath. Pride. Lust.,US,en,New Line Cinema|Juno Pix|Arnold Kopelson Productions
808,60000000,489676241,90,Released,The greatest fairy tale never told.,US,en,Pacific Data Images|DreamWorks Animation|DreamWorks Pictures
98,103000000,465516248,155,Released,What we do in life echoes in eternity.,GB|US,en,Universal Pictures|Scott Free Productions|Red Wagon Entertainment|Mill Film|DreamWorks Pictures
12444,250000000,954305868,146,Released,Nowhere is safe.,GB|US,en,Warner Bros. Pictures|Heyday Films
863,90000000,497375404,92,Released,The toys are back!,US,en,Pixar
1930,215000000,758725893,136,Released,The untold story begins.,US,en,Marvel Entertainment|Laura Ziskin Productions|Columbia Pictures|Matt Tolmach Productions|Arad Productions
511987,13500000,91542097,87,Released,If the storm doesn't get you... they will.,RS|US,en,Raimi Productions|Fire Axe Pictures|Serbia Creates Film|Paramount Pictures
271110,250000000,1155046416,147,Released,United we stand. Divided we fall.,US,ro|en|de|ru,Marvel Studios
1022789,200000000,1698863816,97,Released,Make room for new emotions.,US,en,Pixar
475557,55000000,1078958629,122,Released,Put on a happy face.,CA|US,en,Warner Bros. Pictures|Joint Effort|Village Roadshow Pictures|Bron Studios|DC Films
549509,9600000,50145227,215,Released,Welcome to America.,GB|US,ru|he|hu|yi|it|en,Brookstreet Pictures|Kaplan Morrison|Intake Films|Andrew Lauren Productions|Lipsync Productions|Richmond Pictures|Meyohas Studio|Carte Blanche|PCE Films
99861,235000000,1405403694,141,Released,A new age has come.,US,en,Marvel Studios
390062,0,1906640,115,Released,Nature has only one law - Survival.,AU|GB|US,en|de|he|es,Screen Queensland|Screen Australia|Babber Films|Cutting Edge Group
424,22000000,321365567,195,Released,"Whoever saves one life, saves the world entire.",US,de|pl|he|en,Amblin Entertainment
559,258000000,894983373,139,Released,The greatest battle lies within.,US,en|fr,Laura Ziskin Productions|Marvel Studios|Columbia Pictures
177572,165000000,657870525,102,Released,Drop everything. Save the world.,US,en,Walt Disney Animation Studios
16869,70000000,321457747,153,Released,Once upon a time in Nazi occupied France...,DE|US,de|en|fr|it,Universal Pictures|The Weinstein Company|A Band Apart|Zehnte Babelsberg Film|Visiona Romantica
121,79000000,926287400,179,Released,The journey continues.,NZ|US,en,New Line Cinema|WingNut Films|The Saul Zaentz Company
14836,60000000,185860104,100,Released,Be careful what you wish for.,US,en,LAIKA|Pandemonium
270303,2300000,23374076,101,Released,It doesn't think. It doesn't feel. It doesn't give up.,US,en,Two Flints|Northern Lights Films|Animal Kingdom
20352,69000000,543284256,95,Released,Superbad. Superdad.,US,en,Illumination|Universal Pictures
522627,22000000,115171795,113,Released,Criminal. Class.,GB|US,en,Miramax|Toff Guy Films|Coach Films
985939,3000000,17363261,107,Released,Fear reaches new heights.,US|GB,en,Tea Shop Productions|Capstone Pictures|Eagle Films
12,94000000,940335536,100,Released,There are 3.7 trillion fish in the ocean. They're looking for one.,US,en,Pixar
652,175000000,497409852,163,Released,For passion. For honor. For destiny. For victory. For love.,GB|US,en,Warner Bros. Pictures|Plan B Entertainment|Radiant Productions|Helena Productions
767,250000000,933959197,153,Released,Dark secrets revealed.,GB|US,en,Warner Bros. Pictures|Heyday Films
280,102000000,517814175,137,Released,It's nothing personal.,FR|US,en|es,Carolco Pictures|Pacific Western|Lightstorm Entertainment|Le Studio Canal+
1010581,0,0,116,Released,Love can only survive in the shadow of secrets.,ES,es,Pokeepsie Films|Amazon MGM Studios
637649,40000000,103966489,119,Released,A one man army.,GB|US,en,Miramax|Toff Guy Films
22,140000000,655011224,143,Released,Prepare to be blown out of the water.,US,en,Walt Disney Pictures|Jerry Bruckheimer Films
156022,55000000,192330738,132,Released,What do you see when you look at me?,US,en,Lonetree Entertainment|Columbia Pictures|Village Roadshow Pictures|Escape Artists|LStar Capital|Mace Neufeld Productions
4935,24000000,236049757,119,Released,Love Comes First.,JP,ja,Studio Ghibli|Tokuma Shoten|Nippon Television Network Corporation|dentsu|Walt Disney Japan|d-rights|TOHO
73861,0,0,104,Released,Not all films have a happy ending.,RS,sr,Contra Film
675,150000000,938212738,138,Released,The rebellion begins.,GB|US,en,Warner Bros. Pictures|Heyday Films
429617,160000000,1132723226,129,Released,It's time to step up.,US,cs|nl|en|de|it,Marvel Studios|Pascal Pictures|Columbia Pictures
350,35000000,326588371,109,Released,Meet Andy Sachs. A million girls would kill to have her job. She's not one of them.,US,en|fr,Fox 2000 Pictures|Wendy Finerman Productions|Dune Entertainment|Major Studio Partners
933260,17500000,77316812,141,Released,Have you ever dreamt of a better version of yourself?,FR|GB|US,en,Working Title|Blacksmith|Working Title Films
385687,340000000,704709660,142,Released,The end of the road begins.,US,en|es,Universal Pictures|Original Film|One Race|Perfect Storm Entertainment
10681,180000000,521311860,98,Released,"After 700 years of doing what he was built for, he'll discover what he was meant for.",US,en,Pixar
244786,3300000,50307484,107,Released,The road to greatness can take you to the edge.,US,en,Bold Films|Blumhouse Productions|Right of Way Films
10684,46000000,100900000,116,Released,A medal for honor. A search for justice. A battle for truth.,US,en,Davis Entertainment|Fox 2000 Pictures|Joseph M. Singer Entertainment|20th Century Fox
466272,95000000,393869691,162,Released,"In this town, it can all change… Like that.",CN|GB|US,en|it|es,Heyday Films|Columbia Pictures|Bona Film Group
10193,200000000,1067316101,103,Released,No toy gets left behind.,US,en|es,Pixar
330457,150000000,1453683476,103,Released,The past is not what it seems.,US,en,Walt Disney Animation Studios
122917,250000000,956019788,144,Released,Will you follow me... one last time?,NZ|US,en,New Line Cinema|Metro-Goldwyn-Mayer|WingNut Films
453395,295400000,955775804,126,Released,Enter a new dimension of Strange.,US,cn|en|es,Marvel Studios|Kevin Feige Productions
358962,1000000,2228115,94,Released,Evil Lives In The Reflection,RU,ru,Volga Film|Enjoy Movies|Ultrafilm|Cinema Foundation of Russia
131631,125000000,755356711,123,Released,Fire burns brighter in the darkness.,US,en,Lionsgate|Color Force
105864,175000000,332207671,93,Released,A single kindness can change everything.,US,en,Pixar
49018,1500000,100106454,102,Released,It's not the house that's haunted.,CA|US,en,Alliance Films|IM Global|Haunted Movies|FilmDistrict
228150,68000000,211817906,135,Released,War never ends quietly.,US,en|de|es,Columbia Pictures|QED International|LStar Capital|Le Grisbi Productions|Crave Films
945961,80000000,350865342,119,Released,"In space, no one can hear you.",US,da|en|nl,20th Century Studios|Scott Free Productions|Brandywine Productions|TSG Entertainment
346698,145000000,1447138421,114,Released,She's everything. He's just Ken.,GB|US,en,LuckyChap Entertainment|Heyday Films|NB/GG Pictures|Mattel|Warner Bros. Pictures
11324,80000000,294804195,138,Released,Someone is missing.,US,en|de,Paramount Pictures|Phoenix Pictures|Sikelia Productions|Appian Way
505642,250000000,859102154,162,Released,Forever.,US,en|fr|ht|es|xh,Marvel Studios
102382,200000000,716934779,141,Released,His greatest battle begins.,US,en,Columbia Pictures|Matt Tolmach Productions|Arad Productions|Marvel Entertainment
500006,22000000,3738618,92,Released,The day that changed us forever,NO,no,Paradox Produksjon
2062,150000000,623726000,111,Released,He's dying to become a chef.,US,en|fr,Pixar
128,23500000,176506186,134,Released,The fate of the world rests on the courage of one warrior.,JP,ja,Studio Ghibli|dentsu|Tokuma Shoten|Nippon Television Network Corporation
14160,175000000,735103954,96,Released,Change is in the air.,US,en,Pixar
1724,150000000,264770996,114,Released,You'll like him when he's angry.,US,pt|es|en,Marvel Studios|Valhalla Motion Pictures|Marvel Entertainment
285,300000000,961691209,169,Released,"At the end of the world, the adventure begins.",US,en,Jerry Bruckheimer Films|Second Mate Productions|Walt Disney Pictures
106646,100000000,407039432,180,Released,Earn. Spend. Party.,US,en|fr,Red Granite Pictures|Appian Way|Sikelia Productions|EMJAG Productions
539972,130000000,62076533,127,Released,Villains aren't born. They're made.,US,en|ru|tr,Columbia Pictures|Matt Tolmach Productions|Arad Productions|TSG Entertainment II
324786,40000000,175302354,139,Released,One of the greatest heroes in American history never fired a bullet.,AU|GB|US,ja|en,Summit Entertainment|Pandemonium|Cross Creek Pictures|Permut Presentations|Vendian Entertainment|Argent Pictures|IM Global|AI Film|Bliss Media|Kylin Pictures|Cosmos Filmed Entertainment
205596,14000000,233555708,113,Released,The true enigma was the man who cracked the code.,US|GB,en,Bristol Automotive|Black Bear Pictures|FilmNation Entertainment
10588,109000000,133800000,82,Released,Don't mess with the hat.,US,en,Universal Pictures|DreamWorks Pictures|Imagine Entertainment|Brian Grazer Productions
127585,250000000,748045700,132,Released,"To save the future, they must alter the past.",US,en|fr|ru|vi,Bad Hat Harry Productions|The Donners' Company|20th Century Fox|Marvel Entertainment|TSG Entertainment|Genre Films
210577,61000000,370890259,149,Released,You don't know what you've got 'til it's...,US,en,20th Century Fox|Regency Enterprises|TSG Entertainment
315162,90000000,484700000,103,Released,Say hola to his little friends.,US,en|es,DreamWorks Animation
284054,200000000,1349926083,135,Released,Long live the king.,US,en|ko|sw|xh,Marvel Studios
39254,110000000,299300000,127,Released,Courage is stronger than steel.,US|IN,en,DreamWorks Pictures|Reliance Entertainment|21 Laps Entertainment|Montford / Murphy Productions
920,120000000,461983149,117,Released,Ahhh... it's got that new movie smell.,US,en|it|ja|yi,Pixar
293660,58000000,782837347,108,Released,Feel the love.,US,en,20th Century Fox|The Donners' Company|Genre Films|Marvel Entertainment
101,16000000,20330788,111,Released,"If you want the job done right, hire a professional.",FR,en|fr|it,Gaumont|Les Films du Dauphin
284053,180000000,855301806,131,Released,No hammer. No problem.,US,en,Marvel Studios
49013,200000000,559852396,106,Released,The mission begins.,US,en|fr|de|it|ja,Pixar|Walt Disney Pictures
939243,122000000,492162604,110,Released,New adventure. New rival.,US|JP,en|fr|ja|es,Paramount Pictures|Original Film|Marza Animation Planet|SEGA|Blur Studio|SEGA of America
419430,4500000,255407969,104,Released,"Just because you're invited, doesn't mean you're welcome.",US,en,Monkeypaw Productions|Blumhouse Productions|QC Entertainment
396535,8500000,87547518,118,Released,Life-or-death survival begins.,KR,ko,Next Entertainment World|RedPeter Films|Contents Panda|Union Investment Partners|KTB Network
4517,55000000,74237563,114,Released,Woman. Warrior. Queen.,FR|GB|DE,sv|en|es,Universal Pictures|StudioCanal|Working Title|Motion Picture ETA Produktionsgesellschaft
372058,7500000,407210429,106,Released,"Separated by distance, connected by fate.",JP,ja,CoMix Wave Films|TOHO|KADOKAWA|jeki|AMUSE|voque ting|Lawson Entertainment
866398,35000000,162619535,106,Released,Expose the corruption. Protect the hive.,GB|US,en,Miramax|Cedar Park Entertainment|Punch Palace Productions
68721,200000000,1215577205,130,Released,Unleash the power behind the armor.,US,en,Marvel Studios
260514,175000000,383925276,102,Released,It's not over until lightning strikes.,US,en,Pixar
284052,180000000,676343174,115,Released,The impossibilities are endless.,US,en,Marvel Studios
1422,90000000,291465000,151,Released,"Cops or criminals. When you’re facing a loaded gun, what’s the difference?",HK|US,en|cn,Warner Bros. Pictures|Plan B Entertainment|Initial Entertainment Group|Vertigo Entertainment|Media Asia Films
564,80000000,415885488,124,Released,The sands will rise. The heavens will part. The power will be unleashed.,US,en|ar,Alphaville Films
359410,85000000,0,121,Released,Take it outside.,US,en,Silver Pictures|Amazon MGM Studios
466420,200000000,158722599,206,Released,Can you find the wolves in this picture?,US,en|la|fr,Apple Studios|Imperative Entertainment|Sikelia Productions|Appian Way
214756,68000000,215863606,115,Released,Thunder buddies for life.,US,en,Smart Entertainment|Universal Pictures|Fuzzy Door Productions|Bluegrass Films|MRC
383498,110000000,785896632,120,Released,Prepare for the Second Coming.,US,cn|en|ru|es,Maximum Effort|Genre Films|20th Century Fox|Marvel Entertainment
11036,29000000,115600000,123,Released,Behind every great love is a great story.,US,en,New Line Cinema|Avery Pix|Gran Via Productions
272,150000000,374218673,140,Released,Evil fears the knight.,GB|US,en|ur|zh,Warner Bros. Pictures|DC|Syncopy|Legendary Pictures|Patalex III Productions
9806,92000000,631442092,115,Released,Super strength can’t carry a family.,US,fr|en,Pixar
857,70000000,481840909,169,Released,The mission is a man.,US,cs|de|en|fr,DreamWorks Pictures|Paramount Pictures|Amblin Entertainment|Mutual Film Company
283995,200000000,863756051,137,Released,Anyone can save the galaxy once.,US,en,Marvel Studios
286217,108000000,631058917,141,Released,Bring him home.,US,en|zh,Genre Films|TSG Entertainment|20th Century Fox|Scott Free Productions
572802,205000000,440181226,124,Released,The tide is turning.,US,en|zh|ko,Warner Bros. Pictures|The Safran Company|Atomic Monster|DC Films|Domain Entertainment
425,59000000,383257136,81,Released,Sub-zero heroes.,US,en,Blue Sky Studios|20th Century Fox
209112,250000000,874362803,152,Released,The greatest gladiator match in the history of the world.,US,en,Warner Bros. Pictures|RatPac Entertainment|Atlas Entertainment|Cruel & Unusual Films|DC
845781,250000000,185700759,124,Released,The mission to save Christmas is on.,US,en,Seven Bucks Productions|The Detective Agency|Chris Morgan Productions|Amazon MGM Studios
1495,130000000,218366336,144,Released,"Be without fear in the face of your enemies. Safeguard the helpless, and do no wrong",US|GB|DE|ES,ar|en|it|la,Scott Free Productions|BK|KOH|Reino del Cielo|Inside Track 3|20th Century Fox|Babelsberg Film
269149,150000000,1025521689,109,Released,Welcome to the urban jungle.,US,en,Walt Disney Animation Studios
10195,150000000,449326618,115,Released,Courage is immortal.,US,en,Marvel Studios|Marvel Entertainment
18240,40000000,317400000,108,Released,Here comes the bribe...,US,en,Touchstone Pictures|Mandeville Films|Kurtzman/Orci
502356,100000000,1360879735,93,Released,Not all heroes wear capes. Some wear overalls.,JP|US,en,Universal Pictures|Illumination|Nintendo
259693,40000000,322819915,134,Released,The next true story from the case files of Ed and Lorraine Warren.,US,en,New Line Cinema|The Safran Company|Atomic Monster|RatPac Entertainment
769,25000000,47072327,145,Released,Three decades of life in the mafia.,US,it|en,Winkler Films|Warner Bros. Pictures
263115,97000000,619021436,137,Released,Someone has come along.,US,en|es,Hutch Parker Entertainment|The Donners' Company|Genre Films|20th Century Fox|Marvel Entertainment|TSG Entertainment
49051,250000000,1021103568,169,Released,From the smallest beginnings come the greatest legends.,NZ|US,en,New Line Cinema|Metro-Goldwyn-Mayer|WingNut Films
616,140000000,456800000,154,Released,"In the face of an enemy, in the heart of one man, lies the soul of a warrior.",US,en|ja,Radar Pictures|Bedford Falls Productions|Cruise/Wagner Productions|Warner Bros. Pictures
490132,23000000,321752656,130,Released,Inspired by a True Friendship.,US,en|it|ru,Participant|DreamWorks Pictures|Cinetic Media|Innisfree Pictures
509635,0,0,98,Released,What are you running from?,US,fr|en,Mill House Motion Pictures|Paperclip|XYZ Films
1865,379000000,1046721266,136,Released,Live forever or die trying.,GB|US,en|es,Walt Disney Pictures|Jerry Bruckheimer Films|Moving Picture Company
4552,15100000,1100000,115,Released,Our sorrow was conceived long before our birth.,KR,ko,Bom Film Productions|Masulpiri|Chungeorahm Film|Barunson E&A
953,75000000,542064525,86,Released,They weren't born in the wild... They were shipped there.,US,en|fr|de|pt|es,Pacific Data Images|DreamWorks Animation
77338,13000000,426590315,113,Released,Sometimes you have to reach into someone else's world to find out what's missing in your own.,FR,en|fr,Gaumont|Quad Productions|Chaocorp|Ten Films|TF1 Films Production
402431,150000000,763963597,162,Released,Everyone deserves the chance to fly.,US,en,Universal Pictures|Marc Platt Productions
3933,40000000,118133252,77,Released,There's been a grave misunderstanding.,GB|US,en,Tim Burton Productions|LAIKA|Patalex Productions|Warner Bros. Pictures
109445,150000000,1274219009,102,Released,Who will save the day? The ice guy? The nice guy? The snow man? Or no man?,US,en,Walt Disney Animation Studios
934433,33000000,169063850,123,Released,New York. New rules.,US,en,Radio Silence|Project X Entertainment|Spyglass Media Group|Paramount Pictures
745,40000000,672800000,107,Released,Not every gift is a blessing.,US,en|la|es,Spyglass Entertainment|The Kennedy/Marshall Company|Hollywood Pictures|Barry Mendel Productions
38365,80000000,271457606,102,Released,Boys will be boys. . . some longer than others.,US,en,Columbia Pictures|Relativity Media|Happy Madison Productions
24,30000000,180906076,111,Released,Here comes the bride.,US,en|ja|fr,Miramax|A Band Apart|Super Cool ManChu
7518,80000000,343397247,83,Released,Get over it.,US,en,DreamWorks Animation
301528,175000000,1073841394,100,Released,The adventure of a lifetime.,US,en,Pixar
321612,160000000,1266115964,129,Released,Be our guest.,US,fr|en,Walt Disney Pictures|Mandeville Films
614479,16000000,189090647,107,Released,It ends where it all began.,US,en,Blumhouse Productions|Stage 6 Films|Screen Gems
640,52000000,352114312,141,Released,The true story of a real fake.,US,en|fr,Kemp Company|Splendid Pictures|DreamWorks Pictures|Parkes+MacDonald Production
9502,130000000,632091832,90,Released,Prepare for awesomeness.,US,en,DreamWorks Animation
181808,300000000,1334407706,152,Released,Let the past die.,US,en,Lucasfilm Ltd.
290098,8575000,38600000,145,Released,You're the one being tricked.,KR,ja|ko,Moho Film|Yong Film|CJ Entertainment
497698,200000000,379751131,134,Released,Her world. Her secrets. Her legacy.,US,en|ru,Marvel Studios
603692,100000000,447316405,170,Released,"No way back, one way out.",DE|US,ar|cn|en|fr|de|ja|la|ru|es,Thunder Road|87Eleven|Studio Babelsberg|Lionsgate
161,85000000,450717150,116,Released,Are you in or out?,US,zh|en|it,Warner Bros. Pictures|Village Roadshow Pictures|NPV Entertainment|Jerry Weintraub Productions|Section Eight
558449,310000000,462180717,148,Released,Prepare to be entertained.,US,en,Paramount Pictures|Scott Free Productions|Lucy Fisher/Douglas Wick Productions
57800,95000000,877244782,88,Released,The end of the world is just the tip of the iceberg.,US,en,Blue Sky Studios|20th Century Fox Animation
436969,185000000,168717425,132,Released,They’re dying to save the world.,US,en|fr|es,DC Films|Atlas Entertainment|The Safran Company|Warner Bros. Pictures
577922,205000000,365304105,150,Released,Time runs out.,GB|US,en|et|ru|uk,Warner Bros. Pictures|Syncopy
313369,30000000,509183536,129,Released,Here's to the fools who dream.,US,en,Summit Entertainment|Gilbert Films|Impostor Pictures|Marc Platt Productions
329865,47000000,203388186,116,Released,Why are they here?,US,zh|en|ru,FilmNation Entertainment|Lava Bear Films|21 Laps Entertainment
216015,40000000,569651467,125,Released,Mr. Grey will see you now.,US,en,Universal Pictures|Focus Features|Michael De Luca Productions|Trigger Street Productions
545611,25000000,139200000,140,Released,The universe is so much bigger than you realize.,US,cn|zh|en,IAC Films|AGBO|Ley Line Entertainment|Year of the Rat|A24
508947,175000000,21813358,100,Released,Growing up is a beast.,US,cn|zh|ko|fr|en,Pixar
101299,130000000,865011746,146,Released,Remember who the enemy is.,US,en,Lionsgate|Color Force
616037,250000000,760928081,119,Released,The one is not the only.,US,en,Marvel Studios|Kevin Feige Productions
406563,10000000,172811971,103,Released,Fear comes home.,US,en,Stage 6 Films|Blumhouse Productions|Universal Pictures
411,180000000,745013115,143,Released,The beloved masterpiece comes to life.,GB|US,en|de,Walt Disney Pictures|Walden Media|C.S. Lewis Company
37165,60000000,264118712,103,Released,On the air. Unaware.,US,en|es|it|ja,Paramount Pictures|Scott Rudin Productions
566525,150000000,432243292,132,Released,You can't outrun your destiny.,US,en|zh,Marvel Studios
8874,38000000,299288605,105,Released,Julianne fell in love with her best friend the day he decided to marry someone else.,US,en|fr|it,Zucker Brothers Productions|Predawn Productions|TriStar Pictures
1124,40000000,109676311,130,Released,Are you watching closely?,GB|US,en,Warner Bros. Pictures|Touchstone Pictures|Newmarket Films|Syncopy
194,10000000,173921954,122,Released,She’ll change your life.,FR|DE,fr|ru,Victoires Productions|Tapioca Films|France 3 Cinéma|MMC Independent|UGC
926393,70000000,191067560,109,Released,Justice knows no borders,IT|US,en|it|pt,Columbia Pictures|Eagle Pictures|Escape Artists|ZHIV Productions
24553,0,0,124,Released,,FR|IT,en|sh|it|zh,MK Film Productions S.r.l.|Frequency Production
118,150000000,475000000,115,Released,Prepare for a taste of adventure.,GB|US,en,Warner Bros. Pictures|Village Roadshow Pictures|The Zanuck Company|Plan B Entertainment|Theobald Film Productions
489,10000000,225933435,127,Released,"Some people can never believe in themselves, until someone believes in them.",US,en,Lawrence Bender Productions|Be Gentlemen Limited Partnership|Miramax
791373,70000000,0,242,Released,Us united.,US,en,Warner Bros. Pictures|The Stone Quarry|Atlas Entertainment|Access Entertainment|Dune Entertainment|DC Films
550988,110000000,331526598,115,Released,Life's too short to be a background character.,US,en,Berlanti Productions|21 Laps Entertainment|Maximum Effort|Lit Entertainment Group|20th Century Studios|TSG Entertainment
786892,168000000,174287546,149,Released,Fury is born.,AU|US,en,Warner Bros. Pictures|Kennedy Miller Mitchell|Domain Entertainment
365620,95000000,39220516,131,Released,,US|IT|GB|SA,en,STXfilms|Forward Pass|Storyteller Productions|Ketchup Entertainment|Esme Grace Media|Cecchi Gori USA|Red Sea Fund|Iervolino & Lady Bacardi Entertainment|Red Sea International Film Festival
519182,100000000,972021410,94,Released,Things just got a little more despicable.,US,en,Universal Pictures|Illumination
11544,80000000,273144151,85,Released,There's one in every family.,US,en,Walt Disney Pictures
940551,72000000,298776052,83,Released,Odd ducks welcome.,US,en,Universal Pictures|Illumination
280092,10000000,120453155,97,Released,This is how you die.,CA|US,en,Blumhouse Productions|Entertainment One
949,60000000,187400000,170,Released,A Los Angeles crime saga.,US,en|es,Warner Bros. Pictures|Regency Enterprises|Forward Pass
120467,30000000,174600318,100,Released,A murder case of Madam D. with enormous wealth and the most outrageous events surrounding her sudden death!,US|DE,en|fr,Fox Searchlight Pictures|Studio Babelsberg|Indian Paintbrush|TSG Entertainment|American Empirical Pictures
829557,0,0,110,Released,Oh Yes.,PL,en|fr|it|pl|es,Ekipa|Open Mind Production
207703,81000000,414351546,129,Released,Manners maketh man.,GB|US,ar|en|sv,20th Century Fox|Marv|Cloudy Productions|TSG Entertainment
9479,18000000,75634409,76,Released,Welcome to an extraordinary world filled with wonder and magic,US,en,Touchstone Pictures|Skellington Productions
10625,17000000,130195052,97,Released,Watch your back.,US,sw|en|de|vi,Broadway Video|Paramount Pictures|M.G. Films
18785,35000000,469310836,100,Released,Some guys just can't handle Vegas.,US,en,Legendary Pictures|Green Hat Films|Warner Bros. Pictures
772,18000000,358994850,120,Released,He's up past his bedtime in the city that never sleeps.,US,en|fr,20th Century Fox|Hughes Entertainment
370172,250000000,774153024,163,Released,The mission that changes everything begins…,GB|US,en|ru|fr|es|it,EON Productions|Metro-Goldwyn-Mayer
8966,37000000,393616788,122,Released,"When you can live forever, what do you live for?",GB|US,en,Summit Entertainment|Temple Hill Entertainment|Maverick Films|Imprint Entertainment|Aura Films|Goldcrest Film Finance
12153,37000000,113100000,109,Released,They're going deep undercover.,US,en,Revolution Studios|Wayans Bros. Entertainment|Gone North Productions
546554,40000000,312897920,131,Released,"Hell, any of them could have done it.",US,es|en,MRC|T-Street
653346,160000000,397378150,145,Released,No one can stop the reign.,US,en,20th Century Studios|Oddball Entertainment|Jason T. Reed Productions|TSG Entertainment
940721,15000000,113676322,125,Released,Live and Fight. Survive and Resist.,JP,en|ja,TOHO|TOHO Studios|Robot Communications
38,20000000,72258126,108,Released,You can erase someone from your mind. Getting them out of your heart is another story.,US,en,Focus Features|Anonymous Content|This is that
345,65000000,162517900,159,Released,No dream is ever just a dream.,GB|US,en,Warner Bros. Pictures|Stanley Kubrick Productions|Pole Star|Hobby Films
752,54000000,134686457,132,Released,People should not be afraid of their governments. Governments should be afraid of their people.,DE|GB|US,en,Virtual Studios|Anarchos Productions|Silver Pictures|Fünfte Babelsberg Film|Warner Bros. Productions|DC Vertigo
598,3300000,30641770,129,Released,"If you run, the beast catches you; if you stay, the beast eats you.",BR|FR|DE,pt,O2 Filmes|VideoFilmes|Wild Bunch|Hank Levine Film & Music|Globo Filmes|Lumière
298618,220000000,271333313,144,Released,Worlds collide.,US,en|es|ru,Warner Bros. Pictures|Double Dream|The Disco Factory|DC Films
451156,0,0,120,Released,,CA,en,Annuit Coeptis Entertainment II|Johnson Production Group|Lifetime
38757,260000000,592461732,100,Released,They're taking adventure to new lengths.,US,en,Walt Disney Animation Studios|Walt Disney Pictures
75656,75000000,351723989,116,Released,"The closer you look, the less you’ll see.",US,fr|en,Summit Entertainment|K/O Paper Products
823464,150000000,571750016,115,Released,Rise together or fall alone.,US,,Legendary Pictures
618162,0,0,137,Released,A new day is dawning.,US,en,Overbrook Entertainment
246655,178000000,543934787,144,Released,Only the strong will survive.,US,ar|en|de|pl|ru|sw,The Donners' Company|Bad Hat Harry Productions|Genre Films|Hutch Parker Entertainment|20th Century Fox|Marvel Entertainment|TSG Entertainment
667538,195000000,441381193,127,Released,Unite or fall.,US,qu|es|en,Skydance Media|Paramount Pictures|di Bonaventura Pictures|Bay Films|New Republic Pictures|DeSanto/Murphy Productions|Hasbro
278154,105000000,408579038,95,Released,They’re going out with a bang.,US,en,Blue Sky Studios|20th Century Fox Animation
893723,30000000,202231360,88,Released,Unleash your powers.,CA|FR|US,en,Nickelodeon Movies|Spin Master|Paramount Pictures
12219,1750000,2000000,117,Released,,US,en,MGM Television
508442,150000000,121977511,101,Released,Everybody has a soul. Joe Gardner is about to find his.,US,en,Pixar
76338,170000000,644783140,112,Released,Delve into the darkness.,US,en,Marvel Studios
141052,300000000,661326987,120,Released,You can't save the world alone.,US,en,Cruel & Unusual Films|Atlas Entertainment|Warner Bros. Pictures|RatPac Entertainment|DC Films
746036,125000000,181073291,127,Released,Fall hard.,US|AU,en,87North Productions|Entertainment 360|Universal Pictures
18,90000000,263920180,126,Released,There is no future without it.,FR,en|sv|de,Gaumont
57158,250000000,958400000,161,Released,Beyond darkness... beyond desolation... lies the greatest danger of all.,NZ|US,en,New Line Cinema|Metro-Goldwyn-Mayer|WingNut Films
337167,55000000,371985018,105,Released,Don't miss the climax.,US,en,Universal Pictures|Michael De Luca Productions|Perfect World Pictures
629,6000000,23300000,106,Released,Five criminals. One line up. No coincidence.,US,es|en|fr|hu,Bad Hat Harry Productions|Blue Parrot Productions
4348,28000000,124604345,128,Released,Sometimes the last person on earth you want to be with is the one person you can't be without.,FR|GB|US,en,StudioCanal|Working Title|Scion Films|Focus Features
637,20000000,230098753,116,Released,"An unforgettable fable that proves love, family and imagination conquer all.",IT,,Mario e Vittorio Cecchi Gori - C.E.I.A.D.|Melampo Cinematografica
82690,165000000,471222889,101,Released,"When the game is over, the fun begins.",US,en,Walt Disney Animation Studios
324552,40000000,171539887,122,Released,Never stab the devil in the back!,US,en|he|it|ru,Thunder Road|87Eleven|Summit Entertainment
259316,180000000,809342332,133,Released,Explore a new era of J.K. Rowling's Wizarding World.,GB|US,en,Heyday Films|Warner Bros. Pictures
184315,100000000,244819862,98,Released,"Before he was a legend, he was a man.",US,en,Radical Studios|Flynn Picture Company|Metro-Goldwyn-Mayer|RatPac Entertainment
72190,200000000,531865000,116,Released,There will come a day when the world we know will end.,US,en,GK Films|Paramount Pictures|Hemisphere Media Capital|2DUX²|Skydance Media|Plan B Entertainment
359724,97600000,225508210,153,Released,They took the American dream for a ride.,US,fr|ja|it|en,20th Century Fox|TSG Entertainment|Chernin Entertainment|Turnpike Films
62177,185000000,538983207,93,Released,Change your fate.,US,en,Pixar
19384,7000000,9200000,91,Released,"Jack Caine. Houston cop. Human. What he's up against, isn't.",US,en,Vision International|Vision PDG|Epic Productions|Trans World Entertainment
76492,85000000,358375603,91,Released,Where monsters go to get away from it all.,US,en,Columbia Pictures|Sony Pictures Animation
49521,225000000,668045518,143,Released,You are not alone.,GB|US,en,Syncopy|Peters Entertainment|Warner Bros. Pictures|DC
810,160000000,808310187,93,Released,He's in for the royal treatment.,US,en,DreamWorks Animation|Pacific Data Images
49519,135000000,587204668,99,Released,The journey begins.,US,en,DreamWorks Animation
438695,85000000,408402685,110,Released,Where will your dreams take you?,US,en,Illumination
855,92000000,172989651,145,Released,Leave no man behind.,GB|US,en|so,Jerry Bruckheimer Films|Revolution Studios|Scott Free Productions
698687,75000000,129408392,104,Released,Witness the origin.,US,en,Paramount Animation|di Bonaventura Pictures|DeSanto/Murphy Productions|Bay Films|New Republic Pictures|Hasbro Entertainment
423108,39000000,206444123,111,Released,The demonic case that shocked America.,US,en|pt,New Line Cinema|The Safran Company|Atomic Monster
260513,200000000,1243225667,118,Released,"It's been too long, dahlings.",US,en,Pixar
299537,152000000,1131416446,124,Released,Higher. Further. Faster.,US,en,Marvel Studios
1011985,80000000,548040835,94,Released,The “Dragon” returns.,US,en,DreamWorks Animation
181812,489900000,1074144248,142,Released,The saga concludes.,US,en,Lucasfilm Ltd.|Bad Robot
87101,155000000,440603537,126,Released,Reset the future.,US,en,Paramount Pictures|Skydance Media
73723,70000000,349305397,86,Released,Meet the original force of nature.,US|JP,en,Illumination|dentsu
22881,29000000,309231694,129,Released,Based on the extraordinary true story,US,en,Alcon Entertainment|Netter Productions
500,1200000,2859750,99,Released,Every dog has his day.,US,en,Live Entertainment|Dog Eat Dog Productions
2109,33000000,244721064,97,Released,The fastest hands in the East meet the biggest mouth in the West.,US|HK,cn|zh|en,New Line Cinema|Arthur Sarkissian Productions|Roger Birnbaum Productions|Salon Films
398818,3500000,43143046,132,Released,Is it better to speak or die?,BR|FR|IT|US,fr|en|it,La Cinéfacture|Frenesy Film|M.Y.R.A. Entertainment|RT Features|Water's End Productions
792307,35000000,117607117,141,Released,She’s nothing like you’ve ever seen.,IE|GB|US,en|fr|pt,Searchlight Pictures|Film4 Productions|TSG Entertainment|Element Pictures|Limp|Fruit Tree
140607,245000000,2068223624,136,Released,Every generation has a story.,US,en,Lucasfilm Ltd.|Bad Robot
373571,170000000,387300138,132,Released,Long live the king.,CN|JP|US,zh|en|ja,Legendary Pictures|Huahua Media|TOHO
176,1200000,104045735,103,Released,How much blood would you shed to stay alive?,US,en,Twisted Pictures
1359,7000000,34269748,102,Released,Killer looks.,CA|US,en|es|cn,Lionsgate|Pressman Film|Muse Productions|Christian Halsey Solomon Productions
273248,44000000,155760117,188,Released,No one comes up here without a damn good reason.,US,es|en,The Weinstein Company|Double Feature Films|FilmColony
414419,60000000,12338649,254,Released,"The 4th film by Quentin Tarantino. Uncut, unrated, and shown in its entirety.",US,cn|en|fr|ja|es,Miramax|A Band Apart|Super Cool ManChu
10997,4000000,6400000,171,Released,The passionate triangle of two lifelong friends and the woman who comes between them!,CN|HK,zh,"Beijing Film Studio|China Film Co-Production|Tomson (Hong Kong) Films Co., Ltd."
1156593,0,0,117,Released,Divided by family. Driven by love.,ES|US,es,Pokeepsie Films|Amazon MGM Studios
49444,150000000,665692281,91,Released,The future of Kung Fu hangs in balance.,US,en,DreamWorks Animation
91586,5000000,161921515,106,Released,It will take what you love most.,US,en,Blumhouse Productions|Stage 6 Films|Entertainment One|FilmDistrict
1791,6200000,6766708,131,Released,,FR|AT|DE,fr|de,Wega Film|Les Films Alain Sarde|ARTE France Cinéma|Bavaria Film International|OFI|mk2 Films
135397,150000000,1671537444,124,Released,The park is open.,US,en,Amblin Entertainment|Universal Pictures|Legendary Pictures
615,30000000,610063468,127,Released,"By his wounds, we were healed.",US,he|la,Icon Productions
320288,200000000,252442974,114,Released,A Phoenix will rise. The X-Men will fall.,US,en|pt|ru,Genre Films|Hutch Parker Entertainment|20th Century Fox|TSG Entertainment|Marvel Entertainment
809,150000000,932542741,92,Released,What happens after happily ever after?,US,en,DreamWorks Animation|Pacific Data Images
2251,50000000,119137784,124,Released,Where do you go when you've gone too far?,US|CH|DE,en|fr,Fox 2000 Pictures|Regency Enterprises|Epsilon Motion Pictures|Unfaithful Filmproduktion
1100782,28000000,138128854,127,Released,It's the last thing you'll see.,US,en,Paramount Pictures|Temple Hill Entertainment|Bad Feeling
6977,25000000,171627166,122,Released,There are no clean getaways.,US,en|es,Miramax|Paramount Vantage|Scott Rudin Productions|Mike Zoss Productions
170,8000000,82784517,113,Released,The days are numbered.,GB,es|en,DNA Films
744275,14000000,21753705,99,Released,,FR|US|BG,en|pt|es,Voltage Pictures|Wattpad|Vertical|Ethea Entertainment|CalMaple Films
36557,150000000,599045960,144,Released,Everyone has a past. Every legend has a beginning.,GB|US,en|fr,Metro-Goldwyn-Mayer|Columbia Pictures|EON Productions|Casino Royale Productions
718930,90000000,239268602,126,Released,The end of the line is just the beginning.,US,ja|en|ru|es,87North Productions|Columbia Pictures
11770,10000005,42776760,113,Released,Get ready to kick some grass!,HK|CN,cn|zh,Star Overseas|Universe Entertainment
713704,15000000,147256372,96,Released,Mommy loves you to death.,NZ|IE|US,en,Pacific Renaissance Pictures|Wild Atlantic Pictures|New Line Cinema|Renaissance Pictures
333339,175000000,607274134,140,Released,A better reality awaits.,US,en,Amblin Entertainment|Warner Bros. Pictures|Village Roadshow Pictures|De Line Pictures|Dune Entertainment
102899,130000000,519311965,117,Released,Heroes don't get any bigger.,US,en,Marvel Studios
812,28000000,504050219,91,Released,"Imagine if you had three wishes, three hopes, three dreams and they all could come true.",US,en,Walt Disney Feature Animation
281957,135000000,532950503,157,Released,Blood lost. Life found.,CA|HK|TW|US,en|fr,Monarchy Enterprises S.a.r.l.|Regency Enterprises|Appian Way|CatchPlay|Anonymous Content|New Regency Pictures|Hong Kong Alpha Motion Pictures Co.|M Productions|RatPac Entertainment
1417,19000000,83258226,118,Released,Innocence has a power evil cannot imagine.,MX|ES|US,es,Estudios Picasso|Esperanto Filmoj|Tequila Gang|Telecinco
27,1000000,1574623,70,Released,"2 lovers, one summer, and the 9 songs that defined them.",GB,en,Revolution Films
68726,180000000,411000000,131,Released,"To fight monsters, we created monsters.",US,cn|en|ja|ru,Double Dare You|Legendary Pictures
417859,130000000,554987477,90,Released,Live for danger. Fight for justice. Pray for mercy.,US,en|es,DreamWorks Animation
447332,17000000,340955294,91,Released,"If they hear you, they hunt you.",US,en,Paramount Pictures|Platinum Dunes|Sunday Night Productions
384018,200000000,760098996,137,Released,Nothing is stronger than family.,US,en|ru|sm,Chris Morgan Productions|Seven Bucks Productions|Universal Pictures
119450,170000000,710644566,130,Released,The future is worth fighting for.,GB|US,en,TSG Entertainment|Chernin Entertainment|Ingenious Media|20th Century Fox
10674,90000000,304320254,88,Released,The flower that blooms in adversity is the most rare and beautiful of all.,US,en|zh,Walt Disney Feature Animation|Walt Disney Pictures
661539,65000000,140508652,141,Released,The ballad of a true original.,US,en,Veritas Entertainment Group|Range Media Partners|The Picture Company|Turnpike Films|White Water|Searchlight Pictures|TSG Entertainment
8681,25000000,226830568,94,Released,They took his daughter. He'll take their lives.,FR|US,en|fr|ar|sq,EuropaCorp|M6 Films|Grive Productions|Seaside Film Taken|All Pictures Media
441168,0,0,87,Released,Inspired by a true story,CA|NL|US,en,Sepia Films|Just Singer Entertainment|La Femme Erotic|Lifetime
381284,25000000,235957472,127,Released,"Meet the women you don't know, behind the mission you do.",US,en,Fox 2000 Pictures|Levantine Films|Chernin Entertainment
489430,0,0,88,Released,They are in your house… Watching you…,AR,es,Machaco Films|INCAA|Cine Argentino|Blood Window
458156,55000000,328349908,131,Released,"If you want peace, prepare for war.",US,ar|zh|en|id|it|ja|la|ru,Thunder Road|Lionsgate|87Eleven
568124,150000000,261292688,102,Released,There's a little magic in all of us...almost all of us.,US,en|es,Walt Disney Animation Studios
950,80000000,660998756,91,Released,Kiss your nuts goodbye.,US,en,20th Century Fox Animation|Blue Sky Studios|20th Century Fox
426063,50000000,181805645,133,Released,Succumb to the darkness.,US,en|de|la|ro|ru,Focus Features|Studio 8|Maiden Voyage Pictures|Birch Hill Road Entertainment
10494,830442,2743097,81,Released,"""excuse me... who are you?""",JP,ja,Madhouse|Rex Entertainment|Kotobuki Seihan Printing|Asahi Broadcasting Corporation|Fangs|ONIRO
762509,200000000,722631756,118,Released,The story of an orphan who would be king.,US,en,Walt Disney Pictures
177677,150000000,682716636,131,Released,Desperate times. Desperate measures.,US|CN,de|en|sv,Paramount Pictures|Bad Robot|Odin|Skydance Media|China Movie Channel|Alibaba Pictures Group
8355,90000000,886686817,94,Released,What killed the dinosaurs?,US,en,Blue Sky Studios|20th Century Fox Animation|20th Century Fox
587424,0,0,95,Released,,VE,es,Luz Creativa Producciones|Desenlace Films
591,125000000,760006945,149,Released,Seek the truth.,US,en|fr|la|es,Imagine Entertainment|Skylark Productions
670,3000000,17500000,120,Released,"15 years of imprisonment, five days of vengeance.",KR,ko,Show East|Egg Film|Cineclick Asia
351286,170000000,1310469037,129,Released,The park is gone.,US,en|ru,Amblin Entertainment|Universal Pictures
999722,0,0,101,Released,,DE,de,
436270,200000000,393452111,125,Released,The world needed a hero. It got Black Adam.,US,en,New Line Cinema|Flynn Picture Company|DC Films|Seven Bucks Productions|Warner Bros. Pictures
609681,274800000,206136825,105,Released,Higher. Further. Faster. Together.,US,en|ur,Marvel Studios|Kevin Feige Productions
530385,9000000,48498408,147,Released,Let the festivities begin.,SE|US,en|sv,B-Reel Films|Square Peg
2048,120000000,347234916,115,Released,One man saw it coming.,US|DE|CA,en,Davis Entertainment|Laurence Mark Productions|Canlaws Productions|20th Century Fox|Overbrook Entertainment|Mediastream Vierte Film
61791,93000000,481800873,105,Released,Evolution becomes revolution.,GB|US,en,Dune Entertainment|Chernin Entertainment|Ingenious Media|Big Screen Productions|20th Century Fox
11688,100000000,169327687,78,Released,It's all about... ME!,US,en,Walt Disney Feature Animation|Walt Disney Pictures
75780,60000000,218300000,130,Released,The law has limits. He does not.,US,en,Paramount Pictures|Skydance Media|TC Productions
854,23000000,351583407,101,Released,From zero to hero.,US,sv|en,Dark Horse Entertainment|New Line Cinema
82023,230758,0,38,Released,,DE,de,Von Fiessbach Film|teamWorx
74,132000000,603873119,117,Released,They're already here.,US,en,Paramount Pictures|DreamWorks Pictures|Amblin Entertainment|Cruise/Wagner Productions
166426,230000000,795922298,129,Released,All pirates must die.,US,en,Walt Disney Pictures|Jerry Bruckheimer Films|Infinitum Nihil
9820,15000000,92108518,128,Released,"Twice the Fun, Double the Trouble.",US,en|fr,Walt Disney Pictures|The Meyers/Shyer Company
297762,149000000,823970682,141,Released,Power. Grace. Wisdom. Wonder.,US,de|en,Atlas Entertainment|Cruel & Unusual Films|DC Films|Warner Bros. Pictures|RatPac-Dune Entertainment
1771,140000000,370569774,124,Released,The one who never gives up awakens.,US,fr|no|en,Marvel Studios|Marvel Entertainment
137113,178000000,370541256,114,Released,Live. Die. Repeat.,US,en,RatPac Entertainment|Village Roadshow Pictures|VIZ Media|3 Arts Entertainment|Warner Bros. Pictures
615453,22000000,742718496,110,Released,Fight your fate,CN,zh,Beijing Enlight Pictures|Horgos Coloroom Pictures|October Media|Chengdu Coco Cartoon
460458,25000000,41914915,107,Released,Witness the beginning of evil.,DE|US|CA,en,Constantin Film|Screen Gems|Davis Raccoon Films
1402,55000000,307077295,117,Released,"For his son, one man will reach for the impossible.",US,en|cn,Escape Artists|Relativity Media|Columbia Pictures|Overbrook Entertainment
335983,116000000,856085151,112,Released,The world has enough superheroes.,CN|US,zh|en|ms,Matt Tolmach Productions|Pascal Pictures|Marvel Entertainment|Tencent Pictures|Arad Productions|Columbia Pictures
12155,200000000,1025467110,108,Released,You're invited to a very important date.,US,en,Walt Disney Pictures|Roth Films|Team Todd|The Zanuck Company
615457,16000000,57512470,91,Released,Never underestimate a nobody.,US,en|ru|es,87North Productions|OPE Partners|Eighty Two Films
524434,200000000,402064899,156,Released,In the beginning...,US,ar|en|hi|la|es,Marvel Studios
439079,22000000,366082797,96,Released,Pray for forgiveness.,US,la|fr|zh|ro|en,New Line Cinema|Atomic Monster|The Safran Company
91314,210000000,1105261713,165,Released,"This is not war, it's extinction.",US,zh|en,di Bonaventura Pictures|DeSanto/Murphy Productions|Ian Bryce Productions|Paramount Pictures|Hasbro
296096,20000000,207945075,110,Released,Live boldly.,US,en,New Line Cinema|Sunswept Entertainment|Metro-Goldwyn-Mayer
4247,19000000,278023280,88,Released,No mercy. No shame. No sequel.,US,en,Brad Grey Pictures|Gold/Miller Productions|Wayans Bros. Entertainment|Dimension Films
629542,80000000,250162278,100,Released,Good is no fun at all.,US,en,DreamWorks Animation
131634,160000000,653428261,137,Released,The fire will burn forever.,DE|US,en,Lionsgate|Color Force|Studio Babelsberg
493922,10000000,87796204,128,Released,Every family tree hides a secret.,US|GB,en,PalmStar Media|Pulse Films|Finch Entertainment|Windy Hill Pictures
604,150000000,738599701,138,Released,Free your mind.,US,en|fr,Village Roadshow Pictures|Silver Pictures|NPV Entertainment
508883,50000000,294200000,124,Released,"Where death comes to an end, life finds a new beginning.",JP,ja,Studio Ghibli
580489,110000000,506863592,97,Released,You are what you eat.,US,es|en,Columbia Pictures|Pascal Pictures|Matt Tolmach Productions|Arad Productions
107,100000000,83557872,103,Released,Stealin' stones and breakin' bones.,GB,en|ru,Marv
345940,150000000,530517320,113,Released,Pleased to eat you.,CN|US,zh|en|ja|th,Apelles Entertainment|Gravity Pictures|di Bonaventura Pictures|Flagship Entertainment Group|Maeday Productions|Warner Bros. Pictures
575264,220000000,571125435,164,Released,We all share the same fate.,US,fr|en|it|ru,Paramount Pictures|Skydance Media|TC Productions
1064028,4400000,262793,105,Released,Don't turn her on.,US,en,Millennium Media|Campbell Grobman Films|XYZ Films
1250,110000000,228738393,114,Released,Long ago he made a deal to save someone he loved.,US,en,Crystal Sky Pictures|Relativity Media|Columbia Pictures|Marvel Studios|Canarsie
512200,125000000,801693929,123,Released,New places. New faces. Next level.,US,en,Columbia Pictures|Seven Bucks Productions|Matt Tolmach Productions|The Detective Agency
4232,14000000,173046663,112,Released,Someone has taken their love of scary movies one step too far. Solving this mystery is going to be murder.,US,en,Dimension Films|Woods Entertainment
10020,25000000,424967620,84,Released,The most beautiful love story ever told.,US,fr|en,Silver Screen Partners IV|Walt Disney Pictures
260346,48000000,325800000,109,Released,It ends here.,FR|US|ES,en,EuropaCorp|20th Century Fox|M6 Films|TSG Entertainment|Meñakoz Films
10192,165000000,752600867,93,Released,It ain't ogre... til it's ogre.,US,en,DreamWorks Animation
882569,55000000,21948551,123,Released,A bond. A pledge. A commitment.,GB|US,en|de|fa,STXfilms|Toff Guy Films
242,54000000,136766062,162,Released,All the power on earth can't change destiny.,US,en|it|de|la,Paramount Pictures|American Zoetrope
640146,200000000,476071180,125,Released,Witness the beginning of a new dynasty.,US,en,Marvel Studios|Kevin Feige Productions
507086,658800000,1004004592,147,Released,The epic conclusion of the Jurassic era.,US,en,Amblin Entertainment|Universal Pictures
14161,200000000,791217826,158,Released,We were warned.,US,de|ru|es|fr|hi|en|it|la|pt|bo|zh,Columbia Pictures|Centropolis Entertainment|Farewell Productions|The Mark Gordon Company
747,6000000,39396175,99,Released,A romantic comedy. With zombies.,GB,en,WT² Productions|Big Talk Studios
423,35000000,120098945,150,Released,Music was his passion. Survival was his masterpiece.,FR|DE|PL|GB,en|de|pl|ru,R.P. Productions|Heritage Films|Studio Babelsberg|Runteam|StudioCanal
6479,150000000,585410052,101,Released,The last man on Earth is not alone.,US|GB,en,Village Roadshow Pictures|Weed Road Pictures|Overbrook Entertainment|Warner Bros. Pictures|Heyday Films|Original Film
454626,85000000,319715683,99,Released,A whole new speed of hero.,JP|US,en,Original Film|Blur Studio|Marza Animation Planet|Paramount Pictures|SEGA|SEGA of America
80321,145000000,746921274,93,Released,They have one shot to get back home.,US,en,DreamWorks Animation|Pacific Data Images
73,20000000,23900000,119,Released,Some legacies must end.,US,en,New Line Cinema|Savoy Pictures|The Turman-Morrissey Company
9487,80000000,363258859,95,Released,An epic of miniature proportions.,US,en,Pixar
10867,0,14493284,108,Released,"Too young to be a widow, too beautiful to be alone.",IT|US,en|it|la,Medusa Film|Miramax|Pacific Pictures|Tele+
476669,100000000,125897478,131,Released,Witness the bloody origin.,GB|US,en,Marv|Cloudy Productions|20th Century Studios|TSG Entertainment
310131,4000000,40423945,92,Released,Evil takes many forms.,BR|CA|GB|US,en,Very Special Projects|Parts & Labor|RT Features|Rooks Nest Entertainment|Maiden Voyage Pictures|Pulse Films|Scythia Films|Code Red Productions|Mott Street Pictures
607,90000000,589390539,98,Released,Protecting the Earth from the scum of the universe.,US,en|es,Columbia Pictures|Amblin Entertainment|Parkes+MacDonald Production
364,80000000,280000000,126,Released,The Bat. The Cat. The Penguin.,US,en,Warner Bros. Pictures|Polygram Pictures
269955,0,0,132,Released,"If I cannot see you, I can't even breathe…",KR,ko,Next Entertainment World|Finecut|Iron Pack
35648,0,0,80,Released,,JP,ja,Tokyo Theatres Company|Sony Music Entertainment|movic|KADOKAWA Shoten|TV Asahi|Aniplex|APPP Company
1064213,6000000,56286295,139,Released,Love is a hustle.,US,en|ru|hy,Cre Film|FilmNation Entertainment
345887,62000000,190400157,121,Released,There is no equal.,US,ar|en|fr|he|es|tr,Lonetree Entertainment|Fuqua Films|Escape Artists|ZHIV Productions|Mace Neufeld Productions|Columbia Pictures
1734,98000000,443280904,130,Released,Adventure is reborn.,US,en|ar,Universal Pictures|Alphaville Films|Imhotep Productions
8358,90000000,429632142,143,Released,"At the edge of the world, his journey begins.",US,ru|en,20th Century Fox|DreamWorks Pictures|Playtone
290859,185000000,261119292,128,Released,Welcome to the day after judgement day.,US,en|es,20th Century Fox|Skydance Media|Paramount Pictures|Tencent Pictures|TSG Entertainment|Lightstorm Entertainment
10198,105000000,270997378,98,Released,Every love story begins with a kiss...,US,fr|en,Walt Disney Animation Studios
1265,60000000,137587063,95,Released,"Discover a place that will never leave you, and a friendship that will change you forever.",US,en,Lauren Levine Productions Inc.|Walden Media|Hal Lieberman Company
447277,297000000,569626289,135,Released,Be a part of her world.,US,en,Walt Disney Pictures|Lucamar Productions|Marc Platt Productions
146233,46000000,122127446,153,Released,How far would you go to protect your child?,US,en,Alcon Entertainment|8:38 Productions|Madhouse Entertainment
291805,120000000,334897606,129,Released,You haven't seen anything yet.,HK|US,cn|zh|en,Summit Entertainment|K/O Paper Products|TIK Films|Lionsgate
425909,75000000,204445747,124,Released,Discover the past. Save the future.,CA|US,en,Columbia Pictures|Bron Studios|The Montecito Picture Company|Ghost Corps
72105,50000000,549368315,107,Released,Ted is coming.,US,en,Universal Pictures|MRC|Fuzzy Door Productions|Bluegrass Films|Smart Entertainment
788,25000000,441286195,125,Released,She makes dinner. She does windows. She reads bedtime stories. She's a blessing... in disguise.,US,en,20th Century Fox|Blue Wolf Productions
11836,30000000,141067890,87,Released,Hero. Legend. Sponge.,US,en,Paramount Pictures|Nickelodeon Movies|United Plankton Pictures|Peanut Worm Productions
823219,3700000,17660107,85,Released,Disaster tore their world apart. Friendship will bring them together.,LV|BE|FR,xx,Dream Well Studio|Sacrebleu Productions|Take Five|ARTE France Cinéma|RTBF
937287,55000000,94182533,132,Released,Her game. Her rules.,IT|US,en|ro,Pascal Pictures|Why Are You Acting? Productions|Frenesy Film|Amazon MGM Studios
1949,65000000,84785914,157,Released,There's more than one way to lose your life to a killer.,US,en,Paramount Pictures|Warner Bros. Pictures|Phoenix Pictures
197,72000000,213216216,178,Released,"Every man dies, not every man really lives.",US,en|fr|la|gd,The Ladd Company|Icon Productions|Icon Entertainment International
624860,190000000,156497322,148,Released,Return to the Source.,US,en,Warner Bros. Pictures|Village Roadshow Pictures|Venus Castina Productions
420818,260000000,1662020819,118,Released,The king has returned.,US,en,Walt Disney Pictures|Fairview Entertainment
11423,2800000,26000000,131,Released,The worst of them will stay with you... forever.,KR,ko|en,CJ Entertainment|Muhan Investment|Sidus
639933,70000000,69633110,137,Released,Conquer your fate.,US,en|is,Regency Enterprises|New Regency Pictures|Square Peg|Focus Features
14574,12500000,20416563,94,Released,"Lines may divide us, but hope will unite us.",GB|US,en|de,BBC Film|Miramax|Heyday Films
4248,45000000,141220678,82,Released,No more mercy. No more shame. No more sequels - honest! - We lied.,US,en,Brad Grey Pictures|Gold/Miller Productions|Wayans Bros. Entertainment|Dimension Films
917496,99000000,452000435,105,Released,The ghost with the most is back.,US,en,Warner Bros. Pictures|Geffen Pictures|Plan B Entertainment|Tim Burton Productions|Tommy Harper Productions|Domain Entertainment
115,15000000,47010480,117,Released,Times like these call for a Big Lebowski.,GB|US,en|he|es|de,PolyGram Filmed Entertainment|Working Title
8467,16000000,247275374,107,Released,"For Harry and Lloyd, every day is a no-brainer.",US,en,New Line Cinema|Motion Picture Corporation of America
1034541,2000000,90322103,125,Released,Prepare to be terrified again.,US,en,Dark Age Cinema|Fuzz on the Lens Productions|The Coven
843,3000000,15867968,99,Released,"Feel the heat, keep the feeling burning, let the sensation explode.",HK|FR,cn|fr|es,Block 2 Pictures|Paradis Films|Jet Tone Production
297802,160000000,1152028393,143,Released,Home is calling.,US,en,The Safran Company|Warner Bros. Pictures|DC Films
93456,76000000,970766005,98,Released,More minions. More despicable.,US,en|es,Illumination|Universal Pictures
760104,1000000,14745049,106,Released,Dying to show you a good time.,US,en,A24|Little Lamb Productions
343668,104000000,410902662,141,Released,A proper spy movie.,GB|US|IT,sv|en|it,20th Century Fox|Marv|Cloudy Productions|TSG Entertainment
45612,32000000,147332697,93,Released,Make every second count.,US|FR,en,The Mark Gordon Company|Summit Entertainment|Vendôme Production
162,20000000,86024005,105,Released,Innocence is what he knows. Beauty is what she sees.,US,en,20th Century Fox
11970,85000000,252712101,93,Released,The man. The myth. The movie.,US,en|es|el,Walt Disney Feature Animation
337404,200000000,233503234,134,Released,Hello cruel world.,US,en|fr,Walt Disney Pictures|Gunn Films|Marc Platt Productions
318846,28000000,133346506,131,Released,This is a true story.,US,en,Paramount Pictures|Regency Enterprises|Plan B Entertainment
47971,85000000,346118277,107,Released,"There are no more patriots, just rebels and tyrants.",CA|CN|US,en,Rox Productions|Revolution Studios|Maple Cage Productions|Huahua Media|Roth-Kirschenbaum Films|Shanghai Film Group|One Race|Paramount Pictures
675353,110000000,405421518,123,Released,Welcome to the next level.,JP|US,en,Original Film|Blur Studio|Marza Animation Planet|Paramount Pictures|SEGA|SEGA of America
100402,170000000,714766572,136,Released,In heroes we trust.,US,en,Marvel Studios
1579,40000000,120654337,138,Released,No one can outrun their destiny.,GB|US,,Icon Entertainment International|Icon Productions|Touchstone Pictures
645710,0,0,117,Released,How far will you go for one more look?,US,en|fr|ja|es,Divide / Conquer
929590,50000000,126542249,109,Released,Welcome to the frontline.,FI|GB|US,en,DNA Films|IPR.VC|A24
45243,80000000,586764305,102,Released,The wolfpack is back.,US,en|th,Legendary Pictures|Green Hat Films|Warner Bros. Pictures
270946,132000000,373515621,92,Released,The movie event that will blow their cover.,US,en,DreamWorks Animation|Pacific Data Images
363088,140000000,622674139,119,Released,Real heroes. Not actual size.,US,en,Marvel Studios
308266,50000000,86234523,114,Released,An American dream,US,sq|en|ar|ro,The Mark Gordon Company|Joint Effort|RatPac Entertainment|Warner Bros. Pictures
460465,20000000,84426031,110,Released,Get over here,US,ja|en|zh,Atomic Monster|Broken Road Productions|New Line Cinema
38055,130000000,321885765,96,Released,A superhero movie with a mind of its own.,US,en,DreamWorks Animation|Pacific Data Images
9738,100000000,333535934,106,Released,4 times the action. 4 times the adventure. 4 times the fantastic.,DE|US,en,Kumar Mobiliengesellschaft & Company Projekt Nr. 3|1492 Pictures|Marvel Enterprises|20th Century Fox|Bernd Eichinger Productions|Constantin Film
695721,100000000,337371917,157,Released,Everyone hungers for something.,DE|US,en,Lionsgate|Color Force|about:blank|Studio Babelsberg
44214,13000000,329398046,108,Released,"""I just want to be perfect.""",US,en|fr|it,Fox Searchlight Pictures|Cross Creek Pictures|Protozoa Pictures|Phoenix Pictures|Dune Entertainment
1244492,0,25198872,58,Released,Manga drew them together. Life made them best friends.,JP,ja,Studio Durian|avex pictures|Shueisha
4951,16000000,53478166,97,Released,How do I loathe thee? Let me count the ways.,US,en|fr,Mad Chance|Jaret Entertainment
9470,20000000,102034104,99,Released,So many gangsters… so little time.,CN|HK,cn,Huayi Brothers & Taihe Film Investment|Star Overseas|Beijing Film Studio|CP Film Production Asia|China Film Group Corporation
976573,200000000,496444308,102,Released,Opposites react.,US,en,Pixar
14,15000000,356296601,122,Released,... look closer,US,en,DreamWorks Pictures|Jinks/Cohen Company
9297,75000000,140175006,91,Released,There goes the neighborhood.,US,en,ImageMovers|Amblin Entertainment
10775,6400000,8836958,101,Released,Loyalty. Honor. Betrayal.,HK,cn|zh|th,Media Asia Films|Basic Pictures
7485,61000000,95700000,124,Released,Yesterday was about honor. Today is about justice.,US,en,Paramount Pictures|di Bonaventura Pictures|Grosvenor Park Impact Productions
275,7000000,60611975,98,Released,A lot can happen in the middle of nowhere.,GB|US,en,PolyGram Filmed Entertainment|Working Title
7131,160000000,300257475,132,Released,The one name they all fear.,CZ|US,en|la,Universal Pictures|The Sommers Company|Stillking Films
19994,16000000,31556061,107,Released,She's evil... and not just high school evil.,US,es|en,Fox Atomic|Dubiecki/Novick/Reitman Productions|Dune Entertainment
915935,6600000,36000000,151,Released,Did she do it?,FR,en|fr,Les Films de Pierre|Les Films Pelléas|France 2 Cinéma|Auvergne-Rhône-Alpes Cinéma
2105,11000000,235483004,95,Released,There's nothing like your first piece.,US,en,Zide-Perry Productions|Universal Pictures
9769,62000000,1100000,137,Released,A forbidden love. An unthinkable attraction. The ultimate price.,FR|US,en,Pathé|Lolita Productions
77,9000000,40060108,113,Released,Some memories are best forgotten.,US,en,Newmarket Films|Summit Entertainment|Team Todd|I Remember Productions
567609,6000000,57615777,96,Released,A killer game of hide and seek.,US,en,Mythology Entertainment|Vinson Films|Fox Searchlight Pictures|Radio Silence|TSG Entertainment
2501,60000000,214034224,119,Released,He was the perfect weapon until he became the target.,US|DE|CZ,en|fr|de|nl|it,Universal Pictures|Hypnotic|Kalima Productions|Stillking Films|The Kennedy/Marshall Company
646385,24000000,138874789,114,Released,It's always someone you know.,US,en,Paramount Pictures|Project X Entertainment|Radio Silence|Spyglass Media Group
137,14600000,71108778,101,Released,He’s having the worst day of his life… Over and over again.,US,en|fr|it,Columbia Pictures
1008042,4500000,91959188,95,Released,You call. They'll answer.,AU|GB,fr|el|en,Causeway Films|Screen Australia|South Australian Film Corporation|Bankside Films|Head Gear Films|Metrol Technology
766507,65000000,0,100,Released,They hunt to live. It lives to hunt.,US,en|fr,20th Century Studios|Davis Entertainment|Lawrence Gordon Productions
281338,150000000,490719763,140,Released,For freedom. For family. For the planet.,US,en,20th Century Fox|TSG Entertainment|Chernin Entertainment
493529,151000000,208200000,134,Released,No experience necessary.,CA|US,en,Entertainment One|Paramount Pictures
339403,34000000,226945087,113,Released,All you need is one killer track.,GB|US,en,Big Talk Studios|Working Title Films|MRC
402,49000000,352927224,128,Released,A brutal murder. A brilliant killer. A cop who can't resist the danger.,US|FR,en,Carolco Pictures|Le Studio Canal+
335988,217000000,605425157,154,Released,Two worlds collide. One survives.,US,en,Paramount Pictures|di Bonaventura Pictures|Ian Bryce Productions|DeSanto/Murphy Productions|Hasbro
294254,61000000,312296056,131,Released,The maze was just the beginning.,US,en,Temple Hill Entertainment|The Gotham Group|TSG Entertainment|20th Century Fox
4982,100000000,269755430,157,Released,There are two sides to the American dream.,US,en,Film Rites|Imagine Entertainment|Universal Pictures|Relativity Media|Scott Free Productions
399055,19500000,195300000,123,Released,A fairy tale for troubled times.,US,en|ru,Double Dare You|Fox Searchlight Pictures|Bull Productions|TSG Entertainment
670292,80000000,104272136,134,Released,This is a fight for our very existence.,CA|US,ja|en|th|vi,New Regency Pictures|Entertainment One|Regency Enterprises|Bad Dreams
374720,150000000,549136737,107,Released,"When 400,000 men couldn't get home, home came for them.",GB|US,en|fr|de,Warner Bros. Pictures|Syncopy|RatPac Entertainment
10191,165000000,495141736,98,Released,What started as fire and fury will become friendship.,US,en,DreamWorks Animation
9016,140000000,109578115,96,Released,Find your place in the universe.,US,en,Walt Disney Pictures
122906,12000000,87100449,123,Released,What if every moment in life came with a second chance?,GB|US,en,Universal Pictures|Relativity Media|Working Title
1111873,28000000,43015969,109,Released,Children can be such monsters.,US,en,Project X Entertainment|Radio Silence|Universal Pictures|Vinson Films
290250,50000000,71261763,116,Released,They're not that nice.,US,en,Silver Pictures|Waypoint Entertainment
1232449,0,136344,99,Released,,BE|NL,fr|nl,Polar Bear Films|Family Affair Films|Kwassa Films
36647,45000000,131183530,121,Released,"Against an army of Immortals, one warrior must draw first blood.",US,ru|en,New Line Cinema|Amen Ra Films|Imaginary Forces
310,80000000,484592874,101,Released,In Bruce we trust?,US,en,Pit Bull Productions|Spyglass Entertainment|Shady Acres Entertainment
392044,55000000,352800000,114,Released,Everyone is a suspect.,US,ar|en|fr|de|tr,The Mark Gordon Company|Genre Films|20th Century Fox|Scott Free Productions
1562,15000000,72304846,99,Released,When days turn to weeks...,GB|ES|US,en,DNA Films|Figment Films|UK Film Council|Fox Atomic|Koan|Sogecine|Dune Entertainment
4588,15000000,67100000,158,Released,"To kill the enemy, she would have to capture his heart... and break her own.",CN|HK|TW|US,cn|ja|zh|en,River Road Entertainment|Haishang Films|Focus Features|Sil-Metropole Organisation|Shanghai Film Group|Edko Films
615777,78000000,65267446,189,Released,Always make a scene.,US,cn|en|de|it|es,Paramount Pictures|Marc Platt Productions|C2 Motion Picture Group|Organism Pictures|Wild Chickens Productions
615656,129000000,398500317,116,Released,Back for seconds.,CN|US,en,Apelles Entertainment|Warner Bros. Pictures|di Bonaventura Pictures|CMC Pictures|Onaroll Productions|DF Pictures
41630,25000000,149200000,107,Released,Friendship has its benefits.,US,en,Katalyst Films|The Montecito Picture Company|Handsomecharlie Films
438148,85000000,940203765,87,Released,A villain will rise.,US,en,Universal Pictures|Illumination
242582,8500000,47425835,118,Released,The city shines brightest at night.,US,en,Sierra/Affinity|Bold Films
245891,20000000,86085191,101,Released,Don't set him off.,US,hu|en|ru,87Eleven|DefyNite Films|MJW Films|Thunder Road
335787,120000000,407141258,116,Released,Fortune favors the bold.,US,es|en,Columbia Pictures|Atlas Entertainment|PlayStation Productions|Arad Productions
50014,25000000,216600000,146,Released,Change begins with a whisper.,US,en,1492 Pictures|Harbinger Pictures
150689,95000000,543514353,105,Released,Midnight is just the beginning.,GB|US,en,Walt Disney Pictures|Genre Films|Beagle Pug Films|Allison Shearmur Productions
420809,185000000,491730089,119,Released,Go beyond the fairy tale.,US,en,Walt Disney Pictures|Roth Films
2123,51000000,149270999,117,Released,From gentle to mental.,US,en|de,Conundrum Entertainment|20th Century Fox
489988,0,1041955,97,Released,"The most amazing, incredible, remarkable true story ever told.",GB,fr|en,RAW
1933,17000000,210002906,101,Released,Sooner or later they’ll find you.,ES|US|FR,en,Cruise/Wagner Productions|Sogecine|Las Producciones del Escorpión
464052,200000000,169601036,151,Released,A new era of wonder begins.,US,en,Warner Bros. Pictures|The Stone Quarry|DC Films|Atlas Entertainment
296,200000000,435000000,109,Released,The machines will rise.,DE|GB|US,en,Intermedia Films|IMF Internationale Medien und Film 3 & Produktions|C2 Pictures|Mostow/Lieberman Productions
561,100000000,230900000,121,Released,Hell wants him. Heaven won't take him. Earth needs him.,DE|US,en|la|es|tl,Village Roadshow Pictures|Lonely Film Productions|The Donners' Company|Batfilm Productions|Weed Road Pictures|Warner Bros. Pictures|3 Arts Entertainment|DC Vertigo
412117,80000000,429434163,86,Released,They still have their secrets.,US,en,Universal Pictures|Illumination
2668,100000000,206071526,105,Released,Heads will roll.,US,en,Paramount Pictures|Mandalay Pictures|American Zoetrope|Karol Film Productions|Scott Rudin Productions|Tim Burton Productions
254128,110000000,473990832,114,Released,We always knew this day would come.,CA|US|AU,en,New Line Cinema|Village Roadshow Pictures|Flynn Picture Company|Warner Bros. Pictures
302946,44000000,155160045,128,Released,Calculate your choices.,US,en,Zero Gravity Management|Electric City Entertainment|RatPac Entertainment|Warner Bros. Pictures
251,22000000,505000000,127,Released,"Before Sam was murdered, he told Molly he'd love and protect her forever.",US,en,Paramount Pictures|Howard W. Koch Productions
459151,82000000,146745280,107,Released,Playtime is over.,US,en,DreamWorks Animation
697843,65000000,0,122,Released,Prepare for the ride of your life.,US,de|fr|ka|en,AGBO|TGIM Films|Wild State
335977,294700000,383963057,155,Released,A legend will face his destiny.,US,ar|en|fr|de|es,Lucasfilm Ltd.
27578,80000000,274470394,103,Released,Choose your weapon.,US|BG|DE,en|es,Nimar Studios|Rogue Marble|Millennium Media|Lionsgate|Nu Image Entertainment
168259,190000000,1515400000,138,Released,Vengeance hits home.,US,ar|en|es|th,Original Film|One Race|Universal Pictures
38575,40000000,359126022,140,Released,A challenge he never imagined. A teacher he never expected.,CN|HK|US,zh|en,Jerry Weintraub Productions|Columbia Pictures|Overbrook Entertainment|Emperor Motion Pictures|China Film Group Corporation
98566,125000000,485004754,101,Released,Mysterious. Dangerous. Reptilious. You've never seen heroes like this.,US,en|ja,Platinum Dunes|Gama Entertainment Partners|Heavy Metal|Mednick Productions
102651,180000000,758539785,97,Released,Don't believe the fairy tale.,US,en,Walt Disney Pictures|Roth Films
87827,120000000,609016565,127,Released,Take the journey of a lifetime.,US,ja|hi|fr|en|ta,Fox 2000 Pictures|Dune Entertainment|Ingenious Media|Haishang Films|Netter Productions|Big Screen Productions
63,29000000,168841459,129,Released,The future is history.,US,en|fr,Universal Pictures|Atlas Entertainment|Classico|Twelve Monkeys Productions
399579,170000000,405000000,122,Released,"​""I do not stand by in the presence of evil.""",US,en|es,Troublemaker Studios|Lightstorm Entertainment|20th Century Fox|TSG Entertainment
15512,175000000,381509870,94,Released,Saving the day the monster way.,US,en,DreamWorks Animation
70981,130000000,403354469,124,Released,The search for our beginning could lead to our end.,US|GB,gd|en,Dune Entertainment|20th Century Fox|Brandywine Productions|Scott Free Productions
152601,23000000,47351251,126,Released,A Spike Jonze love story.,US,en,Annapurna Pictures
526896,75000000,167635712,105,Released,A new Marvel legend arrives.,US,en|el|no|es,Columbia Pictures|Matt Tolmach Productions|Arad Productions
35,75000000,527068851,87,Released,See our family. And feel better about yours.,US,en,Gracie Films|20th Century Fox
646380,75000000,791863,138,Released,Based on truly possible events.,US,en,Hyperobject Industries
10830,36000000,33500000,98,Released,Somewhere inside all of us is the power to change the world.,US,en,Jersey Films|TriStar Pictures
968051,38500000,269670590,110,Released,Confess your sins.,US,en|fr|it|pt|es,New Line Cinema|Atomic Monster|The Safran Company
752623,74000000,192907684,112,Released,The adventure is real. The heroes are not.,US,en|fr|la|pt|es,Fortis Films|3dot Productions|Exhibit A
1018,15000000,20289986,147,Released,An actress longing to be a star. A woman searching for herself. Both worlds will collide... on Mulholland Drive.,FR|US,es|en,StudioCanal|Les Films Alain Sarde|Asymmetrical Productions|Babbo
297,90000000,142940100,178,Released,Sooner or later everyone does.,US,nl|en,Universal Pictures|City Light Films
635302,15700000,523542183,117,Released,"With your blade, bring an end to the nightmare.",JP,ja,ufotable|Aniplex|Shueisha|TOHO
82702,145000000,621537519,102,Released,Training is over. The adventure begins.,US,en,DreamWorks Animation
19404,13200000,100000000,190,Released,"Come… fall In love, all over again…",IN,hi,Yash Raj Films
6477,60000000,361366633,92,Released,The original entourage.,US,en|es|fr|ja,Fox 2000 Pictures|Regency Enterprises|Bagdasarian Productions|Dune Entertainment|20th Century Fox
338953,200000000,407200000,142,Released,Return to the magic.,GB|US,en,Warner Bros. Pictures|Heyday Films
330459,200000000,1056057273,133,Released,Empires are built on fear. Rebellions are built on hope.,US,en,Lucasfilm Ltd.
346364,35000000,719766009,135,Released,You'll float too.,US,en,New Line Cinema|Vertigo Entertainment|Lin Pictures|KatzSmith Productions
954,80000000,457696391,111,Released,Expect the impossible.,US,en|fr|cs,Paramount Pictures|Cruise/Wagner Productions
976893,14000000,24094016,124,Released,"In a world of fleeting moments, find the beauty that lasts.",DE|JP,en|ja,Master Mind|Wenders Images
332562,36000000,436388866,136,Released,,US,en,Warner Bros. Pictures|Live Nation Studios|Metro-Goldwyn-Mayer|Peters Entertainment|Gerber Pictures|Joint Effort
297761,175000000,749200054,122,Released,Worst. Heroes. Ever.,US,en|ja|es,Warner Bros. Pictures|RatPac Entertainment|DC Films|Atlas Entertainment
10527,150000000,603900354,89,Released,"Still together, still lost.",US,en,DreamWorks Animation|Pacific Data Images
353081,178000000,824171374,147,Released,Some missions are not a choice.,US,en|fr,Paramount Pictures|Bad Robot|Skydance Media|TC Productions
501929,75000000,0,110,Released,Saving the world can be a trip.,HK|US,en,Lord Miller|Columbia Pictures|Sony Pictures Animation|One Cool Films
37799,40000000,224920315,121,Released,You don't get to 500 million friends without making a few enemies.,US,en,Columbia Pictures|Relativity Media|Scott Rudin Productions|Michael De Luca Productions|Trigger Street Productions
4256,45000000,220673217,84,Released,Great trilogies come in threes.,US,en,Brad Grey Pictures|Dimension Films
8835,18000000,141778365,96,Released,Boldly going where no blonde has gone.,US,en|hu,Metro-Goldwyn-Mayer|Marc Platt Productions
748783,60000000,254907482,101,Released,Indoor cat. Outdoor adventure.,HK|GB|US,en,Alcon Entertainment|DNEG|Wayfarer Studios|One Cool Group|Stage 6 Films|Andrews McMeel Entertainment|John Cohen Productions
18239,50000000,709827462,131,Released,Forbidden to remember. Terrified to forget.,US,en|it,Summit Entertainment|Temple Hill Entertainment|Maverick Films|Imprint Entertainment|Sunswept Entertainment
404368,175000000,529323962,112,Released,Who broke the internet?,US,en,Walt Disney Animation Studios
116745,90000000,188133322,114,Released,Stop dreaming. Start living.,GB|US,en|is|es,Samuel Goldwyn Films|Red Hour|New Line Cinema|Big Screen Productions|Down Productions|Ingenious Media|20th Century Fox|TSG Entertainment
1271,65000000,456082343,117,Released,Prepare for glory!,US,en,Virtual Studios|Legendary Pictures|Hollywood Gang Productions|Atmosphere Entertainment MM|Warner Bros. Pictures
293167,185000000,566652812,118,Released,All hail the king.,CN|US,en|vi,Legendary Pictures|Tencent Pictures
785084,3000000,57615635,117,Released,,US,en,A24|Protozoa Pictures
787699,125000000,634502312,117,Released,Every good thing in this world started with a dream.,GB|US,en,Warner Bros. Pictures|Village Roadshow Pictures|The Roald Dahl Story Company|Heyday Films|Domain Entertainment
5559,150000000,287594577,91,Released,Honey just got funny.,US,en,Columbus 81 Productions|DreamWorks Animation
9737,19000000,141407024,119,Released,Whatcha gonna do?,US,en,Columbia Pictures|Don Simpson/Jerry Bruckheimer Films
329,63000000,1058454230,127,Released,An adventure 65 million years in the making.,US,en|es,Universal Pictures|Amblin Entertainment
13448,150000000,485930816,139,Released,The holiest event of our time. Perfect for their return.,IT|US,en|it|la|fr|de|zh,Columbia Pictures|Imagine Entertainment|Skylark Productions|Panorama Films|Brian Grazer Productions
157350,85000000,288885818,140,Released,What makes you different makes you dangerous.,US,en,Summit Entertainment|Red Wagon Entertainment
399566,200000000,470116094,114,Released,One will fall.,US,en,Legendary Pictures
376867,4000000,65046687,112,Released,This is the story of a lifetime,US,en,A24|Plan B Entertainment|PASTEL
393,30000000,152159461,136,Released,The bride is back for the final cut.,US,en|zh|es|cn,Super Cool ManChu|Miramax|A Band Apart
240832,40000000,469058574,89,Released,The average person uses 10% of their brain capacity. Imagine what she could do with 100%.,FR,zh|en|fr|es|ko,EuropaCorp|Canal+|Ciné+|TF1 Films Production
573435,100000000,404547819,116,Released,Miami's finest are now its most wanted.,US,en|es,Westbrook|Columbia Pictures|Don Simpson/Jerry Bruckheimer Films|2.0 Entertainment
1278,15000000,15100000,115,Released,Together nothing is impossible. Together nothing is forbidden.,FR|IT|GB|US,fr|en,Recorded Picture Company|Fiction|Peninsula Films|HanWay Films|Fox Searchlight Pictures|Medusa Film|Tele+
140300,145000000,521170825,95,Released,Grab destiny by the dumplings.,CN|US,en,DreamWorks Animation|Oriental DreamWorks|Zhong Ming You Ying Film|China Film Group Corporation
608,140000000,445135288,88,Released,Same planet. New scum.,US,en,Columbia Pictures|Amblin Entertainment|Parkes+MacDonald Production
1592,30000000,102616183,130,Released,"Sooner or later, a man who wears two faces forgets which one is real.",US,en|es,Paramount Pictures|Rysher Entertainment
96721,38000000,90200000,123,Released,Everyone's driven by something.,GB|US,en|de|it|fr,Revolution Films|Working Title|Imagine Entertainment
109689,0,24016152,123,Released,,ES,es,Zeta Studios|Cangrejo Films|Globomedia|Warner Bros. Entertainment España|Atresmedia Cine
8363,20000000,170800000,113,Released,Come and get some!,US,en,Columbia Pictures|Apatow Productions
225886,40000000,126069509,94,Released,A movie about a movie they don't want you to see.,US,en,Escape Artists|LStar Capital|MRC|Columbia Pictures
1893,115000000,1046515409,136,Released,Every saga has a beginning.,US,en,Lucasfilm Ltd.
378064,0,30819442,129,Released,Sometimes the answer is as simple as learning to listen.,JP,ja,Kyoto Animation|ABC Animation|Kodansha|Pony Canyon|Quaras|Shochiku
889737,190000000,207500287,138,Released,The world is a stage.,US,en,Warner Bros. Pictures|Joint Effort|Domain Entertainment
37724,200000000,1108594176,143,Released,Think on your sins.,GB|US,en,Metro-Goldwyn-Mayer|EON Productions|Columbia Pictures
537915,14000000,69497587,106,Released,"After your first, life is never the same.",US,en,CalMaple Films|Wattpad|Offspring Entertainment|Diamond Film Productions|Voltage Pictures|Frayed Pages Media
1244244,0,1011386,124,Released,Everything has a price.,JP,ja,Nikkatsu Corporation|Django Film
1029575,0,0,118,Released,A thrilling road trip comedy.,US,en,Municipal Pictures|Skydance Media
644,100000000,235926552,146,Released,"David is 11 years old. He weighs 60 pounds. He is 4 feet, 6 inches tall. He has brown hair. His love is real. But he is not.",GB|US,en,Amblin Entertainment|Stanley Kubrick Productions|Warner Bros. Pictures|DreamWorks Pictures
9509,70000000,130300000,146,Released,"Creasy's art is death, and he is about to paint his masterpiece.",CH|GB|US|MX,en|es,Fox 2000 Pictures|Regency Enterprises|New Regency Pictures|Scott Free Productions|Epsilon Motion Pictures|Estudios Churubusco Azteca|20th Century Fox
137106,60000000,470759687,100,Released,The story of a nobody who saved everybody.,US|DK|AU,en,Lin Pictures|Vertigo Entertainment|Village Roadshow Pictures|The LEGO Group|Animal Logic|Warner Animation Group|RatPac Entertainment
666277,12000000,28126646,106,Released,,US|KR,en|ko,A24|Killer Films|2AM|CJ ENM
507089,20000000,297242145,110,Released,Can you survive five nights?,US,en,Blumhouse Productions|Scott Cawthon Productions
787,110000000,487287646,120,Released,'Til death do us part.,US|CH,en|es,Regency Enterprises|New Regency Pictures|Summit Entertainment|Weed Road Pictures|Epsilon Motion Pictures
11619,149000000,178120010,85,Released,Someone's going down,GB|US,en,DreamWorks Animation|Aardman
37169,2000000,252207,92,Released,Their flesh is his fantasy.,NL,en|ja|de,Six Entertainment
353486,90000000,995339117,119,Released,The game has evolved.,US,en,Matt Tolmach Productions|Seven Bucks Productions|Columbia Pictures
1637,30000000,350448145,116,Released,Get ready for rush hour.,US,en,20th Century Fox|The Mark Gordon Company
273481,30000000,84997446,122,Released,The border is just another line to cross.,US,es|en,Lionsgate|Black Label Media|Thunder Road
211672,74000000,1159457503,91,Released,Go back to where it all began.,US,en,Illumination|Universal Pictures
74997,0,170323,91,Released,100% medically INaccurate.,NL,en,Six Entertainment|IFC Midnight
10009,128000000,250397798,85,Released,"See through another’s eyes, feel through another's heart, and discover the meaning of brotherhood.",US,hr|en|iu,Walt Disney Feature Animation
262500,110000000,297002527,119,Released,Defy reality.,US,en,Summit Entertainment|Red Wagon Entertainment|Mandeville Films
126889,97000000,240891763,122,Released,The path to paradise begins in hell.,US,en|de,20th Century Fox|Brandywine Productions|Scott Free Productions
505026,90000000,137307235,127,Released,Murder was just the beginning.,US,en|fr|de,Genre Films|20th Century Studios|Scott Free Productions|Mark Gordon Pictures
4327,92000000,264105545,98,Released,Get some action.,US,en|de|fi|ja|cn,Columbia Pictures|Tall Trees Productions|Flower Films|Leonard Goldberg Productions
756999,16000000,161441914,103,Released,Never talk to strangers.,US,en|es|pt,Blumhouse Productions|Crooked Highway
282035,125000000,409231607,110,Released,Welcome to a new world of gods and monsters.,US,en|ar,Secret Hideout|Universal Pictures|Conspiracy Factory|Sean Daniel Company
44912,200000000,219851172,114,Released,In brightest day. In blackest night.,US,en,De Line Pictures|Warner Bros. Pictures|DC
45722,0,0,80,Released,When sexual fantasies come true.,AR|FR,es,Ministère des Affaires Étrangères|Fonds Sud Cinéma|PENSA & ROCCA CINE|Orgon Films|CNC
142,14000000,178043761,134,Released,Love is a force of nature.,CA|US,en,Focus Features|River Road Entertainment|Alberta Film Entertainment
9829,15000000,76300000,111,Released,"September 11, 2001. Four planes were hijacked. Three of them reached their target. This is the story of the fourth.",FR|GB|US,en|ar|de,Sidney Kimmel Entertainment|Working Title|StudioCanal|Working Title Films
558,200000000,788976453,127,Released,There's a hero in all of us.,US,en|ru|zh,Marvel Enterprises|Laura Ziskin Productions|Columbia Pictures
76493,65000000,179379533,83,Released,Make way for Aladeen.,US,en|he,Paramount Pictures|Berg Mandel Schaffer Productions|Scott Rudin Productions|Four by Two Films
382399,0,2093725,96,Released,See the music. Hear the dance.,RO|US,en,Sforzando Productions|Castel Film|Riviera Films
451048,200000000,220889446,127,Released,Only one adventure gets this wild.,US,en,Walt Disney Pictures|Seven Bucks Productions|Davis Entertainment|Flynn Picture Company
474350,79000000,473123154,169,Released,It ends.,US,en,Vertigo Entertainment|Double Dream|Rideback|New Line Cinema
257211,35000000,194564672,121,Released,Experience never gets old.,US,en,RatPac Entertainment|Waverly Films|Warner Bros. Pictures
293670,10951000,49851770,156,Released,Never be tempted.,KR|US,ko|ja,Fox International Productions|Ivanhoe Pictures|Side Mirror|20th Century Fox Korea
661374,40000000,15000000,140,Released,"When the game ends, the mystery begins.",US,en,T-Street
7451,70000000,277448382,124,Released,A new breed of secret agent.,US,cs|en|de|es|ru,Revolution Studios
916224,13000000,314992206,122,Released,"On the other side of the door, was time in its entirety.",JP,ja,CoMix Wave Films|Story|Lawson Entertainment|jeki|voque ting|KADOKAWA|Aniplex|TOHO
5876,18000000,57470220,126,Released,Fear changes everything.,US,en,Darkwoods Productions|Dimension Films
1372,100000000,171720398,143,Released,It will cost you everything.,DE|US,af|en,Virtual Studios|Spring Creek Pictures|Bedford Falls Productions|Initial Entertainment Group|Lonely Film Productions|Warner Bros. Pictures|Liberty Pictures
10330,26000000,160846332,97,Released,Mondays are manic. Wednesdays are wild. And Fridays are about to get a little freaky.,US,zh|en,Casual Friday Productions|Gunn Films|Walt Disney Pictures
76,2500000,5987386,101,Released,Can the greatest romance of your life last only one night?,AT|US,en|de|fr,Castle Rock Entertainment|Detour Filmproduction|Filmhaus Films
515001,14000000,82468705,108,Released,An anti-hate satire.,NZ|US,en|de,Fox Searchlight Pictures|Defender Films|Piki Films|TSG Entertainment
965150,0,7834405,101,Released,Memory burns.,GB|US,tr|en|es,PASTEL|BBC Film|Tango Entertainment|Unified Theory|Screen Scotland|BFI
1852,65000000,163200000,129,Released,The world saw evil that day. Two men saw something else.,US|DE,en,Paramount Pictures|Double Feature Films|Moritz Borman Productions|Kernos
64690,15000000,79713640,100,Released,There are no clean getaways.,US,en,FilmDistrict|Bold Films|Marc Platt Productions|OddLot Entertainment|Motel Movies|Newbridge Film Capital
336843,62000000,288418190,143,Released,The end will be WCKD.,US,en,The Gotham Group|Temple Hill Entertainment|20th Century Fox|Oddball Entertainment|TSG Entertainment
335797,75000000,634151679,108,Released,Auditions begin.,US,en,Illumination
840705,20000000,46393906,103,Released,Are you having a good time?,US,en,Free Association|This Is Important|Bold Choices|Amazon MGM Studios
980489,60000000,121700000,135,Released,From gamer to racer.,US,en|ja,PlayStation Productions|2.0 Entertainment|Columbia Pictures
602,75000000,817400891,145,Released,The question of whether or not we are alone in the universe has been answered.,US,en,20th Century Fox|Centropolis Entertainment
402900,70000000,297718711,111,Released,Every con has its pros.,US,de|en,Village Roadshow Pictures|Warner Bros. Pictures|Larger Than Life Productions|Rahway Road Productions
254,207000000,562363449,188,Released,The eighth wonder of the world.,US|NZ|DE,en,Universal Pictures|WingNut Films|Big Primate Pictures|MFPV Film
9837,70000000,218613188,99,Released,The power is real. The story is forever. The time is now.,US,he|en,DreamWorks Pictures|DreamWorks Animation
4108,21000000,43900000,92,Released,Rules are made to be broken.,US|FR,en|fr|zh,TF1 Films Production|EuropaCorp|Current Entertainment|Canal+
118340,170000000,772776600,121,Released,"When things get bad, they'll do their worst.",US,en,Marvel Studios
44833,209000000,303025485,131,Released,The battle for Earth begins at sea.,JP|US|HK,en|ja,Bluegrass Films|Film 44|Universal Pictures|Hasbro Studios|October Pictures|dentsu
46195,90000000,483866772,96,Released,1 out of every 8 Americans is afraid of flying. Most of them don't have feathers.,US,en|pt,Blue Sky Studios|20th Century Fox Animation
163,110000000,362744280,125,Released,Twelve is the new eleven.,US,fr|it|nl|zh|en,Warner Bros. Pictures|Jerry Weintraub Productions|Section Eight|Village Roadshow Pictures
37135,130000000,448200000,88,Released,An immortal legend as you've only imagined.,US,en,Walt Disney Pictures|Edgar Rice Burroughs|Walt Disney Feature Animation
381288,9000000,278454358,117,Released,Kevin has 23 distinct personalities. The 24th is about to be unleashed.,US,en,Blinding Edge Pictures|Blumhouse Productions
255709,0,0,122,Released,We won't let her shed tears again.,KR,ko,Lotte Entertainment|Film Momentum|Michigan Venture Capital
64682,105000000,351040419,143,Released,Dream dangerously.,US|AU,en,Warner Bros. Pictures|Village Roadshow Pictures|Bazmark|Red Wagon Entertainment|A+E Global Media
9732,0,0,81,Released,The Circle of Life continues...,US,en,Disney Television Animation
829560,0,0,112,Released,,PL,en|it|pl,Ekipa|Open Mind Production
76757,176000000,184000000,127,Released,Expand your universe.,US,en|ru,Warner Bros. Pictures|Village Roadshow Pictures|RatPac Entertainment|Anarchos Productions
48650,0,844281,109,Released,A night of passion that will change their lives.,ES|FR,eu|it|ru|es|en,"Morena Films|Alicia Produce|Intervenciones Novo Film 2006, A.I.E.|Wild Bunch"
109428,17000000,99010045,91,Released,The most terrifying film you will ever experience.,US,en|cy,TriStar Pictures|FilmDistrict|Ghost House Pictures
776503,10000000,1905058,112,Released,Every family has its own language.,FR|US,en|es,Vendôme Pictures|Pathé|Picture Perfect Entertainment
311324,150000000,331957105,103,Released,1700 years to build. 5500 miles long. What were they trying to keep out?,CN|US,zh|en|es,Universal Pictures|Atlas Entertainment|Le Vision Pictures|Legendary Pictures|Legendary East|China Film Group Corporation
411088,4000000,30000000,107,Released,"Every story has two sides. The truth, only one.",ES,es,Think Studio|Nostromo Pictures|Colosé Producciones|ICEC|Movistar Plus|TV3|Atresmedia|Orange|Cosmopolitan TV
2907,30000000,191502426,100,Released,Weird is relative.,US,en,Paramount Pictures|Orion Pictures|Scott Rudin Productions
9532,23000000,112880294,98,Released,No accidents. No coincidences. No escapes. You can't cheat death.,US,en|fr,Zide-Perry Productions|New Line Cinema
194662,18000000,103215094,120,Released,How did we end up here?,US,en,TSG Entertainment|Worldview Entertainment|New Regency Pictures|M Productions|Le Grisbi Productions
453,58000000,316791257,135,Released,He saw the world in a way no one could have imagined.,US,en,Universal Pictures|DreamWorks Pictures|Imagine Entertainment
937278,50000000,113360085,126,Released,Fall in love with the grumpiest man in America.,SE|US,en|es|pt,Playtone|SF Studios|Artistic Films|Columbia Pictures|2DUX²|TSG Entertainment
81188,145000000,306941670,97,Released,You better believe.,US,fr|en,DreamWorks Animation
881211,0,0,38,Released,"""No matter how bad things may seem, I can always rely on my friends.""",CA|US,en,WildBrain Studios|Charles M. Schulz Creative Associates|Peanuts Worldwide
503919,11000000,18262464,109,Released,There is enchantment in the light.,BR|US,en,RT Features|Parts & Labor|A24|Regency Enterprises
127380,200000000,1029266989,97,Released,An unforgettable journey she probably won't remember.,US,en,Pixar
114,14000000,463406268,120,Released,"She walked off the street, into his life and stole his heart.",US,en,Touchstone Pictures|Silver Screen Partners IV|Arnon Milchan Productions
581,22000000,424208848,181,Released,Inside everyone is a frontier waiting to be discovered.,GB|US,en,Tig Productions|Majestic Films International|Allied Filmmakers
8961,130000000,273339556,146,Released,"If you can't stand the heat, get out of Miami.",US,en|es,Columbia Pictures|Don Simpson/Jerry Bruckheimer Films
840430,13000000,42513270,133,Released,Discomfort and joy.,US,en,Miramax|Gran Via Productions
264660,15000000,36869414,108,Released,There is nothing more human than the will to survive.,GB|US,en,DNA Films|Film4 Productions|IAC Films|Scott Rudin Productions
401981,69000000,151572634,140,Released,Seduce. Deceive. Repeat.,US,en,Chernin Entertainment|20th Century Fox|TSG Entertainment
9323,3000000,10000000,83,Released,It found a voice... now it needs a body.,JP|GB,ja,Bandai Visual|Production I.G|Kodansha|Manga Entertainment
32657,95000000,226497209,118,Released,Worlds collide.,US,en,1492 Pictures|Sunswept Entertainment|Dune Entertainment
447404,150000000,450063166,105,Released,Partner up!,JP|US,en,Legendary Pictures|The Pokémon Company|TOHO
257344,88000000,244874809,106,Released,Play for the planet.,CN|FR|IN|US,en,Columbia Pictures|Happy Madison Productions|1492 Pictures|LStar Capital|Film Croppers Entertainment|China Film Group Corporation
215,4000000,152925093,93,Released,Oh yes... There will be blood.,US,en,Twisted Pictures
343611,60000000,162100000,118,Released,Never give in. Never give up. Never go back.,CN|US,en,Skydance Media|Huahua Media|Shanghai Film Group|TC Productions|Paramount Pictures
6114,40000000,215862692,128,Released,Love never dies.,US,la|ro|bg|el|en,American Zoetrope|Osiris Films|Columbia Pictures
51876,27000000,161900000,106,Released,What if a pill could make you rich and powerful?,US,en|it|ru|zh|fr,Relativity Media|Virgin Produced|Many Rivers Productions|Boy of the Year|Rogue Pictures|Mandate International
49047,105000000,723192705,91,Released,Don't let go.,GB|US,en,Esperanto Filmoj|Warner Bros. Pictures|Heyday Films
508943,200000000,51074773,95,Released,Prepare for an unforgettable trip.,US,en|it,Pixar
930094,20000000,0,118,Released,Love who you want. It's good foreign policy.,US,en|es,Amazon Studios|Berlanti Productions
588228,200000000,14400000,138,Released,The fight for tomorrow begins today.,US,en,Skydance Media|Phantom Four|Lit Entertainment Group
799583,60000000,29768915,120,Released,Discover the first special forces mission in history.,GB|US,de|es|en|yo|it,Jerry Bruckheimer Films|Black Bear Pictures|Toff Guy Films
9358,26000000,90941129,90,Released,For every beginning there is an end.,US,en,New Line Cinema|Zide-Perry Productions
296098,40000000,165478348,141,Released,"In the shadow of war, one man showed the world what we stand for.",US|DE|IN,ru|en|de,TSG Entertainment|Amblin Entertainment|Studio Babelsberg|Fox 2000 Pictures|Marc Platt Productions|Participant|Reliance Entertainment|DreamWorks Pictures
56292,145000000,694713380,133,Released,No plan. No backup. No choice.,US,en|ru|fr|ar|sv,Paramount Pictures|Bad Robot|TC Productions|Skydance Media
190859,58800000,542300000,133,Released,The most lethal sniper in U.S. history.,US,en,Warner Bros. Pictures|Village Roadshow Pictures|RatPac Entertainment|Mad Chance|22nd & Indiana Pictures|Malpaso Productions
278927,175000000,966550600,106,Released,The legend comes to life.,US,en,Walt Disney Pictures|Fairview Entertainment
532408,35000000,82344833,99,Released,It's not real. It's not real. It's not real.,US,en,21 Laps Entertainment|20th Century Studios
11104,160000,1000000,103,Released,"If my memory of her has an expiration date, let it be 10,000 years...",HK,en|zh|pa|ur|hi|ja|cn,Jet Tone Production
228967,44000000,12342632,112,Released,The film hackers tried to get banned.,US,ko|en,Point Grey Pictures|Columbia Pictures|LStar Capital
266856,15000000,123726688,123,Released,His mind changed our world. Her love changed his.,GB|US,la|en|fr|it,Working Title|Working Title Films
1607,22000000,17287898,121,Released,"One man lives in the neighborhood, another man owns it. A devoted father battles the local crime boss for the life of his son.",US,en|it,Price Entertainment|Penta Entertainment|Tribeca Productions
50646,50000000,145079584,118,Released,This is crazy. This is stupid. This is love.,US,en,Warner Bros. Pictures
2034,45000000,104900000,122,Released,"The only thing more dangerous than the line being crossed, is the cop who will cross it.",US,en|ru|es|ko,WV Films II|Village Roadshow Pictures|NPV Entertainment|Warner Bros. Pictures|Outlaw Productions
861,65000000,261317921,113,Released,Get ready for the ride of your life.,US,en,Carolco Pictures|Ronald Shusett/Gary Goldman Productions
1824,75000000,196482882,99,Released,Imagine having to win over the girl of your dreams... every friggin' day.,US,en,Columbia Pictures|Anonymous Content|Flower Films|Happy Madison Productions
331482,40000000,332103783,135,Released,Own your story.,US,fr|en,Columbia Pictures|Regency Enterprises|Pascal Pictures
43347,30000000,102800000,112,Released,Addicted to one-night stands or dependent on one another?,US,en,Fox 2000 Pictures|Regency Enterprises|New Regency Pictures|Stuber Pictures|Bedford Falls Productions|Dune Entertainment
10545,100000000,325300000,91,Released,"He dared to dream, he dared to love. This is the tale of a man… and a monster.",US,la|en,Walt Disney Pictures|Walt Disney Feature Animation
315011,15000000,78053145,120,Released,A god incarnate. A city doomed.,JP,it|de|en|ja,Toho Pictures|Cine Bazar
801335,0,0,88,Released,,US,en,Big Dreams Entertainment|Swirl Films|Lifetime
36955,115000000,378900000,141,Released,"When he said I do, he never said what he did.",US,en|fr|ar|de,Lightstorm Entertainment|20th Century Fox
324849,80000000,311950384,104,Released,Always be yourself... unless you can be Batman.,US|DK|AU,en,Lin Pictures|Animal Logic|DC Entertainment|Lord Miller|Warner Bros. Pictures|The LEGO Group|Warner Animation Group|RatPac Entertainment
10549,18000000,4700000,242,Released,Something is rotten in the state of Denmark.,US,en,Castle Rock Entertainment
124905,160000000,524978362,123,Released,"The world ends, Godzilla begins.",US,en|ja|tl,Legendary Pictures
508,40000000,250779876,135,Released,Love actually is all around.,FR|GB,en|fr|pt,Working Title|DNA Films|StudioCanal
36669,142000000,431971116,133,Released,He's never been cooler.,GB,en|ko|cn|de|es|is|it,EON Productions
4922,150000000,335802786,166,Released,"Life isn't measured in minutes, but in moments.",US,en,Paramount Pictures|Warner Bros. Pictures|The Kennedy/Marshall Company
524047,34000000,52300000,120,Released,It's the end of the world as we know it.,GB|US,en|ru|es,STXfilms|Anton|Thunder Road|G-BASE|Riverstone Pictures
44896,135000000,245724603,107,Released,No man can walk out on his own story.,US,en,Paramount Pictures|Blind Wink|Nickelodeon Movies|GK Films
181533,127000000,363204635,98,Released,One final night to save the day.,GB|US,en,Moving Picture Company|21 Laps Entertainment|1492 Pictures|TSG Entertainment|20th Century Fox
10386,50000000,23300000,86,Released,It came from outer space!,US,en,Warner Bros. Feature Animation
257874,89,0,89,Released,Darkness Awaits.,US,en,Revolver Picture Company|Elevative Entertainment
9475,31000000,134100000,156,Released,"Frank Slade has a plan. It includes a weekend of fast cars, the tango, high living and a loaded forty five. And Charlie is coming along for the ride.",US,en,Universal Pictures|City Light Films
593643,35000000,79628200,107,Released,Painstakingly prepared. Brilliantly executed.,US,en|es,Hyperobject Industries|Searchlight Pictures|Gary Sanchez Productions|TSG Entertainment
605,150000000,424988211,129,Released,Everything that has a beginning has an end.,US,en|fr,Village Roadshow Pictures|NPV Entertainment|Silver Pictures
924,26000000,102278712,101,Released,"When there's no more room in Hell, the dead will walk the Earth.",US,en,New Amsterdam Entertainment|Strike Entertainment
496450,86000000,40208268,105,Released,The fate of the world is in their hands.,CN|FR|CA,en|fr,The Awakening Production|SND|Fantawild|Zag Animation Studios|ON Animation Studios
979,3500000,6500000,97,Released,Time destroys everything.,FR,en|fr|it|es,Wild Bunch|Eskwad|StudioCanal|Les Cinémas de la Zone|Nord-Ouest Productions|120 Films|Canal+
395834,11000000,44998252,107,Released,Nothing is harder to track than the truth.,FR|GB|US,en,Savvy Media Holdings|Thunder Road|Film 44|Acacia Filmed Entertainment|Riverstone Pictures|Voltage Pictures|Synergics Films|Star Thrower Entertainment|Tunica-Biloxi Tribe of Louisiana|The Fyzz|Wild Bunch
524,50000000,116112375,179,Released,No one stays at the top forever.,FR|US,en,Universal Pictures|Syalis DA|Légende Films|Cappa/De Fina Productions
49046,20000000,0,147,Released,,DE,fr|en|de,Amusement Park Films|Gunpowder Films
2024,110000000,215294342,165,Released,"Before they were soldiers, they were family. Before they were legends, they were heroes. Before there was a nation, there was a fight for freedom.",DE|US,en,Columbia Pictures|Mutual Film Company|Centropolis Entertainment|Global Medien KG
1138194,10000000,51913394,111,Released,Question everything.,US,en,A24|Beck/Woods|Shiny Penny Productions|CatchLight Studios
585083,75000000,18500000,92,Released,Change can be scary.,US,en,Sony Pictures Animation|Sony Pictures|MRC|Columbia Pictures
84892,13000000,33384127,103,Released,We are infinite.,US,en,Mr. Mudd
8871,123000000,345800000,105,Released,You better watch out!,US|DE,en,Universal Pictures|Imagine Entertainment|LUNI Productions
13053,150000000,309979994,98,Released,Fully Awesome.,US,en,Walt Disney Animation Studios|Walt Disney Pictures
9693,76000000,70595464,109,Released,The year 2027: the last days of the human race. No child has been born for 18 years. He must protect our only hope.,GB|US,en,Universal Pictures|Strike Entertainment|Hit & Run Productions
146,17000000,213978518,120,Released,"A timeless story of strength, secrets and two warriors who would never surrender.",HK|TW|US|CN,zh,Sony Pictures Classics|Columbia Pictures Film Production Asia|Edko Films|Zoom Hunt|China Film Co-Production|Good Machine
5503,44000000,368875760,131,Released,A murdered wife. A one-armed man. An obsessed detective. The chase begins.,US,en,Warner Bros. Pictures
913290,4500000,45400000,103,Released,Some stay for a night. Some stay for a week. Some never leave.,US,en|es,BoulderLight Pictures|Vertigo Entertainment|Regency Enterprises|Hammerstone Studios|Almost Never Films
7555,50000000,113200000,92,Released,"Live for nothing, or die for something.",US|DE,en|my|th,Millennium Media|Lionsgate|The Weinstein Company|Nu Image Entertainment|Emmett/Furla Films
754,80000000,245700000,139,Released,"In order to trap him, he must become him.",US,en|la,WCG Entertainment Productions|Douglas/Reuther Productions|David Permut Productions
14324,38000000,5410749,93,Released,Anything can happen when you're in ... Virgin Territory,LU|IT|FR|GB,en|ru,Zephyr Films|Carthago Films|DDL Cinematografica|Red Lion|Ingenious Media|Quinta Communications
508439,200000000,141888276,102,Released,Their quest beginneth.,US,en,Walt Disney Pictures|Pixar
299054,100000000,37917985,103,Released,They'll die when they're dead.,BG|FR|US|GR,ar|bg|es|en|th|vi,Millennium Media|Campbell Grobman Films|Lionsgate|Nu Boyana Film Studios|Templeton Media|Davis Films|Media Capital Technologies
7443,45000000,224834564,84,Released,There's nothing more determined than poultry with a plan.,FR|GB|US,en,Aardman|DreamWorks Animation|Pathé|DreamWorks Pictures|Allied Filmmakers
627,4000000,71981823,94,Released,Choose life.,GB,en,Figment Films|The Noel Gay Motion Picture Company|DNA Films|Channel Four Films
420817,183000000,1054304000,127,Released,Choose wisely.,US,en,Walt Disney Pictures|Rideback
141,4500000,7500000,114,Released,"28 days, 6 hours, 42 minutes, 12 seconds... that is when the world will end.",US,en,Flower Films|Pandora Cinema|Newmarket Films
337401,200000000,69965374,115,Released,Loyal. Brave. True.,US,en,Walt Disney Pictures|Good Fear|Jason T. Reed Productions
166428,129000000,539987993,104,Released,Fly on your own. Find your way home.,US,en,DreamWorks Animation
534,200000000,371353001,115,Released,The end begins.,US,en|it,The Halcyon Company|Moritz Borman Productions|Wonderland Sound and Vision|Mandate International|T Asset Acquisition Company|Columbia Pictures|Warner Bros. Pictures
379149,35000000,145374099,114,Released,Never push a good man too far.,CN|IN|GB|US|CH,zh|en,Sparkle Roll Media|STXfilms|Arthur Sarkissian Productions|The Entertainer Production Company|Orange Corp|Wanda Pictures|Huayi Brothers Pictures|Prosperity Pictures
337170,50000000,133511855,115,Released,It's not a felony if you're doing it for the good guys.,US|LU,es|fr|en,Universal Pictures|Cross Creek Pictures|Imagine Entertainment|Vendian Entertainment|Quadrant Pictures|Hercules Film Fund
18491,7500000,26000000,87,Released,The fate of destruction is also the joy of rebirth.,JP,ja,GAINAX|movic|Star Child Recording|TV Tokyo|Production I.G|KADOKAWA Shoten|Toei Company|SEGA
399402,40000000,31672678,121,Released,Courage runs deep.,US,en|ru,Original Film|G-BASE|Millennium Media|Relativity Media
1268,25000000,232225908,90,Released,Disaster is just a small step away.,GB|FR|DE,fr|ru|en,Tiger Aspect|Working Title|StudioCanal|Motion Picture Alpha Produktions|Universal Pictures
10528,90000000,524028679,129,Released,Nothing escapes him.,US|DE,en|fr,Warner Bros. Pictures|Village Roadshow Pictures|Silver Pictures|Wigram Productions|Internationale Filmproduktion Blackbird Zweite
446893,90000000,49276818,91,Released,Happiest. Movie. Ever.,US,en,DreamWorks Animation
109439,103000000,362000072,100,Released,It all ends.,US,en,Green Hat Films|Legendary Pictures|BenderSpink
70160,75000000,694000000,142,Released,The world will be watching.,US,en,Lionsgate|Color Force
619979,49000000,0,116,Released,The love story is never the whole story.,US,en,New Regency Pictures|Entertainment 360|Film Rites|Keep Your Head Productions
755,19000000,25800000,108,Released,One night is all that stands between them and freedom. But it's going to be one hell of a night.,US,en|es,Los Hooligans Productions|A Band Apart|Dimension Films|Miramax
7446,92000000,195702811,107,Released,Get some.,US|GB|DE,en|zh,DreamWorks Pictures|Red Hour|Goldcrest Pictures|International Film Production Stella-del-Sud Second
9919,50000000,177557758,116,Released,One of them is lying. So is the other.,US,en,Paramount Pictures|Robert Evans Productions|Lynda Obst Productions|Christine Peters Productions
956,150000000,398479497,126,Released,The mission begins.,US|DE,de|en|it|zh|cs|cn,Paramount Pictures|Cruise/Wagner Productions|MI 3 Film
9489,65000000,250800000,119,Released,Someone you pass on the street may already be the love of your life.,US,en,Warner Bros. Pictures|The Donners' Company
531428,5740000,9923127,121,Released,Don't regret. Remember.,FR,it|fr,Lilies Films|ARTE France Cinéma|Hold Up Films
15906,0,0,85,Released,,US,en,Mattel|Mainframe Entertainment
1927,137000000,245360480,138,Released,What if everything you were forced to keep inside was suddenly set free?,US,es|en,Marvel Enterprises|Universal Pictures|Good Machine|Valhalla Motion Pictures
628,60000000,223664608,123,Released,Drink from me and live forever.,US,en|fr,Geffen Pictures
81005,195000000,197700000,114,Released,Prepare for a giant adventure,US,en,New Line Cinema|Legendary Pictures|Original Film|Big Kid Pictures|Bad Hat Harry Productions|Warner Bros. Pictures
59967,30000000,47042000,118,Released,"Hunted by your future, haunted by your past.",US,en,Endgame Entertainment|DMG Entertainment|Ram Bergman Productions
37797,0,0,111,Released,I found someone I like.,JP,ja,Studio Ghibli|Nippon Television Network Corporation|Tokuma Shoten|Hakuhodo
333484,90000000,162400000,132,Released,Justice has a number.,US,it|en,Metro-Goldwyn-Mayer|Columbia Pictures|LStar Capital|Village Roadshow Pictures|Pin High|Escape Artists
19913,7500000,60781545,95,Released,Boy meets girl. Boy falls in love. Girl doesn't.,US,en|fr|sv,Fox Searchlight Pictures|Watermark Pictures|Dune Entertainment III
300671,50000000,69411370,144,Released,"When everything went wrong, six men had the courage to do what was right.",US,ar|en,Paramount Pictures|3 Arts Entertainment|Bay Films
1427,63700000,135039924,147,Released,Obsession can cause the unthinkable.,DE|FR|ES|US|BE,en,Constantin Film|VIP Medienfonds 4|NEF Productions|Davis Films|Castelao Productions|Rising Star Productions|DreamWorks Pictures|Summit Entertainment|Bernd Eichinger Productions
274855,120000000,221600160,109,Released,Some things were never meant to be controlled.,HK|US,en,Twisted Media|Skydance Media|RatPac Entertainment|Electric Entertainment|Warner Bros. Pictures|October Pictures
1079091,55000000,351441044,131,Released,We break the pattern or the pattern breaks us.,US,en,Columbia Pictures|Wayfarer Studios|Saks Picture Company
83542,102000000,130482868,172,Released,Everything is connected.,DE|US|CN|HK|SG,en,Cloud Atlas Productions|Anarchos Productions|X Filme Creative Pool|A Company|Dreams of Dragon Pictures|Media Asia Film Production|Ascension Pictures|ARD Degeto
9739,57000000,159055768,115,Released,The future isn't big enough for the both of them.,US,en,Silver Pictures|Warner Bros. Pictures
10591,21000000,31635150,110,Released,Matt never saw her coming... but all his friends had!,CH|US,en,Epsilon Motion Pictures|Regency Enterprises|New Regency Pictures|Daybreak
20526,170000000,409912892,126,Released,The game has changed.,US,en,Walt Disney Pictures|Sean Bailey Productions
324852,80000000,1034800131,90,Released,Oh brother.,US,en,Illumination|Universal Pictures
578701,20000000,23384502,100,Released,Nature finds a way.,CA|US,en,Bron Studios|New Line Cinema|Bosque Ranch Productions|Film Rites
6637,130000000,459200000,124,Released,The greatest adventure history has ever revealed.,US,la|en|fr,Walt Disney Pictures|Jerry Bruckheimer Films|Saturn Films|Junction Entertainment
340102,67000000,49169594,94,Released,There is something new to fear.,US,la|en|pt,20th Century Studios|Genre Films|Sunswept Entertainment|Marvel Entertainment
299687,38000000,109906372,112,Released,Protect your own.,US,en,LStar Capital|Columbia Pictures|GK Films|Material Pictures
10439,28000000,51663767,96,Released,It's just a bunch of Hocus Pocus.,US,en|fr,Walt Disney Pictures|Touchwood Pacific Partners 1|David Kirschner Productions
843527,0,36178,116,Released,When the last thing you expect becomes the only thing you want.,US,en,Welle Entertainment|Somewhere Pictures|I'll Have Another|Semi-Formal Productions|Amazon MGM Studios
7220,33000000,54700105,124,Released,"There is no justice, there is only revenge.",DE|US,en,Lions Gate Films|VIP Medienfonds 3|Valhalla Motion Pictures|Marvel Enterprises|VIP 2 Medienfonds
9654,60000000,176070171,110,Released,Get in. Get out. Get even.,FR|GB|US,uk|en|it,De Line Pictures|Working Title|Paramount Pictures|Peninsula Films
563,105000000,121214377,129,Released,A new kind of enemy. A new kind of war.,US,en,TriStar Pictures|Touchstone Pictures|Jon Davison Productions|Big Bug Pictures
673593,36000000,104970953,113,Released,Plastic is forever.,US,en,Little Stranger|Broadway Video|Paramount Pictures
1072790,25000000,214891370,103,Released,They only look like the perfect couple.,US,en,Olive Bridge Entertainment|Roth-Kirschenbaum Films|SK Global Entertainment|Columbia Pictures
65754,90000000,232617430,158,Released,"What is hidden in snow, comes forth in the thaw.",SE|US,fr|en,Columbia Pictures|Metro-Goldwyn-Mayer|Scott Rudin Productions|Yellow Bird
50619,110000000,712171856,117,Released,Forever is just the beginning.,US,en|pt,Summit Entertainment|Sunswept Entertainment|TSBD Canada Productions|TSBD Louisiana|TSBD Productions|Temple Hill Entertainment|Total Entertainment
22832,40000000,61601280,99,Released,"Fear not the weapon, but the hand that wields it.",US|DE,en,Legendary Pictures|Dark Castle Entertainment|Silver Pictures|Anarchos Productions|Rocklock Films|Studio Babelsberg|Warner Bros. Pictures|Hermanas Wachowski
381719,50000000,351266433,93,Released,Who said the countryside was peaceful?,AU|US,en,Columbia Pictures|Olive Bridge Entertainment|Screen Australia|Screen NSW|Sony Pictures Animation|Animal Logic|MRC
1701,75000000,224012234,116,Released,They were deadly on the ground. Now they have wings.,US,en,Touchstone Pictures|Jerry Bruckheimer Films
14097,9500000,24000000,139,Released,They stood together while their country fell apart...,FI|RU|UA,ru,Channel 1+1|Finnish Film Foundation|MRP Matila Röhr Productions|Slovo|Telekanal STS|YLE|Art Pictures Studio
49849,163000000,174822325,119,Released,First Contact. Last Stand.,US|IN,en,DreamWorks Pictures|Universal Pictures|Reliance Entertainment|Relativity Media|Imagine Entertainment|K/O Paper Products|Fairview Entertainment|Platinum Studios
312221,37000000,173600000,133,Released,Your legacy is more than a name.,US,en|es,Metro-Goldwyn-Mayer|New Line Cinema|Winkler Films
23168,37000000,154026136,125,Released,Welcome to the bank robbery capital of America.,US,en,Legendary Pictures|GK Films|Thunder Road|Warner Bros. Pictures
41154,225000000,654213485,106,Released,Back in time.,AE|US,en,Columbia Pictures|Hemisphere Media Capital|Amblin Entertainment|Parkes+MacDonald Image Nation|Image Nation Studios
27582,40000000,51070807,93,Released,Someone has to fix the problems.,US|DE,en,CBS Films|Millennium Media|Nu Image Entertainment|Winkler Films
80278,45000000,198100000,113,Released,Nothing is more powerful than the human spirit.,ES|US,en|sv|th,Apaches Films|Telecinco Cinema|La Trini|Canal+ España|Summit Entertainment
339846,69000000,177900000,116,Released,"Don't worry, summer is coming.",US,en,Uncharted|Paramount Pictures|Flynn Picture Company|Fremantle Productions|Seven Bucks Productions|Skydance Media|The Montecito Picture Company
18654,0,0,92,Released,,US,en,
300668,40000000,43070915,115,Released,Fear what's inside.,GB|US,en,Paramount Pictures|Skydance Media|DNA Films|Scott Rudin Productions
193756,40000000,149295601,121,Released,Based on true acts of courage,US,en|ps,EFO Films|Envision Entertainment|Film 44|Herrick Entertainment|Leverage Entertainment|Spikings Entertainment|Single Berry|Closest to the Hole Productions
8413,60000000,26700000,96,Released,Infinite space. Infinite terror.,GB|US,en|la,Impact Pictures|Paramount Pictures|Golar Productions|Lawrence Gordon Productions
49530,40000000,173900000,109,Released,Live forever or die trying.,US,en,New Regency Pictures|Strike Entertainment
70,30000000,216763646,132,Released,"Beyond his silence, there is a past. Beyond her dreams, there is a feeling. Beyond hope, there is a memory. Beyond their journey, there is a love.",US|CH,en|ga,Lakeshore Entertainment|Malpaso Productions|Epsilon Motion Pictures|Albert S. Ruddy Productions|Warner Bros. Pictures
17654,30000000,210888950,112,Released,You are not welcome here.,NZ|ZA|US,af|ny|st|xh|zu|en,TriStar Pictures|Block / Hanson|WingNut Films|District 9
62211,200000000,743559465,104,Released,"Before they were incorporated, they had to be educated.",US,en,Pixar
565770,104000000,130788072,128,Released,Jaime Reyes is a superhero whether he likes it or not.,US,en|pt|es,Warner Bros. Pictures|The Safran Company|DC Films
7345,25000000,77208711,158,Released,There will be greed. There will be vengeance.,US,en,Paramount Vantage|Miramax|JoAnne Sellar Productions|Ghoulardi Film Company
686,90000000,171120329,150,Released,Take a journey to the heart of the universe.,US,en|ru|es,South Side Amusement Company|Warner Bros. Pictures
82507,3000000,82515113,110,Released,"Once you see him, nothing can save you.",CA|US,en|pt|fr|br,Automatik Entertainment|Blumhouse Productions|Alliance Films|IM Global|Summit Entertainment
594,60000000,219417255,128,Released,Life is waiting.,US,bg|en|fr|ru|es,DreamWorks Pictures|Amblin Entertainment|Parkes+MacDonald Production
1086747,30000000,51147812,102,Released,Let them see you.,US|IE,en,Blinding Edge Pictures|Inimitable Pictures|Fís Éireann/Screen Ireland
388399,45000000,50548152,133,Released,The inside story of the world's greatest manhunt.,HK|US,ar|en|zh,TIK Films|Closest to the Hole Productions|Bluegrass Films|Hutch Parker Entertainment|Leverage Entertainment|Lionsgate|CBS Films
341013,30000000,100014025,115,Released,Talents can be overrated.,DE|HU|SE|US,sv|en|de|ru,Focus Features|Denver & Delilah Productions|87Eleven|Sierra/Affinity|Closed on Mondays Entertainment|TGIM Films|Film i Väst
9802,75000000,335062621,137,Released,Alcatraz. Only one man has ever broken out. Now five million lives depend on two men breaking in.,US,en,Don Simpson/Jerry Bruckheimer Films|Hollywood Pictures|Buena Vista Pictures
762441,67000000,261907653,100,Released,Hear how it all began.,US,en,Paramount Pictures|Platinum Dunes|Sunday Night Productions
1593,110000000,574480841,108,Released,Where history comes to life.,US|GB,en|it|he,1492 Pictures|21 Laps Entertainment|20th Century Fox|Ingenious Media|Sun Canada Productions
262504,110000000,179246868,120,Released,The truth lies beyond the wall.,US,en,Mandeville Films|Summit Entertainment|Lionsgate|Red Wagon Entertainment
1573,70000000,240031094,124,Released,Die harder.,US,en|es,Gordon Company|Silver Pictures|20th Century Fox
424694,52000000,910813521,135,Released,Fearless lives forever.,US,en,20th Century Fox|Regency Enterprises|GK Films|TSG Entertainment
60304,50000000,226349749,88,Released,Revenge is sweeter than candy.,US|DE,en,Paramount Pictures|MTV Films|Gary Sanchez Productions|Studio Babelsberg|Metro-Goldwyn-Mayer
23483,28000000,96188903,118,Released,Shut up. Kick-ass.,GB|US,en,Plan B Entertainment|Marv
64688,42000000,201585328,109,Released,The only thing getting blown tonight is their cover.,US,en,Columbia Pictures|Relativity Media|Original Film|Metro-Goldwyn-Mayer|Stephen J. Cannell Productions|SJC Studios
995133,0,0,35,Released,"A journey, in search of home.",GB|US,en,NoneMore Productions|Bad Robot|BBC
955,125000000,546388108,123,Released,Expect the impossible again.,US|DE,en,Paramount Pictures|Cruise/Wagner Productions|Munich Film Partners & Company (MFP) MI 2 Productions
188927,185000000,343471816,122,Released,The final frontier...and beyond.,US,en,Skydance Media|Paramount Pictures|Bad Robot|Perfect Storm Entertainment|Sneaky Shark
229297,16800000,51029361,98,Released,,GB|US,en,Perdido Productions|Gravier Productions|Dippermouth|Ske-Dat-De-Dat Productions
310307,15000000,24121245,115,Released,He took someone else's idea and America ate it up.,GR|US,en,Speedie Distribution|FilmNation Entertainment|Faliro House Productions|The Combine|The Weinstein Company
710,60000000,352194034,130,Released,No limits. No fears. No substitutes.,GB,en|ru|es,EON Productions
50546,80000000,214945591,117,Released,"Sometimes you need a girl, to get the girl.",US,en,Columbia Pictures|Happy Madison Productions
881,40000000,243240178,138,Released,"In the heart of the nation's capital, in a courthouse of the U.S. government, one man will stop at nothing to keep his honor, and one will stop at nothing to find the truth.",US,en|fr,David Brown Productions|Castle Rock Entertainment
5175,90000000,347325802,90,Released,Get ready for a second Rush!,US|HK,cn|en|zh,New Line Cinema|Arthur Sarkissian Productions|Roger Birnbaum Productions|Salon Films
138832,37000000,270000000,110,Released,If anyone asks.,GB|US,en,New Line Cinema|Newman/Tooley Films|Bad Version|Slap Happy Productions|Heyday Films|BenderSpink
11430,0,1465,77,Released,You don't know the ½ of it!,US,en,DisneyToon Studios
49529,263700000,284100000,132,Released,"Lost in our world, found in another.",US,en,Walt Disney Pictures
338970,94000000,274650803,118,Released,Her legend begins.,JP|US,en,Square Enix|GK Films|Metro-Goldwyn-Mayer|Warner Bros. Pictures
530915,100000000,446064352,119,Released,Time is the enemy.,US|GB|ES|IN,en|fr|de,DreamWorks Pictures|Reliance Entertainment|New Republic Pictures|Neal Street Productions|Mogambo Films
398978,159000000,968853,209,Released,His story changed history.,US,en|it|la|es,Tribeca Productions|Sikelia Productions|Winkler Films
522938,50000000,91500000,89,Released,Everyone has one more fight in them.,CN|US,en|es,Millennium Media|Templeton Media|Campbell Grobman Films|Dadi Film Group|Balboa Productions
520763,55000000,297372261,97,Released,Silence is not enough.,US,en,Paramount Pictures|Platinum Dunes|Sunday Night Productions
27581,100000000,170432927,107,Released,NY's finest were busy.,US,en,Columbia Pictures|Gary Sanchez Productions|Mosaic Media Group
64635,125000000,198800000,118,Released,What is real?,CA|IN|US,en,Total Recall|Original Film|Rekall Productions|Columbia Pictures
180,102000000,358372926,145,Released,Everybody runs.,US,en|sv,Digital Image Associates|Cruise/Wagner Productions|Blue Tulip Productions|Ronald Shusett/Gary Goldman Productions|Amblin Entertainment|20th Century Fox|DreamWorks Pictures
12106,35000000,47000000,107,Released,Think you're quick enough?,US|JP,en|es,TriStar Pictures|Japan Satellite Broadcasting|IndieProd Company Productions
1830,50000000,72600000,122,Released,"Where there's a will, there's a weapon.",FR|US|DE,ar|de|en|fr|ru|es|uk|tr,Endgame Entertainment|Entertainment Manufacturing Company|Ascendant Pictures|Saturn Films|Rising Star Productions|Copag V|VIP Medienfonds 3|Majority Entertainment
944,140000000,285444603,127,Released,The gang's all here.,US,en|cn|zh,Silver Pictures|Donner/Shuler-Donner Productions|Warner Bros. Pictures
110415,39200000,86758912,127,Released,Fight your way to the front.,KR,en|fr|ja|ko,Opus Pictures|Moho Film|CJ Entertainment|Union Investment Partners
1114513,15000000,77239314,110,Released,Hear no evil.,US,en,Blumhouse Productions
400535,35000000,75836683,122,Released,Some missions need a hitman...others need a soldier.,MX|US,en|es,Thunder Road|Black Label Media|Columbia Pictures|Lionsgate|Redrum
663712,250000,15815602,138,Released,Who's laughing now?,US,en,Dark Age Cinema|Fuzz on the Lens Productions|Bloody Disgusting|The Coven|Gelt Films
22794,100000000,242988466,90,Released,Prepare to get served.,US,en,Sony Pictures Animation|Columbia Pictures
2502,75000000,288500217,108,Released,They should have left him alone.,US,en|ru|de|it,Universal Pictures|The Kennedy/Marshall Company|Ludlum Entertainment
26850,6000000,221295,99,Released,How close can you get to a killer before you're too close?,GB,en,Carnival Films|LWT|The Rank Organisation Film Productions|Columbia Pictures
307081,30000000,91709827,123,Released,Believe in hope.,US|CN,en,Fuqua Films|Escape Artists|Wanda Pictures|The Weinstein Company|Riche Productions
423204,40000000,146661977,122,Released,Loyalty is under fire.,US,en,Campbell Grobman Films|Eclectic Pictures|G-BASE|Millennium Media
427641,120000000,428028233,107,Released,Big meets bigger.,US,en|es,Wrigley Pictures|New Line Cinema|ASAP Entertainment|Flynn Picture Company|Twisted Media|Seven Bucks Productions|Access Entertainment
8909,75000000,342463063,110,Released,Choose your destiny.,US,en,Kickstart Entertainment|Universal Pictures|Spyglass Entertainment|Marc Platt Productions|Top Cow Productions
360920,75000000,552976825,85,Released,It was the heist before Christmas.,US,en,Illumination|Universal Pictures
37958,75000000,226904017,110,Released,The Gods need a hero.,US,el|en,Relativity Media|Virgin Produced|Hollywood Gang Productions|Atmosphere Entertainment MM|Rogue Pictures
198184,49000000,104399548,120,Released,I am consciousness. I am alive. I am Chappie.,US,en,Columbia Pictures|MRC|LStar Capital|Genre Films
974635,8800000,5101673,116,Released,"He's not a killer, but he can pretend.",US,en,Aggregate Films|BarnStorm Productions|Detour Filmproduction|AGC Studios|Cinetic Media|Monarch Media|Shivhans Pictures
974262,0,0,92,Released,There's a new way to be wicked.,US,en,Suzanne Todd Productions|Potato Monkey Productions|GWave Productions|Disney Channel
10483,45000000,76000000,105,Released,Get ready for a killer ride.,GB|US|DE,en,Impact Pictures|Universal Pictures|Relativity Media|Cruise/Wagner Productions|H2S2 Filmproduktionsgesellschaft|Scion Films
254470,29000000,287144079,115,Released,We're back pitches.,US,en,Brownstone Productions|Gold Circle Films|Universal Pictures
138103,95000000,214657577,126,Released,New team. New attitude. New mission.,US|FR|DE,en,Davis Films|Ex3 Productions|Fipex Holding|Lionsgate|Millennium Media|Nu Image Entertainment
79,31000000,177394432,99,Released,One man's strength will unite an empire.,HK|CN,zh,Beijing New Picture Film Co. Ltd.|China Film Co-Production|Elite Group Enterprises|Edko Films|Sil-Metropole Organisation|Zhang Yimou Studio
9702,35000000,4500000,190,Released,An epic story of three brothers. Bound by blood. Divided by fate. Driven by destiny.,US,en|es,Hollywood Pictures
11674,54000000,320689294,103,Released,So many dogs. So little time.,GB|US,en,Great Oaks Entertainment|Walt Disney Pictures|Wizzer Productions
415,125000000,238207122,125,Released,"Strength now. Courage always. Family, above all. Batman and Robin!",US,en,Warner Bros. Pictures|Polygram Pictures
107846,50000000,137328301,115,Released,No one breaks out alone.,GB|US,en|de|ar|ur,Knightsbridge Entertainment|Summit Entertainment|Atmosphere Entertainment MM|Envision Entertainment|Boies/Schiller Film Group|Lionsgate|Emmett/Furla Films
8741,52000000,98126565,171,Released,Every man fights his own war.,US,en|el|ja,Fox 2000 Pictures|Phoenix Pictures|George Stevens Jr. Productions|Geisler-Roberdeau Productions
560057,0,0,115,Released,Hit the high seas.,US,en,Netflix
159824,80000000,473200000,89,Released,They're back to raise a little terror.,US,en,Columbia Pictures|Sony Pictures Animation|MRC
82675,45000000,376100000,91,Released,First they took his daughter. Now they're coming for him.,FR|TR|US,en|tr|ar,EuropaCorp|Grive Productions|M6 Films|20th Century Fox|Karma Film Prod|Taken 2|Dune Entertainment
169,35000000,57120318,108,Released,Silent. Invisible. Invincible. He’s in town with a few days to kill.,US,en,Davis Entertainment|Lawrence Gordon Productions|Silver Pictures|20th Century Fox
763215,60000000,5000,107,Released,This is not a fairytale.,ES|US,en,PCMA Productions|Roth-Kirschenbaum Films|Palma Pictures
450465,20000000,246999039,129,Released,You cannot contain what you are.,US,en|es,Blinding Edge Pictures|Blumhouse Productions|Perfect World Pictures
35688,20000000,60673972,121,Released,Marriage is an institution they're committed to.,US,en,Lions Gate Films|Tyler Perry Studios
576845,43000000,22957625,117,Released,A murder in the past. A mystery in the future.,GB|US,en,Focus Features|Film4 Productions|Working Title|Complete Fiction|Perfect World Pictures
1813,57000000,153000000,144,Released,The newest attorney at the world's most powerful law firm has never lost a case. But he's about to lose his soul.,DE|US,cn|de|it|fr|en|es,Monarchy Enterprises B.V.|Regency Enterprises|Kopelson Entertainment|New Regency Pictures|Taurus Film|Warner Bros. Pictures
8656,75000000,349464664,122,Released,Oceans rise. Cities fall. Hope survives.,US,en,Paramount Pictures|DreamWorks Pictures|Amblin Entertainment|The Zanuck/Brown Company
762975,0,0,122,Released,,GB|US,en,Alloy Entertainment|Embankment Films|Gidden Media
391713,10000000,79000000,94,Released,Fly away home.,US,en,IAC Films|Scott Rudin Productions|Entertainment 360
274857,175000000,149175066,126,Released,From nothing comes a King,US|GB,en,Village Roadshow Pictures|Weed Road Pictures|Wigram Productions|Safehouse Pictures|Warner Bros. Pictures
565,48000000,249348933,115,Released,"Before you die, you see",US,en,DreamWorks Pictures|BenderSpink|Parkes+MacDonald Production
8247,85000000,222231186,88,Released,Anywhere is possible.,US,en|fr,Dune Entertainment|Hypnotic|New Regency Pictures
1029955,15000000,16398509,164,Released,We might all be in danger.,IE|GB|US,en,Searchlight Pictures|Film4 Productions|TSG Entertainment|Element Pictures|Limp
529203,65000000,215905815,95,Released,The future ain't what it used to be.,US,en,DreamWorks Animation
109091,25000000,71009334,117,Released,Sin is a choice.,US|GB,en|es,Fox 2000 Pictures|Nick Wechsler Productions|Chockstone Pictures|TSG Entertainment|Scott Free Productions
1252309,0,2265661,114,Released,,ES,es,Versus Entertainment|LyO Media|Warner Bros. Entertainment España|4 Cats Pictures
33,14400000,159157447,130,Released,Some legends will never be forgotten. Some wrongs can never be forgiven.,US,en,Warner Bros. Pictures|Malpaso Productions
346910,88000000,160542134,107,Released,The hunt has evolved.,US,en,Davis Entertainment|TSG Entertainment|20th Century Fox
322,25000000,156800000,138,Released,"We bury our sins, we wash them clean.",US,en,Warner Bros. Pictures|Village Roadshow Pictures|NPV Entertainment|Malpaso Productions
9902,12600000,28650575,84,Released,It's the last one you'll ever take.,DE|US,en,Summit Entertainment|Constantin Film|Newmarket Capital Group|Stan Winston Productions|Media Cooperation One
50620,120000000,829747654,115,Released,The epic finale that will live forever.,US,en,Summit Entertainment|Temple Hill Entertainment|Sunswept Entertainment
739405,50000000,48983306,114,Released,"In this operation, everyone has a part to play.",GB|US,en,Miramax|STXfilms|Toff Guy Films
189,65000000,39407616,102,Released,Walk down the right back alley in Sin City and you can find anything...,US,en,Residaco|Miramax|Troublemaker Studios|Aldamisa Entertainment|Demarest Films|Solipsist Film|AR Films
4476,30000000,160638883,133,Released,After the Fall from Innocence the Legend begins.,US,kw|en,Bedford Falls Productions|TriStar Pictures|Pangaea
1040148,70000000,46247409,92,Released,Discover the hero just beneath the surface.,US,en,DreamWorks Animation
1538,65000000,220239925,120,Released,It started like any other night.,US,es|en,Paramount Pictures|Edge City|DreamWorks Pictures|Parkes+MacDonald Production
2649,50000000,109423648,129,Released,What do you get for the man who has everything...?,US,cn|de|en,PolyGram Filmed Entertainment|Propaganda Films
9880,37000000,165335153,115,Released,She rocks. She rules. She reigns.,US,en,Bottom of the Ninth Productions|Walt Disney Pictures|BrownHouse Productions
2118,35000000,126216940,138,Released,Everything is suspect... Everyone is for sale... And nothing is what it seems.,US,en,Regency Enterprises|Wolper Organization
217,185000000,786636033,122,Released,The adventure continues...,US,en|de|ru,Paramount Pictures|Lucasfilm Ltd.
12244,30000000,48428063,79,Released,"When our world ended, their mission began.",CA|US,en,Tim Burton Productions|Relativity Media|Arc Productions|Starz Animation|Focus Features
206647,245000000,880707597,148,Released,The Dead Are Alive.,GB|US,fr|en|es|it|de,Metro-Goldwyn-Mayer|Columbia Pictures|EON Productions
21835,0,2692748,99,Released,"10,000-year promise, lifetime of regret.",HK|CN,cn,Xi'an Film Studio|Color Star Films
429351,35000000,67450815,130,Released,The declassified true story of the horse soldiers,US,en,Torridon Films|Alcon Entertainment|Black Label Media|Jerry Bruckheimer Films|16:14 Entertainment
37094,25000000,40903593,113,Released,The adventures of an ordinary man at war with the everyday world.,US|FR,en|es|ko,Arnold Kopelson Productions|Le Studio Canal+|Regency Enterprises|Alcor Films|Warner Bros. Pictures
1954,13000000,96800000,113,Released,Change one thing. Change everything.,CA|US,en,FilmEngine|Katalyst Films|BenderSpink|New Line Cinema
24021,68000000,698491347,124,Released,It all begins... with a choice.,US,en,Summit Entertainment|Temple Hill Entertainment|Imprint Entertainment|Maverick Films|Sunswept Entertainment
1032823,30000000,83677281,105,Released,"30,000 fans. 300 cops. 1 serial killer. No escape.",US,en,Blinding Edge Pictures
929,130000000,379014294,138,Released,Size does matter.,US|JP,en|fr|ja|ru|es,TriStar Pictures|Independent Pictures|Fried Films|Centropolis Entertainment|TOHO
13387,30000000,109000000,104,Released,"This time, the rules are the same. Except one.",FR|US,en|uk|fr|ru|hu,Grive Productions|EuropaCorp|TF1 Films Production|Current Entertainment|Apipoulaï Prod
2832,28000000,90259536,90,Released,The secret lies within.,US,en,Konrad Pictures|Columbia Pictures
114150,17000000,115647737,112,Released,Get pitch slapped.,US,en,Brownstone Productions|Gold Circle Films|Universal Pictures
153,4000000,119723856,102,Released,Everyone wants to be found.,GB|US,ja|en,American Zoetrope|Elemental Films
300669,9900000,158906350,89,Released,"This house looked like an easy target, until they found what was inside.",US,en,Screen Gems|Stage 6 Films|Ghost House Pictures
2059,100000000,347500000,131,Released,"In order to break the code, one man will have to break all the rules.",US,la|en|es,Walt Disney Pictures|Jerry Bruckheimer Films|Saturn Films|Junction Entertainment
1735,145000000,403449830,112,Released,A new evil awakens.,US|CN|DE,en|zh|sa,Universal Pictures|Relativity Media|The Sommers Company|Alphaville Films|Beijing Happy Pictures|Shanghai Film Group|Internationale Filmproduktion Blackbird Erste
298,85000000,311312624,122,Released,Revenge is a funny thing.,US,es|en|fr,Warner Bros. Pictures|Village Roadshow Pictures|Jerry Weintraub Productions|Section Eight
22538,73000000,51825248,113,Released,An epic of epic epicness.,JP|GB|US,en,Marc Platt Productions|Big Talk Studios|Closed on Mondays Entertainment|dentsu
8457,40000000,32900000,110,Released,You get what you pay for.,US,en,Paramount Pictures|Apatow Productions
634492,80000000,100498764,117,Released,Her web connects them all.,US,en,Columbia Pictures|di Bonaventura Pictures
359940,15000000,162729321,115,Released,,GB|US,en,Blueprint Pictures|Fox Searchlight Pictures|Film4 Productions|TSG Entertainment
61930,0,0,86,Released,,IT,it,Cecchi Gori Group Fin.Ma.Vi
414,100000000,336529144,121,Released,"Courage now, truth always, Batman forever!",US|GB,en,Warner Bros. Pictures|Tim Burton Productions|Polygram Pictures
882598,17000000,217408513,115,Released,"Once you see it, it's too late.",US,en,Paramount Players|Paramount Pictures|Temple Hill Entertainment
762504,68000000,171932082,130,Released,What’s a bad miracle?,US,en,Universal Pictures|Monkeypaw Productions
1895,113000000,850000000,140,Released,Every story has a hero. Every hero has a destiny. Every saga has an end.,US,en,Lucasfilm Ltd.
499701,49000000,120600000,102,Released,Explorer is her middle name.,US,es|en,Nickelodeon Movies|Paramount Players|Walden Media|Paramount Pictures|MRC
4523,85000000,340487652,107,Released,The real world and the animated world collide.,US,en,Walt Disney Pictures|Josephson Entertainment|Andalasia Productions|Right Coast
819,44000000,165600000,147,Released,Four friends have made a mistake that will change their lives forever.,US,en,Propaganda Films|Baltimore Pictures
2567,110000000,213719942,170,Released,Some men dream the future. He built it.,DE|US|GB,en,Warner Bros. Pictures|Miramax|Initial Entertainment Group|Forward Pass|Appian Way|IMF|Intermedia|Intermedia Films
13475,150000000,386839614,127,Released,The future begins.,US,en,Paramount Pictures|Spyglass Entertainment|Bad Robot
4824,60000000,159300000,124,Released,How do you stop an assassin who has no identity?,US,en|ru,Universal Pictures|Mutual Film Company|Alphaville Films
19908,23600000,102391540,88,Released,Nut up or shut up.,US,en,Columbia Pictures|Relativity Media|Pariah
787723,0,67413,109,Released,Every second counts.,US|CA,en,Elevated Films|Involving Pictures
696806,116000000,0,106,Released,Past meets future.,US,en,Skydance Media|Maximum Effort|21 Laps Entertainment
22803,53000000,127900000,109,Released,Justice at any cost.,GB|US,en,The Film Department|Evil Twins|Warp Films|Overture Films|G-BASE
4233,24000000,172363301,120,Released,Someone has taken their love of sequels one step too far.,US,en,Dimension Films|Konrad Pictures|Craven-Maddalena Films
26466,12000000,1594955,99,Released,Fear Comes in Waves,AU|GB,en,Dan Films|Pictures in Paradise|Icon Productions|Creative Europe Media|UK Film Council|First Look Pictures
5915,15000000,56255142,148,Released,Into the heart. Into the soul.,US,da|en,River Road Entertainment|Paramount Vantage|Linson Entertainment|Square One C.I.H.|Into the Wild
10764,200000000,589593688,106,Released,Have Regrets. Get Revenge.,GB|US,en|es|it|fr|de,EON Productions|Metro-Goldwyn-Mayer|Columbia Pictures|B22
12531,0,0,116,Released,A place where passion and destiny meet.,FR|ES|IT,fr|en|ja,IMA Productions|Cecchi Gori Group Tiger Cinematografica|La Sept Cinéma|Mate Producciones S.A.
5174,140000000,258097122,90,Released,The rush is on!,US|DE|HK|FR,la|en|fr|ja|zh,New Line Cinema|Roger Birnbaum Productions|Arthur Sarkissian Productions|Unlike Film Productions|JCST
9072,64000000,104003322,98,Released,Big things come in small packages.,US,en,Wayans Bros. Entertainment|Revolution Studios
13156,0,48260279,111,Released,The McCann brothers have finally met their match.,US,en,New Line Cinema|David Kirschner Productions
951491,13000000,125319714,118,Released,Witness the return of Jigsaw.,US,en|es,Twisted Pictures|Serendipity Productions|Galaxy 8 Entertainment
363676,60000000,240800000,96,Released,The untold story behind the miracle on the Hudson.,US,en,Warner Bros. Pictures|Malpaso Productions|RatPac Entertainment|Flashlight Films|The Kennedy/Marshall Company|Village Roadshow Pictures
204082,22000000,51695362,100,Released,How far would you go to protect your home?,US,en,Open Road Films|Millennium Media|Universal Pictures
9804,175000000,264218220,135,Released,Beyond the horizon lies the secret to a new beginning.,US,en,Gordon Company|Davis Entertainment|Universal Pictures|Licht/Mueller Film Corporation
348350,250000000,392952373,135,Released,Never tell him the odds.,US,en,Lucasfilm Ltd.
46738,6800000,6788659,131,Released,2 letters. One for the brother. One for the father.,CA|FR,fr|ar|en,TS Productions|Phi Group|micro_scope
395991,38000000,25754775,133,Released,"It’s not what stands in front of you, it’s who stands beside you",US,en,di Bonaventura Pictures|Black Label Media|Condé Nast Entertainment
519465,19000000,0,127,Released,,DK|SE,da|sv,DR|SVT|Nordisk Film Denmark
967847,100000000,201967521,115,Released,It'll send a chill down your spine.,US,en,Ghost Corps|Columbia Pictures|TSG Entertainment
7980,65000000,93600000,136,Released,The story of a life and everything that came after...,GB|NZ|US,en,WingNut Films|DreamWorks Pictures|Film4 Productions
4258,20000000,78613981,86,Released,Evil is coming. Bring protection.,US,en,Dimension Films|Brad Grey Pictures
804150,32500000,88314672,95,Released,Get in line.,US,en|pt,Universal Pictures|Brownstone Productions|Lord Miller|Jurassic Party
36586,54000000,155010032,117,Released,Faster. Sharper. Deadlier.,US,cs|ro|en,New Line Cinema|Amen Ra Films|Imaginary Forces
700391,45000000,60730568,92,Released,When past meets future.,CA|US,en,Raimi Productions|Beck/Woods|Bron Studios|Columbia Pictures|TSG Entertainment
1894,120000000,649398328,142,Released,A Jedi shall not know anger. Nor hatred. Nor love.,US,en,Lucasfilm Ltd.
588,50000000,100605135,125,Released,We've been expecting you.,CA|FR|JP,en,Silent Hill DCP|Davis Films|Konami
1089,24000000,83531958,122,Released,100% pure adrenaline.,US,en,Largo Entertainment|Levy/Abrams/Guerin Productions
332567,17000000,119100758,86,Released,What was once in the deep is now in the shallows.,AU|ES|US,en|es,Columbia Pictures|Ombra Films|Weimaraner Republic Pictures
205584,140000000,150680864,127,Released,The battle for eternity begins,AU|HK|US,en,Thunder Road|Pyramania|Summit Entertainment|Mystery Clock Cinema|TIK Films|Lionsgate|Fin Design & Effects
2454,225000000,419665568,150,Released,Everything you know is about to change forever.,US,en,Walt Disney Pictures|Walden Media|Silverbell Films|Mark Johnson Productions|C.S. Lewis Company
205587,40000000,84419388,141,Released,Defend your Honor.,US,en,Village Roadshow Pictures|Big Kid Pictures|Team Downey|Warner Bros. Pictures
424139,10000000,259939869,106,Released,You don't believe in the Boogeyman? You should.,US,en,Universal Pictures|Blumhouse Productions|Trancas International Films|Rough House Pictures|Miramax
9342,95000000,250288523,138,Released,No one has seen his face... but everyone... knows this mark.,US|DE,en|es,TriStar Pictures|Amblin Entertainment|Zorro Productions|Global Entertainment Productions
287947,80000000,367799011,132,Released,Just say the word.,US,en,New Line Cinema|The Safran Company|Seven Bucks Productions|DC Films
158852,190000000,209200000,130,Released,Imagine a place where nothing is impossible.,US,en,Walt Disney Pictures|A113
1581,85000000,205233866,136,Released,It's Christmas Eve and we are going to go celebrate being young and being alive.,US,fr|en,Relativity Media|Waverly Films|Universal Pictures|Columbia Pictures
153518,73000000,349779543,97,Released,"They came in peace, they left in chaos.",FI|US,en,Rovio Animation|Columbia Pictures
2005,31000000,231605150,100,Released,No booze. No sex. No drugs. No way.,US,en,Touchstone Pictures|Touchwood Pacific Partners 1|Scott Rudin Productions
928358,0,0,105,Released,This could be their...,DE,de,brave new work GmbH|WDR
95,140000000,553799566,151,Released,For love. For honor. For mankind.,US,en|ru,Touchstone Pictures|Jerry Bruckheimer Films|Valhalla Motion Pictures
241259,170000000,299457024,113,Released,It's time for a little madness.,US,en,Walt Disney Pictures|Roth Films|Team Todd|Tim Burton Productions
587807,50000000,136536687,101,Released,Best of enemies. Worst of friends.,US,en,Warner Animation Group|Turner Entertainment Co.|The Story Company|Warner Bros. Pictures
957452,50000000,24109036,111,Released,True love never dies.,FR|DE|GB|US,en,Davis Films|Pressman Film|Hassell Free Productions|Electric Shadow Company|30WEST|Ashland Hill Media Finance|FilmNation Entertainment|Maze Pictures|Occupant Entertainment
420808,0,0,106,Released,Escape to Neverland.,US,en,Walt Disney Pictures|Whitaker Entertainment
319,12500000,12600000,119,Released,Stealing. Cheating. Killing. Who says romance is dead?,US|FR,en|it,Morgan Creek Entertainment|Davis Films|August Entertainment|Miramax
268896,150000000,290061297,111,Released,Rise up.,US,en,Legendary Pictures|Double Dare You
11321,55000000,168167691,123,Released,Seven names. Seven strangers. One secret.,US,en|es,Escape Artists|Columbia Pictures|Relativity Media|Overbrook Entertainment
28178,16000000,46800000,93,Released,"A true story of faith, devotion and undying love.",GB|US,en|ja,Scion Films|Stage 6 Films|Inferno Distribution|Hachiko|Grand Army Entertainment|Opperman Viner Chrystyn Entertainment
877817,80000000,0,108,Released,They're not partners. They're not friends. They're wolfs.,US,en|hr,Smokehouse Pictures|Plan B Entertainment|Apple Studios|Freshman Year
458723,20000000,256071218,116,Released,Watch yourself.,US,en,Monkeypaw Productions|Universal Pictures|Perfect World Pictures|Blumhouse Productions|QC Entertainment
1097549,20000000,60934894,115,Released,Get exactly what you want.,US|NL,en,A24|2AM|Man Up Film
9567,75000000,86500000,121,Released,He was trained to follow orders. He became a hero by defying them.,US,en,Revolution Studios|Cheyenne Enterprises|Michael Lobell Productions
34544,110000000,177238796,117,Released,There is no plan B.,GB|US,de|en|es|fr|sw,Phoenix Film Partners|Dune Entertainment|Stephen J. Cannell Productions|Top Cow Productions|Scott Free Productions|Big Screen Productions|20th Century Fox|Ingenious Media
13183,130000000,185258983,163,Released,Justice is coming to all of us. No matter what we do.,US,en,Warner Bros. Pictures|Paramount Pictures|Legendary Pictures|DC|Lawrence Gordon Productions|Lloyd Levin Productions
9392,3500000,57130027,100,Released,Scream your last breath.,GB,en,Celador Films|Northmen Productions|Pathe
77877,25000000,99400000,101,Released,,US,en,Di Novi Pictures|Langley Park Production|Village Roadshow Pictures|Warner Bros. Pictures
82695,61000000,442636309,158,Released,Fight. Dream. Hope. Love.,GB|US,en,Universal Pictures|Working Title|Cameron Mackintosh Ltd.|Relativity Media|Working Title Films
2503,70000000,442824138,115,Released,Remember everything. Forgive nothing.,US|GB,en|fr|ar|ru|es,Universal Pictures|The Kennedy/Marshall Company|Ludlum Entertainment|Bourne Again
585511,0,0,105,Released,Sometimes all you need is for everything to go wrong.,ES|US,en,Skydance Animation|Skydance Animation East|Skydance Animation
238636,9000000,111928365,103,Released,,FR|US,en,Why Not Productions|Platinum Dunes|Blumhouse Productions|5150 Action
10096,37000000,96458118,98,Released,"For some, 13 feels like it was just yesterday. For Jenna, it was.",US,en,Revolution Studios|Roth/Arnold Productions|Gina Matthews Productions
75612,120000000,286168572,124,Released,Earth is a memory worth fighting for.,US|GB|JP|IS,en,Universal Pictures|Relativity Media|Monolith Pictures|Chernin Entertainment|Radical Studios|Anonymous Content
7974,83038,0,69,Released,,FI|SE,fi,Villealfa Filmproductions|Svenska Filminstitutet|Finnkino
287424,4000000,187112,95,Released,Don't Get Bitten.,CH|GB|US,en,Sly Predator|Lionsgate|Grindstone Entertainment Group|Lotus Entertainment|Silver Reel|Gold Star Films|Matt Baer Films|Vertigo Films
57214,12000000,102731865,88,Released,The party you've only dreamed about.,US,en,Silver Pictures|Green Hat Films
37834,117000000,261989769,109,Released,Every Hit Man Deserves a Second Shot!,US,en|de|es,Pink Machine|Tree Line Films|Dune Entertainment|Regency Enterprises|20th Century Fox|Broken Road Productions
5255,165000000,318432432,100,Released,A journey like you’ve never imagined.,US,en,Golden Mean|Playtone|ImageMovers|Castle Rock Entertainment|Shangri-La Entertainment
324668,120000000,415484914,123,Released,You know his name.,CN|US,en,The Kennedy/Marshall Company|Captivate Entertainment|Pearl Street Films|Perfect World Pictures
53182,110000000,337580051,102,Released,Seize your glory!,BG|US,en,Legendary Pictures|Hollywood Gang Productions|Atmosphere Entertainment MM|Nimar Studios|Warner Bros. Pictures|Cruel & Unusual Films
36648,65000000,128905366,113,Released,The final hunt begins.,US,eo|en,Marvel Enterprises|New Line Cinema|Amen Ra Films|Imaginary Forces|Peter Frankfurt Productions
437342,30000000,53992802,119,Released,Create something to fear.,US,en|it,Phantom Four|20th Century Studios
901362,95000000,210231405,91,Released,There are some new trolls on the block.,US,en,DreamWorks Animation
602269,30000000,29942746,128,Released,Some things never let us go.,US,en,Warner Bros. Pictures|Gran Via Productions
10315,40000000,46471023,87,Released,Dig the life fantastic.,US,en|fr|la,Regency Enterprises|Indian Paintbrush|American Empirical Pictures
449443,30000000,80509622,140,Released,Cops without limits. Thieves without fear.,US,en,Atmosphere Entertainment MM|Diamond Film Productions|G-BASE|Tucker Tooley Entertainment|STXfilms|Mark Canton Productions
315837,110000000,169801921,107,Released,There's nothing sadder than a puppet without a ghost.,CN|HK|IN|US,ja|en,Weying Galaxy Entertainment|Paramount Pictures|Shanghai Film Group|Reliance Entertainment|Grosvenor Park Productions|Steven Paul Production|Huahua Media|Seaside Entertainment|DreamWorks Pictures|Arad Productions
501624,0,0,88,Released,One mile from home. Six feet underground.,CA,en,Rare Fish Films|Cineflix Productions|Lifetime
766,11000000,21502976,81,Released,Trapped in time. Surrounded by evil. Low on gas.,US,en,Renaissance Pictures|Introvision International|Dino de Laurentiis Communications
484247,20000000,97644617,117,Released,Can you keep a secret?,CA|US,en,Feigco Entertainment|Bron Studios
509,42000000,363889678,124,Released,Can the most famous film star in the world fall for the man on the street?,GB|US,en,Working Title|Notting Hill Pictures|Duncan Kenworthy Productions|PolyGram Filmed Entertainment
12429,34000000,202404009,100,Released,Welcome to a world where anything is possible.,JP,ja,Studio Ghibli|TOHO|Nippon Television Network Corporation|dentsu|Hakuhodo DY Media Partners|Mitsubishi|Walt Disney Japan
51739,23000000,149660003,95,Released,Discover a secret world within our own.,FR|JP,ja,Studio Ghibli|Hakuhodo DY Media Partners|dentsu|TOHO|Nippon Television Network Corporation|Wild Bunch|Walt Disney Japan|d-rights|Mitsubishi
576004,0,0,98,Released,"If you use it, you'll lose it...",US,en,Evoke|Cranked Up Films|Fangoria Films|Cinestate
877269,180000000,73621640,102,Released,Journey to a place where nothing is as it appears!,US,en,Walt Disney Animation Studios
406997,20000000,315025930,113,Released,Who gives you the courage to face the world?,US,en,Lionsgate|Participant|Walden Media|Mandeville Films|TIK Films
445571,37000000,117501013,100,Released,This is not a game.,US,en,New Line Cinema|Aggregate Films|Davis Entertainment|Access Entertainment|Dune Entertainment
559969,0,0,123,Released,,US,en,Sony Pictures Television|Gran Via Productions|High Bridge Productions
196,40000000,244527583,119,Released,They've saved the best trip for last... But this time they may have gone too far.,US,en,Universal Pictures|Amblin Entertainment
400155,80000000,528600000,97,Released,He's going to need a vacation after this vacation.,US,en,Columbia Pictures|Sony Pictures Animation|MRC
796185,27500000,31843086,121,Released,One for all and all for France!,BE|FR|DE|ES,de|es|fr|en|it|la,Pathé|Chapter 2|M6 Films|Constantin Film|ZDF|uMedia|DeAPlaneta
853,68000000,96976270,131,Released,A single bullet can change history.,US|FR|DE|IE|GB,de|en|ru,Paramount Pictures|Mandalay Pictures|KC Medien|Reperage|DOS|MP Film Management|Little Bird|Lions Gate Films|Swanford Films
193893,17000000,136600000,104,Released,Fake Cops. Real Trouble.,US,en,Wide Awake Pictures|Genre Films|20th Century Fox|TSG Entertainment
316029,84000000,459066134,105,Released,The impossible comes true.,US,en,Chernin Entertainment|20th Century Fox|TSG Entertainment|Laurence Mark Productions
527774,100000000,130423032,107,Released,A quest to save her world.,US,en,Walt Disney Animation Studios
1084736,46000000,75360860,178,Released,"This is not vengeance, this is justice.",FR|BE,en|it|fr|ro|de,Chapter 2|Pathé|M6 Films|Fargo Films|Logical Content Ventures|uMedia|uFund
19173,0,0,102,Released,,ES,es,Filmax|Canonigo Films
428078,100000000,83869818,128,Released,Some scars never heal,NZ|US,en,Scholastic Productions|Silvertongue Films|Universal Pictures|WingNut Films|MRC
334543,12000000,140312928,118,Released,The search begins,AU|GB|US,bn|en|hi,The Weinstein Company|See-Saw Films|Screen Australia|Aquarius Films|Sunstar Entertainment
804095,40000000,45629909,151,Released,Capture every moment.,US|IN,en|he|ru,Amblin Entertainment|Reliance Entertainment
388,45000000,186003591,129,Released,It looked like the perfect bank robbery. But you can’t judge a crime by its cover.,US,en|sq,40 Acres and a Mule Filmworks|Imagine Entertainment|Universal Pictures
945729,60000000,121400000,104,Released,Death was only the beginning.,GB|US,en|fr|it|la|es,20th Century Studios|Scott Free Productions|Genre Films|Agatha Christie|Mark Gordon Pictures
639720,110000000,190309707,104,Released,A story you have to believe to see.,US,en,Paramount Pictures|Sunday Night Productions|Maximum Effort
9335,32000000,89100000,88,Released,The best in the business is back in the game.,FR|US,en|fr|it,EuropaCorp|TF1 Films Production|Current Entertainment
4257,40000000,178710620,83,Released,Bury the grudge. Burn the village. See the saw.,US,en,Dimension Films|Brad Grey Pictures|Miramax
504056,0,0,111,Released,Friend. Teacher. Protector.,CN|HK,cn|zh,Bullet Films|Mega-Vision Pictures (MVP)
9390,50000000,273600000,139,Released,Everybody loved him... Everybody disappeared. The journey is everything.,US,en,TriStar Pictures|Gracie Films
848538,200000000,96221061,139,Released,"The greater the spy, the bigger the lie.",GB|US,en,Marv|Apple Studios|Cloudy Productions
254320,4000000,15700000,119,Released,An unconventional love story...,FR|GR|IE|NL|GB,en|fr|el,Scarlet Films|Haut et Court|Eurimages|Lemming Film|Element Pictures|Nederlands Fonds voor de Film|Greek Film Centre|Faliro House Productions|Limp|Film4 Productions|Protagonist Pictures
280217,99000000,199603202,107,Released,They come in pieces.,CA|US,en,Vertigo Entertainment|Warner Animation Group|Lord Miller|Rideback|Animal Logic|The LEGO Group
68735,160000000,433677183,123,Released,Two worlds. One home.,US,en,Legendary Pictures|Atlas Entertainment|Blizzard Entertainment
45269,15000000,414211549,118,Released,Find your voice.,GB|US,en,The Weinstein Company|UK Film Council|Momentum Pictures|Aegis Film Fund|FilmNation Entertainment|See-Saw Films|Bedlam Productions
12405,15000000,378400000,121,Released,What does it take to find a lost love?,GB,fr|hi|en,Celador Films|Film4 Productions
218043,16000000,19682924,110,Released,The end begins.,CA|US,en,Stoney Lake Entertainment
200727,0,4439431,102,Released,Right love. Wrong time.,GB|DE,en,Constantin Film|Canyon Creek Films
9476,65000000,117487473,133,Released,He will rock you.,US,en,Columbia Pictures|Escape Artists|Finestkind|Black and Blu Entertainment
68724,115000000,286140700,109,Released,He can save us all.,US,en,TriStar Pictures|MRC|QED International|Alphacore|Genre Films
840326,6600000,14281199,91,Released,Vengeance is golden.,FI|GB|US,en|fi,Subzero Film Entertainment|Good Chaos|Stage 6 Films
43947,2000000,572809,108,Released,The revenge of Jennifer Hills.,US,en,Anchor Bay Films|CineTel Films
7863,5500000,35892330,105,Released,A true story of the mystery of music and the miracle of love,AU|GB,en|yi,Film Victoria|Australian Film Finance Corporation|BBC Film|South Australian Film Corporation|Momentum Films
187,40000000,158733820,124,Released,There is no justice without sin.,US,en,Dimension Films|Troublemaker Studios|Miramax
44115,18000000,35700000,94,Released,Every second counts.,FR|GB|US,en,Fox Searchlight Pictures|Pathé|Everest Entertainment|Cloud Eight Films|Decibel Films|DSP|Film4 Productions|Dune Entertainment|Big Screen Productions|Down Productions
10196,150000000,319713881,103,Released,"Four nations, one destiny.",US,en,Paramount Pictures|Nickelodeon Movies|Blinding Edge Pictures|The Kennedy/Marshall Company
206487,5500000,5386852,98,Released,To save the future he must reshape the past.,AU,en,Screen Queensland|Screen Australia|Blacklab Entertainment|Wolfhound Pictures
147441,140000000,268031828,150,Released,"When men ruled as gods, one was chosen to change the world.",ES|US|GB,en,20th Century Fox|TSG Entertainment|Chernin Entertainment|Babieka Films|Volcano Films|Scott Free Productions
21712,0,36613,103,Released,This Story Has Never Ended.,JP,ja,STUDIO4℃|Asmik Ace Entertainment|Rentrak Japan|Beyond C.
631843,18000000,90146510,108,Released,It's only a matter of time.,CN|US,en,Universal Pictures|Perfect World Pictures|Blinding Edge Pictures
10555,75000000,367300000,90,Released,Behind every little fish is a great white lie.,US,en,DreamWorks Animation
335777,40000000,68743485,91,Released,Get ready. Get set. Get nuts!,CA|KR|US,en,GulfStream Pictures|Redrover|ToonBox Entertainment|Open Road Films
10200,80000000,233093859,104,Released,We thought the Earth was ours. We were wrong.,CA|US,zh|en,Dune Entertainment III|Earth Canada Productions|Hammerhead Productions|3 Arts Entertainment|20th Century Fox
34851,40000000,127233108,107,Released,They are the most dangerous killers on the planet. But this is not our planet.,US,en|es|ru,Davis Entertainment|20th Century Fox|Dune Entertainment|Troublemaker Studios
116711,100000000,268426634,102,Released,Discover a world beyond your imagination.,US,en,Blue Sky Studios|20th Century Fox Animation
810693,0,195870885,105,Released,Love is a twisted curse.,JP,ja,MAPPA|Shueisha|Sumzap|MBS|TOHO
249397,2350000,4934725,124,Released,Forget about love.,DK|DE|BE|FR|SE,en,Zentropa Entertainments|Zentropa International Köln|Zentropa International France|Zentropa International Sweden|Slot Machine|Caviar|Zenbelgie BVBA|ARTE France Cinéma|Film i Väst|Groupe Grand Accord
61979,0,0,122,Released,One step to you.,ES,es,Zeta Studios|Cangrejo Films|Globomedia|Atresmedia Cine
400928,7000000,40300000,101,Released,How do you create an ordinary life for an extraordinary girl?,GB|US,en,Grade A Entertainment|FilmNation Entertainment|Dayday Films
1635,126000000,162949164,136,Released,Your time will come...,US,en,DreamWorks Pictures|Warner Bros. Pictures|Parkes+MacDonald Production
2322,23000000,105232691,125,Released,"We could tell you what it's about. But then, of course, we'd have to kill you.",US,en|it|zh|ru|fr,Universal Pictures
20453,9000000,60262836,171,Released,Aal Izz Well!,IN,en|hi,Vidhu Vinod Chopra Productions|Vinod Chopra Films
514847,14000000,12400979,90,Released,Only designated people may be hunted at the manor.,US,en|ar|hr,Blumhouse Productions|Universal Pictures
480530,50000000,214200000,130,Released,There's more to lose than a title.,US,en|ru,Metro-Goldwyn-Mayer|New Line Cinema|Winkler Films
9982,150000000,314400000,81,Released,The end is near.,US,en,Walt Disney Pictures|Walt Disney Feature Animation
512195,160000000,178143,118,Released,Pro and cons.,US,en|id|it|ru|es,Flynn Picture Company|Seven Bucks Productions|Bad Version
3981,70000000,374100000,127,Released,He has the power to hear everything women are thinking. Finally... a man is listening.,US,en|fr,Paramount Pictures|Icon Productions|Wind Dancer Films
1669,30000000,200512643,135,Released,Invisible. Silent. Stolen.,US,en|ru,Paramount Pictures|Mace Neufeld/Jerry Sherlock Productions
274870,110000000,303144152,116,Released,There is a reason they woke up.,US,en,Columbia Pictures|Village Roadshow Pictures|Original Film|Company Films|Start Motion Pictures|LStar Capital|Wanda Pictures
263472,2500000,6341684,99,Released,One night can cost you everything.,CL|DE|US,es|en,Sobras International Pictures|UFA|Black Bear Pictures|Camp Grey|Elevated Films|Movie Trailer House|Dragonfly Entertainment|Voltage Pictures
1050035,0,0,125,Released,"Are they the ones we dream of, or the ones we fail to see among us?",JP,ja,TOHO|Fuji Television Network|AOI Pro.|BUN-BUKU|GAGA Corporation
157433,21000000,113118226,101,Released,Sometimes dead is better.,US,en,di Bonaventura Pictures|Paramount Pictures|Room 101
54138,190000000,467381584,132,Released,"Beyond the darkness, lies greatness.",US,en,Bad Robot|Paramount Pictures|Skydance Media
622,38000000,58401898,133,Released,Every book has a life of its own.,ES|FR,es|fr|en|la|pt,R.P. Productions|Orly Films|Bac Films|Kino Visión|Origen Producciones Cinematograficas|Vía Digital|Canal+|TF1 Films Production
1576,33000000,102984862,100,Released,A secret experiment. A deadly virus. A fatal mistake.,CA|FR|DE|GB,en,Impact Pictures|Davis Films|New Legacy Film|Constantin Film
9352,25000000,22605153,92,Released,No actual Europeans were harmed in the making of this film.,US|CZ,en|fr|it|ja|de,The Montecito Picture Company|DreamWorks Pictures|Stillking Films
153104,0,0,93,Released,,CA|US,en,Hearst Entertainment Productions|JB Media|Incendo Productions
676,140000000,449220945,183,Released,It takes a moment to change history. It takes love to change lives.,US,fr|en|ja,Touchstone Pictures|Jerry Bruckheimer Films
81342,0,9696204,108,Released,Love can surprise you.,FR,fr|sv,StudioCanal|France 2 Cinéma|2.4.7. Films
228161,135000000,368871007,94,Released,Earth just got a little stranger.,US,en,DreamWorks Animation
337339,250000000,1236000000,136,Released,Never give up on family.,US,en|es,Original Film|One Race|Universal Pictures
395990,30000000,34017028,107,Released,They came for his family. Now he's coming for them.,US,en,Metro-Goldwyn-Mayer|Cave 76 Productions
463272,25000000,158972570,88,Released,His licence renewed. His intelligence restricted.,GB|US,en,Working Title|Working Title Films
136797,66000000,203277636,132,Released,For honor. For love. For redemption.,IN|US,en,DreamWorks Pictures|Reliance Entertainment|Bandito Brothers|Mark Sourian Productions|John Gatins Productions|Electronic Arts
309809,64000000,101281211,106,Released,Growing up isn't the problem... forgetting is.,FR|IT|CA,en,Orange Studio|M6 Films|Lucky Red|LPPTV|On Entertainment
620249,0,48045728,102,Released,One Small Spirit Will Determine the Fate of the World.,CN,zh,MTJJ|Beijing Guangying Gongchang Wenhua Chuanbo|Dream Castle|Heyi Capital|HMCH|Beijing Jiyin Yinghua
8922,10000000,59217789,90,Released,What's eating you?,US|DE,en,American Zoetrope|Cinerenta|Cinebeta|United Artists
22970,30000000,71038838,95,Released,You think you know the story.,US,en|ja,Mutant Enemy Productions
602223,18000000,76994245,103,Released,The rules are broken.,US,en|es,Blumhouse Productions|Platinum Dunes|Universal Pictures|Man in a Tree Productions|Perfect World Pictures
9836,100000000,384335608,108,Released,Everybody dance now!,AU|US,en|es,Kennedy Miller Productions|Animal Logic|Village Roadshow Pictures|Warner Bros. Pictures
536554,12000000,180089109,102,Released,She's more than a toy. She's family.,US,en,Atomic Monster|Blumhouse Productions|Divide / Conquer
395992,58000000,100541806,104,Released,Be careful what you search for.,US,en|ja|vi,Columbia Pictures|Skydance Media
753342,165000000,222435664,158,Released,He came from nothing. He conquered everything.,US,en|fr|de|it|ru,Apple Studios|Scott Free Productions
424783,135000000,467989645,114,Released,Every hero has a beginning.,CN|US,en,Paramount Pictures|Allspark Pictures|Bay Films|di Bonaventura Pictures|DeSanto/Murphy Productions|Tencent Pictures
516486,50300000,0,92,Released,The only thing more dangerous than the front lines was the fight to get there.,CA|CN|US,en,Playtone|Bron Studios|FilmNation Entertainment|Sycamore Pictures|Zhengfu Pictures|Sony Pictures|Stage 6 Films
396371,30000000,59284015,141,Released,Deal with her.,US,en,The Mark Gordon Company|Pascal Pictures
16996,20000000,136300000,102,Released,Who says you're only young once?,US,en,New Line Cinema|Offspring Entertainment
1022796,175000000,254997360,95,Released,Be careful what you wish for.,US,en,Walt Disney Animation Studios
88751,45000000,101702060,93,Released,Same planet. Different world.,US,en|is|it,New Line Cinema|Walden Media|Journey Films
341174,55000000,381545846,118,Released,Every fairy tale has a dark side.,US,en,Universal Pictures|Michael De Luca Productions|Perfect World Pictures
501170,45000000,72385286,152,Released,Return to the Overlook.,US,en,Vertigo Entertainment|Intrepid Pictures|Warner Bros. Pictures
2666,27000000,27200000,101,Released,"They built the city to see what makes us tick. Last night, one of us went off.",AU|US,en,New Line Cinema|Mystery Clock Cinema
800158,175000000,362113,118,Released,Execution is everything.,US,en|fr|es,Netflix
1966,155000000,167298192,176,Released,The greatest legend of all was real,FR|DE|NL|GB|US|IT,en,Intermedia Films|IMF Internationale Medien und Film 3 & Produktions|Gordian Productions|The Great Filmproductie|Cecchi Gori Group|Renn Productions|Pathé|Warner Bros. Pictures
570670,7000000,144492724,124,Released,What you can't see can hurt you.,AU|US,en,Blumhouse Productions|Goalpost Pictures|Nervous Tick Productions
850165,15900000,40130232,133,Released,Sons. Brothers. Champions.,GB|US,en,House Productions|BBC Film|A24|Access Entertainment
340666,22500000,29300000,116,Released,When you love someone you can't just throw it away.,US|CN|GB,en,Fade To Black|Artina Films|Focus Features|Perfect World Pictures|Tom Ford
2770,30000000,287553595,111,Released,This summer it's all about sticking together.,US,en,Universal Pictures|Zide-Perry Productions|LivePlanet
7512,30000000,495303,85,Released,"In the future, intelligence is extinct.",US,en,20th Century Fox|Ternion Pictures
9339,82500000,240685326,107,Released,What if you had a universal remote...that controlled your universe?,US,en|pt|ja,Original Film|Revolution Studios|Columbia Pictures|Happy Madison Productions
298312,5000000,98450062,94,Released,No one loves you like your grandparents.,US,en,Blumhouse Productions|Blinding Edge Pictures
72545,79000000,355692760,94,Released,Believe the impossible. Discover the incredible.,US,en,Walden Media|New Line Cinema|Contrafilm
11013,4000000,9300000,111,Released,Assume the position.,US,en,Slough Pond|double A Films|TwoPoundBag Productions
8831,28000000,128953581,98,Released,They killed his wife ten years ago. There's still time to save her.,US|JP,en,Renaissance Pictures|Dark Horse Entertainment|Largo Entertainment|Signature Pictures|JVC Entertainment
353491,60000000,113231078,95,Released,There are other worlds than these.,US,en,Columbia Pictures|MRC|Imagine Entertainment|Weed Road Pictures
62213,150000000,245527149,113,Released,Every family has its demons.,US,en,Village Roadshow Pictures|Infinitum Nihil|GK Films|The Zanuck Company|Warner Bros. Pictures
10661,90000000,204313400,113,Released,Lather. Rinse. Save the world.,US,en|he,Relativity Media|Happy Madison Productions|Columbia Pictures
166424,120000000,167977596,100,Released,Change is coming.,GB|DE|US,en,20th Century Fox|Constantin Film|Marvel Entertainment|Marv|Genre Films|Robert Kulzer Productions|TSG Entertainment
581392,17000000,42698327,116,Released,Escape the apocalypse.,KR,en|ko,Next Entertainment World|RedPeter Films|Contents Panda|Union Investment Partners|Michigan Venture Capital
228165,74000000,325186032,93,Released,Making waves in our world.,US,en,Paramount Animation|Paramount Pictures|Nickelodeon Movies|United Plankton Pictures|Disruption Entertainment
479455,110000000,253890701,115,Released,The world's not going to save itself.,CN|US,fr|en,Amblin Entertainment|Parkes+MacDonald Image Nation|Columbia Pictures|Tencent Pictures
531219,0,29303571,104,Released,Witches are real!,MX|GB|US,en,ImageMovers|Warner Bros. Pictures|Necropia Entertainment|Esperanto Filmoj|The Roald Dahl Story Company
1729,55000000,127906624,104,Released,The battle for eternity is the fantasy of a lifetime.,CN|HK|US,en|zh|fr,Casey Silver Productions|China Film Co-Production|Relativity Media|Lionsgate|The Weinstein Company|Arclight Films|Huayi Brothers Pictures|J&J Project|Salon Films
1246,24000000,155929020,102,Released,It ain't over 'til it's over.,US,en,Metro-Goldwyn-Mayer|Revolution Studios|Chartoff Productions|Winkler Films|Columbia Pictures
1452,223000000,391081192,154,Released,Look up in the sky!,US,en,Warner Bros. Pictures|Legendary Pictures|Peters Entertainment|Bad Hat Harry Productions|DC
375588,100000000,86493046,116,Released,The legend you know. The story you don’t.,US,en,Appian Way|Safehouse Pictures|Summit Entertainment|Thunder Road|TIK Films|EMG Management|Lionsgate
495764,75000000,205537933,109,Released,Mind over mayhem.,US,en,Warner Bros. Pictures|DC Films|LuckyChap Entertainment|Clubhouse Pictures|Kroll & Co Entertainment
2675,72000000,408200000,106,Released,It's not like they didn't warn us.,US,en|pt,Touchstone Pictures|Blinding Edge Pictures|The Kennedy/Marshall Company
2300,80000000,250200000,87,Released,Get ready to jam.,US,en,Warner Bros. Family Entertainment|Ivan Reitman Productions
265208,30000000,6738764,92,Released,Never bet against a man with a killer hand.,US|FR,en,SJ Pictures|SJ Heat Productions|Current Entertainment|Lionsgate|Sierra/Affinity|Silver State Production Services|Cinema Seven Productions
10771,60000000,104400000,99,Released,He's not looking for trouble...he's wearing it.,US,cn|en,DreamWorks Pictures|Vanguard Films|Paramount Pictures|Parkes+MacDonald Production
594767,110000000,134221819,130,Released,Oh. My. Gods.,US,en|hu,The Safran Company|New Line Cinema|DC Films
9522,40000000,288500000,119,Released,Life's a Party. Crash It.,US,en,Avery Pix|New Line Cinema|Tapestry Films
41513,110000000,563749323,103,Released,Smurf happens.,US|BE,en,Columbia Pictures|Sony Pictures Animation|The Kerner Entertainment Company
77950,135000000,282570682,96,Released,He's fast. They're furious.,US,en,DreamWorks Animation
725201,200000000,454023,128,Released,,US,cs|en|fr|de|th,AGBO|Roth-Kirschenbaum Films
560016,10000000,35271631,122,Released,One small ember can burn down everything.,CA|SG|US,hi|en,Thunder Road|Bron Studios|Monkeypaw Productions|Minor Realm|Creative Wealth Media Finance|S'YA Concept|WME Independent
600354,6000000,21029340,97,Released,,FR|GB,en,Les Films du Cru|Film4 Productions|F Comme Film|Trademark Films|Ciné-@
714,110000000,333011068,119,Released,Yesterday is a memory. Today is history. Tomorrow is in the hands of one man.,GB,de|en|da|zh|cn,EON Productions
370663,0,33673,91,Released,Where desire lives.,CA,en,Serendipity Point Films
41446,40000000,97231420,111,Released,New decade. New rules.,US,en,Dimension Films|Outerbanks Entertainment|Corvus Corax Productions
77931,105000000,347434178,105,Released,Get ready to get naughty!,US|CA|BE,en,NeoReel|Columbia Pictures|Sony Pictures Animation|Hemisphere Media Capital|The Kerner Entertainment Company
9603,12000000,56631572,97,Released,Sex. Clothes. Popularity. Is there a problem here?,US,es|en,Paramount Pictures|Robert Lawrence Productions|Scott Rudin Productions
688,24000000,182000000,135,Released,"A love like this happens to some of us sooner or later. For Robert and Francesca, it was later.",US,en,Malpaso Productions|Warner Bros. Pictures|Amblin Entertainment
9543,200000000,336365676,116,Released,Defy the Future,US,en,Walt Disney Pictures|Jerry Bruckheimer Films
1493,45000000,212000000,110,Released,Unpolished. Unkempt. Unleashed. Undercover.,US,en|es|fr|ru,Village Roadshow Pictures|Castle Rock Entertainment|NPV Entertainment|Fortis Films
103663,3800000,18300000,116,Released,The lie is spreading.,DK|SE,da|pl|en,Zentropa International Sweden|Zentropa Entertainments|Film i Väst
49520,52000000,75500000,112,Released,Who says men can't change?,US,en,Universal Pictures|Relativity Media|Original Film|Big Kid Pictures
10054,35000000,147934180,88,Released,Real spies... only smaller.,US,es|en,Troublemaker Studios|Dimension Films|Miramax
547016,70000000,0,125,Released,Forever is harder than it looks.,US,en|it|ru|ar|fr,Skydance Media|Denver & Delilah Productions|Marc Evans Productions
406759,146000000,67319703,131,Released,Humanity will face the dark side of the Moon.,HK|GB|US,fr|en|zh,Centropolis Entertainment|Street Entertainment|Lionsgate|AGC Studios|Huayi Tencent Entertainment|Huayi Brothers International
3176,4500000,30600000,113,Released,Could you kill your best friend?,JP,en|ja,Toei Company|WOWOW|AM Associates|Kobi|Nippan Group Holdings|MF Pictures|GAGA Communications
1645,40000000,152266007,149,Released,Experience a time you'll never forget.,US,en,Regency Enterprises|Warner Bros. Pictures
201085,55000000,74700000,119,Released,Love makes monsters of us all.,US,en,Double Dare You|Legendary Pictures
435,125000000,552639571,124,Released,Where will you be?,US,en|ja|fr|ar|es,20th Century Fox|Centropolis Entertainment|Lionsgate|The Mark Gordon Company
9741,75000000,248118121,106,Released,Are you ready for the truth?,US,en,Barry Mendel Productions|Blinding Edge Pictures|Touchstone Pictures
974576,20000000,115657988,120,Released,What happens behind these walls will change everything.,GB|US,it|es|la|en,FilmNation Entertainment|House Productions|Indian Paintbrush
9286,25000000,118890272,92,Released,This ride will be the death of you.,US,en|ru,New Line Cinema|Hard Eight Pictures|Matinee Pictures|Practical Pictures|Kumar Mobiliengesellschaft mbH & Co. Projekt Nr. 1
399035,30000000,119942387,104,Released,Lives are on the line,US|FR|ES,en,StudioCanal|The Picture Company|Ombra Films
675445,26000000,144327371,86,Released,Our fate is in their paws.,CA|FR|US,en,Spin Master|Nickelodeon Movies|Paramount Pictures|Mikros Image|Mikros Animation
158015,3000000,91266581,85,Released,"One night a year, all crime is legal.",FR|US,en,Universal Pictures|Why Not Productions|Platinum Dunes|Blumhouse Productions
17903,10000000,18980744,133,Released,"For his last love, fate led him to betray his first love.",KR,ko,Opus Pictures|Showbox|United Pictures|Sponge
57165,150000000,301970083,99,Released,Feel the Wrath.,US|ES,en,"Thunder Road|Legendary Pictures|Cott Productions|Furia de Titanes II, A.I.E.|Warner Bros. Pictures"
17979,200000000,325286646,96,Released,It only takes one night to change your life.,US,en,Walt Disney Pictures|ImageMovers Digital
1125510,0,0,101,Released,Hunger will be the least of your worries.,ES,es,Basque Films
579974,69000000,160000000,187,Released,"Rise, Roar, Revolt",IN,en|te|hi,DVV Entertainment
614930,75000000,180513586,100,Released,Heroes aren't born. They're mutated.,CA|FR|US,en|zh,Paramount Pictures|Nickelodeon Movies|Point Grey Pictures|Cinesite Animation|Mikros Animation
1584,35000000,131098967,110,Released,He just landed the gig of his life: 5th grade.,US,en,Paramount Pictures|Scott Rudin Productions|Munich Film Partners New Century & Company (MFP) SOR Productions
969492,18000000,7021101,113,Released,No man left behind.,US|AU|CZ,fr|en,Broken Open Pictures|Volition Media Partners|Highland Film Group|Hoodlum Entertainment|R.U. Robot Studios|Moonbow|Gosdom Entertainment|Short Porch Pictures|The Avenue Entertainment
1267,150000000,169332978,95,Released,"If you think your family's different, wait 'til you meet the family of the future.",US,en,Walt Disney Animation Studios
4478,38000000,266614059,117,Released,A husband. A wife. A millionaire. A proposal.,US,en,Paramount Pictures
581528,6500000,25775371,110,Released,Don't let the devil win.,KR,ko,Acemaker Movieworks|BA Entertainment|Kiwi Media Group|B&C Content
242828,0,34949567,103,Released,"Promise we'll remain a secret, forever.",JP,ja,Studio Ghibli|Hakuhodo DY Media Partners|KDDI|Nippon Television Network Corporation|TOHO|dentsu|Mitsubishi|Walt Disney Japan
900667,0,171315305,115,Released,An almighty voice. With fiery red locks.,JP,ja,Toei Animation|Shueisha|Toei Company|Fuji Television Network|Bandai|Bandai Namco Entertainment|ADK Emotions|dentsu
14411,60000000,80767884,86,Released,The fantastic tale of his greatest adventure.,US,en,DreamWorks Animation|DreamWorks Pictures
97630,40000000,132800000,157,Released,The greatest manhunt in history.,US,en|ar,Annapurna Pictures|First Light|Mark Boal Productions
484641,34000000,31626978,119,Released,Never make the weapon the target,FR|GP|RU|RS|US,en|it|nl|ru,EuropaCorp|TF1 Films Production|Summit Entertainment|Work in Progress|Fetish Film|Skyprod|Ondamax Films
545609,65000000,0,116,Released,"When the mission ends, redemption begins",US,bn|en|hi,AGBO|Thematic Entertainment|TGIM Films
258489,180000000,356743061,109,Released,Human. Nature.,CA|GB|US,en,Village Roadshow Pictures|Dark Horse Entertainment|Beagle Pug Films|Jerry Weintraub Productions|RatPac Entertainment|Riche Productions|Warner Bros. Pictures
1991,25000000,31126421,113,Released,A crash course in revenge.,US,en,Dimension Films|Troublemaker Studios|Rodriguez International Pictures
169917,28000000,58834384,114,Released,Some people are afraid of all the wrong things.,US,en,Traveling Picture Show Company|Jersey Films|Free State Pictures|Exclusive Media|Cross Creek Pictures|1984 Private Defense Contractors|Da Vinci Media Ventures|Double Feature Films
71676,57000000,132563930,96,Released,He rides again.,AE|US,en,Columbia Pictures|Crystal Sky Pictures|Michael De Luca Productions|Hyde Park Entertainment|Arad Productions|Image Nation Studios|Marvel Entertainment
241554,50000000,71561644,114,Released,One night to live. To die. To run.,US|ES,en,RatPac Entertainment|Vertigo Entertainment|Energy Entertainment|Ombra Films|Warner Bros. Pictures
10501,95000000,76400000,90,Released,They came for the gold. They stayed for the adventure.,US,en,DreamWorks Pictures|DreamWorks Animation
58574,125000000,334615000,129,Released,The game is afoot.,US,en,Village Roadshow Pictures|Silver Pictures|Wigram Productions|Lin Pictures
136799,125000000,347337803,92,Released,Find your happy place.,US,en,DreamWorks Animation
839369,20000000,4232370,117,Released,Some roles are transformative.,US,en,Gloria Sanchez Productions|Killer Films|MountainA|Taylor & Dodge|Project Infinity
8055,32000000,108902486,124,Released,Behind the mystery lies a truth that will make you question everything you know.,DE|US,en|de|el|la,The Weinstein Company|Mirage Enterprises|Studio Babelsberg
1226578,10000000,127961936,101,Released,Say your prayers.,CA|US,en,C2 Motion Picture Group|Saturn Films|Oddfellows Entertainment|Traffic.|Range Media Partners
6557,30000000,160300000,111,Released,She's about to find the perfect fit.,US,en,Fox 2000 Pictures|Spyglass Entertainment|Dune Entertainment III
232672,40000000,128000000,117,Released,"Single dad, no clue. Single mom, flying solo.",US,en,GulfStream Pictures|Happy Madison Productions|RatPac Entertainment
448119,175000000,251410631,101,Released,He's just not a people person.,CN|US,en|fr,Universal Pictures|Team Downey|Perfect World Pictures|Roth-Kirschenbaum Films
838209,0,97974828,134,Released,The vicious emerges.,KR,ko|ja|en,Showbox|MCMC|Pinetown Production
500664,3000000,16976561,100,Released,Not man. Not machine. More.,AU|US,en,Goalpost Pictures|Automatik Entertainment|Blumhouse Productions|Nervous Tick Productions|Film Victoria|BH Tilt|Fulcrum Media Finance
454,14500000,147298761,120,Released,My only love sprung from my only hate.,AU|US,en,20th Century Fox|Bazmark
109414,32000000,126041322,106,Released,Nothing ruins a party like the end of the world.,US,en,Columbia Pictures|Mandate Pictures|Point Grey Pictures
438799,38000000,41657844,110,Released,Stop the unstoppable.,US,en|fr|de|ru,Bad Robot|Paramount Pictures
11852,34000000,54639553,104,Released,The hottest chick in town just switched bodies with the luckiest loser in the world.,US,en,Touchstone Pictures|Happy Madison Productions
14873,20000000,135700000,72,Released,Feel the jungle beat.,US,en,DisneyToon Studios
615173,0,23068596,137,Released,The beginning of everything.,KR,zh|en|hi|ja|ko,Peppermint & Company|Next Entertainment World|Studio & New|Goldmoon Film|Contents Panda|Warner Bros. Korea
869,100000000,362211740,120,Released,,US,en,20th Century Fox|The Zanuck Company
587792,5000000,1818417,90,Released,Live like there's no tomorrow,US,en|es,Limelight|The Lonely Island|Sun Entertainment Culture Los Angeles
682507,24000000,144353965,126,Released,Secrets are buried just beneath the surface.,US,en,3000 Pictures|Hello Sunshine|HarperCollins Publishers
136795,43000000,229930771,117,Released,They're just trying to stay alive long enough to kill each other.,GB|US,en|es|bg,Chernin Entertainment|TSG Entertainment|Ingenious Media|Big Screen Productions|20th Century Fox
51540,35000000,209838559,98,Released,Ever wish your boss was dead?,US,en,New Line Cinema|RAT Entertainment
49049,50000000,41037742,96,Released,Judgement is coming.,ZA|GB|US|IN,en,Rena Film|DNA Films|Reliance Big Entertainment|IM Global|Peach Trees
274862,70000000,123081555,101,Released,Find the ninja within ya.,AU|US,en,Lin Pictures|Lord Miller|Vertigo Entertainment|Warner Animation Group|Animal Logic|The LEGO Group
399174,35000000,72991435,101,Released,Loyalty has a scent. And it smells like rebellion.,US|DE,en|ja,Studio Babelsberg|American Empirical Pictures|Indian Paintbrush|Scott Rudin Productions
64686,175000000,151783839,119,Released,For courage. For loyalty. For honor.,JP|US|GB,en|ja,Mid Atlantic Films|Stuber Pictures|Moving Picture Company|H2F Entertainment|Universal Pictures|Relativity Media
10995,0,5013090,115,Released,"She gave her innocence, her passion, her body. The one thing she couldn't give was her love.",FR|GB|VN,zh|en,Timothy Burrill Productions|Renn Productions|Grai Phang Film Studio|Films A2
6947,60000000,256700000,108,Released,There is no turning back,US,en,Touchstone Pictures|Blinding Edge Pictures|Scott Rudin Productions
550205,0,25860000,99,Released,Three magical wishes. One life changing adventure.,US|CN|CZ,zh|en,Sony Pictures Animation|Tencent Pictures|Base Media|Alkay Animation Prague
782,36000000,12532777,107,Released,There is no gene for the human spirit.,US,en|eo,Jersey Films|Columbia Pictures
1571,110000000,383531464,128,Released,The choice will be clear.,GB|US,en|it|fr,Dune Entertainment|Cheyenne Enterprises|Wintergreen Productions|20th Century Fox|Ingenious Film Partners
521029,27000000,231252591,106,Released,Possess them all.,US,en,Atomic Monster|The Safran Company|New Line Cinema
443791,50000000,40882928,95,Released,7 miles below the ocean surface something has awakened,US,en,Chernin Entertainment|20th Century Fox|TSG Entertainment
522212,25000000,50401502,137,Released,Every generation has its hero. Meet ours.,US,en,Netter Productions|Outlier Society|Endeavor Content|MACRO|One Community|Participant|Warner Bros. Pictures
11459,35000000,86369815,100,Released,Saving the world.. one homework assignment at a time.,US,en,Max Stronghold Productions Inc.|Walt Disney Pictures|Gunn Films
664,92000000,494471524,113,Released,The dark side of nature.,US,en,Warner Bros. Pictures|Universal Pictures|Amblin Entertainment
338766,12000000,37600000,102,Released,Blood always follows money.,US,en,Sidney Kimmel Entertainment|Film 44|OddLot Entertainment|Estrella Media|Lionsgate|CBS Films|Sierra/Affinity|MWM Studios
278924,40000000,125729635,99,Released,Four continents. Three kills... Or the love of his life is dead.,US|DE|FR,bg|en,Davis Films|ME2 Productions|Millennium Media|Summit Entertainment|Nu Image Entertainment|Winkler Films
431693,100000000,171616764,102,Released,Super spy. Super fly.,US,en,Chernin Entertainment|Blue Sky Studios|20th Century Fox Animation
473033,19000000,50023780,136,Released,This is how I win.,US,en|he,A24|Elara Pictures
8619,150000000,211623421,138,Released,The courage to do the impossible lies in the hearts of men.,US,fr|pt|en,20th Century Fox|Miramax|Universal Pictures|Samuel Goldwyn Films
11631,52000000,609841637,108,Released,A mother. A daughter. Three possible fathers. A trip down the aisle you'll never forget.,DE|GB|US,en|el,Littlestar|Playtone|Internationale Filmproduktion Richter
1094138,0,0,107,Released,Take the money and run.,US,en,Roth-Kirschenbaum Films|Feigco Entertainment|Amazon MGM Studios|Big Indie Pictures
396422,15000000,306592201,110,Released,You don't know the real story.,US,en|es,Atomic Monster|New Line Cinema|The Safran Company|RatPac Entertainment
9360,45000000,136885767,90,Released,"When you can't breathe, you can't scream.",BR|PE|US,en,St. Tropez Films|Cinema Line Film Corporation|Middle Fork Productions|Skylight Cinema Foto Art|Columbia Pictures|Skylight Cinema Foto Art (US)
1211957,0,0,100,Released,,US,en,SP Media Group
11220,0,0,98,Released,The night's full of weirdos.,HK,ja|cn|en|zh,Jet Tone Production
62835,40000000,71508440,108,Released,Revenge is beautiful.,FR,en|es,A.J.O.Z. Films|EuropaCorp|Grive Productions|CinéCinéma|Canal+|TF1 Films Production
7214,30000000,76669554,136,Released,It begins on the streets. It ends here.,DE|US,en,Paramount Pictures|MTV Films|Tollin/Robbins Productions|Munich Movie Development & Production & Company (MMDP) Projekt 1
39538,60000000,137551594,106,Released,Nothing spreads like fear.,US|AE,en|cn|zh,Participant|Image Nation Studios|Double Feature Films|Regency Enterprises|Warner Bros. Pictures
949423,1000000,9847490,102,Released,An X-traordinary origin story.,US,en|de,A24|Little Lamb Productions
9374,55000000,149000000,104,Released,In one small bottle... The fountain of youth. The secret of eternal life. The power of an ancient potion. Sometimes it works... sometimes it doesn't.,US,en,Universal Pictures|South Side Amusement Company
9023,80000000,122563539,83,Released,Some legends can never be tamed.,US,en,DreamWorks Animation|DreamWorks Pictures
10201,70000000,223200000,104,Released,One word can change everything.,GB|US,et|en|ko,Warner Bros. Pictures|Village Roadshow Pictures|Heyday Films|The Zanuck Company
837335,0,4933288,131,Released,,IT|FR|CH|TR,en|fr|it|pt,Tempesta|RAI Cinema|Ad Vitam Production|Amka Films|ARTE France Cinéma|RSI|TRT 12 PUNTO
879,70000000,300854823,142,Released,To live would be an awfully big adventure.,US,en,Amblin Entertainment|TriStar Pictures|Allied Stars
1878,18500000,10700000,118,Released,"Buy the ticket, take the ride.",US,en,Summit Entertainment|Universal Pictures|Fear and Loathing LLC|Rhino Films|Shark Productions
1272,50000000,34800000,108,Released,"If it dies, so do we.",GB,en,Ingenious Media|Moving Picture Company|UK Film Council|DNA Films
397243,4000000,6170043,86,Released,Every body has a secret.,GB|US,en,IM Global|Impostor Pictures|42
10715,80000000,68500000,92,Released,How do they solve a mystery when they don't have a clue?,US|DE,en,Goldmann Pictures|Lonely Film Productions|Warner Bros. Pictures|Warner Bros. Feature Animation|Spring Creek Pictures|Baltimore Pictures
8584,55000000,99274467,110,Released,The old west meets the far east.,US|HK,en|zh|es,Touchstone Pictures|Spyglass Entertainment|Birnbaum/Barber Productions|Golden Way Films
718789,200000000,226425420,105,Released,Infinity awaits.,US,en,Pixar
763285,40000000,52303589,136,Released,It was supposed to be a simple heist.,US|JP,cn|en|es,Bay Films|Endeavor Content|New Republic Pictures|Project X Entertainment|Universal Pictures
21966,0,0,144,Released,,JP,ja|ko,Lighthouse Pictures|Artist Film|Be-Wild|Chi to Hone Seisaku Iinkai|Toshiba Entertainment|Xanadu|Asahi Broadcasting Corporation
4977,2600000,946590,90,Released,This is your brain on anime.,JP,en|ja,Madhouse|Sony Pictures
15789,18000000,35348597,78,Released,It's hard to be cool when your Dad is Goofy.,AU|CA|FR|US,en,Walt Disney Pictures|Walt Disney Animation|Phoenix Animation Studios|Pixibox|Walt Disney Animation|Walt Disney Feature Animation
11212,50000000,16671505,99,Released,No bib. No crib. No problem.,US,en|es,20th Century Fox|Hughes Entertainment
2164,55000000,196567262,121,Released,It will take you a million light years from home. But will it bring you back?,US|FR,en|no|sv,Le Studio Canal+|Centropolis Entertainment|Carolco Pictures|Metro-Goldwyn-Mayer
13027,80000000,178800000,118,Released,"If you want to live, you will obey.",DE|GB|US,en,KMP Film Invest|K/O Paper Products|DreamWorks Pictures|Goldcrest Pictures
568160,11100000,192729404,112,Released,A story about the secret of this world that only I and she know.,JP,ja,"CoMix Wave Films|Story|TOHO|KADOKAWA|jeki|Lawson Entertainment|""Weathering With You"" Film Partners"
9208,50000000,150300000,108,Released,Prepare to go ballistic.,US,en,The Mark Gordon Company|WCG Entertainment Productions
8078,70000000,162000000,109,Released,It's already too late.,US,en,20th Century Fox|Brandywine Productions
1656,75000000,142400065,130,Released,Adventure begins with a Z.,US,en|es,Columbia Pictures|Spyglass Entertainment|Amblin Entertainment
9714,32000000,79082515,102,Released,There's a new kid on the block.,US,pl|en,20th Century Fox|Hughes Entertainment
365177,115000000,33017367,101,Released,Chaos loves company.,US|LU,en,Lionsgate|Arad Productions|Picturestart|Gearbox Studios|2K|Hercules Film Fund
1005331,47000000,0,120,Released,"Every holiday season, millions travel safely by air. This Christmas will be different.",US,en,Dylan Clark Productions|DreamWorks Pictures
13186,4000000,0,97,Released,Evil awaits.,DE|US,en,20th Century Fox|Summit Entertainment|Constantin Film
747188,25000000,53857743,105,Released,"""You can't wake up if you don't fall asleep""",US|DE,en,Indian Paintbrush|American Empirical Pictures|Studio Babelsberg
2057,42000000,35402320,116,Released,Lead us into temptation.,FR|CH|US|GB,en|es|la|de|fr|ja,Epsilon Motion Pictures|Via Rosa Productions|Di Novi Pictures|Intermedia Films|Metro-Goldwyn-Mayer|Hyde Park Entertainment|UGC Films
10040,0,101393569,115,Released,You might feel a little prick.,US,en,Village Roadshow Pictures|Castle Rock Entertainment|Fortis Films
796,10500000,76347426,97,Released,"In the game of seduction, there is only one rule: Never fall in love.",US,en,Newmarket Capital Group|Original Film|Neal H. Moritz Productions
11969,25000000,73205065,130,Released,Every town has a story. Tombstone has a legend.,US,en,Cinergi Pictures|Alphaville Films
11247,19000000,70067909,95,Released,Once upon a time... can happen any time.,US,cs|en|de,Dylan Sellers Productions|Gaylord Films|Clifford Werber Productions|Warner Bros. Pictures
299710,0,0,90,Released,,FR,fr,Les Films du Lendemain
616820,33000000,105400796,111,Released,Only one of them will survive.,US,en,Universal Pictures|Blumhouse Productions|Miramax|Rough House Pictures|Trancas International Films
417384,25000000,104545505,108,Released,They're not just stories anymore.,CA|HK|US,en,1212 Entertainment|Double Dare You|Entertainment One|CBS Films|Rolling Hills|Hivemind|Starlight Culture Entertainment Group
678512,14500000,250600000,131,Released,Fight for the light. Silence the darkness.,US,en|es,Santa Fe Films
320,46000000,113714830,118,Released,A tough cop. A brilliant killer. An unspeakable crime.,US,en,Alcon Entertainment|Witt/Thomas Productions|Section Eight
497582,21000000,0,124,Released,Mystery runs in the family.,US,en,PCMA Productions|Legendary Pictures
527641,7000000,92600000,116,Released,"When life keeps you apart, fight for every inch.",US,en|fr|es,Wayfarer Entertainment|CBS Films
11551,40000000,54682547,110,Released,Big Movie.,US,en,DreamWorks Pictures|Universal Pictures|Amblin Entertainment
18823,125000000,493214993,106,Released,The clash begins.,US|GB,en,The Zanuck Company|Legendary Pictures|Thunder Road|Moving Picture Company|Warner Bros. Pictures
9655,20000000,57194667,105,Released,Everybody has a secret...,US,en,Lakeshore Entertainment|DreamWorks Pictures|The Donners' Company
555604,35000000,0,117,Released,Love will give you life.,US,en,The Jim Henson Company|ShadowMachine|Double Dare You
899082,0,0,103,Released,Welcome back to where the magic began.,GB|US,en,Pulse Films|Warner Horizon Unscripted Television|Casey Patterson Entertainment
516729,90000000,211000000,106,Released,A little bear goes a long way.,GB|FR,en|es,Marmalade Pictures|StudioCanal
273477,15000000,14900000,93,Released,Always bring protection.,US,en,Broken Road Productions|Brucks Entertainment|Oops Doughnuts Productions|Paramount Pictures
348893,0,63500000,87,Released,Boyka is back!,BG|US,en,Nu Boyana Viburno
4584,16000000,134582776,136,Released,Lose your heart and come to your senses.,US,en,Columbia Pictures|Mirage Enterprises
10140,155000000,415686217,113,Released,Return to magic. Return to hope. Return to Narnia.,GB|US,en,Fox 2000 Pictures|Walden Media|C.S. Lewis Company
581726,0,0,106,Released,Many lives. Unlimited potential.,US,ar|en|id|it|ja|ru|es|bo,di Bonaventura Pictures|Closest to the Hole Productions|Paramount Pictures|New Republic Pictures|Leverage Entertainment
8914,60000000,164648231,105,Released,Bigger. Smarter. Faster. Meaner.,AU|US,en,Riche-Ludwig Productions|Village Roadshow Pictures|Groucho III Film Partnership|Warner Bros. Pictures
1159311,0,32224616,110,Released,"A sudden emergence of a new threat... Next, it's our turn!",JP,ja,BONES|TOHO|Yomiuri Telecasting Corporation|Shueisha|Nippon Television Network Corporation|dentsu|Sony Music Entertainment (Japan)|movic
20662,200000000,321669741,140,Released,"Rise and rise again, until lambs become lions",US,en|fr|uk,Imagine Entertainment|Relativity Media|Scott Free Productions
1572,90000000,366101666,128,Released,Think fast. Look alive. Die hard.,US,en|de|ro,20th Century Fox|Cinergi Pictures|Andrew G. Vajna Productions
293863,25000000,65663276,112,Released,Love is timeless.,US,en,Lakeshore Entertainment|Sidney Kimmel Entertainment|Lionsgate
9778,28000000,77516304,90,Released,Can once in a lifetime happen twice?,US,en,Tapestry Films|Miramax|Simon Fields Productions
489999,880000,75636047,102,Released,No one is lost without a trace.,US,en,Bazelevs|Timur Bekmambetov Productions
188161,40000000,86400000,116,Released,Bring protection.,US,en,RGB Media|Fuzzy Door Productions|MRC|Bluegrass Films
378236,50000000,217776646,86,Released,An adventure beyond words.,US,en,Columbia Pictures|Sony Pictures Animation|LStar Capital
149870,30000000,117932401,126,Released,We must live.,JP,fr|de|it|ja,Studio Ghibli|Nippon Television Network Corporation|dentsu|Hakuhodo DY Media Partners|d-rights|TOHO|Walt Disney Japan|KDDI
1101448,0,0,123,Released,Never give up.,US,en,Artists Equity|Amazon MGM Studios|A Really Good Home Pictures|Wild Frontier Films|101 Studios
216919,0,0,97,Released,,MX,es,JADE FILMS|Grupo AZTECA|Eficine 226|Instituto Mexicano de Cinematografía
1624,45000000,302710615,86,Released,Trust me.,US,en,Universal Pictures|Imagine Entertainment
1209217,0,108136957,110,Released,"Missing samurai swords, an unsolved mystery from the Great Edo period, the battle for treasure begins...",JP,ja,TMS Entertainment|Yomiuri Telecasting Corporation|Shogakukan|TOHO|Nippon Television Network Corporation|Shogakukan-Shueisha Productions|Meitantei Conan Production Committee
8848,20000000,64828421,112,Released,The true story of a heist gone wrong... in all the right ways.,AU|GB|US,en,Omnilab Media|Mosaic Media Group|Relativity Media|Skyline (Baker St)|Arclight Films|Lionsgate
6957,26000000,177400000,116,Released,Better late than never.,US,en|es,Universal Pictures|Apatow Productions
9595,26000000,181096164,85,Released,The mother of all movies.,US,en,20th Century Fox
187017,50000000,331333876,112,Released,They're not 21 anymore.,US,en,Columbia Pictures|Original Film|MRC|Metro-Goldwyn-Mayer|Cannell Studios|JHF Productions|33andOut Productions
619,25000000,411006740,129,Released,Never let her out of your sight. Never let your guard down. Never fall in love.,US,en|hu,Kasdan Pictures|Tig Productions|Warner Bros. Pictures
839033,30000000,20658572,134,Released,Hope has yet to abandon these lands.,JP|NZ|US,en,New Line Cinema|Warner Bros. Animation|Sola Entertainment|Middle-earth Enterprises|WingNut Films|Domain Entertainment
16995,60000000,87800000,127,Released,Find the truth,FR|GB|US,en|cn|fr,Andell Entertainment|Working Title|StudioCanal|Relativity Media
117263,70000000,170270201,120,Released,When our flag falls our nation will rise.,US,en|ko,Millennium Media|G-BASE|Nu Image
13179,48000000,9208064,78,Released,Enter the world of fairies,IN|US,en,DisneyToon Studios|Prana Animation Studios
87516,30000000,5200000,104,Released,Ask not why you were imprisoned. Ask why you were set free.,US,en,40 Acres and a Mule Filmworks|Vertigo Entertainment|Good Universe|FilmDistrict
379686,150000000,163692228,115,Released,Welcome to the Jam!,US,en,Warner Animation Group|Proximity Media|Warner Bros. Pictures|The SpringHill Company
38700,90000000,426505244,124,Released,Ride together. Die together.,US,en|es,Columbia Pictures|2.0 Entertainment|Don Simpson/Jerry Bruckheimer Films|Overbrook Entertainment
76640,30000000,0,107,Released,Not in his town. Not on his watch.,US,en,di Bonaventura Pictures|CJ Entertainment|Lionsgate
458897,48000000,73279888,118,Released,Unseen. Undivided. Unstoppable.,US,tr|fr|en|pt|de,Columbia Pictures|Brownstone Productions|2.0 Entertainment|The Cantillon Company
338803,0,6906250,133,Released,"A tyrant king, a treacherous subject, and a woman seeking revenge.",KR,ko,Lotte Entertainment|Soo Film
4513,30000000,80276156,113,Released,They're Coming!,NZ|US,en,HorrorFlix|Columbia Pictures|Ghost House Pictures|Dark Horse Entertainment|Mandate International
11362,35000000,75395048,131,Released,Prepare for adventure. Count on revenge.,IE|US|CH|GB,en|it|es,Touchstone Pictures|Spyglass Entertainment|World 2000 Entertainment|Count of Monte Cristo Ltd.|Epsilon Motion Pictures
9495,23000000,93722164,102,Released,Believe in angels.,US,en,Entertainment Media Investment|Jeff Most Productions|Pressman Film|Dimension Films
68737,95000000,114178613,102,Released,"When darkness falls, the son will rise.",CN|CA|US|GB,en,Legendary Pictures|Thunder Road|Moving Picture Company|Pendle Mountain Productions|Wigram Productions|Outlaw Sinema|China Film Group Corporation
412656,125000000,26508132,109,Released,No one escapes the noise.,US|CA|HK|LU,en,Quadrant Pictures|Lionsgate|Bron Studios|3 Arts Entertainment|TIK Films|Hercules Film Fund|Allison Shearmur Productions|Creative Wealth Media Finance
8367,48000000,390493908,143,Released,"For the good of all men, and the love of one woman, he fought to uphold justice by breaking the law.",US,ar|en,Morgan Creek Entertainment
943,35000000,321731527,118,Released,The magic is back again!,US,en,Silver Pictures|Warner Bros. Pictures|St. Petersburg Clearwater Film Commision
505192,0,0,120,Released,Sometimes you choose your family.,JP,ja,Fuji Television Network|AOI Pro.|BUN-BUKU|GAGA Corporation
23398,75000000,443140005,89,Released,The Boys are back in town... and they have competition.,US,en|fr,Fox 2000 Pictures|Bagdasarian Productions|Regency Enterprises|20th Century Fox|Dune Entertainment
522162,100000000,127400000,138,Released,One battle turned the tide of war.,CA|HK|US,zh|en|ja,AGC Studios|Centropolis Entertainment|Street Entertainment|Entertainment One|Starlight Culture Entertainment Group|Shanghai RuYi Entertainment
9362,11000000,48572000,96,Released,They say there's nothing new under the sun. But under the ground…,US,en,No Frills Film|Wilson-Maddock Production
12437,35000000,92158961,92,Released,Every war has a beginning.,US,en,Screen Gems|Lakeshore Entertainment|Sketch Films|UW3 Film Productions
37233,42000000,270248367,154,Released,Power can be murder to resist.,US,en,Mirage Enterprises|Paramount Pictures|Davis Entertainment|Scott Rudin Productions
241,34000000,110000000,119,Released,The media made them superstars.,US,en|nv|ja,Warner Bros. Pictures|Regency Enterprises|Alcor Films|Ixtlan Productions|New Regency Pictures|JD Productions
49797,6000000,12966357,144,Released,Abandon all compassion.,KR,ko,Softbank Ventures|Peppermint & Company|Siz Entertainment|Finecut|Michigan Venture Capital|Showbox|CJ Investment
856289,85000000,369081777,148,Released,,CN,zh,Beijing Culture 北京京西文化|Century Changshengtian Film|Tencent Penguin Pictures|Maoyan Entertainment|Huaxia Film Distribution
442062,35000000,93320380,90,Released,Halloween comes to life.,US,en,Columbia Pictures|Original Film|Scholastic Entertainment|Silvertongue Films|Sony Pictures Animation
9437,27000000,60527873,115,Released,Smart girls. Pretty girls. Missing girls.,US,en,Paramount Pictures|Rysher Entertainment|David Brown Productions
277,22000000,95708457,122,Released,An immortal battle for supremacy.,US|GB|DE,en,Screen Gems|Lakeshore Entertainment|Subterranean Productions UK Ltd.|Underworld Produktions GmbH|Laurinfilm
884,9000000,2671855,100,Released,Exploring the ultimate thrill where body and metal become one.,CA|GB,en,Alliance Films|Recorded Picture Company
522931,70000000,70060492,117,Released,"Hit me baby, one more time.",BG|FR|SE|US|GB,en|ja|ru|es,Nu Boyana Film Studios|Lionsgate|Millennium Media|Davis Films|Campbell Grobman Films|Film i Väst|Filmgate Films
93685,0,0,93,Released,,NL,nl,BrennFilm|Rebel Film BV
11621,9200000,44600000,93,Released,Can a pig really fly?,JP,ja,Studio Ghibli|Tokuma Shoten|Nippon Television Network Corporation|Japan Airlines|Japan Airlines Cultural Business Center
296099,31000000,104400000,99,Released,What could go wrong?,US,en,BenderSpink|David Dobkin Productions
267860,60000000,205754447,99,Released,The world's leaders have assembled. So have their enemies.,US|GB|BG,en,Millennium Media|Gramercy Pictures|G-BASE|LHF Film|Nu Boyana Film Studios
602734,20000000,40618920,93,Released,A new game begins.,US,en,Twisted Pictures|Lionsgate|Serendipity Productions|Dahlstar LLC
154400,12600000,19054534,106,Released,,US|GB,en,Fox Searchlight Pictures|Chernin Entertainment|TSG Entertainment|Ingenious Media
10428,20000000,7563728,105,Released,Their crime is curiosity.,US,en|it|ja|ru,Suftley|United Artists|Metro-Goldwyn-Mayer
15092,20000000,34600000,96,Released,He was dead... but he got better.,US,en,Lionsgate|Lakeshore Entertainment|RadicalMedia
786,60000000,47386287,124,Released,Experience it. Enjoy it. Just don't fall for it.,US,en,DreamWorks Pictures|Columbia Pictures|Vinyl Films
698508,30000000,9464198,134,Released,Never look back. Never look forward.,ZA|US,en,Mission Pictures International|Advantage Entertainment|Pinnacle Peak Pictures|Nthibah Pictures|Universal Pictures
438650,60000000,76419755,119,Released,Meet Nels Coxman. Citizen of the Year.,FR|NO|US,en,StudioCanal|Paradox Produksjon|MAS Productions|Summit Entertainment
1118031,0,500000,119,Released,The beginning of the end has arrived.,ES,ar|en|fr|gl|de|pt|ru|es,Nostromo Pictures
80274,110000000,125537191,114,Released,This is not a game.,US,en,Digital Domain|Chartoff Productions|Taleswapper|K/O Paper Products|OddLot Entertainment
16871,30000000,91388487,99,Released,"Christine Brown has a good job, a great boyfriend, and a bright future. But in three days, she's going to hell.",US,en|es|hu|cs,Universal Pictures|Ghost House Pictures|Buckaroo Entertainment|Curse Productions|Mandate Pictures
72784,14000000,10100000,103,Released,The right place to do wrong.,US|BE,en,Open Road Films|Anonymous Content
812225,0,0,113,Released,When the legend revives... The kingdom will fall.,JP,ja,Pierrot|Bandai Namco Entertainment|MBS|TV Tokyo|avex pictures|Shueisha
13207,19000000,91509154,97,Released,Welcome to Crystal Lake.,US,en,New Line Cinema|Paramount Pictures|Platinum Dunes|Crystal Lake Entertainment
381283,30000000,44516999,121,Released,Seeing is believing.,US,en,Paramount Pictures|Protozoa Pictures
462,52000000,256271286,131,Released,She brought a small town to its feet and a huge company to its knees.,US,en,Jersey Films
369972,70000000,105713218,141,Released,One giant leap into the unknown.,US,en,Universal Pictures|DreamWorks Pictures|Temple Hill Entertainment|Perfect World Pictures
884605,45000000,83000000,103,Released,Pretty. Awkward.,US,en|pt|es,Excellent Cadaver|OPE Partners|Columbia Pictures|Saks Picture Company
9100,15000000,24800000,101,Released,Welcome to the witching hour.,US,en|fr,Columbia Pictures|Red Wagon Entertainment
1000837,8000000,36361572,138,Released,"When a mother's courage defies tyranny, hope is reborn.",BR|FR,pt,VideoFilmes|MACT Productions|RT Features|ARTE France Cinéma|Conspiração Filmes|Globoplay
72331,69000000,116500000,105,Released,Are you a patriot or a vampire?,RU|US,en,Bazelevs|Tim Burton Productions|Abraham Productions|Location Gourmet|20th Century Fox|Dune Entertainment
420634,35000,421798,84,Released,You never forget your first kill.,US,en,Dark Age Cinema
76163,100000000,314975955,103,Released,Back for War.,US|BG|DE,en,Millennium Media|Lionsgate|Nu Boyana Film Studios|Nu Image Entertainment
38167,60000000,204594016,133,Released,Let yourself go.,US,pt|en|it,Columbia Pictures|Plan B Entertainment
503736,90000000,190700000,148,Released,Survivors take all.,US,en|de|es,The Stone Quarry
83389,22000000,61037844,91,Released,,JP,ja,Studio Ghibli|Mitsubishi|Hakuhodo DY Media Partners|Nippon Television Network Corporation|dentsu|TOHO|The Walt Disney Company (Japan)
132232,15000000,146428180,100,Released,A mother's love is forever.,CA|ES,en,Toma 78|Demilo Films
8916,60000000,171757863,83,Released,See the world from a whole new perspective.,US,en|es,Pacific Data Images|DreamWorks Animation|DreamWorks Pictures
9276,15000000,40283321,104,Released,These six students are about to discover their teachers really are from another planet.,US,en,Los Hooligans Productions
1700,20000000,61300000,107,Released,"Paul Sheldon used to write for a living. Now, he’s writing to stay alive.",US,en,Castle Rock Entertainment|Nelson Entertainment
766319,0,0,43,Released,The Queen of Christmas presents a star-studded holiday spectacular.,US,en,Done+Dusted
137094,60000000,135500000,105,Released,Trust no one.,RU|US,en|ru,di Bonaventura Pictures|Paramount Pictures|Mace Neufeld Productions|Buckaroo Entertainment|Skydance Media
842675,73800000,665000000,174,Released,,CN,zh|en|fr|ja|pt|ru|es,Guo Fan Culture and Media|G!Film Studio|DF Pictures|China Film Group Corporation
1266,20000000,66476363,109,Released,Their city. Their rules. No prisoners.,US,en|tr,Fox Searchlight Pictures|Regency Enterprises|Dune Entertainment III|Emmett/Furla Films|Yari Film Group
13811,50000000,155446362,121,Released,What happens when the numbers run out?,GB|US|AU,en,Summit Entertainment|Escape Artists|Mystery Clock Cinema|Kaplan/Perrone Entertainment|Wintergreen Productions|Goldcrest Films International
63311,13000000,33750478,120,Released,The things the love of a madman can do...,ES,pt|es,El Deseo
76203,20000000,187000000,134,Released,The extraordinary true story of Solomon Northup.,GB|US,en,New Regency Pictures|Plan B Entertainment|River Road Entertainment|Regency Enterprises|Film4 Productions
2019,18000000,74189677,99,Released,Don't hunt what you can't kill.,US,en,Alphaville Films|Universal Pictures|Renaissance Pictures
507241,30000000,5928351,106,Released,Winning is all in the execution.,US|GB|ES|HU,en,Dogbone Entertainment|Mad Chance|Endurance Media|K. JAM Media|TKG Productions|The Feature Film One|Lionsgate|Lipsync Productions
405774,19800000,0,124,Released,Never lose sight of survival,US,en,Bluegrass Films|Chris Morgan Productions
305470,105000000,142300000,124,Released,Together we are more.,US|HK,en,Lionsgate|Saban Brands|Saban Films|Temple Hill Entertainment|TIK Films
677179,75000000,275300000,116,Released,You can't run from your past.,US,en|es,Metro-Goldwyn-Mayer|Proximity Media|Outlier Society|Winkler Films
10897,0,67308282,82,Released,Mischief loves company.,US,en,Universal Pictures|King World Entertainment|Amblin Entertainment
8963,53000000,157387195,116,Released,Danger runs deep.,US|FR,en,Hollywood Pictures|Don Simpson/Jerry Bruckheimer Films
1076364,0,0,9,Released,New adventure. Same wingman.,US,en,Pixar
646207,40000000,7502846,108,Released,This mission is on thin ice.,CA|US,en,Shivhans Pictures|Code Entertainment|Envision Media Arts|The Solution
974950,26000000,16317120,132,Released,Passion has a new name.,BE|FR|US|MX,es|fr|en,Why Not Productions|Pathé|France 2 Cinéma|Page 114|Saint Laurent Productions|Saint Laurent|Library Pictures International|Logical Content Ventures|Les Films du Fleuve|The Veterans|Vixens|Casa Kafka Pictures|Pimienta Films
582,2000000,77672685,137,Released,"Before the Fall of the Berlin Wall, East Germany's Secret Police Listened to Your Secrets.",DE|FR,de,Creado Film|Wiedemann & Berg Film|ARTE|BR
4347,30000000,131016624,123,Released,Torn apart by betrayal. Separated by war. Bound by love.,FR|GB|US,en|fr,Universal Pictures|StudioCanal|Relativity Media|Working Title
12133,65000000,128100000,98,Released,They grow up so fast.,US,en|es,Columbia Pictures|Mosaic Media Group|Gary Sanchez Productions|Relativity Media|Apatow Productions
1182047,16000000,17271613,122,Released,An American horror story.,US|GB|DK|IE|CA|SE,en,Gidden Media|Head Gear Films|Metrol Technology|Scythia Films|Profile Pictures|Tailored Films|Film Institute|Film i Väst|Fís Éireann/Screen Ireland|RocketScience|LB Entertainment|AC Films|Rich Spirit|Wild 7 Films|Red Apple Productions|ScreenReleases
1948,12000000,42900000,88,Released,"There are a thousand ways to raise your adrenaline. Today, Chev Chelios will need every single one.",US,en|es|ko,Lakeshore Entertainment|RadicalMedia|GreeneStreet Films|Lionsgate
399170,29000000,48453605,119,Released,See how the other half steals.,US,en,Fingerprint Releasing
4638,12000000,80600000,121,Released,Big cops. Small town. Moderate violence.,FR|GB,en,Big Talk Studios|StudioCanal|Working Title|Ingenious Media
46529,50000000,149900000,109,Released,There were nine of us. Three are dead...,IN|US,fr|en,Bay Films|DreamWorks Pictures|Reliance Entertainment
8292,45000000,92374674,109,Released,They came home to bury mom... and her killer,US,es|en,Paramount Pictures|di Bonaventura Pictures
227159,42000000,107645357,108,Released,New crime. Same tools.,US,en,New Line Cinema|BenderSpink|RatPac Entertainment
13223,33000000,270000000,116,Released,Get off my lawn.,US|DE,en,Matten Productions|Double Nickel Entertainment|Gerber Pictures|Malpaso Productions|Village Roadshow Pictures|WV Films IV|Warner Bros. Pictures
2698,175000000,174440724,96,Released,A comedy of biblical proportions.,US,en,Universal Pictures|Spyglass Entertainment|Relativity Media|Shady Acres Entertainment|Original Film
9772,85000000,315200000,124,Released,The fate of the nation rests on the courage of one man.,US,ru|en,Radiant Productions
491418,48000000,121000000,118,Released,"Just add chaos, laughter, awkwardness, mistakes, love...",US,en,Closest to the Hole Productions|Paramount Pictures|Leverage Entertainment
116149,55000000,333960862,95,Released,Please look after this bear. Thank you.,FR|GB,en,StudioCanal|Anton Capital Entertainment|Heyday Films|TF1 Films Production
638,15000000,3897982,134,Released,A lost road on the edge of strange...,FR|US,en,CiBy 2000|Asymmetrical Productions
9331,62000000,215887717,141,Released,Truth needs a soldier.,US,en,Paramount Pictures|Mace Neufeld Productions|Robert Rehme Productions
617653,100000000,30552111,153,Released,The true story of a woman who defied a nation and made history.,US,en|fr,20th Century Studios|Pearl Street Films|Scott Free Productions
228326,50000000,97437106,95,Released,Two worlds. One love.,US,en,Reel FX Creative Studios|20th Century Fox Animation|Chatrone
8645,60000000,163403799,90,Released,We've sensed it. We've seen the signs. Now...it's happening.,US|IN,en|fr,20th Century Fox|UTV Motion Pictures|Spyglass Entertainment|Blinding Edge Pictures|Dune Entertainment III
466282,0,0,100,Released,The letters are out.,US,en,Awesomeness Films|Overbrook Entertainment
55779,40000000,157887643,91,Released,Death has never been closer.,US,en|cn,Parallel Zide|New Line Cinema|Practical Pictures
552178,20000000,13601384,127,Released,The truth has a man on the inside.,US,en,Participant|Willi Hill|Killer Films
133805,30000000,84790678,101,Released,You will know her name.,US,en,Misher Films|Screen Gems|Metro-Goldwyn-Mayer
516632,16000000,4796993,137,Released,The first night you hear him. The second night you see him. The third night he finds you.,ZA|US,en,BOOM! Studios|Out of Africa Entertainment|20th Century Fox
37735,8000000,75026327,93,Released,Let's not and say we did.,US,en,Screen Gems|Olive Bridge Entertainment
73454,0,0,90,Released,A jaded call-girl… a fledgling hooker… the night from hell.,AU,en,Rough Beast|Circe Films
8845,35000000,156563139,102,Released,"In 1992 a battleship's been sabotaged by nuclear pirates out to steal its warheads. Now, surrounded by terrorists, a lone man stands with a deadly plan of attack.",FR|US,en,Regency Enterprises|Warner Bros. Pictures|Alcor Films|Arnon Milchan Productions|Le Studio Canal+
3134,0,940944,77,Released,Art or Pornography? You be the judge! Complete and Uncut the most controversial film of all time...A hard-core Thelma & Louise.,FR,fr,Toute Premiere Fois
1391,5000000,33600000,106,Released,Life has its ways of teaching.,MX,es,Bésame Mucho Pictures|Anhelo Productions
1597,55000000,330444045,108,Released,First comes love. Then comes the interrogation.,US,en,Universal Pictures|DreamWorks Pictures|Nancy Tenenbaum Films|Tribeca Productions
9383,95000000,190213455,112,Released,Think you’re alone? Think again.,DE|US,en,Columbia Pictures|Red Wagon Entertainment|Global Medien KG
9792,15000000,69623713,107,Released,The lucky ones die first.,FR|US,en,Fox Searchlight Pictures|Craven-Maddalena Films|Major Studio Partners|Dune Entertainment
449562,21000000,97400000,94,Released,They're giving dirty rotten men a run for their money.,ES|US,da|de|fr|en|nl,Pin High|Metro-Goldwyn-Mayer|Cave 76 Productions|Camp Sugar|Palma Pictures
604822,0,50866901,107,Released,,CN|HK|IN|KR|TW|GB,en|zh|hi,China Film International|Epitome Capital|Shanghai Lix Entertainment|Shenzhen Media Film & Television|Tencent Pictures|One Cool Films|India Film Services|Huayu International Entertainment|JP Media Limited|Dexter Studios|Golden Network Asia|China Film Group Corporation
481084,40000000,204394183,87,Released,Think your family is weird?,CA|US,en,Cinesite Animation|Nitrogen Studios Canada|Bron Studios|Metro-Goldwyn-Mayer|Creative Wealth Media Finance|The Jackal Group
9482,90000000,113493481,96,Released,"In the future, one man is the law.",US,en,Cinergi Pictures|Pressman Film
65,41000000,242875078,111,Released,Every moment is another chance.,DE|US,en,Mikona Productions|Imagine Entertainment
9631,50000000,44547681,140,Released,He frees hostages for a living. Now he's taking hostages to survive.,DE|US,en,Regency Enterprises|Mandeville Films|Taurus Film
693,80000000,516642939,115,Released,Misery loves family.,US,en,Universal Pictures|DreamWorks Pictures|Tribeca Productions|Everyman Pictures|Nancy Tenenbaum Films
522681,9000000,155712077,99,Released,Find the clues or die.,US,en,Columbia Pictures|Original Film
644495,75000000,153235995,158,Released,A legacy worth killing for.,CA|US,it|ja|fr|en|pt|ar,Metro-Goldwyn-Mayer|Bron Studios|Scott Free Productions
3131,100000000,193772504,168,Released,America was born in the streets.,US|IT,en|ga|la|zh,Miramax|Touchstone Pictures|Initial Entertainment Group|Alberto Grimaldi Productions
613,16000000,92181574,155,Released,"April 1945, a nation awaits its... Downfall",AT|DE|IT,hu|de|ru,NDR|ORF|ARD Degeto|EOS Entertainment|WDR|RAI|Constantin Film
9614,12000000,41422354,92,Released,He doesn't play golf... he destroys it.,US,en,Universal Pictures|Brillstein-Grey Entertainment|Robert Simonds Productions
12207,10000000,34300528,102,Released,He's got a secret weapon with a lot of kick.,HK,cn,Orange Sky Golden Harvest|Hong Kong Stuntman Association|Paragon Films
654974,15000000,0,93,Released,No parents. No problem.,US,en,20th Century Studios|Hutch Parker Entertainment
1008409,40000000,36110860,116,Released,Legacies don't come easy.,US,en,Tri-State Pictures|New Regency Pictures|Regency Enterprises
400157,100000000,119559110,86,Released,Dream Bigger,ES|US,en,Nickelodeon Movies|Paramount Animation|Ilion Animation Studios|Paramount Pictures
1164,25000000,135330835,143,Released,If you want to be understood... listen.,FR|MX|US,ar|en|es|fr|ja|ru,Central Films|Zeta Film|Anonymous Content
256274,5000000,41898409,93,Released,The only way out is down.,US,en,Brothers Dowdle Productions|Legendary Pictures
100042,40000000,169837010,110,Released,The average person uses 10% of their brain capacity. Imagine what he could do with 1%.,US,en,New Line Cinema|Conundrum Entertainment|Red Granite Pictures
9645,35000000,71142361,91,Released,Sea evil.,US,en|it|es,Village Roadshow Pictures|NPV Entertainment|Dark Castle Entertainment|Ghost Ship Films Pty. Ltd.|Warner Bros. Pictures
39514,58000000,199006387,111,Released,Still armed. Still dangerous. Still got it.,US,en|ru,di Bonaventura Pictures|DC
453405,140000000,173469516,117,Released,Who will save you from yourself?,US|CN,en,Skydance Media|Jerry Bruckheimer Films|Fosun Pictures|Paramount Pictures|Alibaba Pictures Group
346648,40000000,290132513,104,Released,Magic. Mystery. Marmalade.,FR|GB,en,StudioCanal|Heyday Films|Anton Capital Entertainment
201088,70000000,17752940,133,Released,We are no longer in control.,US,cn|es|en|id|it|zh|de,Legendary Pictures|Forward Pass
11130,40000000,134734481,113,Released,It can take a lifetime to find true love; she's got 30 days!,US,en,BrownHouse Productions|Walt Disney Pictures
170687,60000000,108255770,97,Released,Heroes come in all shapes and sizes... even rectangles.,US,en,LAIKA
409,27000000,231976425,162,Released,"In love, there are no boundaries.",GB|US,de|it|ar|en,Miramax|The Saul Zaentz Company|Tiger Moth Productions
43074,144000000,229147509,117,Released,Answer the call.,US,en,Ghost Corps|Columbia Pictures|Village Roadshow Pictures|LStar Capital|Feigco Entertainment|Pascal Pictures|The Montecito Picture Company
630586,0,4829926,110,Released,We still haven't learned.,DE|US|GB,en,Constantin Film|The H Collective|Tea Shop & Film Company|Lionsgate
35019,35000000,93251121,109,Released,"The magic's back, warts and all.",US|GB|FR,en,Three Strange Angels|Relativity Media|Working Title|StudioCanal|Universal Pictures
345938,20000000,96942115,132,Released,You're never as alone as you think.,CA|HK|US,en,Summit Entertainment|Netter Productions|TIK Films|Lionsgate
171274,20000000,14810975,149,Released,Love usually leads to trouble.,US,en,Warner Bros. Pictures|IAC Films|JoAnne Sellar Productions|Ghoulardi Film Company|RatPac Entertainment
17578,130000000,373993951,107,Released,Discover how far adventure will take you.,NZ|US,en,Paramount Pictures|Columbia Pictures|Hemisphere Media Capital|Nickelodeon Movies|Amblin Entertainment|WingNut Films|The Kennedy/Marshall Company|DreamWorks Pictures
277217,0,0,112,Released,They're not bad. They're just born that way.,US,en,"Bad Angels Productions, Ltd.|5678 Productions|Disney Channel"
20504,80000000,157107755,118,Released,Some will kill to have it. He will kill to protect it.,US,en,Alcon Entertainment|Silver Pictures
1911,120000000,61698899,103,Released,Prey for the living.,US,ar|da|en|la|no|es|sv,Touchstone Pictures|Crichton/McTiernan Productions
934632,83000000,0,121,Released,Protect each other and show them no mercy!,US,en,The Stone Quarry|Grand Electric
10590,75000000,114660784,138,Released,"Father, Husband, Brother. No Man is Just a Soldier.",DE|US|GB|FR,en|vi|fr,Wheelhouse Entertainment|Motion Picture Production GmbH & Co. Erste KG|Paramount Pictures|Icon Productions
13510,12850990,3984669,91,Released,"A weekend by the lake, with views to die for.",GB,en,Rollercoaster Films|Aramid Entertainment
4858,80000000,40170558,99,Released,Do not trust anyone. Do not show emotion. Do not fall asleep.,US,ru|en,Village Roadshow Pictures|Silver Pictures|Vertigo Entertainment
10375,55000000,6632383,96,Released,Survival is a Killer.,DE|US,en,Universal Pictures|Capella International|KC Medien
104,1530000,7660911,80,Released,Every second of every day you're faced with a decision that can change your life.,DE,de|en|ja,X Filme Creative Pool
11635,24000000,87100000,92,Released,All the fun of college. None of the education.,US,en,The Montecito Picture Company|DreamWorks Pictures
218836,50000000,151165787,83,Released,"When others fly out, heroes fly in.",US,en,Disney Television Animation|Prana Animation Studios|DisneyToon Studios|Walt Disney Pictures|Prana Studios
846,66000000,189198313,121,Released,Fight the future.,US,en,Ten Thirteen Productions|20th Century Fox
20766,32000000,27635305,111,Released,"In a moment, the world changed forever.",US,en,Dimension Films|2929 Productions|Nick Wechsler Productions|Chockstone Pictures
1079485,415000,7582541,93,Released,Friends will gather to take revenge.,GB,en,Jagged Edge Productions|ITN Distribution
792293,30000000,20703794,105,Released,"When Wall Street rigged the game, he changed it.",US,en|es,Black Bear Pictures|Ryder Picture Company|Winklevoss Pictures
9366,35000000,124909762,127,Released,"In 1978, the US government waged a war against organized crime. One man was left behind the lines.",US,ja|en|it,Mark Johnson Productions|Baltimore Pictures|Mandalay Entertainment|TriStar Pictures
55,2000000,20908467,154,Released,Love. Betrayal. Death.,MX,es,Altavista Films|Zeta Film
112205,30000000,36894225,111,Released,Some call it organized crime. Others call it family.,FR|US,en|fr,EuropaCorp|Relativity Media|Grive Productions|TF1 Films Production
276907,25000000,42972994,132,Released,"Love, fight, live, rule like a legend.",FR|GB|US,en,Working Title|Anton Capital Entertainment|StudioCanal|Cross Creek Pictures
238615,26000000,31807156,117,Released,God Created Man. Man Created Immortality.,US,en,Ram Bergman Productions|Endgame Entertainment
454640,65000000,137792047,97,Released,Frenemies unite.,FI|US,en,Rovio Animation|Sony Pictures Animation|John Cohen Productions
568,52000000,355237933,140,Released,"""Houston, we have a problem.""",US,en,Imagine Entertainment|Universal Pictures
10530,55000000,346079773,81,Released,An American legend comes to life.,US,en,Walt Disney Feature Animation|Walt Disney Pictures
440472,37500000,125856180,126,Released,Based on a true story.,US,en,Escape Artists
858,21000000,227799884,105,Released,"What if someone you never met, someone you never saw, someone you never knew was the only someone for you?",US,en,TriStar Pictures
1333100,0,21525687,145,Released,See for yourself the end of their story.,JP,ja,MAPPA|Pony Canyon
460019,3500000,95330493,101,Released,"First you play the game, then the game plays you.",US,en,Blumhouse Productions
579047,68000000,18717947,116,Released,Don't look back.,US,en,FilmNation Entertainment|Michael De Luca Productions|Kilter Films|Warner Bros. Pictures
14001,20000000,22382047,89,Released,You scream. You die.,US,en,Evolution Entertainment|Universal Pictures|Twisted Pictures
9637,84000000,275650703,87,Released,Be afraid. Be kind of afraid.,US,en,Mosaic Media Group|Warner Bros. Pictures
55721,32500000,288383523,125,Released,Save the date.,US,en,Apatow Productions|Relativity Media
149871,49300000,24366656,137,Released,,JP,ja,Studio Ghibli|Hakuhodo DY Media Partners|KDDI|Nippon Television Network Corporation|TOHO|Mitsubishi|dentsu|Walt Disney Japan|d-rights
612,70000000,130982129,164,Released,The world was watching in 1972 as 11 Israeli athletes were murdered at the Munich Olympics. This is the story of what happened next.,US|CA,ar|de|el|en|fr|he|it|ru,Universal Pictures|DreamWorks Pictures|Alliance Atlantis|Amblin Entertainment|The Kennedy/Marshall Company|Barry Mendel Productions
9291,90000000,191466556,113,Released,"If you can't get out, get even.",US,en,Callahan Filmworks|Paramount Pictures|MTV Films|Columbia Pictures|Happy Madison Productions
316727,10000000,118587880,109,Released,Keep America great,FR|JP|US,en,Universal Pictures|Blumhouse Productions|Platinum Dunes|Man in a Tree Productions
482321,57000000,60692022,107,Released,Best Friend Forever* (*battery life may vary).,GB|US,en,Locksmith Animation|TSG Entertainment|DNEG
1012201,5000000,100255784,84,Released,Let's play a game that can't be repeated.,JP,ja,Production I.G|TOHO|Shueisha|MBS|dentsu|Sony Music Entertainment (Japan)|movic
238713,65000000,235666219,120,Released,She's a risk they had to take.,US,de|en|fr|it,Chernin Entertainment|Feigco Entertainment|TSG Entertainment|20th Century Fox
49527,42000000,46221189,102,Released,You can only push an innocent man so far,US,en,Summit Entertainment|di Bonaventura Pictures
20943,38000000,321700000,96,Released,The battle of the sexes is on.,US,en,Lakeshore Entertainment|Relativity Media
168672,40000000,251171807,138,Released,Everyone hustles to survive.,US,en,Annapurna Pictures|Atlas Entertainment
2119,60000000,157920733,107,Released,You can't outrun the thunder.,US,en,Paramount Pictures|Don Simpson/Jerry Bruckheimer Films
758323,18000000,76987621,103,Released,"Inspired by the actual files of Father Gabriele Amorth, Chief Exorcist of the Vatican.",US,ff|de|it|la|en|pt|es,Screen Gems|2.0 Entertainment|Loyola Productions
261392,28000000,27100000,96,Released,Everyone's getting smoked.,CH|US,en,Merced Media Partners|Lionsgate|The Bridge Finance Company|Circle of Confusion|FilmNation Entertainment|Likely Story|PalmStar Media
1013850,3000000,24856027,90,Released,Join the family.,PL|US,en|pl,Fruit Tree|Topic Studios|Extreme Emotions|Rego Park|Mazowiecki Instytut Kultury
10950,22000000,92542418,132,Released,Love is all you need.,US|DE,en,"New Line Cinema|Bedford Falls Productions|Red Fish, Blue Fish Films|""Sam"" Productions"
3597,17000000,125586134,102,Released,"If you're going to bury the truth, make sure it stays buried.",US,en,Mandalay Entertainment|Neal H. Moritz Productions
7350,45000000,175400000,97,Released,Find the joy.,US,en,Two Ton Films|Zadan / Meron Productions|Reiner / Greisman Productions
795,55000000,198685114,114,Released,She didn't believe in angels until she fell in love with one.,US|DE,en,Atlas Entertainment|Regency Enterprises|Taurus Film|Warner Bros. Pictures
11918,35000000,71571300,82,Released,The greatest Superhero movie of all time! (not counting all the others),US,en,Dimension Films|Craig Mazin Company
7484,85000000,200811689,86,Released,One fur all. All fur one.,US,en,Sony Pictures Animation|Columbia Pictures
17431,5000000,9760104,97,Released,"250,000 miles from home, the hardest thing to face... is yourself.",GB|US,es|en,Lunar Industries|Liberty Films|Xingu Films|Limelight Fund|Independent
86834,125000000,362600000,138,Released,The end of the world… is just the beginning.,US,en,Paramount Pictures|Regency Enterprises|Protozoa Pictures
76726,15000000,145000000,84,Released,What are you capable of?,US,en,Dune Entertainment|Davis Entertainment|Adam Schroeder Productions|20th Century Fox
36593,30000000,132032598,83,Released,Mostly all new jokes.,US,en,Paramount Pictures
223702,19000000,140705322,89,Released,Get your fill.,US|CA,en,Columbia Pictures|Annapurna Pictures|Nitrogen Studios Canada
222935,14000000,307166834,126,Released,Life doesn't have to be perfect for love to be extraordinary.,US,en,TSG Entertainment|Fox 2000 Pictures|Temple Hill Entertainment
11249,12000000,24829644,86,Released,Fear the second coming.,US,ja|en,David Kirschner Productions|La Sienega Productions
7551,75000000,180557550,126,Released,Déjà vu is thought to be a trick of the mind... but what if it's not?,US|GB,en,Touchstone Pictures|Jerry Bruckheimer Films|Scott Free Productions
6623,50000000,110463140,124,Released,"In the fall of 1997, every nuclear device in the world will be accounted for...except one.",US,en|ru|sr|bs|hr,DreamWorks Pictures
13374,25000000,27645491,98,Released,Big things happen to those who dream big.,US|CA,en,Walt Disney Pictures|Bridget Johnson Films|Skate Away Productions
446894,80000000,214115531,96,Released,There's been a big myth-understanding,US,en,Warner Animation Group|Zaftig Films
501841,25000000,6700000,131,Released,,US|CA,en,Outlier Society|Escape Artists|Bron Studios|Columbia Pictures|Creative Wealth Media Finance|Mundy Lane Entertainment
542178,25000000,46333545,108,Released,,US|DE,fr|en,Indian Paintbrush|American Empirical Pictures|Studio Babelsberg
838240,5300000,4656348,102,Released,Experience a once-in-a-lifetime friendship beyond your wildest dreams,FR|ES,xx,Arcadia Motion Pictures|LokizFilms|Noodles Production|Les films du Worso
1738,70000000,76066841,96,Released,"If you can see the future, you can save it.",US,en|fr|de,Virtual Studios|Revolution Studios|Saturn Films|Broken Road Productions|Initial Entertainment Group
1992,23000000,11446172,105,Released,Humanity's last hope… rests on a high power machine gun!,US,en,Dimension Films|Troublemaker Studios|Rodriguez International Pictures
9593,85000000,137298489,131,Released,This isn't the movies anymore.,US,en,Oak Productions|Columbia Pictures
616747,157800000,117449790,123,Released,Home is where the haunt is.,US,en,Walt Disney Pictures|Rideback
30112,0,5095696,112,Released,,CN|FR,zh,Laurel Films|The French Connection
440,40000000,130290885,94,Released,On Earth everyone can hear you scream.,US,en,Dune Entertainment|Davis Entertainment|20th Century Fox|Brandywine Productions
9928,75000000,262511490,90,Released,The biggest comedy ever assembled!,US,en,Blue Sky Studios|20th Century Fox Animation
12162,15000000,49259766,131,Released,You don't have to be a hero to do this job. But it helps.,US|GB,en|ar|tr,First Light|Kingsgate Films|Voltage Pictures|Summit Entertainment|Grosvenor Park Productions
466081,60000000,2927708,109,Released,Choose your enemies wisely.,GB|US,en|pl|es,Thunder Road|The Fyzz|Maddem Films
2667,60000,248639099,81,Released,Everything you've heard is true.,US,en,Haxan Films|Artisan Entertainment
610253,20000000,133423964,105,Released,Evil dies tonight.,US,en,Blumhouse Productions|Miramax|Rough House Pictures|Trancas International Films
12222,85000000,298572799,86,Released,Horton hears more than anyone believes.,US,en,Blue Sky Studios|20th Century Fox Animation
6282,45000000,113900000,100,Released,"Tonight, they're calling the shots.",US,en,Touchstone Pictures|Jerry Bruckheimer Films
21208,20000000,77912251,123,Released,There's something wrong with Esther.,US,en|et,Dark Castle Entertainment|Appian Way
74465,50000000,120081841,124,Released,A true zoo story.,US,en,Dune Entertainment|Estrella Media|Vinyl Films|20th Century Fox
420814,75000000,197744825,104,Released,"Sooner or later, your past catches up to you.",US,en,Walt Disney Pictures|2DUX²
858017,10000000,5407916,100,Released,There is still time.,US,en,A24|Fruit Tree|Smudge Films|Hypnic Jerk
10137,133000000,300135367,84,Released,The Little family just got bigger.,DE|US,en,Franklin/Waterman Productions|Columbia Pictures|Global Medien KG|Red Wagon Entertainment
9361,40000000,75505856,112,Released,An epic adventure and passionate romance unfold against the panorama of a frontier wilderness ravaged by war.,US,en|fr,Morgan Creek Entertainment
44264,38000000,252300000,110,Released,Punishment comes one way or another.,US,en,Scott Rudin Productions|Mike Zoss Productions|Skydance Media|Paramount Pictures
980026,8500000,2246680,127,Released,"A captain’s ambition, a ruthless rival, and a land that defies them both.",DK|DE|SE,da|de|no|sv,Zentropa International Berlin|Zentropa International Sweden|Zentropa Entertainments
1108566,0,0,97,Released,Jealousy can drive anyone to the edge.,US|GR|GB,en,Makeready|Potboiler Productions|Big Indie Pictures|Faliro House Productions|Amazon MGM Studios
14139,2600000,553198,93,Released,A trip back in time from the present to...,ES,es,Arsénico Producciones|Zip Films|Fine Productions|Karbo Vantas Entertainment|Basque Films
87428,70000000,57719093,116,Released,The story of a child… and his son.,US,en,Relativity Media|Columbia Pictures|Happy Madison Productions
433808,1000000,1786396,94,Released,Your darkest dream awaits you.,CA|GB|US,en|sv,Entertainment One|The Imaginarium|Sierra/Affinity
664413,5000000,9458590,114,Released,,PL,en|fr|pl|it,Ekipa|Future Space|Next Film|TVN
47933,165000000,389681935,120,Released,We had twenty years to prepare. So did they.,US,en,20th Century Fox|TSG Entertainment|Centropolis Entertainment|Stereo D
9268,100000000,242295562,115,Released,He will erase your past to protect your future.,CA|US,en,Kopelson Entertainment|Warner Bros. Pictures
2671,1200000,19400000,96,Released,"One curse, one cure, one week to find it.",JP,ja,KADOKAWA Shoten|Omega Project|Rasen Production Committee|TOHO
11845,0,2672527,120,Released,Every Wednesday. She meets him once per week.,FR|DE|IT,en,Téléma Productions|StudioCanal|ARTE France Cinéma|France 2 Cinéma|Mikado Film|Azor Films|WDR|ARTE
9312,18000000,122195920,101,Released,Nothing in this world has prepared you for this.,US,en,New Line Cinema|Threshold Entertainment
9506,75000000,195745823,106,Released,Feel the love.,US,en,Columbia Pictures|Revolution Studios|Happy Madison Productions
558582,2000000,101068,122,Released,A simple western about the origin of the American Dream.,US,en,filmscience
72387,30000000,40300000,94,Released,She has the code. He is the key.,IN|US,en|zh|ru,IM Global|Automatik Entertainment|Lawrence Bender Productions|Trigger Street Productions|Reliance Entertainment|Lionsgate
544,23000000,369900000,120,Released,Love is in the hair.,US,en,20th Century Fox
41733,65000000,211800000,95,Released,Leave your comfort zone.,US,en|es,Legendary Pictures|Green Hat Films|Warner Bros. Pictures
964980,80000000,90100000,112,Released,Some icons are meant to fly.,US|HK,en,Amazon Studios|Skydance Sports|Mandalay Pictures|Artists Equity|Vinik Productions|Puji Films
1691,10200000,35728183,93,Released,"Each year, over 10,000 people in America are killed with firearms. Approximately 2,000 more are stabbed to death. Americans...they have no imagination.",US|CZ,en|it|sk|cs,Next Entertainment|Screen Gems|Lionsgate|Raw Nerve|International Production Company
75,70000000,101371017,106,Released,Nice planet. We'll take it!,US,en|fr,Warner Bros. Pictures|Tim Burton Productions
340837,40000000,26620002,146,Released,All of us are human. None of us are immune.,US,en|de,Regency Enterprises|New Regency Pictures|Blind Wink
181283,50000000,12951093,137,Released,How do you find a killer who doesn’t exist?,US,en,Summit Entertainment|Worldview Entertainment|Lionsgate|Scott Free Productions
509967,150000000,0,128,Released,They say no one can save the world. Meet no one.,US|CA|AE|IT|HU|UZ,en,Skydance Media|Bay Films
274167,50000000,242786137,96,Released,Choose your Daddy,US,en,Paramount Pictures|Gary Sanchez Productions|Red Granite Pictures
14864,0,1293976,130,Released,Sex is never safe. It’s dangerous.,US,en,Orion Pictures|Arnold Kopelson Productions|Kopelson Entertainment
798286,35000000,12337378,179,Released,From his darkest fears comes the greatest adventure.,US|FI,en,A24|Square Peg|IPR.VC|Access Entertainment
718032,40000000,33277069,133,Released,,CA|US,en|ja|es,Metro-Goldwyn-Mayer|Focus Features|Bron Studios|Ghoulardi Film Company
39451,100000000,310650585,98,Released,"Kids bring everyone closer, right?",US,en,Universal Pictures|Paramount Pictures|Relativity Media|Tribeca Productions|Everyman Pictures|Nancy Tenenbaum Films|DreamWorks Pictures
791177,16000000,15234907,131,Released,You can’t run from who you are.,IT|US,en,Frenesy Film|Per Capita Productions|MeMo Films|The Apartment Pictures|3 Marys Entertainment|Tenderstories|Elafilm
270487,22000000,63647656,106,Released,Lights. Camera. Abduction.,GB|US,en,Working Title|Mike Zoss Productions|Universal Pictures
1147416,0,0,50,Released,,FR,fr,ZAG Entertainment|Method Animation
8329,1500000,32511655,78,Released,Experience fear.,ES,ja|es,Castelao Productions
407451,103000000,132675864,109,Released,Be a warrior,US,en,Whitaker Entertainment|Walt Disney Pictures
8321,15000000,34533783,108,Released,Shoot first. Sightsee later.,GB|US,en,Twins Financing|Blueprint Pictures|Focus Features|Scion Films|Film4 Productions
899112,20000000,75734910,112,Released,You better watch out.,CA|US,en|pt|es,87North Productions|Universal Pictures|Original Pictures
4553,5000000,8203235,102,Released,How do you wake up from a nightmare if you’re not asleep?,ES,en,Castelao Productions|Filmax
308531,135000000,245623848,112,Released,Raise some shell.,US|CN,en,5150 Action|Paramount Pictures|Nickelodeon Movies|Platinum Dunes|Gama Entertainment Partners
587,70000000,123200000,125,Released,An adventure as big as life itself.,US,en,Columbia Pictures|The Zanuck Company|Jinks/Cohen Company|Tim Burton Productions
533514,0,20339624,140,Released,,JP,ja,Kyoto Animation|ABC Animation|Pony Canyon|Bandai Namco Arts|Rakuonsha
4964,30000000,219900000,129,Released,Save the due date.,US,en,Apatow Productions|Universal Pictures
8077,50000000,159773545,114,Released,3 times the suspense. 3 times the danger. 3 times the terror,US,en,20th Century Fox|Brandywine Productions
317442,750000,19840000,114,Released,,JP,ja,Aniplex|Pierrot|Bandai Visual|dentsu|Shueisha|TV Tokyo
765245,0,0,112,Released,"A thought-provoking exploration of love, loss, and sacrifice.",US|IE,fr|en,Anonymous Content|Know Wonder|Apple Studios
10066,40000000,68766121,113,Released,Prey. Slay. Display.,US,en,Village Roadshow Pictures|Dark Castle Entertainment|Warner Bros. Pictures
2758,47000000,48919043,94,Released,The family just got a little stranger.,US,en,Scott Rudin Productions|Paramount Pictures
718821,155000000,372262265,123,Released,Chase. Ride. Survive.,US,en,Universal Pictures|Warner Bros. Pictures|Amblin Entertainment|Domain Entertainment
345911,4900000,149368835,81,Released,You were right to be afraid of the dark.,US,en,New Line Cinema|Atomic Monster|Grey Matter Productions|RatPac Entertainment
660120,5000000,12687507,128,Released,,NO|SE|DK|FR,no,Oslo Pictures|Film i Väst|Snowglobe|B-Reel Films|ARTE France Cinéma|MK Productions|mk2 Films
10731,45000000,117615211,119,Released,A district attorney out for a conviction. A new lawyer out of her league. A young boy who knew too much.,US,en,Alcor Films|Regency Enterprises|Warner Bros. Pictures
955916,0,0,107,Released,"The heist begins at 40,000 ft.",US,en|es|it,Genre Films|6th & Idaho Motion Picture Company|HartBeat Productions
1995,115000000,274703340,100,Released,Born into Wealth. Groomed by the Elite. Trained for Combat.,GB|US,en,Paramount Pictures|Mutual Film Company|Lawrence Gordon Productions|Eidos Films
9705,102000000,147080413,99,Released,Log on. Hack in. Go anywhere. Steal everything.,US,de|en,Village Roadshow Pictures|Silver Pictures|Jonathan Krane Group|NPV Entertainment|Warner Bros. Pictures
10865,120000000,186053725,95,Released,Atlantis is waiting...,US,en|fr|es,Walt Disney Pictures|Walt Disney Feature Animation
9798,90000000,250649836,132,Released,It's not paranoia if they're really after you.,GB|US,en,Touchstone Pictures|Jerry Bruckheimer Films|Scott Free Productions
646097,0,0,131,Released,Their laws. His rules.,US,en,filmscience|Bonneville Pictures
261023,53000000,99975678,123,Released,Keep your enemies close.,GB|US,en,Vendian Entertainment|Infinitum Nihil|Head Gear Films|Cross Creek Pictures|Free State Pictures|RatPac Entertainment|Le Grisbi Productions
49524,130000000,61600000,96,Released,To protect and serve the living.,US,en,Universal Pictures|Dark Horse Entertainment|Original Film
619264,1203235,1090116,95,Released,"There are 3 kinds of people; the ones above, the ones below, and the ones who fall.",ES,es,Basque Films|Mr. Miyagi|EiTB|TVE
257088,105000000,133782481,114,Released,Find your breaking point.,DE|US,en,Studio Babelsberg|Alcon Entertainment|DMG Entertainment|Taylor-Baldecchi-Wimmer
44826,170000000,185770160,126,Released,One of the most legendary directors of our time takes you on an extraordinary adventure.,US,en,GK Films|Infinitum Nihil
930564,20000000,21013738,131,Released,We're all about to lose our minds.,GB|US,en,LuckyChap Entertainment|MRC|Lie Still
613504,14000000,47990414,105,Released,Can love overcome the past?,US,en,Voltage Pictures|Offspring Entertainment|Frayed Pages Media|Wattpad
23823,3000000,0,91,Released,What you don't see will kill you.,DE|US|BG,en,Constantin Film|Summit Entertainment|BUFO
15070,20000000,14946150,96,Released,Two enemies ... The mob ... The ultimate showdown.,US|DE,en,Amen Ra Films|Motion Picture Corporation of America|Hollywood Partners|Millennium Media|David Giler Productions
7459,120000000,93900000,135,Released,Go!,US,en|ja,Warner Bros. Pictures|Village Roadshow Pictures|Silver Pictures|Anarchos Productions
674324,20000000,49300000,114,Released,Everything was fine yesterday.,GB|US,en,Searchlight Pictures|Blueprint Pictures|Film4 Productions|TSG Entertainment
619778,40000000,34891791,111,Released,A new vision of terror.,US,en,New Line Cinema|Atomic Monster|Starlight Media|My Entertainment
956842,100000000,42260534,132,Released,Will they make history... or fake it?,US,en,These Pictures|Berlanti Productions|Apple Studios
9350,70000000,255000211,113,Released,Hang on.,FR|IT|US|JP,en,Carolco Pictures|Le Studio Canal+|Pioneer|RCS Video
760741,36000000,56000000,93,Released,Fight for family.,IS|US|JP|ZA,en,RVK Studios|Will Packer Productions|Universal Pictures
712,4400000,245700832,117,Released,Five good reasons to stay single.,GB|US,en,PolyGram Filmed Entertainment|Working Title|Channel Four Films
639721,0,119815153,93,Released,Unhappy to see you again.,CA|US,en|la|es|uk,Metro-Goldwyn-Mayer|Bron Studios|BermanBraun|Cinesite Animation|Nitrogen Studios Canada|Creative Wealth Media Finance
7445,26000000,43500000,105,Released,There are two sides to every family.,US,en,Lionsgate|Relativity Media|Sighvatsson Films|Michael De Luca Productions|Palomar Pictures|Mandate International
514999,24000000,0,98,Released,First class problems. Second class detectives.,US,en,Vinson Films|Endgame Entertainment|Tower Hill Entertainment|Denver & Delilah Productions|Happy Madison Productions
15370,0,54016370,75,Released,"It's not so bad being a cat, now is it?",JP,ja,Studio Ghibli|Mitsubishi|Nippon Television Network Corporation|TOHO|Tokuma Shoten|Hakuhodo
1023922,10000000,22057160,103,Released,Hollywood is a killer.,US,en,A24|Motel Mojave|Access Entertainment
399057,3000000,10700000,121,Released,,GB|US|IE,fr|en,Element Pictures|TPC|Film4 Productions|New Sparta Films|Limp|HanWay Films|Fís Éireann/Screen Ireland
14128,5000000,0,74,Released,The magic didn't end at midnight.,JP|US,en,Walt Disney Animation Japan|Disney Television Animation
9480,78000000,179179718,103,Released,"When the streets have gone to Hell, have faith in the devil.",CH|US,en|it|el,Marvel Enterprises|New Regency Pictures|Epsilon Motion Pictures|Regency Enterprises|20th Century Fox
826510,40000000,32227855,90,Released,Everything he draws is about to get real.,US,en,Davis Entertainment|Columbia Pictures|TSG Entertainment
823482,10000000,14114415,102,Released,Meet the man of your dreams.,US,en|fr,A24|Square Peg|Saturn Films
556694,60000000,20300000,108,Released,What would you wish for?,AU|CN|GB,tr|de|el|en,FilmNation Entertainment|Elevate Production Finance|Sunac Pictures|Kennedy Miller Mitchell
342473,30000000,109573511,89,Released,Life's greatest adventures begin with a single leap.,CA|FR,en,Main Journey|Caramel Films|Quad Productions|L'Atelier Animation|Gaumont|M6 Films
18487,100000000,150166126,106,Released,I can't get it out of my head. I'm gonna die today.,GB|US,en,Escape Artists|Columbia Pictures|Relativity Media|Scott Free Productions|Metro-Goldwyn-Mayer
619803,7600000,101166707,106,Released,The Beast Cop Is Back!,KR,en|ko,BA Entertainment|Hong Film|Big Punch Pictures
774825,0,0,82,Released,Disney+ gets wild.,CA|US,en,Bardel Entertainment|Walt Disney Pictures
1022256,0,0,95,Released,"Every breath, a breakthrough.",US,en,Lighthouse Management + Media|Interscope Films
297090,0,0,97,Released,,JP,ja,KADOKAWA|Shaiker
11665,80000000,230685453,110,Released,Saving the world...and loving it.,US,en|ru,Mosaic Media Group|Mad Chance|Callahan Filmworks|Warner Bros. Pictures|Village Roadshow Pictures
301365,7000000,3400000,118,Released,Beauty is vicious.,US|DK|FR|BE,en,Wild Bunch|Gaumont|Space Rocket Nation|Vendian Entertainment|Bold Films
10982,8000000,110000000,81,Released,Red Riding Hood. The Woodsman. Granny. The Wolf. Not Your Typical Crime. Not Your Usual Suspects.,US,en,Kanbar Entertainment|Kanbar Animation|Blue Yonder Films
1024452,0,0,106,Released,Menage-a-what?,CA,en|fr,Caramel Films|Elevation Pictures
50839,3500000,19504039,107,Released,Be first. Be smarter. Or cheat.,US,en,Before the Door Pictures|Washington Square Films|Untitled Entertainment
2270,70000000,137500000,127,Released,This summer a star falls. The chase begins.,IS|GB|US,en,Paramount Pictures|Marv|Vaughn Productions|di Bonaventura Pictures|Ingenious Media
590,25000000,108846217,114,Released,The time to hide is over. The time to regret is gone. The time to live is now.,GB|US,en,Scott Rudin Productions|Robert Fox Productions|Miramax
292011,45000000,33900000,131,Released,The world will know his name and the truth.,US,en,Warner Bros. Pictures|Malpaso Productions|Appian Way|Misher Films|75 Year Plan Productions
9767,52000000,205700000,106,Released,…pick a side.,US,en,Universal Pictures|Mosaic Media Group|Wild West Picture Show Productions
14869,175000000,302500000,118,Released,"When all else fails, they don't.",US|CZ|FR|JP,en|fr|gd,Paramount Pictures|Spyglass Entertainment|di Bonaventura Pictures|Hasbro|Kontsept Film Company
10320,50000000,161451538,109,Released,Fear comes full circle.,US,en,DreamWorks Pictures|BenderSpink|Parkes+MacDonald Image Nation
37137,23000000,192030411,85,Released,If you see only one movie this year... you ought to get out more often.,US,en,Paramount Pictures
2268,180000000,372234864,113,Released,There are worlds beyond our own. The compass will show the way.,GB|US,is|en|ru|fr,Depth of Field|New Line Cinema|Scholastic Productions|Ingenious Media
11932,25000000,50688658,89,Released,Chucky gets lucky.,US,en,Universal Pictures|Midwinter Productions Inc.|David Kirschner Productions
7978,150000000,140700000,103,Released,"When the moon is full, the legend comes to life.",US,en|ro,Universal Pictures|Relativity Media|Stuber Pictures
13700,110000000,145358062,76,Released,Bust a moo.,US,zh|en,Walt Disney Pictures|Walt Disney Feature Animation
10719,32000000,228500000,97,Released,Discover your inner elf.,US,en,New Line Cinema|Guy Walks into a Bar Productions
5176,55000000,70000000,122,Released,Time waits for one man.,US,en,Lionsgate|Tree Line Films|Relativity Media|Yuma
9007,58000000,102900000,95,Released,It's a wonderful afterlife.,US,en,DreamWorks Pictures|Parkes+MacDonald Production
184,12000000,74727492,154,Released,"This Christmas, Santa's got a brand new bag.",US,en,Miramax|A Band Apart|Mighty Mighty Afrodite Productions
580175,5150000,21700000,117,Released,What is youth? A dream. What is love? The content of the dream.,DK|NL|SE,da|sv,Zentropa Entertainments|Film i Väst|Topkapi Films|Zentropa International Sweden|Zentropa International Netherlands
62764,85000000,183018522,106,Released,The Snow White legend comes alive.,US,en,Misher Films|Relativity Media|Yucaipa Films|Goldmann Pictures|RAT Entertainment|Misha Films
83666,16000000,68263166,94,Released,,US,en,Indian Paintbrush|American Empirical Pictures
287649,0,0,111,Released,"Love, lust and obsession.",KR,ko,CJ Entertainment
9341,60000000,74208267,136,Released,The only way out is in.,US|CA|DE,en,Paramount Pictures|David Foster Productions|HorsePower Entertainment|Core Productions|LivePlanet|Munich Film Partners New Century & Company (MFP) Core Productions
522924,18000000,33800000,109,Released,Meet the dog who will show the world how to be human.,US,es|en|it|pt,Original Film|Shifting Gears Productions|Fox 2000 Pictures|Starbucks Entertainment
1010600,8500000,48166448,91,Released,They don't need a reason.,GB|US|ES,en,Fifth Element Productions|Sherbone Media|Lipsync Productions|Stream Media|Lionsgate|Richmond Pictures|Hasbula Productions|Elipsis Capital
390043,30000000,176586701,118,Released,Everyone's out to get them... If they don't kill each other first.,BG|CA|FR|HK|US|GB,fr|en|ru,Campbell Grobman Films|East Light Media|Nu Boyana Film Studios|Tom de Mol Productions|Summit Entertainment|Millennium Media|Davis Films|Cristal Pictures|Lionsgate|TIK Films
406,2600000,15300000,98,Released,"How far you fall doesn't matter, it's how you land…",FR,fr,Kasso Productions|La Sept Cinéma|Les Productions Lazennec|Canal+|StudioCanal
13648,0,403117,97,Released,Evil never rests.,JP,en|ja,Capcom|Sony Pictures|Digital Frontier
8834,75000000,137000000,135,Released,What if your most paranoid nightmares had just come true?,US,en,Silver Pictures|Warner Bros. Pictures|Donner/Shuler-Donner Productions
50544,35000000,149500000,109,Released,Some friends come with a happy ending.,US,en,Castle Rock Entertainment|Olive Bridge Entertainment
1041613,9000000,35340015,89,Released,Not every intervention is divine.,US,en,Black Bear Pictures|Fifty-Fifty Films|Middle Child Pictures
799766,110000000,22549151,135,Released,Fame makes monkeys of us all.,AU|GB|US|CN|CY,en,RocketScience|Facing East Entertainment|Sina Studios|Lost Bandits|Footloose Productions|VicScreen|RPW Productions|Azure Centrum|Partizan Films|Mid March Media
619730,35000000,86700000,123,Released,Are you ready to live the life you deserve?,US,en,Vertigo Entertainment|New Line Cinema
138697,3000000,0,90,Released,Everyone loves a happy ending.,US,en,Ram Bergman Productions|HitRecord Films|Voltage Pictures
1979,130000000,301913131,92,Released,Discover the secret of the Surfer.,DE|GB|US,en|ja|ar|zh,1492 Pictures|Bernd Eichinger Productions|20th Century Fox|Constantin Film|Marvel Studios|Ingenious Film Partners
69,28000000,186800000,136,Released,Love is a burning thing.,DE|US,en,Mars Media Beteiligungs|Tree Line Films|Catfish Productions|Fox 2000 Pictures
9349,23000000,119200000,103,Released,Almost human. Almost perfect. Almost under control.,US|FR,en,Carolco Pictures|IndieProd Company Productions|Centropolis Entertainment
152532,5000000,55736588,117,Released,Dare to live.,US,en|ja,Truth Entertainment|Voltage Pictures|CE|Evolution Independent|R² Films|Rainmaker Films
1213,40000000,128798265,140,Released,How far would you go to become someone else.,US,en|it,Mirage Enterprises|Timnick Films
537996,0,0,132,Released,Stories live forever. People don't.,US,en,Mike Zoss Productions
26389,52000000,52800000,92,Released,Two agents. One city. No merci.,GB|FR,de|en|fr|zh,M6|M6 Films|TPS Star|Grive Productions|EuropaCorp|Apipoulaï Prod|W9|Canal+
7453,50000000,104500000,109,Released,Don't leave Earth without it.,GB|US,en,Spyglass Entertainment|Everyman Pictures|Hammer & Tongs|Touchstone Pictures
11283,25000000,123276807,97,Released,You'll learn to love her. Warts and all.,GB|FR|US,en,Three Strange Angels|Working Title|Metro-Goldwyn-Mayer|StudioCanal|Nanny McPhee Productions
1100099,20000000,37182814,108,Released,Every minute counts.,GB,en,Film4 Productions|SunnyMarch|Shoebox Films|StudioCanal UK
44943,70000000,211800000,116,Released,It's not war. It's survival.,US,en|uk,Columbia Pictures|Relativity Media|Original Film
8204,90000000,164200000,95,Released,Their world is closer than you think.,US,en,Paramount Pictures|The Kennedy/Marshall Company|Nickelodeon Movies
72559,130000000,371900000,110,Released,Heroes are made in America.,CA|US,en,Paramount Pictures|Hasbro|di Bonaventura Pictures|Saints LA|Metro-Goldwyn-Mayer|Skydance Media
597208,60000000,39629195,151,Released,Man or beast.,US,en,Searchlight Pictures|Double Dare You
196867,65000000,136853506,118,Released,It's a hard knock life.,US,en,Marcy Media|Columbia Pictures|Olive Bridge Entertainment|Overbrook Entertainment
291870,11500000,94100000,102,Released,Jason is ready for adulthood. His grandpa isn't.,US|DE,en,Covert Media|BillBlock Media|QED International|Josephson Entertainment|Ninjas Runnin' Wild Productions|Taurus Film|Vincent Pictures|Lionsgate
2133,130000000,328718434,130,Released,Feel its fury.,US,en,Radiant Productions|Warner Bros. Pictures|Baltimore Pictures|Spring Creek Pictures
2253,75000000,200276000,121,Released,Many saw evil. They dared to stop it.,DE|US,en|de,Bad Hat Harry Productions|Achte Babelsberg Film|United Artists
314365,20000000,98690254,129,Released,Break the story. Break the silence.,US,en,Participant|Anonymous Content|Rocklin / Faust|First Look Media|Open Road Films
618588,19000000,40829138,107,Released,An unexpected encounter. An unlikely bond. An unforgettable adventure.,CA|US,en,Entertainment One|Tucker Tooley Entertainment|Municipal Pictures|Atmosphere Entertainment MM
773543,0,0,89,Released,,RU,ru,START Studio|Okapi Production
4995,15000000,43101594,156,Released,"The life of a dreamer, the days of a business and the nights in between.",US,en,New Line Cinema|Lawrence Gordon Productions|Ghoulardi Film Company
338967,42000000,122810399,99,Released,,US,en,Columbia Pictures|2.0 Entertainment|Pariah
23169,16000000,56000000,113,Released,Live in the moments.,US,en,Summit Entertainment
927107,23900000,899683,110,Released,Some secrets are deadly.,US,fr|en,Eclectic Pictures|Millennium Media
4771,19000000,34600000,113,Released,Everyone wants the truth... until they find it.,US,en,Miramax|The Ladd Company
136418,20000000,8352885,100,Released,All roads don't lead to salvation.,US|GB,en,Shoebox Films|IM Global
58595,170000000,396600000,127,Released,The fairytale is over.,US,en,Universal Pictures|Roth Films
14306,60000000,255700000,115,Released,Heel the love.,US,en,Sunswept Entertainment|Dune Entertainment III
296524,110000000,121790376,107,Released,"When faced with our darkest hour, hope is not a tactic.",US|HK,en,Summit Entertainment|Participant|di Bonaventura Pictures|Closest to the Hole Productions|Leverage Entertainment|TIK Films|Lionsgate
27579,20000000,67900000,104,Released,,GB|US,en|it,Twins Financing|This is that|Focus Features|Greenlit Rights|Smokehouse Pictures
18360,150000000,413106170,105,Released,When the lights go off the battle is on.,US,en,21 Laps Entertainment|1492 Pictures|Dune Entertainment|20th Century Fox
1319504,0,0,94,Released,Love is worth the sweat,CA|US,en,Great Pacific Media|Thunderbird Entertainment|Wattpad WEBTOON Studios|Channel Zero|December Films|Junction Hammer Productions
8068,7000000,25405445,104,Released,He came back to settle the score with someone. Anyone. EVERYONE.,US,en,Columbia Pictures|Los Hooligans Productions
339964,177200000,225973340,137,Released,A universe without boundaries needs heroes without limits.,FR|DE|AE|US|BE|CN,fr|en,Belga Films|River Road Entertainment|Grive Productions|EuropaCorp|UFA|Fundamental Films|Gulf Film|Novo Pictures|TF1 Films Production|Orange Studio|BNP Paribas Fortis
19912,40000000,187384627,82,Released,Rest in pieces.,US,en,Parallel Zide|New Line Cinema|Practical Pictures|FlipZide
9257,80000000,207700000,117,Released,You're either S.W.A.T. or you're not.,US,en|es|fr,Original Film|Camelot Pictures|Chris Lee Productions|Illusion Entertainment|Columbia Pictures
17202,15000000,55862886,113,Released,Because we complete each other's sentences.,US,en,Lions Gate Films
9408,85000000,149000000,85,Released,A major ocean picture.,US,en,Columbia Pictures|Sony Pictures Animation
1059064,0,11098,102,Released,Worst. Heist. Ever.,US,en,Artists Equity|The Walsh Company|Apple Studios|Studio 8
8697,0,19154137,120,Released,Fight now. Ask questions later.,HK|ZA|NL|MY,nl|cn|en,Orange Sky Golden Harvest|Salon Films|Fevertree|Cineco|Salon Films Malaysia
71672,3000000,0,93,Released,Frost is not the only thing that bites in the snow!,DE|US|CA,en,Summit Entertainment|Constantin Film|20th Century Fox Home Entertainment|Canada Film Capital
795514,0,0,96,Released,Nothing will ever be the same.,US,en,Clear Horizon Entertainment|SSS Entertainment
9869,45000000,178051587,117,Released,Not for honor. Not for country. For his wife and child.,US,en,Paramount Pictures|Mace Neufeld Productions
399404,30000000,150847207,125,Released,Never give up. Never give in.,GB|US,en,Working Title|Perfect World Pictures|Focus Features
20760,0,0,68,Released,"Hawaii, we have a problem!",US,es|en|fr,Disney Television Animation|DisneyToon Studios
4147,80000000,181001478,117,Released,Pray for Michael Sullivan.,US,en,DreamWorks Pictures|20th Century Fox|The Zanuck Company
482373,15000000,53785551,98,Released,Bad things happen to bad people.,US,en,Ghost House Pictures|Stage 6 Films|Good Universe|Bad Hombre|Screen Gems
151960,50000000,219788712,91,Released,From above the world of Cars,US,en,DisneyToon Studios
9036,40000000,120453565,120,Released,"The Most Amazing Story Of Survival, Friendship, And Adventure Ever Told.",DE|GB|US,en,Walt Disney Pictures|Spyglass Entertainment|Mandeville Films|The Kennedy/Marshall Company|Winking Productions|Survival Productions
504172,50000000,174800000,116,Released,Nobody runs forever,CA|US,en|es,Imperative Entertainment|Bron Studios|Malpaso Productions|Warner Bros. Pictures
184345,4000000,25343661,87,Released,It'll scare the #2 out of you.,US,en,Automatik Entertainment|IM Global Octane|Wayans Bros. Entertainment|Endgame Entertainment
71552,50000000,234989584,113,Released,Save the best piece for last.,US,en,Universal Pictures|Practical Pictures|Relativity Media|Zide Pictures
31011,47000000,2331721,141,Released,"Nothing is real, everything is possible.",BE|CA|FR|DE,en,Pan-Européenne|Integral Film|Lago Film|Christal Films|Toto & Co Films|France 2 Cinéma|France 3 Cinéma|SCOPE Pictures
1082195,20000000,1970445,116,Released,Based on the chilling true story.,GB|US|CA,en,Riff Raff Entertainment|Chasing Epic Pictures|AGC Studios
10567,127500000,354248063,82,Released,Discover a world you've only imagined.,US,en,Walt Disney Feature Animation|The Secret Lab|Walt Disney Pictures
9954,20000000,37597471,97,Released,Only the power of Hell can help them.,US,en,Screen Gems|Lakeshore Entertainment|Sandstorm Films
10603,55000000,174463257,92,Released,Watch out!,US,en|es,Walt Disney Pictures|Mandeville Films|The Avnet/Kerner Company
726209,0,0,140,Released,There's no going back to normal.,US,en|es,Esmail Corp|Red Om Films|Higher Ground
407436,175000000,0,105,Released,The greatest journey is finding where you belong.,GB|US,en|hi,The Imaginarium|Warner Bros. Pictures
442249,13000000,137056262,97,Released,Witness the birth of an American tradition.,US,en,Platinum Dunes|Blumhouse Productions|Universal Pictures|Man in a Tree Productions
848326,83000000,0,134,Released,There are no heroes. Only rebels.,US,en,The Stone Quarry|Grand Electric
1541,16000000,45361000,130,Released,Somebody said get a life...so they did.,GB|US|FR,en,Scott Free Productions|Star Partners III|MGM-Pathé Communications|Metro-Goldwyn-Mayer
592831,120000000,14387154,138,Released,"If you can't see a better future, build one.",US,en|la|ru|es,American Zoetrope|Caesar Film
10184,40000000,178866158,129,Released,Are you the exception... or are you the rule?,US,en,New Line Cinema|Flower Films
740985,0,0,96,Released,Wear mask. Save live.,US,bg|hr|ro|he|hu|en,Oak Springs Productions|Four by Two Films
224141,50000000,212902372,125,Released,Be careful what you wish for...,US,en,Walt Disney Pictures|Marc Platt Productions|Lucamar Productions
130150,18000000,20275812,111,Released,,US,en,Mr. Mudd|Indian Paintbrush|Paramount Pictures|Right of Way Films
107985,20000000,46100000,109,Released,Good food. Fine ales. Total annihilation.,GB|US,en,Big Talk Studios|Working Title|Relativity Media|Working Title Films
642885,30000000,0,104,Released,Back and more glorious than ever.,US,en,Walt Disney Pictures|Weimaraner Republic Pictures|David Kirschner Productions
274854,90000000,146936910,106,Released,Live forever. Hunt forever.,CA|HK|US,en,NeoReel|Summit Entertainment|Atmosphere Entertainment MM|Goldmann Pictures|Aperture Entertainment|TIK Films|One Race|Lionsgate
9757,10000000,159814490,102,Released,Have you ever made a really big mistake?,US,en|es,Davis Entertainment|DreamWorks Pictures
617,20000000,67200000,108,Released,They're dying to play with you.,US,en,Mandalay Entertainment
45317,25000000,129190869,116,Released,Every dream deserves a fighting chance.,US,en,The Weinstein Company|Relativity Media|Mandeville Films|Closest to the Hole Productions|Protozoa Pictures
334541,9000000,79000000,138,Released,I can't beat it.,US,en,Pearl Street Films|K Period Media|B Story|The Affleck/Middleton Project|The Media Farm|Big Indie Pictures
467244,15000000,52631884,105,Released,The life we enjoy.,US|PL|GB,de|pl|yi,JW Films|Extreme Emotions|Access Entertainment|A24|Film4 Productions
1278101,7000000,109500000,131,Released,"Don't accept fate, accept spring scenery.",CN,zh,Zhejiang Hengdian Film Production|Shanghai Gengxi Film|Tianjin Zuoyi Film|China Film Group Corporation|Tao Piao Piao 淘票票
82693,21000000,236412453,122,Released,Watch for the signs.,US,en,The Weinstein Company
814889,20000000,21760713,101,Released,One touch is all it takes.,US,en,21 Laps Entertainment|Media Capital Technologies|HalleHolly
384680,55000000,36976336,134,Released,We are all…,US,en,Waypoint Entertainment|Le Grisbi Productions|Bloom|Entertainment Studios
8920,50000000,200800000,80,Released,It’s his world… we just live in it.,US,en,Davis Entertainment|20th Century Fox
2135,80000000,123729176,96,Released,The greatest adventure THROUGH all time!,US,en,DreamWorks Pictures|Warner Bros. Pictures|Parkes+MacDonald Production
97020,120000000,242688965,118,Released,Crime has a new enemy.,US,en,Metro-Goldwyn-Mayer|Columbia Pictures|Strike Entertainment
1071215,15000000,46553280,106,Released,"This year, there will be no leftovers.",US,en,Electromagnetic Productions|Dragonfly Entertainment|Spyglass Media Group
3021,25000000,133000000,104,Released,The Dolphin Hotel invites you to stay in any of its stunning rooms. Except one.,US,en,Dimension Films|di Bonaventura Pictures
809140,4000000,21591034,124,Released,God wanted a fighter… and He found one.,US,en|pt,Municipal Pictures|Palm Drive Productions
868759,40000000,0,117,Released,Meeting that special someone can be a real adventure.,US,en,Skydance Media
11453,22000000,45109561,83,Released,For the women of Europe... The price of love just got a lot cheaper.,US,en,Out of the Blue... Entertainment|Columbia Pictures|Happy Madison Productions
4234,40000000,161838076,116,Released,The most terrifying scream is always the last.,US,en,Dimension Films|Konrad Pictures|Craven-Maddalena Films
1072342,15000000,54785387,98,Released,Everything you fear is under the surface.,US,en,Atomic Monster|Blumhouse Productions|Universal Pictures
227973,99000000,246233113,88,Released,Dream big.,US,en,Blue Sky Studios|20th Century Fox Animation|20th Century Fox|Feigco Entertainment|Peanuts Worldwide
297270,0,0,77,Released,They don't see what I see.,US,en,DisneyToon Studios
9594,15000000,30102717,110,Released,One packs a punch. One packs a piece. Together they deliver...,US,en,Stone Group Pictures|Vision International|Columbia Pictures
60747,65000000,44806783,93,Released,Welcome to the home of the brave.,US,en|ko,Contrafilm
39108,0,11694663,51,Released,"If he doesn't do it, who will?",JP,ja,Toei Company|Bird Studios|Toei Animation
75174,25000000,79781695,117,Released,Live or Die on This Day.,GB|US,en,Open Road Films|Scott Free Productions|1984 Private Defense Contractors|Inferno Distribution|Chambara Pictures|LD Entertainment
11238,0,0,81,Released,The Spectacular Adventure Continues!,US,en,Disney Television Animation
6466,30000000,116643421,97,Released,Even a killer has something to fear.,US,en,Yannix Technology Corporation|New Line Cinema|Avery Pix|Crystal Lake Entertainment|WTC Productions|Sean S. Cunningham Films
250546,6500000,257589952,99,Released,"Before the Conjuring, there was Annabelle.",US,en,Atomic Monster|New Line Cinema|The Safran Company|RatPac Entertainment
38321,60000000,84154026,87,Released,The war is eternal. His mission is just the beginning.,US,en|pt|es,Michael De Luca Productions|Stars Road Entertainment|TOKYOPOP|Buckaroo Entertainment|Screen Gems
11774,140000000,209073645,108,Released,Mishaps. Misadventures. Mayhem. Oh joy.,US,en,Paramount Pictures|DreamWorks Pictures|Nickelodeon Movies|Parkes+MacDonald Production|Kumar Mobiliengesellschaft mbH & Co. Projekt Nr. 2
369885,106000000,119520023,124,Released,The enemy is listening.,CN|US,ar|en|fr|de,Paramount Pictures|GK Films|ImageMovers|Huahua Media
14926,20000000,44617342,92,Released,They're about to teach each other how to act their age.,US,en,GreeneStreet Films|Metro-Goldwyn-Mayer
820525,14000000,10644463,93,Released,,US,en|pt,Voltage Pictures|Wattpad
338952,200000000,654900000,134,Released,Fate of one. Future of all.,GB|US,en|fr,Warner Bros. Pictures|Heyday Films
646389,25000000,74515586,107,Released,Survive together or die alone.,GB|US,tr|en,MadRiver Pictures|di Bonaventura Pictures|G-BASE|Olive Hill Media|Riverstone Pictures
27022,150000000,215300000,109,Released,It's the coolest job ever.,US,en,Walt Disney Pictures|Jerry Bruckheimer Films|Saturn Films|Broken Road Productions|Junction Entertainment
645788,0,8639684,109,Released,Made for vengeance.,BG|RO|GB|US,en,Millennium Media|Arthur Sarkissian Productions|Campbell Grobman Films|Fourteen Films|I Road Productions|Ingenious Media|Seven Stars Entertainment|Signature Pictures|Frame Film|Nu Boyana Film Studios|Lionsgate
877703,15000000,0,140,Released,The pack is back.,US,en|ko,MTV Entertainment Studios|MGM Television|First Cause|Capital Arts Entertainment
157353,100000000,103039258,119,Released,"Yesterday, Dr. Will Caster was only human...",US,en,Alcon Entertainment|DMG Entertainment|Straight Up Films
82703,145000000,272912430,92,Released,History is catching up with them.,US,en,Pacific Data Images|DreamWorks Animation|Bullwinkle Studios
314,100000000,82102379,104,Released,You can’t CATch her.,CA|US,es|en,Village Roadshow Pictures|Di Novi Pictures|Frantic Films|Maple Shade Films|Catwoman Films|Warner Bros. Pictures
43949,14000000,4324817,89,Released,You never forget your first love.,US,en,Reiner / Greisman Productions|Castle Rock Entertainment
134,26000000,71877090,107,Released,"They have a plan, but not a clue.",FR|GB|US,en,Touchstone Pictures|Universal Pictures|StudioCanal|Working Title|Mike Zoss Productions
7191,25000000,170764026,85,Released,Some thing has found us.,US,ru|en,Bad Robot
13161,7500000,8742330,109,Released,He'll have to kick some butt to save his own.,US,en,Crystal Sky Pictures|From Out of Nowhere Productions|Silver Nitrate|Chicago Entertainment Partners
15283,0,43700000,119,Released,A fantastic tale of survival.,JP,ja,Studio Ghibli|Tokuma Shoten|Nippon Television Network Corporation|Hakuhodo
283566,29700000,93882453,155,Released,"Bye-bye, all of EVANGELION.",JP,ja,khara
2655,100000000,291420351,130,Released,He was the perfect husband until his one mistake followed them home.,US,en,DreamWorks Pictures|20th Century Fox|ImageMovers
59436,17000000,151119219,94,Released,Anything can happen in the city of light.,FR|ES|US,en|fr|de|es,Mediapro|Versátil Cinema|Pontchartrain Productions|Gravier Productions
399361,115000000,0,125,Released,,US,en|pt|es,Atlas Entertainment
1903,68000000,203388341,136,Released,LoveHateDreamsLifeWorkPlayFriendshipSex.,US|ES,en|es|pt,Paramount Pictures|Cruise/Wagner Productions|Vinyl Films|Sogecine|Summit Entertainment|Artisan Entertainment
75258,0,0,75,Released,Two Worlds. One Magical Secret.,IN|US,en,DisneyToon Studios|Prana Animation Studios
724209,0,0,122,Released,Defy the odds,US,en,Skydance Media|Pilot Wave Motion Pictures|Mockingbird Pictures
441282,0,1012932,95,Released,When the predator becomes the prey.,CA|GB|US,en,Arcola Entertainment|Arise Pictures|Buffalo Gal Pictures|Fortitude International|PalmStar Media
59859,28000000,60795985,103,Released,You can't fight your destiny.,GB|US,en,Marv|Universal Pictures
955555,0,83410298,105,Released,Wipe out all the bastards!,KR,zh|ja|ko,Big Punch Pictures|Hong Film|BA Entertainment
508642,0,21041950,95,Released,Experience the horror.,KR,ko,Hive Media Corp
829280,0,0,131,Released,Go Big. Go Holmes.,US,en,Legendary Pictures|PCMA Productions
36643,135000000,361832400,128,Released,As the countdown begins for the new millennium there is still one number you can always count on.,GB,en|ru,EON Productions
1817,13000000,97837138,81,Released,No options. No lies. No fear. No deals. Just keep talking.,US,en|sw,Fox 2000 Pictures|Zucker/Netter Productions
11978,32000000,82300000,129,Released,History is made by those who break the rules.,US,en,Fox 2000 Pictures
758866,1300000,15356046,179,Released,Go on living.,JP,zh|en|de|id|ja|ko|ms|tl,Bitters End|C&I entertainment|Culture Entertainment|nekojarashi|Quaras|Bungeishunju|Nippan Group Holdings|The Asahi Shimbun|L'espace Vision
10543,0,0,97,Released,Together forever. Or else.,US,en,Universal Pictures|Imagine Entertainment
8838,60000000,93100000,111,Released,Someone knows too much.,US,en,Universal Pictures|Imagine Entertainment
109424,55000000,218791811,134,Released,Out here survival is everything.,US,en|so,Columbia Pictures|Michael De Luca Productions|Scott Rudin Productions|Trigger Street Productions
848187,0,0,101,Released,Every couple has their secrets.,FR|DE|US,en|es,StudioCanal|The Picture Company|Studio Babelsberg|StudioCanal
641,4500000,7390108,102,Released,,US,en,Artisan Entertainment|Thousand Words|Protozoa Pictures|Industry Entertainment Partners|Bandeira Entertainment
9378,42000000,68467960,91,Released,Misery loves company.,US,en,Warner Bros. Pictures|Columbia Pictures|Dark Castle Entertainment
760161,10000000,9572765,99,Released,There's always been something wrong with Esther.,CA|US,en|et,Dark Castle Entertainment|Entertainment One|Eagle Vision
11322,100000000,214104620,140,Released,America's most wanted.,US|JP,en,Universal Pictures|Relativity Media|Forward Pass|Misher Films|Tribeca Productions|Appian Way|dentsu
535292,33000000,49900000,100,Released,The only way out is through him,US|CN,en,STXfilms|MWM Studios|Huayi Brothers Pictures|X•Ception Content|AGBO
1014590,0,0,104,Released,,GB|US,en,GulfStream Pictures|Tempo Productions|Luber-Roklin Entertainment|Future Artists Entertainment|Amazon Studios
55931,5000000,68000000,102,Released,Free your mind.,JP|US|KR,en|ja,Warner Bros. Pictures|Village Roadshow Pictures|Silver Pictures|Square USA|STUDIO4℃|Madhouse|D N A
400617,35000000,47756590,130,Released,,US|CN,fr|en,Focus Features|Annapurna Pictures|Perfect World Pictures|JoAnne Sellar Productions|Ghoulardi Film Company
990691,0,0,106,Released,,SE|DK,da,SF Studios
480414,9000000,123233739,93,Released,She wants your children.,US,en|es,Atomic Monster|New Line Cinema|Emile Gladstone Productions
817,33000000,312016928,95,Released,First he fought for the Crown. Now he's fighting for the Family Jewels.,US,de|en,New Line Cinema|Eric's Boy|Moving Pictures|Team Todd|3 Arts Entertainment
136400,61000000,131940411,109,Released,Never rob a bank across from a diner with the best donuts in three counties.,US,es|en,Universal Pictures|Marc Platt Productions|EFO Films|Envision Entertainment|Foresight Unlimited|Oasis Entertainment|Herrick Entertainment|BOOM! Studios|Empyre Media Capital
10398,70000000,177841558,105,Released,Murder isn't always a crime.,DE|US,en,Paramount Pictures|MFP Munich Film Partners & Company I. Produktions
347375,35000000,66308758,94,Released,Option 1: Diplomacy. Option 2: Military. Meet Option 3.,CN|CO|US,id|en|ru,STXfilms|Closest to the Hole Productions|Film 44|The Hideaway Entertainment|Huayi Brothers Pictures|Tang Media Productions|Leverage Entertainment
50348,40000000,85412898,119,Released,This case is a dangerous game of life and death.,US,en,Sidney Kimmel Entertainment|Lionsgate|Lakeshore Entertainment|Stone Village Pictures
2330,8700000,44218015,86,Released,,FR,pt|fr|de|ko,EuropaCorp|ARP Sélection|TF1 Films Production|StudioCanal
2100,72000000,27642707,131,Released,A castle can only have one king.,US,en,DreamWorks Pictures|Robert Lawrence Productions
4614,68000000,193921372,124,Released,"27,000 nuclear weapons. One is missing.",CA|DE|US,ar|en|ru|uk|de,Paramount Pictures|Mace Neufeld Productions
649609,65000000,26493921,93,Released,Sucks to be him.,US,th|en,Skybound Entertainment|Universal Pictures|Giant Wildcat
6075,30000000,63848322,144,Released,He's got a good future if he can live past next week.,US,en|es,Universal Pictures|Epic Productions|Bregman/Baer Productions
333371,15000000,110216998,104,Released,Monsters come in many forms.,US,en,Bad Robot
1598,35000000,182300000,128,Released,Sam Bowden has always provided for his family's future. But the past is coming back to haunt them.,US,en,Amblin Entertainment|Cappa Productions|Tribeca Productions|Universal Pictures
1255,11000000,88489643,120,Released,Man has made his newest predator.,KR,en|ko,Chungeorahm Film|Showbox
9946,100000000,212000000,122,Released,Prepare for the end.,US,en,Beacon Communications
8839,50000000,287928194,100,Released,Seeing is believing.,US,en,The Harvey Entertainment Company|Universal Pictures|Amblin Entertainment
253412,55000000,203427584,121,Released,The storm awaits.,IS|GB|US,en,Cross Creek Pictures|Working Title|Walden Media|RVK Studios|Universal Pictures|Free State Pictures
11808,60000000,102367405,131,Released,The cop who won't stop is back. But this time he's chasing down a lot more than a fugitive.,US,en,Kopelson Entertainment|Warner Bros. Pictures
705996,0,16914773,139,Released,"The closer you look, the harder you fall.",KR,zh|en|ko,Moho Film|CJ ENM|CJ Entertainment
52629,0,6703873,148,Released,"Mexico 2010, Hell... nothing to celebrate",MX,es,Instituto Mexicano de Cinematografía|Bandidos Films|Estudios Churubusco Azteca
745881,0,7230000,131,Released,Every faith will be challenged.,KR|TH,th,Northern Cross|Showbox|Finecut|GDH 559|Jor Kwang Films
11968,50000000,46117696,110,Released,Treasure has its price.,US,en,Mandalay Pictures|Metro-Goldwyn-Mayer|Columbia Pictures
455207,30000000,238539198,121,Released,The only thing crazier than love is family.,US|HK,cn|zh|en,SK Global Entertainment|Color Force|Ivanhoe Pictures|Warner Bros. Pictures|Starlight Culture Entertainment Group
14784,30000000,3984390,117,Released,A little blessing in disguise.,US,en|ro|la,Googly Films|Absolute Entertainment|RadicalMedia|Tree Top Films|Deep Films
3049,15000000,107217396,86,Released,"He's the best there is! (Actually, he's the only one there is.)",US,en,Morgan Creek Entertainment
1196470,5270000,0,90,Released,The world has gone sideways.,FR,en|fr,M.E.S. Productions|Monkey Pack Films|C8 Films
755566,100000000,0,114,Released,Some jobs really go for the throat.,US,en,87Eleven|Impossible Dream Entertainment
76025,6500000,3909002,102,Released,,CA|GB,en,HanWay Films|See-Saw Films|Lipsync Productions|Alliance Films|Film4 Productions|UK Film Council
724495,50000000,97562514,135,Released,Her reign begins.,CA|US,en|pt,TriStar Pictures|JuVee Productions|Entertainment One|Welle Entertainment|TSG Entertainment II
372343,35000000,43203413,119,Released,"Soon the first snow will fall, and the hunt for a killer begins.",SE|GB|US,en,Universal Pictures|Working Title|Another Park Film|Perfect World Pictures|Sikelia Productions
10665,9000000,83051676,86,Released,Lock the door. Pretend you're safe.,US,en,Intrepid Pictures|Rogue Pictures|Vertigo Entertainment|Mandate Pictures
4442,88000000,105300000,118,Released,No curse they can't reverse. No demon they can't exterminate. No spell they can't break.,US,en|fr|de|it,Summit Entertainment|Atlas Entertainment|Mosaic Media Group|Dimension Films|Metro-Goldwyn-Mayer|Daniel Bobker Productions
1075175,0,1216642,91,Released,,GB|GR|FR|BE,en,Film4 Productions|mk2 Films|Metrol Technology|uMedia|Wild Swim Films|Heretic|Head Gear Films
513310,45000000,2000000,101,Released,Running out of time. And lives.,GB|US,en,WarParty Films|Highland Film Group|Ingenious Media|EFO Films|Big Red Films|Diamond Film Productions|Edver Films|River Bay Films|The Fyzz|Scott Free Productions|MoviePass Films
9986,85000000,148964660,97,Released,Help is coming from above.,DE|US,en,Paramount Pictures|The Kerner Entertainment Company|Nickelodeon Movies|Walden Media|KMP Film Invest
1491,16500000,87892388,110,Released,Nothing is what it seems,US,en,Contagious Entertainment|Michael London Productions|Koppelman-Levien
1587,11000000,10000000,118,Released,Life is a terrible thing to sleep through.,GB|US,en,Paramount Pictures|J&M Entertainment|Matalon Teper Ohlsson
2277,100000000,87423861,131,Released,One robot's 200 year journey to become an ordinary man.,DE|US,en,Columbia Pictures|Touchstone Pictures|1492 Pictures|Laurence Mark Productions|Radiant Productions
7840,105000000,269784201,109,Released,The legend. The battle. The first hero.,US|ZA,en|pt,"Centropolis Entertainment|Legendary Pictures|The Department of Trade, Industry and Competition of South Africa|Moonlighting Films|Warner Bros. Pictures"
9486,40000000,160466000,87,Released,He knows no fear. He knows no danger. He knows nothing.,GB,ja|en|fr,Working Title
49021,66000000,57777106,116,Released,May the best man live.,AU|US|GB|MA,en,Open Road Films|Current Entertainment|Omnilab Media|Ambience Entertainment|International Traders|Sighvatsson Films|Palomar Pictures|Film Victoria|Wales Creative IP Fund|Agora Films|Mascot Pictures Wales
355547,10000000,0,86,Released,It takes many tails to tell the greatest story ever.,US,en,Franklin Entertainment|Sony Pictures Animation|Columbia Pictures|The Jim Henson Company|Walden Media|Affirm Films
614917,50000000,39400000,144,Released,"Venus, Serena and a plan for greatness.",US,en,Star Thrower Entertainment|Westbrook|Warner Bros. Pictures|Overbrook Entertainment
10802,45000000,20367472,131,Released,Leave your inhibitions at the door... the show is about to begin.,US|FR,en,Chargeurs|Charles Evans Productions|Carolco Pictures|Joe Eszterhas Productions|Ben Myron Productions
77016,7000000,55078146,109,Released,Every moment of your life they stand watch.,US,en|es,5150 Action|Exclusive Media|Hedge Fund Film Partners|Crave Films|Knightsbridge Entertainment|Le Grisbi Productions|Emmett/Furla Films
31439,0,0,133,Released,,CN|HK,zh,Shanghai Film Studio|Era International Ltd
39513,40000000,98000000,104,Released,Who's up for a close encounter?,GB|US,en,Relativity Media|Working Title|Big Talk Studios|Universal Pictures
7299,20000000,5400000,107,Released,"In a future where freedom is outlawed, outlaws will become heroes.",US,en,Dimension Films|Miramax|Blue Tulip Productions
293767,40000000,30930984,113,Released,"To walk the path of a hero, you have to see how it all began.",CN|GB|US,en,Bona Film Group|The Ink Factory|Marc Platt Productions|Studio 8|TriStar Pictures|Film4 Productions|LStar Capital|Haishang Films
125509,3000000,0,91,Released,The inbred hillbillies are back!,DE|US|BG,en,Summit Entertainment|Constantin Film|BUFO
748230,0,851156,113,Released,Be careful what you invite inside.,US,en,New Line Cinema|Atomic Monster|Vertigo Entertainment|Wolper Organization
7347,4000000,14759148,115,Released,On the streets of Rio only the elite survive,BR,pt,Universal Pictures do Brasil|The Weinstein Company|Zazen Produções|Estúdios Mega|Quanta Centro de Produções Cinematográficas|Costa Films|Posto 9|Feijão Filmes|Petrobras
356305,38000000,118102725,111,Released,Of all the guys his daughter could have chosen...,US,en,21 Laps Entertainment|TSG Entertainment|20th Century Fox|Red Hour|75 Year Plan Productions
12163,6000000,44734660,109,Released,Love. Pain. Glory.,US|FR,en,Wild Bunch|Top Rope|Saturn Films|Protozoa Pictures
1083862,0,53929,91,Released,Destinies intertwined. A world gone mad.,JP,en,Capcom|Quebico|Sony Pictures|Sammy|Robot Communications|KADOKAWA|TMS Entertainment
2082,15000000,80460948,110,Released,Evil has a destiny.,US,en,Dimension Films|Nightfall Productions|Spectacle Entertainment Group|Trancas International Films
109451,78000000,248384621,95,Released,Something big was leftover.,US,en,Columbia Pictures|Sony Pictures Animation
20048,40000000,108394089,104,Released,All she ever wanted was a little credit...,US,en|fi|fr,Touchstone Pictures|Jerry Bruckheimer Films
11782,4500000,2592782,126,Released,"As a cop, he has brains, brawn, and an instinct to kill.",HK,cn|zh|en,Golden Princess Film Productions|Milestone Pictures
867,40000000,116300000,107,Released,You like to watch... don't you?,US,en,Robert Evans Productions|Paramount Pictures
10047,85000000,66976317,158,Released,,FR,en|la,Gaumont
9411,46000000,25232289,124,Released,Detective John Hobbes is searching for a criminal he's already met... already caught... and already killed.,US,en|nl,Turner Pictures|Atlas Entertainment
553604,0,31220247,99,Released,Never steal a man's second chance.,GB|US,fr|en,The Solution|Dreadnought Films|Zero Gravity Management|Argonaut Entertainment Partners|Honest Thief Productions|Ingenious Media|J Cubed Film Finance|Samuel Marshall Productions|Sprockefeller Pictures
41439,17000000,136151680,90,Released,The traps come alive.,US,en,Twisted Pictures|Serendipity Productions|A Bigger Boat
851644,0,0,119,Released,A first love pov story.,KR,ko,Yong Film|CJ ENM Studios
614934,85000000,288670284,159,Released,The Man. The Legend. The King of Rock & Roll.,AU|US,en,Warner Bros. Pictures|Bazmark|The Jackal Group
13920,35000000,53293628,109,Released,His courage made them champions.,US,en,Tollin/Robbins Productions|Revolution Studios
938614,0,16765533,93,Released,Do not adjust your set.,AU|AE|US,en,Spooky Pictures|Future Pictures|Good Fiend Films|VicScreen|AGC Studios|Image Nation Studios
235271,0,17534314,105,Released,Every Woman Needs an Escape,US,en,Lionsgate|Codeblack Films
13600,55000000,17869048,95,Released,Escape is the only option,US,en,Playtone|Walden Media
11087,11700000,88036683,110,Released,Trust is her weapon. Innocence her opportunity. Revenge her only desire.,US,en,Hollywood Pictures|Interscope Communications|Nomura Babcock & Brown
719221,8000000,49256239,92,Released,Your fate is in the cards.,US,en,Screen Gems|Alloy Entertainment|Ground Control Entertainment|Capstone Pictures|TSG Entertainment
978592,0,0,112,Released,Some lies never die.,US|AU,en,Nickel City Pictures|New Leaf Literary & Media|Highland Film Group|G2 Dispatch|Gala Media Capital|JaiD7 Pictures|Screen Australia|Film Victoria
97370,13300000,7229933,108,Released,,GB|US|CH,en,Film4 Productions|BFI|Nick Wechsler Productions|JW Films|Sigma Films|Silver Reel|Creative Scotland|Seventh Kingdom Productions
53064,0,0,55,Released,The camelia girl.,JP,ja,Kiryûkan
8456,20000000,41627431,113,Released,Win or lose... Everyone has their fight.,US,en,Summit Entertainment|Mandalay Pictures|Baumgarten Management and Productions (BMP)|Mandalay Independent Pictures
888,46000000,341631208,91,Released,Yabba-Dabba-Doo!,US,en,Hanna-Barbera Cartoons|Amblin Entertainment|Universal Pictures
284293,5000000,44779195,101,Released,Live in the moment.,FR|GB|US,en,Shriver Films|Killer Films|Big Indie Pictures|BSM Studio|Lutzus-Brown
68728,200000000,491868548,130,Released,"In Oz, nothing is what it seems.",US,en,Roth Films|Curtis-Donen Productions|Walt Disney Pictures
799379,9000000,20541,122,Released,A floating hell with no escape.,KR,ja|en|ko,The Contents On|Contents G|Cheum Film|Finecut
6877,50000000,130224158,97,Released,"To leave the nest, some men just need a little push.",US,en,Failure to Launch Productions|Paramount Pictures|Scott Rudin Productions
9539,6500000,1100000,99,Released,They haven't finished being alive.,FR|CA,fr|en,Wild Bunch|TCB Films|Eskwad
334533,5000000,23123592,119,Released,He prepared them for everything except the outside world.,US,eo|en,Electric City Entertainment|Shivhans Pictures
6279,38000000,57319029,107,Released,The holy terror is back!,US,en,Touchstone Pictures|Scott Rudin Productions|Dawn Steel Productions
2899,58500000,131116046,108,Released,The funniest film in ancient history!,FR|DE|MT,de|fr|ar|cn|la,Pathé|La Petite Reine|Katharina|Renn Productions|TF1 Films Production|Chez Wam|CP Medien|KC Medien|Mediterranean Films
634,25000000,281929795,97,Released,All women keep score... Only the great ones put it in writing.,IE|US|FR|GB,en,Universal Pictures|StudioCanal|Miramax|Working Title|Little Bird
9619,116000000,178127760,108,Released,The pressure is building...,US,en,Pacific Western|Universal Pictures
292431,3000000,249083,134,Released,,BE|FR|BR,en,Wild Bunch|Les Cinémas de la Zone|RT Features|Rectangle Productions|SCOPE Pictures
10637,30000000,136700000,113,Released,History is written by the winners.,US,en,Jerry Bruckheimer Films|Run It Up Productions Inc.|Technical Black Films|Walt Disney Pictures
186,27000000,56300000,110,Released,Wrong time. Wrong place. Wrong number.,CA|DE|GB|US,en,FilmEngine|Capitol Films|Ascendant Pictures|VIP Medienfonds 4|Lucky Number Slevin Productions Inc.|The Complex|Don Carmody Productions|The Weinstein Company
71668,5000000,8493728,83,Released,Twice the Teeth. Twice the Terror.,US,en,Dimension Films|Mark Canton Productions|Intellectual Properties Worldwide
381289,22000000,205000000,100,Released,Every dog happens for a reason.,IN|US,en,Amblin Entertainment|Walden Media|Reliance Entertainment|Pariah
337844,10000000,213982,110,Released,,US,en,Thats Hollywood|Rabbit Bandini Productions|AMBI Group
9944,45000000,195268056,141,Released,Two Supreme Court Justices have been assassinated. One lone law student has stumbled upon the truth. An investigative journalist wants her story. Everybody else wants her dead.,US,en,Warner Bros. Pictures
23629,82000000,89792502,110,Released,You will be unprepared.,US,en|de,Legendary Pictures|Warner Bros. Pictures|Cruel & Unusual Films
11000,31000000,185300000,119,Released,Come as you are.,US,fr|en,United Artists
531309,6000000,33224654,91,Released,He's not here to save the world.,US,en,Troll Court Entertainment|Screen Gems|Stage 6 Films|The H Collective
2252,51500000,56106607,100,Released,Every sin leaves a mark.,CA|GB|US,en|ru|tr|uk|ur,Focus Features|BBC Film|Kudos|Serendipity Point Films|Scion Films|Corus Entertainment|Shine Pictures|Astral Media|Téléfilm Canada
474395,10000000,52390236,84,Released,The super hero movie to end all super hero movies. Hopefully.,US,en,Warner Bros. Animation|DC Entertainment
1001311,0,0,102,Released,,FR,fr,Let Me Be
385103,90000000,28600000,94,Released,Mystery loves company.,US|CA,en,Warner Animation Group|Warner Bros. Pictures|Atlas Entertainment|1492 Pictures|Reel FX Creative Studios
308504,40000000,3643591,115,Released,,CZ|JP|KR|US,en,Luka Productions|Route One Entertainment|Sovik Global Contents Fund|DMM.com|Union Investment Partners|CJ Entertainment|Channel A|Czech Anglo Pictures|Lotte Entertainment|Maeil Broadcasting Network|Arclight Films|Lionsgate
627725,0,0,120,Released,Don't pay the man. Be the man.,US,en,Romulus Entertainment|Hyphenate Films|iAm21 Entertainment|Mad Hatter Entertainment
51608,1255000,43059790,119,Released,"Nothing to lose, nothing to compromise.",KR,en|ko,Opus Pictures|CJ Entertainment|United Pictures|M-Line Distribution
49017,70000000,217124280,92,Released,Every bloodline has a beginning.,US,en,Universal Pictures|Legendary Pictures|Michael De Luca Productions
267935,140000000,195243411,117,Released,The world is more giant than you can imagine.,IN|GB|US,en,Walt Disney Pictures|Amblin Entertainment|Reliance Entertainment|Walden Media|The Kennedy/Marshall Company|The Roald Dahl Story Company
807172,30000000,136998069,111,Released,Body and the blood.,US,en|ht|la|pt,Universal Pictures|Blumhouse Productions|Morgan Creek Entertainment|Rough House Pictures
619297,0,0,110,Released,Family fights as one.,US,en,Pride of Gypsies|ASAP Entertainment|On the Roam
9481,73000000,151493655,118,Released,"Right now, this serial killer could be looking at his next victim.",US,en,Universal Pictures|Columbia Pictures|Martin Bregman Productions
8960,150000000,629400000,92,Released,There are heroes. There are superheroes. And then there's Hancock.,US,en|fr|ja|vi,Columbia Pictures|Relativity Media|Blue Light|Weed Road Pictures|Overbrook Entertainment
994108,5000000,14864960,105,Released,All of us hurt. All of us hope. All of us love.,GB|US,en,Film4 Productions|Blueprint Pictures|Searchlight Pictures|TSG Entertainment
48340,30000000,108609310,108,Released,The only way out is down.,US|AU,en,Universal Pictures|Relativity Media|Wayfare Entertainment|Great Wight Productions/ Osford Films|Sanctum Australia|FilmNation Entertainment
12139,35000000,117270765,96,Released,He's armed... He's adorable... And he's out of school for the entire summer.,US,en,Hughes Entertainment
5528,5300000,83600000,97,Released,,FR|CH,fr,Galatée Films|Pathé Renn Productions|Vega Film|France 2 Cinéma|Novo Arturo Films
97367,15000000,47135966,140,Released,One moment can change your life.,US,en|es,Sidney Kimmel Entertainment|Electric City Entertainment|Verisimilitude|Hunting Lane Films|Silverwood Films|Sierra/Affinity
334,37000000,48451803,189,Released,"Things fall down. People look up. And when it rains, it pours.",US,en|fr|de,New Line Cinema|Ghoulardi Film Company
6795,65000000,65079104,101,Released,Adventure is waiting.,US,en,Teitler Film|Michael De Luca Productions|Columbia Pictures|Radar Pictures
1232827,0,470300,123,Released,,DK|PL|SE,da,Lava Films|Nordisk Film Sweden|EC1 Łódź|Film i Väst|Creative Alliance|Dolnośląskie Centrum Filmowe
290595,115000000,164989338,114,Released,The story before Snow White.,US|CN,en,Roth Films|Universal Pictures|Perfect World Pictures
333669,20000000,14397593,92,Released,With law comes disorder,FR|GB|US,en|fr,StudioCanal|Vendôme Pictures|Anonymous Content|Anton Capital Entertainment|Canal+|TF1 Films Production
49040,130000000,276600000,135,Released,There was never just one.,US,en|ru,Universal Pictures|Relativity Media|Captivate Entertainment|The Kennedy/Marshall Company
16320,39000000,38869464,119,Released,They aim to misbehave.,US,en|zh,Universal Pictures|Barry Mendel Productions
123553,60000000,95396573,130,Released,There is a world hidden within our own.,CA|DE|GB|US,en,Screen Gems|Unique Features|Mister Smith Entertainment|Don Carmody Productions|Constantin Film
779782,0,0,149,Released,There are two sides to every story.,US,de|fr|en,Feigco Entertainment|Jane Startz Productions|Roth Films
2043,60000000,105200000,104,Released,The game is far from over.,CA|US,en|ru,Paramount Pictures|David Brown Productions|Phase 1 Productions|Revelations Entertainment
628900,0,2122288,103,Released,The mission is not what it seems.,GB|US,en|fr|de,Thunder Road|30WEST|STXfilms|Ingenious Media|Icon Films
481848,109000000,111200000,100,Released,Based on the legendary novel.,US,en|fr,3 Arts Entertainment|20th Century Studios|TSG Entertainment
4564,65000000,418800000,146,Released,Get Carried away.,US,en,Darren Star Productions|New Line Cinema|HBO
1064486,4350000,7,94,Released,"Life can only be understood backwards, but we have to live it forwards.",AU,en|fr,Arenamedia|MIFF Premiere Fund
10663,23000000,185991646,90,Released,You can mess with him. But don't mess with his water.,US,en,Touchstone Pictures
8277,10000000,18610260,89,Released,The most outrageous slice of pie!,US|CA,en,Rogue Pictures|Neo Art & Logic
9334,60000000,165333180,92,Released,Warrior. Legend. King.,US|DE,en|de|it|th,Universal Pictures|Alphaville Films|Kalima Productions|WWE Studios|Alliance Films
60308,50000000,110206216,134,Released,What are you really worth?,US,en,Scott Rudin Productions|Michael De Luca Productions|Rachael Horovitz Productions|Columbia Pictures
60898,0,0,88,Released,,HK,cn,Diagonal Pictures|Orange Sky Golden Harvest
978,70000000,131457682,136,Released,At the end of the world his real journey began.,US|FR,de|en|zh|hi|pt|bo,Mandalay Entertainment|Reperage|Vanguard Films|Applecross
258509,90000000,233755553,92,Released,Fast & furry-ous.,US,en,TSG Entertainment|Fox 2000 Pictures|Regency Enterprises|Bagdasarian Productions|Sunswept Entertainment
1965,60000000,128038368,107,Released,A powerful husband. An unfaithful wife. A jealous lover. All of them have a motive. Each of them has a plan.,US,ar|en,Kopelson Entertainment|Warner Bros. Pictures
634528,23000000,23076711,108,Released,Justice comes down to him.,US,en|es,Sculptor Media|Zero Gravity Management|Cutting Edge Group|Stonehouse Motion Pictures|Voltage Pictures
214,10000000,164874275,108,Released,Suffering? You haven't seen anything yet...,US,en,Twisted Pictures
975511,20000000,3300444,116,Released,Some legends are more than myths.,GR|IT|GB|FR,en,Picomedia|RAI Cinema|Redwave Films|Heretic|Kabo Films|Marvelous Productions|Ithaca Films|Greek Film Centre|ERT|UK Global Screen Fund|MiC|CNC
10779,30000000,29359216,110,Released,No rest for the wicked.,NZ|US,en,WingNut Films|Universal Pictures
100,1350000,28356188,105,Released,A Disgrace to Criminals Everywhere.,GB|US,en,The Steve Tisch Company|Handmade Films|Marv
770156,0,0,87,Released,,US,en,Rob Diamond Films|Future Movie Productions
2636,45000000,170362582,110,Released,The government taught him to kill. Now he's using his skills to help a woman seek revenge against the Miami underworld.,US,en,Jerry Weintraub Productions|Iguana Producciones|Warner Bros. Pictures
60935,35000000,31505287,103,Released,It's not human. Yet.,US,en|no|da,Universal Pictures|Morgan Creek Entertainment|Strike Entertainment
8065,35000000,159808370,123,Released,They proved the Vegas Blackjack System was beatable...by beating the hell out of it.,US|GB,en,Columbia Pictures|Relativity Media|Michael De Luca Productions|Trigger Street Productions
755812,0,0,61,Released,New city. Same duty.,FR,fr,ZAG Entertainment|Method Animation
64328,45000000,165184237,103,Released,Get ready for Muppet domination.,US,en,Walt Disney Pictures|The Muppets Studio
774752,0,0,45,Released,The perfect present is a galaxy away.,US,en,Marvel Studios|Kevin Feige Productions|Troll Court Entertainment
830788,10000000,33628000,105,Released,You are cordially invited to a nightmare generations in the making.,US,en|pt,Screen Gems|Latchkey Productions
823625,43000000,15902207,104,Released,They're gonna need more men.,AU|CN|US,en,The Solution|Zero Gravity Management|Film Victoria|Lightstream Entertainment|Screen Australia|Footloose Productions|Sina Studios|Fourstar Film Partners Production|Elevate Production Finance|Monty the Dog Productions
592350,0,30017163,104,Released,,JP,ja,BONES|dentsu|movic|Nippon Television Network Corporation|Shueisha|Sony Music Entertainment (Japan)|Yomiuri Telecasting Corporation|TOHO
457332,80000000,0,103,Released,There is a plan. They just don't know what it is.,CN|US|TH,en|zh,Talent International Media|XYZ Films|长春电影制片厂|Huaxia Film Distribution|Flame Pictures Company|Epitome Capital|Sparkle Roll Media|Tencent Pictures
365045,8800000,0,111,Released,,DE|CH,de,StudioCanal|Zodiac Pictures|Teleclub|Claussen+Wöbke Filmproduktion|SRF|ZDF|Creative Europe Media
204922,22000000,17669776,92,Released,Who do you trust?,FR|SE|GB|US,en,StudioCanal|Scott Free Productions|Clarius Entertainment|Filmgate Films|Millennium Media|Film i Väst
249070,35000000,81967450,96,Released,Your Number is Up.,GB|US,en,Daybreak Productions|Prime Universe Productions|Giant Pictures|TSG Entertainment|Dayday Films|Ingenious Media|Fox International Productions
8195,55000000,70692101,122,Released,Anyone is an enemy for a price.,GB|US,en|fr|ru,United Artists|FGM Entertainment|Metro-Goldwyn-Mayer|UAC
55301,75000000,342695435,87,Released,"Sun, sea and squeaks.",US,en,Fox 2000 Pictures|20th Century Fox|Regency Enterprises|Dune Entertainment|Bagdasarian Productions
1542,10000000,12800000,90,Released,Work sucks.,US,en,20th Century Fox
539681,90000000,203000000,105,Released,"Sit, stay, save the world.",US|CA,en,Warner Animation Group|Seven Bucks Productions|Animal Logic|DC
45772,36000000,189712432,84,Released,The greatest love story you have never gnome.,GB|US|CA,en,Touchstone Pictures|Starz Animation|Rocket Pictures
559907,15000000,18887953,130,Released,When honor was everything.,CA|IE|US,en,A24|Bron Studios|Sailor Bear|Ley Line Entertainment|Wild Atlantic Pictures
68734,44500000,232300000,120,Released,The movie was fake. The mission was real.,US,ar|en|de|fa,GK Films|Warner Bros. Pictures|Smokehouse Pictures
257445,58000000,158952243,103,Released,The stories are alive.,US,en,Columbia Pictures|Sony Pictures Animation|Original Film|Village Roadshow Pictures|Scholastic Entertainment
590223,30000000,1122066,109,Released,An apocalyptic love story.,US,en,21 Laps Entertainment|Paramount Pictures
13680,22000000,147880543,110,Released,"Joe Kingman had the perfect game plan to win the championship... but first, he has to tackle one little problem.",US,en,Monkey Dance Productions|Walt Disney Pictures|Mayhem Pictures
22894,26000000,67918658,100,Released,"When the last angel falls, the fight for mankind begins.",US,en,Screen Gems|Bold Films
582014,10000000,20379604,114,Released,Revenge never looked so promising.,US,en,LuckyChap Entertainment|FilmNation Entertainment
976734,0,525704,103,Released,This mission is personal.,GB|US,en,Anton Capital Entertainment|Sentient Entertainment|Brickell & Broadbridge International|Off The Pier Productions
601666,0,0,119,Released,,GB|US,en,STXfilms|Black Bear Pictures|Crimple Beck
166666,0,6677474,111,Released,The story of Natasha Kampusch,DE,en,Constantin Film|NDR|BR|ARD Degeto
744276,14000000,19238073,95,Released,,US,en,Voltage Pictures|Wattpad|Ethea Entertainment|CalMaple Films
870360,15000000,15076954,91,Released,"To save the world, they'll have to stick together.",US,en,Warner Bros. Animation
51828,15000000,59400000,107,Released,Twenty years. Two people.,GB|US,en,Focus Features|Random House Films|Film4 Productions|Color Force|Universal Pictures
